??????? 2026/6/20 1:05:05?
???????????: Normal?
     1>??“D:\HTC\avboit\The-Forge\Examples_3\Unit_Tests\PC Visual Studio 2019\Unit_Tests.sln”??? 1 ?(Build ???)?
     1>ValidateSolutionConfiguration:
         ??????????“Release|x64”?
     1>??“D:\HTC\avboit\The-Forge\Examples_3\Unit_Tests\PC Visual Studio 2019\Unit_Tests.sln”(1)???? 9 ???“D:\HTC\avboit\The-Forge\Examples_3\Unit_Tests\PC Visual Studio 2019\Libraries\Tools\SpirvCross.vcxproj”(25) (????)?
    25>PrepareForBuild:
         ???????????????????????????????????,??? https://aka.ms/cpp/structured-output?
     1>??“D:\HTC\avboit\The-Forge\Examples_3\Unit_Tests\PC Visual Studio 2019\Unit_Tests.sln”(1)???? 2 ???“D:\HTC\avboit\The-Forge\Examples_3\Unit_Tests\PC Visual Studio 2019\19a_CodeHotReload_Game.vcxproj”(26) (????)?
    26>PrepareForBuild:
         ???????????????????????????????????,??? https://aka.ms/cpp/structured-output?
    25>InitializeBuildStatus:
         ????“D:\HTC\avboit\The-Forge\Examples_3\Unit_Tests\PC Visual Studio 2019\\x64\Release\Intermediate\SpirvTools\SpirvTools.tlog\unsuccessfulbuild”,?????“AlwaysCreate”?
         ???“D:\HTC\avboit\The-Forge\Examples_3\Unit_Tests\PC Visual Studio 2019\\x64\Release\Intermediate\SpirvTools\SpirvTools.tlog\unsuccessfulbuild”?? Touch ???
    26>InitializeBuildStatus:
         ????“D:\HTC\avboit\The-Forge\Examples_3\Unit_Tests\PC Visual Studio 2019\\x64\Release\Intermediate\19a_CodeHotReload_Game\19a_Code.EECCBF44.tlog\unsuccessfulbuild”,?????“AlwaysCreate”?
         ???“D:\HTC\avboit\The-Forge\Examples_3\Unit_Tests\PC Visual Studio 2019\\x64\Release\Intermediate\19a_CodeHotReload_Game\19a_Code.EECCBF44.tlog\unsuccessfulbuild”?? Touch ???
     1>??“D:\HTC\avboit\The-Forge\Examples_3\Unit_Tests\PC Visual Studio 2019\Unit_Tests.sln”(1)???? 8 ???“D:\HTC\avboit\The-Forge\Common_3\Tools\ThirdParty\OpenSource\ISPCTextureCompressor\ispc_texcomp\ispc_texcomp.vcxproj”(28) (????)?
    28>PrepareForBuild:
         ???????????????????????????????????,??? https://aka.ms/cpp/structured-output?
     1>??“D:\HTC\avboit\The-Forge\Examples_3\Unit_Tests\PC Visual Studio 2019\Unit_Tests.sln”(1)???? 3 ???“D:\HTC\avboit\The-Forge\Common_3\Tools\BunyArchive\VisualStudio\BunyLib.vcxproj”(30) (????)?
    30>PrepareForBuild:
         ???????????????????????????????????,??? https://aka.ms/cpp/structured-output?
     1>??“D:\HTC\avboit\The-Forge\Examples_3\Unit_Tests\PC Visual Studio 2019\Unit_Tests.sln”(1)???? 7 ???“D:\HTC\avboit\The-Forge\Common_3\Resources\AnimationSystem\ThirdParty\OpenSource\ozz-animation\Win64\src\base\ozz_base.vcxproj”(27) (????)?
    27>PrepareForBuild:
         ???????????????????????????????????,??? https://aka.ms/cpp/structured-output?
    28>InitializeBuildStatus:
         ????“D:\HTC\avboit\The-Forge\Examples_3\Unit_Tests\PC Visual Studio 2019\\x64\Release\Intermediate\ispc_texcomp\ispc_texcomp.tlog\unsuccessfulbuild”,?????“AlwaysCreate”?
    30>InitializeBuildStatus:
         ????“x64\Release\BunyLib.tlog\unsuccessfulbuild”,?????“AlwaysCreate”?
         ???“x64\Release\BunyLib.tlog\unsuccessfulbuild”?? Touch ???
    28>InitializeBuildStatus:
         ???“D:\HTC\avboit\The-Forge\Examples_3\Unit_Tests\PC Visual Studio 2019\\x64\Release\Intermediate\ispc_texcomp\ispc_texcomp.tlog\unsuccessfulbuild”?? Touch ???
    27>InitializeBuildStatus:
         ????“D:\HTC\avboit\The-Forge\Examples_3\Unit_Tests\PC Visual Studio 2019\\x64\Release\Intermediate\ozz_base\ozz_base.tlog\unsuccessfulbuild”,?????“AlwaysCreate”?
         ???“D:\HTC\avboit\The-Forge\Examples_3\Unit_Tests\PC Visual Studio 2019\\x64\Release\Intermediate\ozz_base\ozz_base.tlog\unsuccessfulbuild”?? Touch ???
     1>??“D:\HTC\avboit\The-Forge\Examples_3\Unit_Tests\PC Visual Studio 2019\Unit_Tests.sln”(1)???? 5 ???“D:\HTC\avboit\The-Forge\Common_3\Application\ThirdParty\OpenSource\gainput\Win64\lib\gainputstatic.vcxproj”(32) (????)?
    32>PrepareForBuild:
         ???????????????????????????????????,??? https://aka.ms/cpp/structured-output?
    28>CustomBuild:
         ?????????
    25>ClCompile:
         ?????????
    26>ClCompile:
         ?????????
    32>InitializeBuildStatus:
         ????“x64\Release\gainputstatic.tlog\unsuccessfulbuild”,?????“AlwaysCreate”?
         ???“x64\Release\gainputstatic.tlog\unsuccessfulbuild”?? Touch ???
    25>Lib:
         ?????????
         SpirvCross.vcxproj -> D:\HTC\avboit\The-Forge\Examples_3\Unit_Tests\PC Visual Studio 2019\x64\Release\SpirvTools.lib
    26>Link:
         ?????????
         19a_CodeHotReload_Game.vcxproj -> D:\HTC\avboit\The-Forge\Examples_3\Unit_Tests\PC Visual Studio 2019\x64\Release\19_CodeHotReload_Main\19a_CodeHotReload_Game.dll
    30>ClCompile:
         ?????????
    28>ClCompile:
         ?????????
    27>ClCompile:
         ?????????
    26>CustomBuildStep:
       ??????“CustomBuildStep”,????????
    25>FinalizeBuildStatus:
         ??????“D:\HTC\avboit\The-Forge\Examples_3\Unit_Tests\PC Visual Studio 2019\\x64\Release\Intermediate\SpirvTools\SpirvTools.tlog\unsuccessfulbuild”?
         ???“D:\HTC\avboit\The-Forge\Examples_3\Unit_Tests\PC Visual Studio 2019\\x64\Release\Intermediate\SpirvTools\SpirvTools.tlog\SpirvTools.lastbuildstate”?? Touch ???
    25>???????“D:\HTC\avboit\The-Forge\Examples_3\Unit_Tests\PC Visual Studio 2019\Libraries\Tools\SpirvCross.vcxproj”(????)????
    28>Lib:
         ?????????
    27>Lib:
         ?????????
    30>Lib:
         ?????????
    28>Lib:
         ispc_texcomp.vcxproj -> D:\HTC\avboit\The-Forge\Examples_3\Unit_Tests\PC Visual Studio 2019\x64\Release\ispc_texcomp.lib
    27>Lib:
         ozz_base.vcxproj -> D:\HTC\avboit\The-Forge\Examples_3\Unit_Tests\PC Visual Studio 2019\x64\Release\ozz_base.lib
    30>Lib:
         BunyLib.vcxproj -> D:\HTC\avboit\The-Forge\Examples_3\Unit_Tests\PC Visual Studio 2019\x64\Release\bunylib.lib
    26>CustomBuildStep:
       ??????“CustomBuildStep”,????????
       PostBuildEvent:
          
               
         :VCEnd
    28>FinalizeBuildStatus:
         ??????“D:\HTC\avboit\The-Forge\Examples_3\Unit_Tests\PC Visual Studio 2019\\x64\Release\Intermediate\ispc_texcomp\ispc_texcomp.tlog\unsuccessfulbuild”?
    27>FinalizeBuildStatus:
         ??????“D:\HTC\avboit\The-Forge\Examples_3\Unit_Tests\PC Visual Studio 2019\\x64\Release\Intermediate\ozz_base\ozz_base.tlog\unsuccessfulbuild”?
    28>FinalizeBuildStatus:
         ???“D:\HTC\avboit\The-Forge\Examples_3\Unit_Tests\PC Visual Studio 2019\\x64\Release\Intermediate\ispc_texcomp\ispc_texcomp.tlog\ispc_texcomp.lastbuildstate”?? Touch ???
    28>???????“D:\HTC\avboit\The-Forge\Common_3\Tools\ThirdParty\OpenSource\ISPCTextureCompressor\ispc_texcomp\ispc_texcomp.vcxproj”(????)????
    27>FinalizeBuildStatus:
         ???“D:\HTC\avboit\The-Forge\Examples_3\Unit_Tests\PC Visual Studio 2019\\x64\Release\Intermediate\ozz_base\ozz_base.tlog\ozz_base.lastbuildstate”?? Touch ???
    27>???????“D:\HTC\avboit\The-Forge\Common_3\Resources\AnimationSystem\ThirdParty\OpenSource\ozz-animation\Win64\src\base\ozz_base.vcxproj”(????)????
    32>ClCompile:
         ?????????
    30>FinalizeBuildStatus:
         ??????“x64\Release\BunyLib.tlog\unsuccessfulbuild”?
         ???“x64\Release\BunyLib.tlog\BunyLib.lastbuildstate”?? Touch ???
    30>???????“D:\HTC\avboit\The-Forge\Common_3\Tools\BunyArchive\VisualStudio\BunyLib.vcxproj”(????)????
    32>Lib:
         ?????????
         gainputstatic.vcxproj -> D:\HTC\avboit\The-Forge\Examples_3\Unit_Tests\PC Visual Studio 2019\x64\Release\gainputstatic.lib
     1>??“D:\HTC\avboit\The-Forge\Examples_3\Unit_Tests\PC Visual Studio 2019\Unit_Tests.sln”(1)???? 6 ???“D:\HTC\avboit\The-Forge\Common_3\Resources\AnimationSystem\ThirdParty\OpenSource\ozz-animation\Win64\src\animation\offline\ozz_animation_offline.vcxproj”(31) (????)?
    31>PrepareForBuild:
         ???????????????????????????????????,??? https://aka.ms/cpp/structured-output?
     1>??“D:\HTC\avboit\The-Forge\Examples_3\Unit_Tests\PC Visual Studio 2019\Unit_Tests.sln”(1)???? 4 ???“D:\HTC\avboit\The-Forge\Common_3\Resources\AnimationSystem\ThirdParty\OpenSource\ozz-animation\Win64\src\animation\runtime\ozz_animation.vcxproj”(29) (????)?
    29>PrepareForBuild:
         ???????????????????????????????????,??? https://aka.ms/cpp/structured-output?
    31>InitializeBuildStatus:
         ????“D:\HTC\avboit\The-Forge\Examples_3\Unit_Tests\PC Visual Studio 2019\\x64\Release\Intermediate\ozz_animation_offline\ozz_anim.AC91B515.tlog\unsuccessfulbuild”,?????“AlwaysCreate”?
         ???“D:\HTC\avboit\The-Forge\Examples_3\Unit_Tests\PC Visual Studio 2019\\x64\Release\Intermediate\ozz_animation_offline\ozz_anim.AC91B515.tlog\unsuccessfulbuild”?? Touch ???
    26>FinalizeBuildStatus:
         ??????“D:\HTC\avboit\The-Forge\Examples_3\Unit_Tests\PC Visual Studio 2019\\x64\Release\Intermediate\19a_CodeHotReload_Game\19a_Code.EECCBF44.tlog\unsuccessfulbuild”?
         ???“D:\HTC\avboit\The-Forge\Examples_3\Unit_Tests\PC Visual Studio 2019\\x64\Release\Intermediate\19a_CodeHotReload_Game\19a_Code.EECCBF44.tlog\19a_CodeHotReload_Game.lastbuildstate”?? Touch ???
    26>???????“D:\HTC\avboit\The-Forge\Examples_3\Unit_Tests\PC Visual Studio 2019\19a_CodeHotReload_Game.vcxproj”(????)????
    29>InitializeBuildStatus:
         ????“D:\HTC\avboit\The-Forge\Examples_3\Unit_Tests\PC Visual Studio 2019\\x64\Release\Intermediate\ozz_animation\ozz_animation.tlog\unsuccessfulbuild”,?????“AlwaysCreate”?
         ???“D:\HTC\avboit\The-Forge\Examples_3\Unit_Tests\PC Visual Studio 2019\\x64\Release\Intermediate\ozz_animation\ozz_animation.tlog\unsuccessfulbuild”?? Touch ???
    32>FinalizeBuildStatus:
         ??????“x64\Release\gainputstatic.tlog\unsuccessfulbuild”?
         ???“x64\Release\gainputstatic.tlog\gainputstatic.lastbuildstate”?? Touch ???
    32>???????“D:\HTC\avboit\The-Forge\Common_3\Application\ThirdParty\OpenSource\gainput\Win64\lib\gainputstatic.vcxproj”(????)????
    29>ClCompile:
         ?????????
    31>ClCompile:
         ?????????
    29>Lib:
         ?????????
    31>Lib:
         ?????????
    29>Lib:
         ozz_animation.vcxproj -> D:\HTC\avboit\The-Forge\Examples_3\Unit_Tests\PC Visual Studio 2019\x64\Release\ozz_animation.lib
    31>Lib:
         ozz_animation_offline.vcxproj -> D:\HTC\avboit\The-Forge\Examples_3\Unit_Tests\PC Visual Studio 2019\x64\Release\ozz_animation_offline.lib
     1>??“D:\HTC\avboit\The-Forge\Examples_3\Unit_Tests\PC Visual Studio 2019\Unit_Tests.sln”(1)???? 1 ???“D:\HTC\avboit\The-Forge\Examples_3\Unit_Tests\PC Visual Studio 2019\01_Transformations.vcxproj.metaproj”(2) (????)?
     2>??“D:\HTC\avboit\The-Forge\Examples_3\Unit_Tests\PC Visual Studio 2019\01_Transformations.vcxproj.metaproj”(2)???? 1 ???“D:\HTC\avboit\The-Forge\Examples_3\Unit_Tests\PC Visual Studio 2019\Libraries\Renderer\Renderer.vcxproj.metaproj”(4) (????)?
     4>??“D:\HTC\avboit\The-Forge\Examples_3\Unit_Tests\PC Visual Studio 2019\Libraries\Renderer\Renderer.vcxproj.metaproj”(4)???? 1 ???“D:\HTC\avboit\The-Forge\Examples_3\Unit_Tests\PC Visual Studio 2019\Libraries\Renderer\Renderer.vcxproj”(33) (????)?
    33>PrepareForBuild:
         ???????????????????????????????????,??? https://aka.ms/cpp/structured-output?
       InitializeBuildStatus:
         ????“D:\HTC\avboit\The-Forge\Examples_3\Unit_Tests\PC Visual Studio 2019\\x64\Release\Intermediate\Renderer\Renderer.tlog\unsuccessfulbuild”,?????“AlwaysCreate”?
         ???“D:\HTC\avboit\The-Forge\Examples_3\Unit_Tests\PC Visual Studio 2019\\x64\Release\Intermediate\Renderer\Renderer.tlog\unsuccessfulbuild”?? Touch ???
     2>??“D:\HTC\avboit\The-Forge\Examples_3\Unit_Tests\PC Visual Studio 2019\01_Transformations.vcxproj.metaproj”(2)???? 1 ???“D:\HTC\avboit\The-Forge\Examples_3\Unit_Tests\PC Visual Studio 2019\Libraries\OS\OS.vcxproj.metaproj”(3) (????)?
     3>??“D:\HTC\avboit\The-Forge\Examples_3\Unit_Tests\PC Visual Studio 2019\Libraries\OS\OS.vcxproj.metaproj”(3)???? 1 ???“D:\HTC\avboit\The-Forge\Examples_3\Unit_Tests\PC Visual Studio 2019\Libraries\OS\OS.vcxproj”(34) (????)?
    34>PrepareForBuild:
         ???????????????????????????????????,??? https://aka.ms/cpp/structured-output?
       InitializeBuildStatus:
         ????“D:\HTC\avboit\The-Forge\Examples_3\Unit_Tests\PC Visual Studio 2019\\x64\Release\Intermediate\OS\OS.tlog\unsuccessfulbuild”,?????“AlwaysCreate”?
         ???“D:\HTC\avboit\The-Forge\Examples_3\Unit_Tests\PC Visual Studio 2019\\x64\Release\Intermediate\OS\OS.tlog\unsuccessfulbuild”?? Touch ???
    31>FinalizeBuildStatus:
         ??????“D:\HTC\avboit\The-Forge\Examples_3\Unit_Tests\PC Visual Studio 2019\\x64\Release\Intermediate\ozz_animation_offline\ozz_anim.AC91B515.tlog\unsuccessfulbuild”?
         ???“D:\HTC\avboit\The-Forge\Examples_3\Unit_Tests\PC Visual Studio 2019\\x64\Release\Intermediate\ozz_animation_offline\ozz_anim.AC91B515.tlog\ozz_animation_offline.lastbuildstate”?? Touch ???
    31>???????“D:\HTC\avboit\The-Forge\Common_3\Resources\AnimationSystem\ThirdParty\OpenSource\ozz-animation\Win64\src\animation\offline\ozz_animation_offline.vcxproj”(????)????
    29>FinalizeBuildStatus:
         ??????“D:\HTC\avboit\The-Forge\Examples_3\Unit_Tests\PC Visual Studio 2019\\x64\Release\Intermediate\ozz_animation\ozz_animation.tlog\unsuccessfulbuild”?
         ???“D:\HTC\avboit\The-Forge\Examples_3\Unit_Tests\PC Visual Studio 2019\\x64\Release\Intermediate\ozz_animation\ozz_animation.tlog\ozz_animation.lastbuildstate”?? Touch ???
    29>???????“D:\HTC\avboit\The-Forge\Common_3\Resources\AnimationSystem\ThirdParty\OpenSource\ozz-animation\Win64\src\animation\runtime\ozz_animation.vcxproj”(????)????
    33>ClCompile:
         ?????????
         ?????????
       Lib:
         ?????????
         Renderer.vcxproj -> D:\HTC\avboit\The-Forge\Examples_3\Unit_Tests\PC Visual Studio 2019\x64\Release\Renderer.lib
    34>ClCompile:
         ?????????
         ?????????
       Lib:
         ?????????
         OS.vcxproj -> D:\HTC\avboit\The-Forge\Examples_3\Unit_Tests\PC Visual Studio 2019\x64\Release\OS.lib
    33>PostBuildEvent:
          
               
         :VCEnd
       FinalizeBuildStatus:
         ??????“D:\HTC\avboit\The-Forge\Examples_3\Unit_Tests\PC Visual Studio 2019\\x64\Release\Intermediate\Renderer\Renderer.tlog\unsuccessfulbuild”?
         ???“D:\HTC\avboit\The-Forge\Examples_3\Unit_Tests\PC Visual Studio 2019\\x64\Release\Intermediate\Renderer\Renderer.tlog\Renderer.lastbuildstate”?? Touch ???
    33>???????“D:\HTC\avboit\The-Forge\Examples_3\Unit_Tests\PC Visual Studio 2019\Libraries\Renderer\Renderer.vcxproj”(????)????
    34>PostBuildEvent:
          
               
         :VCEnd
       FinalizeBuildStatus:
         ??????“D:\HTC\avboit\The-Forge\Examples_3\Unit_Tests\PC Visual Studio 2019\\x64\Release\Intermediate\OS\OS.tlog\unsuccessfulbuild”?
         ???“D:\HTC\avboit\The-Forge\Examples_3\Unit_Tests\PC Visual Studio 2019\\x64\Release\Intermediate\OS\OS.tlog\OS.lastbuildstate”?? Touch ???
    34>???????“D:\HTC\avboit\The-Forge\Examples_3\Unit_Tests\PC Visual Studio 2019\Libraries\OS\OS.vcxproj”(????)????
     3>???????“D:\HTC\avboit\The-Forge\Examples_3\Unit_Tests\PC Visual Studio 2019\Libraries\OS\OS.vcxproj.metaproj”(????)????
     4>???????“D:\HTC\avboit\The-Forge\Examples_3\Unit_Tests\PC Visual Studio 2019\Libraries\Renderer\Renderer.vcxproj.metaproj”(????)????
     1>??“D:\HTC\avboit\The-Forge\Examples_3\Unit_Tests\PC Visual Studio 2019\Unit_Tests.sln”(1)???? 1 ???“D:\HTC\avboit\The-Forge\Examples_3\Unit_Tests\PC Visual Studio 2019\03_MultiThread.vcxproj.metaproj”(5) (????)?
     5>??“D:\HTC\avboit\The-Forge\Examples_3\Unit_Tests\PC Visual Studio 2019\03_MultiThread.vcxproj.metaproj”(5)???? 1 ???“D:\HTC\avboit\The-Forge\Examples_3\Unit_Tests\PC Visual Studio 2019\03_MultiThread.vcxproj”(52) (????)?
    52>PrepareForBuild:
         ???????????????????????????????????,??? https://aka.ms/cpp/structured-output?
     1>??“D:\HTC\avboit\The-Forge\Examples_3\Unit_Tests\PC Visual Studio 2019\Unit_Tests.sln”(1)???? 1 ???“D:\HTC\avboit\The-Forge\Examples_3\Unit_Tests\PC Visual Studio 2019\15a_VisibilityBufferOIT.vcxproj.metaproj”(18) (????)?
    18>??“D:\HTC\avboit\The-Forge\Examples_3\Unit_Tests\PC Visual Studio 2019\15a_VisibilityBufferOIT.vcxproj.metaproj”(18)???? 3 ???“D:\HTC\avboit\The-Forge\Examples_3\Unit_Tests\PC Visual Studio 2019\15a_VisibilityBufferOIT.vcxproj”(38) (????)?
    38>PrepareForBuild:
         ???????????????????????????????????,??? https://aka.ms/cpp/structured-output?
     1>??“D:\HTC\avboit\The-Forge\Examples_3\Unit_Tests\PC Visual Studio 2019\Unit_Tests.sln”(1)???? 1 ???“D:\HTC\avboit\The-Forge\Examples_3\Unit_Tests\PC Visual Studio 2019\11_LinkedMultiGPU.vcxproj.metaproj”(6) (????)?
     6>??“D:\HTC\avboit\The-Forge\Examples_3\Unit_Tests\PC Visual Studio 2019\11_LinkedMultiGPU.vcxproj.metaproj”(6)???? 8 ???“D:\HTC\avboit\The-Forge\Examples_3\Unit_Tests\PC Visual Studio 2019\11_LinkedMultiGPU.vcxproj”(49) (????)?
    49>PrepareForBuild:
         ???????????????????????????????????,??? https://aka.ms/cpp/structured-output?
     1>??“D:\HTC\avboit\The-Forge\Examples_3\Unit_Tests\PC Visual Studio 2019\Unit_Tests.sln”(1)???? 1 ???“D:\HTC\avboit\The-Forge\Examples_3\Unit_Tests\PC Visual Studio 2019\16_Raytracing.vcxproj.metaproj”(12) (????)?
    12>??“D:\HTC\avboit\The-Forge\Examples_3\Unit_Tests\PC Visual Studio 2019\16_Raytracing.vcxproj.metaproj”(12)???? 2 ???“D:\HTC\avboit\The-Forge\Examples_3\Unit_Tests\PC Visual Studio 2019\16_Raytracing.vcxproj”(45) (????)?
    45>PrepareForBuild:
         ???????????????????????????????????,??? https://aka.ms/cpp/structured-output?
     1>??“D:\HTC\avboit\The-Forge\Examples_3\Unit_Tests\PC Visual Studio 2019\Unit_Tests.sln”(1)???? 1 ???“D:\HTC\avboit\The-Forge\Examples_3\Unit_Tests\PC Visual Studio 2019\17_EntityComponentSystem.vcxproj.metaproj”(13) (????)?
    13>??“D:\HTC\avboit\The-Forge\Examples_3\Unit_Tests\PC Visual Studio 2019\17_EntityComponentSystem.vcxproj.metaproj”(13)???? 5 ???“D:\HTC\avboit\The-Forge\Examples_3\Unit_Tests\PC Visual Studio 2019\17_EntityComponentSystem.vcxproj”(48) (????)?
    48>PrepareForBuild:
         ???????????????????????????????????,??? https://aka.ms/cpp/structured-output?
    38>InitializeBuildStatus:
         ????“D:\HTC\avboit\The-Forge\Examples_3\Unit_Tests\PC Visual Studio 2019\\x64\Release\Intermediate\15a_VisibilityBufferOIT\15a_Visi.610C39FA.tlog\unsuccessfulbuild”,?????“AlwaysCreate”?
         ???“D:\HTC\avboit\The-Forge\Examples_3\Unit_Tests\PC Visual Studio 2019\\x64\Release\Intermediate\15a_VisibilityBufferOIT\15a_Visi.610C39FA.tlog\unsuccessfulbuild”?? Touch ???
    52>InitializeBuildStatus:
         ????“D:\HTC\avboit\The-Forge\Examples_3\Unit_Tests\PC Visual Studio 2019\\x64\Release\Intermediate\03_MultiThread\03_MultiThread.tlog\unsuccessfulbuild”,?????“AlwaysCreate”?
         ???“D:\HTC\avboit\The-Forge\Examples_3\Unit_Tests\PC Visual Studio 2019\\x64\Release\Intermediate\03_MultiThread\03_MultiThread.tlog\unsuccessfulbuild”?? Touch ???
     1>??“D:\HTC\avboit\The-Forge\Examples_3\Unit_Tests\PC Visual Studio 2019\Unit_Tests.sln”(1)???? 1 ???“D:\HTC\avboit\The-Forge\Examples_3\Unit_Tests\PC Visual Studio 2019\06_MaterialPlayground.vcxproj.metaproj”(7) (????)?
     7>??“D:\HTC\avboit\The-Forge\Examples_3\Unit_Tests\PC Visual Studio 2019\06_MaterialPlayground.vcxproj.metaproj”(7)???? 4 ???“D:\HTC\avboit\The-Forge\Examples_3\Unit_Tests\PC Visual Studio 2019\06_MaterialPlayground.vcxproj”(53) (????)?
    53>PrepareForBuild:
         ???????????????????????????????????,??? https://aka.ms/cpp/structured-output?
    49>InitializeBuildStatus:
         ????“D:\HTC\avboit\The-Forge\Examples_3\Unit_Tests\PC Visual Studio 2019\\x64\Release\Intermediate\11_LinkedMultiGPU\11_Linke.3C4D4A39.tlog\unsuccessfulbuild”,?????“AlwaysCreate”?
         ???“D:\HTC\avboit\The-Forge\Examples_3\Unit_Tests\PC Visual Studio 2019\\x64\Release\Intermediate\11_LinkedMultiGPU\11_Linke.3C4D4A39.tlog\unsuccessfulbuild”?? Touch ???
     1>??“D:\HTC\avboit\The-Forge\Examples_3\Unit_Tests\PC Visual Studio 2019\Unit_Tests.sln”(1)???? 1 ???“D:\HTC\avboit\The-Forge\Examples_3\Unit_Tests\PC Visual Studio 2019\34_Input.vcxproj.metaproj”(16) (????)?
    16>??“D:\HTC\avboit\The-Forge\Examples_3\Unit_Tests\PC Visual Studio 2019\34_Input.vcxproj.metaproj”(16)???? 11 ???“D:\HTC\avboit\The-Forge\Examples_3\Unit_Tests\PC Visual Studio 2019\34_Input.vcxproj”(44) (????)?
    44>PrepareForBuild:
         ???????????????????????????????????,??? https://aka.ms/cpp/structured-output?
     1>??“D:\HTC\avboit\The-Forge\Examples_3\Unit_Tests\PC Visual Studio 2019\Unit_Tests.sln”(1)???? 1 ???“D:\HTC\avboit\The-Forge\Examples_3\Unit_Tests\PC Visual Studio 2019\14_WaveIntrinsics.vcxproj.metaproj”(11) (????)?
    11>??“D:\HTC\avboit\The-Forge\Examples_3\Unit_Tests\PC Visual Studio 2019\14_WaveIntrinsics.vcxproj.metaproj”(11)???? 10 ???“D:\HTC\avboit\The-Forge\Examples_3\Unit_Tests\PC Visual Studio 2019\14_WaveIntrinsics.vcxproj”(51) (????)?
    51>PrepareForBuild:
         ???????????????????????????????????,??? https://aka.ms/cpp/structured-output?
    45>InitializeBuildStatus:
         ????“D:\HTC\avboit\The-Forge\Examples_3\Unit_Tests\PC Visual Studio 2019\\x64\Release\Intermediate\16_Raytracing\16_Raytracing.tlog\unsuccessfulbuild”,?????“AlwaysCreate”?
    48>InitializeBuildStatus:
         ????“D:\HTC\avboit\The-Forge\Examples_3\Unit_Tests\PC Visual Studio 2019\\x64\Release\Intermediate\17_EntityComponentSystem\17_Entit.A6E3EA66.tlog\unsuccessfulbuild”,?????“AlwaysCreate”?
    45>InitializeBuildStatus:
         ???“D:\HTC\avboit\The-Forge\Examples_3\Unit_Tests\PC Visual Studio 2019\\x64\Release\Intermediate\16_Raytracing\16_Raytracing.tlog\unsuccessfulbuild”?? Touch ???
    48>InitializeBuildStatus:
         ???“D:\HTC\avboit\The-Forge\Examples_3\Unit_Tests\PC Visual Studio 2019\\x64\Release\Intermediate\17_EntityComponentSystem\17_Entit.A6E3EA66.tlog\unsuccessfulbuild”?? Touch ???
    53>InitializeBuildStatus:
         ????“D:\HTC\avboit\The-Forge\Examples_3\Unit_Tests\PC Visual Studio 2019\\x64\Release\Intermediate\06_MaterialPlayground\06_Mater.611831C0.tlog\unsuccessfulbuild”,?????“AlwaysCreate”?
         ???“D:\HTC\avboit\The-Forge\Examples_3\Unit_Tests\PC Visual Studio 2019\\x64\Release\Intermediate\06_MaterialPlayground\06_Mater.611831C0.tlog\unsuccessfulbuild”?? Touch ???
     1>??“D:\HTC\avboit\The-Forge\Examples_3\Unit_Tests\PC Visual Studio 2019\Unit_Tests.sln”(1)???? 1 ???“D:\HTC\avboit\The-Forge\Common_3\Tools\BunyArchive\VisualStudio\BunyTool.vcxproj.metaproj”(23) (????)?
    23>??“D:\HTC\avboit\The-Forge\Common_3\Tools\BunyArchive\VisualStudio\BunyTool.vcxproj.metaproj”(23)???? 9 ???“D:\HTC\avboit\The-Forge\Common_3\Tools\BunyArchive\VisualStudio\BunyTool.vcxproj”(35) (????)?
    35>PrepareForBuild:
         ???????????????????????????????????,??? https://aka.ms/cpp/structured-output?
     1>??“D:\HTC\avboit\The-Forge\Examples_3\Unit_Tests\PC Visual Studio 2019\Unit_Tests.sln”(1)???? 1 ???“D:\HTC\avboit\The-Forge\Common_3\Tools\AssetPipeline\Win64\AssetPipelineCmd.vcxproj.metaproj”(20) (????)?
    20>??“D:\HTC\avboit\The-Forge\Common_3\Tools\AssetPipeline\Win64\AssetPipelineCmd.vcxproj.metaproj”(20)???? 7 ???“D:\HTC\avboit\The-Forge\Common_3\Tools\AssetPipeline\Win64\AssetPipelineCmd.vcxproj”(39) (????)?
    39>PrepareForBuild:
         ???????????????????????????????????,??? https://aka.ms/cpp/structured-output?
    35>InitializeBuildStatus:
         ????“D:\HTC\avboit\The-Forge\Examples_3\Unit_Tests\PC Visual Studio 2019\\x64\Release\Intermediate\BunyTool\BunyTool.tlog\unsuccessfulbuild”,?????“AlwaysCreate”?
         ???“D:\HTC\avboit\The-Forge\Examples_3\Unit_Tests\PC Visual Studio 2019\\x64\Release\Intermediate\BunyTool\BunyTool.tlog\unsuccessfulbuild”?? Touch ???
    39>InitializeBuildStatus:
         ????“D:\HTC\avboit\The-Forge\Examples_3\Unit_Tests\PC Visual Studio 2019\\x64\Release\Intermediate\AssetPipelineCmd\AssetPipelineCmd.tlog\unsuccessfulbuild”,?????“AlwaysCreate”?
         ???“D:\HTC\avboit\The-Forge\Examples_3\Unit_Tests\PC Visual Studio 2019\\x64\Release\Intermediate\AssetPipelineCmd\AssetPipelineCmd.tlog\unsuccessfulbuild”?? Touch ???
    51>InitializeBuildStatus:
         ????“D:\HTC\avboit\The-Forge\Examples_3\Unit_Tests\PC Visual Studio 2019\\x64\Release\Intermediate\14_WaveIntrinsics\14_WaveI.A0DFEBA1.tlog\unsuccessfulbuild”,?????“AlwaysCreate”?
         ???“D:\HTC\avboit\The-Forge\Examples_3\Unit_Tests\PC Visual Studio 2019\\x64\Release\Intermediate\14_WaveIntrinsics\14_WaveI.A0DFEBA1.tlog\unsuccessfulbuild”?? Touch ???
    44>InitializeBuildStatus:
         ????“D:\HTC\avboit\The-Forge\Examples_3\Unit_Tests\PC Visual Studio 2019\\x64\Release\Intermediate\34_Input\34_Input.tlog\unsuccessfulbuild”,?????“AlwaysCreate”?
         ???“D:\HTC\avboit\The-Forge\Examples_3\Unit_Tests\PC Visual Studio 2019\\x64\Release\Intermediate\34_Input\34_Input.tlog\unsuccessfulbuild”?? Touch ???
     1>??“D:\HTC\avboit\The-Forge\Examples_3\Unit_Tests\PC Visual Studio 2019\Unit_Tests.sln”(1)???? 1 ???“D:\HTC\avboit\The-Forge\Examples_3\Unit_Tests\PC Visual Studio 2019\19_CodeHotReload_Main.vcxproj.metaproj”(19) (????)?
    19>??“D:\HTC\avboit\The-Forge\Examples_3\Unit_Tests\PC Visual Studio 2019\19_CodeHotReload_Main.vcxproj.metaproj”(19)???? 8 ???“D:\HTC\avboit\The-Forge\Examples_3\Unit_Tests\PC Visual Studio 2019\19_CodeHotReload_Main.vcxproj”(42) (????)?
    42>PrepareForBuild:
         ???????????????????????????????????,??? https://aka.ms/cpp/structured-output?
     2>??“D:\HTC\avboit\The-Forge\Examples_3\Unit_Tests\PC Visual Studio 2019\01_Transformations.vcxproj.metaproj”(2)???? 5 ???“D:\HTC\avboit\The-Forge\Examples_3\Unit_Tests\PC Visual Studio 2019\01_Transformations.vcxproj”(41) (????)?
    41>PrepareForBuild:
         ???????????????????????????????????,??? https://aka.ms/cpp/structured-output?
     1>??“D:\HTC\avboit\The-Forge\Examples_3\Unit_Tests\PC Visual Studio 2019\Unit_Tests.sln”(1)???? 1 ???“D:\HTC\avboit\The-Forge\Examples_3\Unit_Tests\PC Visual Studio 2019\10_ScreenSpaceReflections.vcxproj.metaproj”(8) (????)?
     8>??“D:\HTC\avboit\The-Forge\Examples_3\Unit_Tests\PC Visual Studio 2019\10_ScreenSpaceReflections.vcxproj.metaproj”(8)???? 6 ???“D:\HTC\avboit\The-Forge\Examples_3\Unit_Tests\PC Visual Studio 2019\10_ScreenSpaceReflections.vcxproj”(54) (????)?
    54>PrepareForBuild:
         ???????????????????????????????????,??? https://aka.ms/cpp/structured-output?
     1>??“D:\HTC\avboit\The-Forge\Examples_3\Unit_Tests\PC Visual Studio 2019\Unit_Tests.sln”(1)???? 1 ???“D:\HTC\avboit\The-Forge\Examples_3\Unit_Tests\PC Visual Studio 2019\39_ParticleSystem.vcxproj.metaproj”(24) (????)?
    24>??“D:\HTC\avboit\The-Forge\Examples_3\Unit_Tests\PC Visual Studio 2019\39_ParticleSystem.vcxproj.metaproj”(24)???? 2 ???“D:\HTC\avboit\The-Forge\Examples_3\Unit_Tests\PC Visual Studio 2019\39_ParticleSystem.vcxproj”(40) (????)?
    40>PrepareForBuild:
         ???????????????????????????????????,??? https://aka.ms/cpp/structured-output?
     1>??“D:\HTC\avboit\The-Forge\Examples_3\Unit_Tests\PC Visual Studio 2019\Unit_Tests.sln”(1)???? 1 ???“D:\HTC\avboit\The-Forge\Examples_3\Unit_Tests\PC Visual Studio 2019\36_AlgorithmsAndContainers.vcxproj.metaproj”(21) (????)?
    21>??“D:\HTC\avboit\The-Forge\Examples_3\Unit_Tests\PC Visual Studio 2019\36_AlgorithmsAndContainers.vcxproj.metaproj”(21)???? 4 ???“D:\HTC\avboit\The-Forge\Examples_3\Unit_Tests\PC Visual Studio 2019\36_AlgorithmsAndContainers.vcxproj”(37) (????)?
    37>PrepareForBuild:
         ???????????????????????????????????,??? https://aka.ms/cpp/structured-output?
    42>InitializeBuildStatus:
         ????“D:\HTC\avboit\The-Forge\Examples_3\Unit_Tests\PC Visual Studio 2019\\x64\Release\Intermediate\19_CodeHotReload_Main\19_CodeH.28DEB3EA.tlog\unsuccessfulbuild”,?????“AlwaysCreate”?
         ???“D:\HTC\avboit\The-Forge\Examples_3\Unit_Tests\PC Visual Studio 2019\\x64\Release\Intermediate\19_CodeHotReload_Main\19_CodeH.28DEB3EA.tlog\unsuccessfulbuild”?? Touch ???
    54>InitializeBuildStatus:
         ????“D:\HTC\avboit\The-Forge\Examples_3\Unit_Tests\PC Visual Studio 2019\\x64\Release\Intermediate\10_ScreenSpaceReflections\10_Scree.DA983663.tlog\unsuccessfulbuild”,?????“AlwaysCreate”?
         ???“D:\HTC\avboit\The-Forge\Examples_3\Unit_Tests\PC Visual Studio 2019\\x64\Release\Intermediate\10_ScreenSpaceReflections\10_Scree.DA983663.tlog\unsuccessfulbuild”?? Touch ???
    41>InitializeBuildStatus:
         ????“D:\HTC\avboit\The-Forge\Examples_3\Unit_Tests\PC Visual Studio 2019\\x64\Release\Intermediate\01_Transformations\01_Trans.5938554B.tlog\unsuccessfulbuild”,?????“AlwaysCreate”?
         ???“D:\HTC\avboit\The-Forge\Examples_3\Unit_Tests\PC Visual Studio 2019\\x64\Release\Intermediate\01_Transformations\01_Trans.5938554B.tlog\unsuccessfulbuild”?? Touch ???
    37>InitializeBuildStatus:
         ???“D:\HTC\avboit\The-Forge\Examples_3\Unit_Tests\PC Visual Studio 2019\\x64\Release\Intermediate\36_AlgorithmsAndContainers\36_Algor.BD99E69F.tlog\unsuccessfulbuild”?? Touch ???
    40>InitializeBuildStatus:
         ???“D:\HTC\avboit\The-Forge\Examples_3\Unit_Tests\PC Visual Studio 2019\\x64\Release\Intermediate\39_ParticleSystem\39_Parti.C3E55E0E.tlog\unsuccessfulbuild”?? Touch ???
     1>??“D:\HTC\avboit\The-Forge\Examples_3\Unit_Tests\PC Visual Studio 2019\Unit_Tests.sln”(1)???? 1 ???“D:\HTC\avboit\The-Forge\Examples_3\Unit_Tests\PC Visual Studio 2019\28_Skinning.vcxproj.metaproj”(14) (????)?
    14>??“D:\HTC\avboit\The-Forge\Examples_3\Unit_Tests\PC Visual Studio 2019\28_Skinning.vcxproj.metaproj”(14)???? 9 ???“D:\HTC\avboit\The-Forge\Examples_3\Unit_Tests\PC Visual Studio 2019\28_Skinning.vcxproj”(46) (????)?
    46>PrepareForBuild:
         ???????????????????????????????????,??? https://aka.ms/cpp/structured-output?
     1>??“D:\HTC\avboit\The-Forge\Examples_3\Unit_Tests\PC Visual Studio 2019\Unit_Tests.sln”(1)???? 1 ???“D:\HTC\avboit\The-Forge\Examples_3\Unit_Tests\PC Visual Studio 2019\15_Transparency.vcxproj.metaproj”(10) (????)?
    10>??“D:\HTC\avboit\The-Forge\Examples_3\Unit_Tests\PC Visual Studio 2019\15_Transparency.vcxproj.metaproj”(10)???? 7 ???“D:\HTC\avboit\The-Forge\Examples_3\Unit_Tests\PC Visual Studio 2019\15_Transparency.vcxproj”(47) (????)?
    47>PrepareForBuild:
         ???????????????????????????????????,??? https://aka.ms/cpp/structured-output?
    46>InitializeBuildStatus:
         ????“D:\HTC\avboit\The-Forge\Examples_3\Unit_Tests\PC Visual Studio 2019\\x64\Release\Intermediate\28_Skinning\28_Skinning.tlog\unsuccessfulbuild”,?????“AlwaysCreate”?
         ???“D:\HTC\avboit\The-Forge\Examples_3\Unit_Tests\PC Visual Studio 2019\\x64\Release\Intermediate\28_Skinning\28_Skinning.tlog\unsuccessfulbuild”?? Touch ???
    47>InitializeBuildStatus:
         ????“D:\HTC\avboit\The-Forge\Examples_3\Unit_Tests\PC Visual Studio 2019\\x64\Release\Intermediate\15_Transparency\15_Transparency.tlog\unsuccessfulbuild”,?????“AlwaysCreate”?
         ???“D:\HTC\avboit\The-Forge\Examples_3\Unit_Tests\PC Visual Studio 2019\\x64\Release\Intermediate\15_Transparency\15_Transparency.tlog\unsuccessfulbuild”?? Touch ???
    35>ClCompile:
         ?????????
         ?????????
       ResourceCompile:
         ?????????
    37>ClCompile:
         ?????????
    35>Link:
         ?????????
         BunyTool.vcxproj -> D:\HTC\avboit\The-Forge\Examples_3\Unit_Tests\PC Visual Studio 2019\x64\Release\buny.exe
    37>ClCompile:
         ?????????
    35>FinalizeBuildStatus:
         ??????“D:\HTC\avboit\The-Forge\Examples_3\Unit_Tests\PC Visual Studio 2019\\x64\Release\Intermediate\BunyTool\BunyTool.tlog\unsuccessfulbuild”?
         ???“D:\HTC\avboit\The-Forge\Examples_3\Unit_Tests\PC Visual Studio 2019\\x64\Release\Intermediate\BunyTool\BunyTool.tlog\BunyTool.lastbuildstate”?? Touch ???
    35>???????“D:\HTC\avboit\The-Forge\Common_3\Tools\BunyArchive\VisualStudio\BunyTool.vcxproj”(????)????
    37>Link:
         ?????????
         36_AlgorithmsAndContainers.vcxproj -> D:\HTC\avboit\The-Forge\Examples_3\Unit_Tests\PC Visual Studio 2019\x64\Release\36_AlgorithmsAndContainers\36_AlgorithmsAndContainers.exe
       CustomBuildStep:
       ??????“CustomBuildStep”,????????
     1>??“D:\HTC\avboit\The-Forge\Examples_3\Unit_Tests\PC Visual Studio 2019\Unit_Tests.sln”(1)???? 1 ???“D:\HTC\avboit\The-Forge\Examples_3\Unit_Tests\PC Visual Studio 2019\12_ZipFileSystem.vcxproj.metaproj”(15) (????)?
    15>??“D:\HTC\avboit\The-Forge\Examples_3\Unit_Tests\PC Visual Studio 2019\12_ZipFileSystem.vcxproj.metaproj”(15)???? 12 ???“D:\HTC\avboit\The-Forge\Examples_3\Unit_Tests\PC Visual Studio 2019\12_ZipFileSystem.vcxproj”(55) (????)?
    55>PrepareForBuild:
         ???????????????????????????????????,??? https://aka.ms/cpp/structured-output?
    37>CustomBuildStep:
       ??????“CustomBuildStep”,????????
       PostBuildEvent:
         
                 xcopy "D:\HTC\avboit\The-Forge\Examples_3\Unit_Tests\PC Visual Studio 2019\..\..\..\Common_3\Graphics\ThirdParty\OpenSource\VulkanSDK\bin\Win32\*.dll" "D:\HTC\avboit\The-Forge\Examples_3\Unit_Tests\PC Visual Studio 2019\x64\Release\36_AlgorithmsAndContainers\" /S /Y /D
                 xcopy "D:\HTC\avboit\The-Forge\Examples_3\Unit_Tests\PC Visual Studio 2019\..\..\..\Common_3\Graphics\ThirdParty\OpenSource\VulkanSDK\bin\Win32\*.json" "D:\HTC\avboit\The-Forge\Examples_3\Unit_Tests\PC Visual Studio 2019\x64\Release\36_AlgorithmsAndContainers\" /S /Y /D
                 xcopy "D:\HTC\avboit\The-Forge\Examples_3\Unit_Tests\PC Visual Studio 2019\..\..\..\Common_3\Graphics\ThirdParty\OpenSource\ags\ags_lib\lib\amd_ags_x64.dll" "D:\HTC\avboit\The-Forge\Examples_3\Unit_Tests\PC Visual Studio 2019\x64\Release\36_AlgorithmsAndContainers\amd_ags_x64.dll"* /S /Y /D
                 xcopy "D:\HTC\avboit\The-Forge\Examples_3\Unit_Tests\PC Visual Studio 2019\..\..\..\Common_3\Graphics\ThirdParty\OpenSource\DirectXShaderCompiler\bin\x64\dxcompiler.dll" "D:\HTC\avboit\The-Forge\Examples_3\Unit_Tests\PC Visual Studio 2019\x64\Release\36_AlgorithmsAndContainers\dxcompiler.dll"* /S /Y /D
                 xcopy "D:\HTC\avboit\The-Forge\Examples_3\Unit_Tests\PC Visual Studio 2019\..\..\..\Common_3\Graphics\ThirdParty\OpenSource\Direct3d12Agility\bin\x64\*.dll" "D:\HTC\avboit\The-Forge\Examples_3\Unit_Tests\PC Visual Studio 2019\x64\Release\36_AlgorithmsAndContainers\"* /S /Y /D
                 xcopy "D:\HTC\avboit\The-Forge\Examples_3\Unit_Tests\PC Visual Studio 2019\..\..\..\Common_3\OS\ThirdParty\OpenSource\winpixeventruntime\bin\WinPixEventRuntime.dll" "D:\HTC\avboit\The-Forge\Examples_3\Unit_Tests\PC Visual Studio 2019\x64\Release\36_AlgorithmsAndContainers\WinPixEventRunTime.dll"* /S /Y /D
                 
               
         xcopy "D:\HTC\avboit\The-Forge\Examples_3\Unit_Tests\PC Visual Studio 2019\..\..\..\Art\UnitTestResources\Scripts\*.*" "D:\HTC\avboit\The-Forge\Examples_3\Unit_Tests\PC Visual Studio 2019\x64\Release\36_AlgorithmsAndContainers\Scripts\" /s /y
         :VCEnd
    55>InitializeBuildStatus:
         ????“D:\HTC\avboit\The-Forge\Examples_3\Unit_Tests\PC Visual Studio 2019\\x64\Release\Intermediate\12_ZipFileSystem\12_ZipFileSystem.tlog\unsuccessfulbuild”,?????“AlwaysCreate”?
         ???“D:\HTC\avboit\The-Forge\Examples_3\Unit_Tests\PC Visual Studio 2019\\x64\Release\Intermediate\12_ZipFileSystem\12_ZipFileSystem.tlog\unsuccessfulbuild”?? Touch ???
    37>PostBuildEvent:
         0 File(s) copied
         0 File(s) copied
         0 File(s) copied
         0 File(s) copied
         0 File(s) copied
         0 File(s) copied
         File not found - *.*
         0 File(s) copied
    37>E:\tools\Microsoft Visual Studio\2022\Community\MSBuild\Microsoft\VC\v170\Microsoft.CppCommon.targets(166,5): error MSB3073: ??“ [D:\HTC\avboit\The-Forge\Examples_3\Unit_Tests\PC Visual Studio 2019\36_AlgorithmsAndContainers.vcxproj]
E:\tools\Microsoft Visual Studio\2022\Community\MSBuild\Microsoft\VC\v170\Microsoft.CppCommon.targets(166,5): error MSB3073:         xcopy "D:\HTC\avboit\The-Forge\Examples_3\Unit_Tests\PC Visual Studio 2019\..\..\..\Common_3\Graphics\ThirdParty\OpenSource\VulkanSDK\bin\Win32\*.dll" "D:\HTC\avboit\The-Forge\Examples_3\Unit_Tests\PC Visual Studio 2019\x64\Release\36_AlgorithmsAndContainers\" /S /Y /D [D:\HTC\avboit\The-Forge\Examples_3\Unit_Tests\PC Visual Studio 2019\36_AlgorithmsAndContainers.vcxproj]
E:\tools\Microsoft Visual Studio\2022\Community\MSBuild\Microsoft\VC\v170\Microsoft.CppCommon.targets(166,5): error MSB3073:         xcopy "D:\HTC\avboit\The-Forge\Examples_3\Unit_Tests\PC Visual Studio 2019\..\..\..\Common_3\Graphics\ThirdParty\OpenSource\VulkanSDK\bin\Win32\*.json" "D:\HTC\avboit\The-Forge\Examples_3\Unit_Tests\PC Visual Studio 2019\x64\Release\36_AlgorithmsAndContainers\" /S /Y /D [D:\HTC\avboit\The-Forge\Examples_3\Unit_Tests\PC Visual Studio 2019\36_AlgorithmsAndContainers.vcxproj]
E:\tools\Microsoft Visual Studio\2022\Community\MSBuild\Microsoft\VC\v170\Microsoft.CppCommon.targets(166,5): error MSB3073:         xcopy "D:\HTC\avboit\The-Forge\Examples_3\Unit_Tests\PC Visual Studio 2019\..\..\..\Common_3\Graphics\ThirdParty\OpenSource\ags\ags_lib\lib\amd_ags_x64.dll" "D:\HTC\avboit\The-Forge\Examples_3\Unit_Tests\PC Visual Studio 2019\x64\Release\36_AlgorithmsAndContainers\amd_ags_x64.dll"* /S /Y /D [D:\HTC\avboit\The-Forge\Examples_3\Unit_Tests\PC Visual Studio 2019\36_AlgorithmsAndContainers.vcxproj]
E:\tools\Microsoft Visual Studio\2022\Community\MSBuild\Microsoft\VC\v170\Microsoft.CppCommon.targets(166,5): error MSB3073:         xcopy "D:\HTC\avboit\The-Forge\Examples_3\Unit_Tests\PC Visual Studio 2019\..\..\..\Common_3\Graphics\ThirdParty\OpenSource\DirectXShaderCompiler\bin\x64\dxcompiler.dll" "D:\HTC\avboit\The-Forge\Examples_3\Unit_Tests\PC Visual Studio 2019\x64\Release\36_AlgorithmsAndContainers\dxcompiler.dll"* /S /Y /D [D:\HTC\avboit\The-Forge\Examples_3\Unit_Tests\PC Visual Studio 2019\36_AlgorithmsAndContainers.vcxproj]
E:\tools\Microsoft Visual Studio\2022\Community\MSBuild\Microsoft\VC\v170\Microsoft.CppCommon.targets(166,5): error MSB3073:         xcopy "D:\HTC\avboit\The-Forge\Examples_3\Unit_Tests\PC Visual Studio 2019\..\..\..\Common_3\Graphics\ThirdParty\OpenSource\Direct3d12Agility\bin\x64\*.dll" "D:\HTC\avboit\The-Forge\Examples_3\Unit_Tests\PC Visual Studio 2019\x64\Release\36_AlgorithmsAndContainers\"* /S /Y /D [D:\HTC\avboit\The-Forge\Examples_3\Unit_Tests\PC Visual Studio 2019\36_AlgorithmsAndContainers.vcxproj]
E:\tools\Microsoft Visual Studio\2022\Community\MSBuild\Microsoft\VC\v170\Microsoft.CppCommon.targets(166,5): error MSB3073:         xcopy "D:\HTC\avboit\The-Forge\Examples_3\Unit_Tests\PC Visual Studio 2019\..\..\..\Common_3\OS\ThirdParty\OpenSource\winpixeventruntime\bin\WinPixEventRuntime.dll" "D:\HTC\avboit\The-Forge\Examples_3\Unit_Tests\PC Visual Studio 2019\x64\Release\36_AlgorithmsAndContainers\WinPixEventRunTime.dll"* /S /Y /D [D:\HTC\avboit\The-Forge\Examples_3\Unit_Tests\PC Visual Studio 2019\36_AlgorithmsAndContainers.vcxproj]
E:\tools\Microsoft Visual Studio\2022\Community\MSBuild\Microsoft\VC\v170\Microsoft.CppCommon.targets(166,5): error MSB3073:          [D:\HTC\avboit\The-Forge\Examples_3\Unit_Tests\PC Visual Studio 2019\36_AlgorithmsAndContainers.vcxproj]
E:\tools\Microsoft Visual Studio\2022\Community\MSBuild\Microsoft\VC\v170\Microsoft.CppCommon.targets(166,5): error MSB3073:        [D:\HTC\avboit\The-Forge\Examples_3\Unit_Tests\PC Visual Studio 2019\36_AlgorithmsAndContainers.vcxproj]
E:\tools\Microsoft Visual Studio\2022\Community\MSBuild\Microsoft\VC\v170\Microsoft.CppCommon.targets(166,5): error MSB3073: xcopy "D:\HTC\avboit\The-Forge\Examples_3\Unit_Tests\PC Visual Studio 2019\..\..\..\Art\UnitTestResources\Scripts\*.*" "D:\HTC\avboit\The-Forge\Examples_3\Unit_Tests\PC Visual Studio 2019\x64\Release\36_AlgorithmsAndContainers\Scripts\" /s /y [D:\HTC\avboit\The-Forge\Examples_3\Unit_Tests\PC Visual Studio 2019\36_AlgorithmsAndContainers.vcxproj]
E:\tools\Microsoft Visual Studio\2022\Community\MSBuild\Microsoft\VC\v170\Microsoft.CppCommon.targets(166,5): error MSB3073: :VCEnd”???,??? 4? [D:\HTC\avboit\The-Forge\Examples_3\Unit_Tests\PC Visual Studio 2019\36_AlgorithmsAndContainers.vcxproj]
    37>???????“D:\HTC\avboit\The-Forge\Examples_3\Unit_Tests\PC Visual Studio 2019\36_AlgorithmsAndContainers.vcxproj”(????)??? - ???
    44>ClCompile:
         ?????????
       Link:
         ?????????
         34_Input.vcxproj -> D:\HTC\avboit\The-Forge\Examples_3\Unit_Tests\PC Visual Studio 2019\x64\Release\34_Input\34_Input.exe
       CustomBuildStep:
       ??????“CustomBuildStep”,????????
       CustomBuildStep:
       ??????“CustomBuildStep”,????????
       PostBuildEvent:
         
                 xcopy "D:\HTC\avboit\The-Forge\Examples_3\Unit_Tests\PC Visual Studio 2019\..\..\..\Common_3\Graphics\ThirdParty\OpenSource\VulkanSDK\bin\Win32\*.dll" "D:\HTC\avboit\The-Forge\Examples_3\Unit_Tests\PC Visual Studio 2019\x64\Release\34_Input\" /S /Y /D
                 xcopy "D:\HTC\avboit\The-Forge\Examples_3\Unit_Tests\PC Visual Studio 2019\..\..\..\Common_3\Graphics\ThirdParty\OpenSource\VulkanSDK\bin\Win32\*.json" "D:\HTC\avboit\The-Forge\Examples_3\Unit_Tests\PC Visual Studio 2019\x64\Release\34_Input\" /S /Y /D
                 xcopy "D:\HTC\avboit\The-Forge\Examples_3\Unit_Tests\PC Visual Studio 2019\..\..\..\Common_3\Graphics\ThirdParty\OpenSource\ags\ags_lib\lib\amd_ags_x64.dll" "D:\HTC\avboit\The-Forge\Examples_3\Unit_Tests\PC Visual Studio 2019\x64\Release\34_Input\amd_ags_x64.dll"* /S /Y /D
                 xcopy "D:\HTC\avboit\The-Forge\Examples_3\Unit_Tests\PC Visual Studio 2019\..\..\..\Common_3\Graphics\ThirdParty\OpenSource\DirectXShaderCompiler\bin\x64\dxcompiler.dll" "D:\HTC\avboit\The-Forge\Examples_3\Unit_Tests\PC Visual Studio 2019\x64\Release\34_Input\dxcompiler.dll"* /S /Y /D
                 xcopy "D:\HTC\avboit\The-Forge\Examples_3\Unit_Tests\PC Visual Studio 2019\..\..\..\Common_3\Graphics\ThirdParty\OpenSource\Direct3d12Agility\bin\x64\*.dll" "D:\HTC\avboit\The-Forge\Examples_3\Unit_Tests\PC Visual Studio 2019\x64\Release\34_Input\"* /S /Y /D
                 xcopy "D:\HTC\avboit\The-Forge\Examples_3\Unit_Tests\PC Visual Studio 2019\..\..\..\Common_3\OS\ThirdParty\OpenSource\winpixeventruntime\bin\WinPixEventRuntime.dll" "D:\HTC\avboit\The-Forge\Examples_3\Unit_Tests\PC Visual Studio 2019\x64\Release\34_Input\WinPixEventRunTime.dll"* /S /Y /D
                 
                set ART=D:\HTC\avboit\The-Forge\Examples_3\Unit_Tests\PC Visual Studio 2019\..\..\..\Art\
         xcopy /Y /S /D "%ART%\UnitTestResources\Textures\dds\input\*.tex" "D:\HTC\avboit\The-Forge\Examples_3\Unit_Tests\PC Visual Studio 2019\x64\Release\34_Input\Textures\"
         xcopy /Y /S /D "%ART%\UnitTestResources\Fonts\*.ttf" "D:\HTC\avboit\The-Forge\Examples_3\Unit_Tests\PC Visual Studio 2019\x64\Release\34_Input\Fonts\"
         xcopy /Y /S /D "%ART%\UnitTestResources\Fonts\*.otf" "D:\HTC\avboit\The-Forge\Examples_3\Unit_Tests\PC Visual Studio 2019\x64\Release\34_Input\Fonts\"
         
         xcopy /Y /S /D /E "D:\HTC\avboit\The-Forge\Examples_3\Unit_Tests\PC Visual Studio 2019\x64\Release\34_Input\..\OS\Shaders" "D:\HTC\avboit\The-Forge\Examples_3\Unit_Tests\PC Visual Studio 2019\x64\Release\34_Input\Shaders"
         xcopy /Y /S /D /E "D:\HTC\avboit\The-Forge\Examples_3\Unit_Tests\PC Visual Studio 2019\x64\Release\34_Input\..\OS\CompiledShaders" "D:\HTC\avboit\The-Forge\Examples_3\Unit_Tests\PC Visual Studio 2019\x64\Release\34_Input\CompiledShaders"
         
         xcopy /Y /S /D "%ART%\UnitTestResources\Scripts\*.lua" "D:\HTC\avboit\The-Forge\Examples_3\Unit_Tests\PC Visual Studio 2019\x64\Release\34_Input\Scripts\"
         
         xcopy "D:\HTC\avboit\The-Forge\Common_3\OS\Windows\pc_gpu.data" "D:\HTC\avboit\The-Forge\Examples_3\Unit_Tests\PC Visual Studio 2019\x64\Release\34_Input\GPUCfg\gpu.data*" /Y /D
         xcopy "D:\HTC\avboit\The-Forge\Examples_3\Unit_Tests\src\34_Input\GPUCfg\gpu.cfg" "D:\HTC\avboit\The-Forge\Examples_3\Unit_Tests\PC Visual Studio 2019\x64\Release\34_Input\GPUCfg\gpu.cfg*" /Y /D
         
         :VCEnd
         0 File(s) copied
         0 File(s) copied
         0 File(s) copied
    49>ClCompile:
         ?????????
    44>PostBuildEvent:
         0 File(s) copied
         0 File(s) copied
         0 File(s) copied
    49>Link:
         ?????????
    41>ClCompile:
         ?????????
    44>PostBuildEvent:
         D:\HTC\avboit\The-Forge\Examples_3\Unit_Tests\PC Visual Studio 2019\..\..\..\Art\\UnitTestResources\Textures\dds\input\controller.tex
         D:\HTC\avboit\The-Forge\Examples_3\Unit_Tests\PC Visual Studio 2019\..\..\..\Art\\UnitTestResources\Textures\dds\input\keyboard+mouse.tex
         2 File(s) copied
    49>Link:
         11_LinkedMultiGPU.vcxproj -> D:\HTC\avboit\The-Forge\Examples_3\Unit_Tests\PC Visual Studio 2019\x64\Release\11_LinkedMultiGPU\11_LinkedMultiGPU.exe
       CustomBuildStep:
       ??????“CustomBuildStep”,????????
    41>Link:
         ?????????
         01_Transformations.vcxproj -> D:\HTC\avboit\The-Forge\Examples_3\Unit_Tests\PC Visual Studio 2019\x64\Release\01_Transformations\01_Transformations.exe
    49>CustomBuildStep:
       ??????“CustomBuildStep”,????????
    41>CustomBuildStep:
       ??????“CustomBuildStep”,????????
    49>PostBuildEvent:
         
                 xcopy "D:\HTC\avboit\The-Forge\Examples_3\Unit_Tests\PC Visual Studio 2019\..\..\..\Common_3\Graphics\ThirdParty\OpenSource\VulkanSDK\bin\Win32\*.dll" "D:\HTC\avboit\The-Forge\Examples_3\Unit_Tests\PC Visual Studio 2019\x64\Release\11_LinkedMultiGPU\" /S /Y /D
                 xcopy "D:\HTC\avboit\The-Forge\Examples_3\Unit_Tests\PC Visual Studio 2019\..\..\..\Common_3\Graphics\ThirdParty\OpenSource\VulkanSDK\bin\Win32\*.json" "D:\HTC\avboit\The-Forge\Examples_3\Unit_Tests\PC Visual Studio 2019\x64\Release\11_LinkedMultiGPU\" /S /Y /D
                 xcopy "D:\HTC\avboit\The-Forge\Examples_3\Unit_Tests\PC Visual Studio 2019\..\..\..\Common_3\Graphics\ThirdParty\OpenSource\ags\ags_lib\lib\amd_ags_x64.dll" "D:\HTC\avboit\The-Forge\Examples_3\Unit_Tests\PC Visual Studio 2019\x64\Release\11_LinkedMultiGPU\amd_ags_x64.dll"* /S /Y /D
                 xcopy "D:\HTC\avboit\The-Forge\Examples_3\Unit_Tests\PC Visual Studio 2019\..\..\..\Common_3\Graphics\ThirdParty\OpenSource\DirectXShaderCompiler\bin\x64\dxcompiler.dll" "D:\HTC\avboit\The-Forge\Examples_3\Unit_Tests\PC Visual Studio 2019\x64\Release\11_LinkedMultiGPU\dxcompiler.dll"* /S /Y /D
                 xcopy "D:\HTC\avboit\The-Forge\Examples_3\Unit_Tests\PC Visual Studio 2019\..\..\..\Common_3\Graphics\ThirdParty\OpenSource\Direct3d12Agility\bin\x64\*.dll" "D:\HTC\avboit\The-Forge\Examples_3\Unit_Tests\PC Visual Studio 2019\x64\Release\11_LinkedMultiGPU\"* /S /Y /D
                 xcopy "D:\HTC\avboit\The-Forge\Examples_3\Unit_Tests\PC Visual Studio 2019\..\..\..\Common_3\OS\ThirdParty\OpenSource\winpixeventruntime\bin\WinPixEventRuntime.dll" "D:\HTC\avboit\The-Forge\Examples_3\Unit_Tests\PC Visual Studio 2019\x64\Release\11_LinkedMultiGPU\WinPixEventRunTime.dll"* /S /Y /D
                 
                set ART=D:\HTC\avboit\The-Forge\Examples_3\Unit_Tests\PC Visual Studio 2019\..\..\..\Art\
         xcopy /Y /S /D "%ART%\UnitTestResources\Textures\dds\Skybox_*.tex" "D:\HTC\avboit\The-Forge\Examples_3\Unit_Tests\PC Visual Studio 2019\x64\Release\11_LinkedMultiGPU\Textures\"
         xcopy /Y /S /D "%ART%\UnitTestResources\Textures\dds\circlepad.tex" "D:\HTC\avboit\The-Forge\Examples_3\Unit_Tests\PC Visual Studio 2019\x64\Release\11_LinkedMultiGPU\Textures\"
         xcopy /Y /S /D "%ART%\UnitTestResources\Fonts\*.ttf" "D:\HTC\avboit\The-Forge\Examples_3\Unit_Tests\PC Visual Studio 2019\x64\Release\11_LinkedMultiGPU\Fonts\"
         xcopy /Y /S /D "%ART%\UnitTestResources\Fonts\*.otf" "D:\HTC\avboit\The-Forge\Examples_3\Unit_Tests\PC Visual Studio 2019\x64\Release\11_LinkedMultiGPU\Fonts\"
         
         xcopy /Y /S /D /E "D:\HTC\avboit\The-Forge\Examples_3\Unit_Tests\PC Visual Studio 2019\x64\Release\11_LinkedMultiGPU\..\OS\Shaders" "D:\HTC\avboit\The-Forge\Examples_3\Unit_Tests\PC Visual Studio 2019\x64\Release\11_LinkedMultiGPU\Shaders"
         xcopy /Y /S /D /E "D:\HTC\avboit\The-Forge\Examples_3\Unit_Tests\PC Visual Studio 2019\x64\Release\11_LinkedMultiGPU\..\OS\CompiledShaders" "D:\HTC\avboit\The-Forge\Examples_3\Unit_Tests\PC Visual Studio 2019\x64\Release\11_LinkedMultiGPU\CompiledShaders"
         
         xcopy /Y /S /D "D:\HTC\avboit\The-Forge\Examples_3\Unit_Tests\PC Visual Studio 2019\..\src\11_LinkedMultiGPU\Scripts\*.lua" "D:\HTC\avboit\The-Forge\Examples_3\Unit_Tests\PC Visual Studio 2019\x64\Release\11_LinkedMultiGPU\Scripts\"
         xcopy /Y /S /D "%ART%\UnitTestResources\Scripts\*.lua" "D:\HTC\avboit\The-Forge\Examples_3\Unit_Tests\PC Visual Studio 2019\x64\Release\11_LinkedMultiGPU\Scripts\"
         
         xcopy "D:\HTC\avboit\The-Forge\Common_3\OS\Windows\pc_gpu.data" "D:\HTC\avboit\The-Forge\Examples_3\Unit_Tests\PC Visual Studio 2019\x64\Release\11_LinkedMultiGPU\GPUCfg\gpu.data*" /Y /D
         xcopy "D:\HTC\avboit\The-Forge\Examples_3\Unit_Tests\src\11_LinkedMultiGPU\GPUCfg\gpu.cfg" "D:\HTC\avboit\The-Forge\Examples_3\Unit_Tests\PC Visual Studio 2019\x64\Release\11_LinkedMultiGPU\GPUCfg\gpu.cfg*" /Y /D
         
         :VCEnd
    44>PostBuildEvent:
         D:\HTC\avboit\The-Forge\Examples_3\Unit_Tests\PC Visual Studio 2019\..\..\..\Art\\UnitTestResources\Fonts\ComicRelief\ComicRelief-Bold.ttf
         D:\HTC\avboit\The-Forge\Examples_3\Unit_Tests\PC Visual Studio 2019\..\..\..\Art\\UnitTestResources\Fonts\ComicRelief\ComicRelief.ttf
    41>CustomBuildStep:
       ??????“CustomBuildStep”,????????
    44>PostBuildEvent:
         D:\HTC\avboit\The-Forge\Examples_3\Unit_Tests\PC Visual Studio 2019\..\..\..\Art\\UnitTestResources\Fonts\Crimson\Crimson-Bold.ttf
    45>ClCompile:
         ?????????
    44>PostBuildEvent:
         D:\HTC\avboit\The-Forge\Examples_3\Unit_Tests\PC Visual Studio 2019\..\..\..\Art\\UnitTestResources\Fonts\Crimson\Crimson-BoldItalic.ttf
    41>PostBuildEvent:
         
                 xcopy "D:\HTC\avboit\The-Forge\Examples_3\Unit_Tests\PC Visual Studio 2019\..\..\..\Common_3\Graphics\ThirdParty\OpenSource\VulkanSDK\bin\Win32\*.dll" "D:\HTC\avboit\The-Forge\Examples_3\Unit_Tests\PC Visual Studio 2019\x64\Release\01_Transformations\" /S /Y /D
                 xcopy "D:\HTC\avboit\The-Forge\Examples_3\Unit_Tests\PC Visual Studio 2019\..\..\..\Common_3\Graphics\ThirdParty\OpenSource\VulkanSDK\bin\Win32\*.json" "D:\HTC\avboit\The-Forge\Examples_3\Unit_Tests\PC Visual Studio 2019\x64\Release\01_Transformations\" /S /Y /D
                 xcopy "D:\HTC\avboit\The-Forge\Examples_3\Unit_Tests\PC Visual Studio 2019\..\..\..\Common_3\Graphics\ThirdParty\OpenSource\ags\ags_lib\lib\amd_ags_x64.dll" "D:\HTC\avboit\The-Forge\Examples_3\Unit_Tests\PC Visual Studio 2019\x64\Release\01_Transformations\amd_ags_x64.dll"* /S /Y /D
                 xcopy "D:\HTC\avboit\The-Forge\Examples_3\Unit_Tests\PC Visual Studio 2019\..\..\..\Common_3\Graphics\ThirdParty\OpenSource\DirectXShaderCompiler\bin\x64\dxcompiler.dll" "D:\HTC\avboit\The-Forge\Examples_3\Unit_Tests\PC Visual Studio 2019\x64\Release\01_Transformations\dxcompiler.dll"* /S /Y /D
                 xcopy "D:\HTC\avboit\The-Forge\Examples_3\Unit_Tests\PC Visual Studio 2019\..\..\..\Common_3\Graphics\ThirdParty\OpenSource\Direct3d12Agility\bin\x64\*.dll" "D:\HTC\avboit\The-Forge\Examples_3\Unit_Tests\PC Visual Studio 2019\x64\Release\01_Transformations\"* /S /Y /D
                 xcopy "D:\HTC\avboit\The-Forge\Examples_3\Unit_Tests\PC Visual Studio 2019\..\..\..\Common_3\OS\ThirdParty\OpenSource\winpixeventruntime\bin\WinPixEventRuntime.dll" "D:\HTC\avboit\The-Forge\Examples_3\Unit_Tests\PC Visual Studio 2019\x64\Release\01_Transformations\WinPixEventRunTime.dll"* /S /Y /D
                 
                set ART=D:\HTC\avboit\The-Forge\Examples_3\Unit_Tests\PC Visual Studio 2019\..\..\..\Art\
         xcopy /Y /S /D "%ART%\UnitTestResources\Textures\dds\Skybox_*.tex" "D:\HTC\avboit\The-Forge\Examples_3\Unit_Tests\PC Visual Studio 2019\x64\Release\01_Transformations\Textures\"
         xcopy /Y /S /D "%ART%\UnitTestResources\Textures\dds\circlepad.tex" "D:\HTC\avboit\The-Forge\Examples_3\Unit_Tests\PC Visual Studio 2019\x64\Release\01_Transformations\Textures\"
         xcopy /Y /S /D "%ART%\UnitTestResources\Fonts\*.ttf" "D:\HTC\avboit\The-Forge\Examples_3\Unit_Tests\PC Visual Studio 2019\x64\Release\01_Transformations\Fonts\"
         xcopy /Y /S /D "%ART%\UnitTestResources\Fonts\*.otf" "D:\HTC\avboit\The-Forge\Examples_3\Unit_Tests\PC Visual Studio 2019\x64\Release\01_Transformations\Fonts\"
         
         xcopy /Y /S /D /E "D:\HTC\avboit\The-Forge\Examples_3\Unit_Tests\PC Visual Studio 2019\x64\Release\01_Transformations\..\OS\Shaders" "D:\HTC\avboit\The-Forge\Examples_3\Unit_Tests\PC Visual Studio 2019\x64\Release\01_Transformations\Shaders"
         xcopy /Y /S /D /E "D:\HTC\avboit\The-Forge\Examples_3\Unit_Tests\PC Visual Studio 2019\x64\Release\01_Transformations\..\OS\CompiledShaders" "D:\HTC\avboit\The-Forge\Examples_3\Unit_Tests\PC Visual Studio 2019\x64\Release\01_Transformations\CompiledShaders"
         
         xcopy /Y /S /D "%ART%\UnitTestResources\Scripts\*.lua" "D:\HTC\avboit\The-Forge\Examples_3\Unit_Tests\PC Visual Studio 2019\x64\Release\01_Transformations\Scripts\"
         
         xcopy "D:\HTC\avboit\The-Forge\Common_3\OS\Windows\pc_gpu.data" "D:\HTC\avboit\The-Forge\Examples_3\Unit_Tests\PC Visual Studio 2019\x64\Release\01_Transformations\GPUCfg\gpu.data*" /Y /D
         xcopy "D:\HTC\avboit\The-Forge\Examples_3\Unit_Tests\src\01_Transformations\GPUCfg\gpu.cfg" "D:\HTC\avboit\The-Forge\Examples_3\Unit_Tests\PC Visual Studio 2019\x64\Release\01_Transformations\GPUCfg\gpu.cfg*" /Y /D
         
         
         :VCEnd
    44>PostBuildEvent:
         D:\HTC\avboit\The-Forge\Examples_3\Unit_Tests\PC Visual Studio 2019\..\..\..\Art\\UnitTestResources\Fonts\Crimson\Crimson-Italic.ttf
         D:\HTC\avboit\The-Forge\Examples_3\Unit_Tests\PC Visual Studio 2019\..\..\..\Art\\UnitTestResources\Fonts\Crimson\Crimson-Roman.ttf
         D:\HTC\avboit\The-Forge\Examples_3\Unit_Tests\PC Visual Studio 2019\..\..\..\Art\\UnitTestResources\Fonts\Crimson\Crimson-Semibold.ttf
         D:\HTC\avboit\The-Forge\Examples_3\Unit_Tests\PC Visual Studio 2019\..\..\..\Art\\UnitTestResources\Fonts\Crimson\Crimson-SemiboldItalic.ttf
         D:\HTC\avboit\The-Forge\Examples_3\Unit_Tests\PC Visual Studio 2019\..\..\..\Art\\UnitTestResources\Fonts\HermeneusOne\HermeneusOne.ttf
    51>ClCompile:
         ?????????
    44>PostBuildEvent:
         9 File(s) copied
         D:\HTC\avboit\The-Forge\Examples_3\Unit_Tests\PC Visual Studio 2019\..\..\..\Art\\UnitTestResources\Fonts\InconsolataLGC\Inconsolata-LGC-Bold.otf
         D:\HTC\avboit\The-Forge\Examples_3\Unit_Tests\PC Visual Studio 2019\..\..\..\Art\\UnitTestResources\Fonts\InconsolataLGC\Inconsolata-LGC-BoldItalic.otf
         D:\HTC\avboit\The-Forge\Examples_3\Unit_Tests\PC Visual Studio 2019\..\..\..\Art\\UnitTestResources\Fonts\InconsolataLGC\Inconsolata-LGC-Italic.otf
         D:\HTC\avboit\The-Forge\Examples_3\Unit_Tests\PC Visual Studio 2019\..\..\..\Art\\UnitTestResources\Fonts\InconsolataLGC\Inconsolata-LGC.otf
         D:\HTC\avboit\The-Forge\Examples_3\Unit_Tests\PC Visual Studio 2019\..\..\..\Art\\UnitTestResources\Fonts\TitilliumText\TitilliumText-Bold.otf
         5 File(s) copied
    45>Link:
         ?????????
    49>PostBuildEvent:
         0 File(s) copied
    41>PostBuildEvent:
         0 File(s) copied
    45>Link:
         16_Raytracing.vcxproj -> D:\HTC\avboit\The-Forge\Examples_3\Unit_Tests\PC Visual Studio 2019\x64\Release\16_Raytracing\16_Raytracing.exe
    44>PostBuildEvent:
         0 File(s) copied
    45>CustomBuildStep:
       ??????“CustomBuildStep”,????????
       CustomBuildStep:
       ??????“CustomBuildStep”,????????
       PostBuildEvent:
         
                 xcopy "D:\HTC\avboit\The-Forge\Examples_3\Unit_Tests\PC Visual Studio 2019\..\..\..\Common_3\Graphics\ThirdParty\OpenSource\VulkanSDK\bin\Win32\*.dll" "D:\HTC\avboit\The-Forge\Examples_3\Unit_Tests\PC Visual Studio 2019\x64\Release\16_Raytracing\" /S /Y /D
                 xcopy "D:\HTC\avboit\The-Forge\Examples_3\Unit_Tests\PC Visual Studio 2019\..\..\..\Common_3\Graphics\ThirdParty\OpenSource\VulkanSDK\bin\Win32\*.json" "D:\HTC\avboit\The-Forge\Examples_3\Unit_Tests\PC Visual Studio 2019\x64\Release\16_Raytracing\" /S /Y /D
                 xcopy "D:\HTC\avboit\The-Forge\Examples_3\Unit_Tests\PC Visual Studio 2019\..\..\..\Common_3\Graphics\ThirdParty\OpenSource\ags\ags_lib\lib\amd_ags_x64.dll" "D:\HTC\avboit\The-Forge\Examples_3\Unit_Tests\PC Visual Studio 2019\x64\Release\16_Raytracing\amd_ags_x64.dll"* /S /Y /D
                 xcopy "D:\HTC\avboit\The-Forge\Examples_3\Unit_Tests\PC Visual Studio 2019\..\..\..\Common_3\Graphics\ThirdParty\OpenSource\DirectXShaderCompiler\bin\x64\dxcompiler.dll" "D:\HTC\avboit\The-Forge\Examples_3\Unit_Tests\PC Visual Studio 2019\x64\Release\16_Raytracing\dxcompiler.dll"* /S /Y /D
                 xcopy "D:\HTC\avboit\The-Forge\Examples_3\Unit_Tests\PC Visual Studio 2019\..\..\..\Common_3\Graphics\ThirdParty\OpenSource\Direct3d12Agility\bin\x64\*.dll" "D:\HTC\avboit\The-Forge\Examples_3\Unit_Tests\PC Visual Studio 2019\x64\Release\16_Raytracing\"* /S /Y /D
                 xcopy "D:\HTC\avboit\The-Forge\Examples_3\Unit_Tests\PC Visual Studio 2019\..\..\..\Common_3\OS\ThirdParty\OpenSource\winpixeventruntime\bin\WinPixEventRuntime.dll" "D:\HTC\avboit\The-Forge\Examples_3\Unit_Tests\PC Visual Studio 2019\x64\Release\16_Raytracing\WinPixEventRunTime.dll"* /S /Y /D
                 
                :: Copy Art files
         set ART=D:\HTC\avboit\The-Forge\Examples_3\Unit_Tests\PC Visual Studio 2019\..\..\..\Art\
         xcopy /Y /S /D "%ART%\SanMiguel_3\Textures\dds\*.tex" "D:\HTC\avboit\The-Forge\Examples_3\Unit_Tests\PC Visual Studio 2019\x64\Release\16_Raytracing\Textures\"
         xcopy /Y /S /D "%ART%\SanMiguel_3\Meshes\*" "D:\HTC\avboit\The-Forge\Examples_3\Unit_Tests\PC Visual Studio 2019\x64\Release\16_Raytracing\Meshes\"
         
         xcopy /Y /S /D "%ART%\UnitTestResources\Fonts\*.ttf" "D:\HTC\avboit\The-Forge\Examples_3\Unit_Tests\PC Visual Studio 2019\x64\Release\16_Raytracing\Fonts\"
         xcopy /Y /S /D "%ART%\UnitTestResources\Fonts\*.otf" "D:\HTC\avboit\The-Forge\Examples_3\Unit_Tests\PC Visual Studio 2019\x64\Release\16_Raytracing\Fonts\"
         
         xcopy /Y /S /D /E "D:\HTC\avboit\The-Forge\Examples_3\Unit_Tests\PC Visual Studio 2019\x64\Release\16_Raytracing\..\OS\Shaders" "D:\HTC\avboit\The-Forge\Examples_3\Unit_Tests\PC Visual Studio 2019\x64\Release\16_Raytracing\Shaders"
         xcopy /Y /S /D /E "D:\HTC\avboit\The-Forge\Examples_3\Unit_Tests\PC Visual Studio 2019\x64\Release\16_Raytracing\..\OS\CompiledShaders" "D:\HTC\avboit\The-Forge\Examples_3\Unit_Tests\PC Visual Studio 2019\x64\Release\16_Raytracing\CompiledShaders"
         xcopy /Y /S /D "D:\HTC\avboit\The-Forge\Examples_3\Unit_Tests\PC Visual Studio 2019\..\src\16_Raytracing\Shaders\Vulkan\*" "D:\HTC\avboit\The-Forge\Examples_3\Unit_Tests\PC Visual Studio 2019\x64\Release\16_Raytracing\Shaders\Vulkan"
         xcopy /Y /S /D "D:\HTC\avboit\The-Forge\Examples_3\Unit_Tests\PC Visual Studio 2019\..\src\16_Raytracing\Shaders\D3D12\*" "D:\HTC\avboit\The-Forge\Examples_3\Unit_Tests\PC Visual Studio 2019\x64\Release\16_Raytracing\Shaders\DIRECT3D12"
         
         xcopy /Y /S /D "D:\HTC\avboit\The-Forge\Examples_3\Unit_Tests\PC Visual Studio 2019\..\src\16_Raytracing\Scripts\*.lua" "D:\HTC\avboit\The-Forge\Examples_3\Unit_Tests\PC Visual Studio 2019\x64\Release\16_Raytracing\Scripts\"
         xcopy /Y /S /D "%ART%\UnitTestResources\Scripts\*.lua" "D:\HTC\avboit\The-Forge\Examples_3\Unit_Tests\PC Visual Studio 2019\x64\Release\16_Raytracing\Scripts\"
         
         xcopy "D:\HTC\avboit\The-Forge\Common_3\OS\Windows\pc_gpu.data" "D:\HTC\avboit\The-Forge\Examples_3\Unit_Tests\PC Visual Studio 2019\x64\Release\16_Raytracing\GPUCfg\gpu.data*" /Y /D
         xcopy "D:\HTC\avboit\The-Forge\Examples_3\Unit_Tests\src\16_Raytracing\GPUCfg\gpu.cfg" "D:\HTC\avboit\The-Forge\Examples_3\Unit_Tests\PC Visual Studio 2019\x64\Release\16_Raytracing\GPUCfg\gpu.cfg*" /Y /D
         
         :VCEnd
    49>PostBuildEvent:
         0 File(s) copied
    41>PostBuildEvent:
         0 File(s) copied
    52>ClCompile:
         ?????????
    51>Link:
         ?????????
    44>PostBuildEvent:
         0 File(s) copied
    49>PostBuildEvent:
         0 File(s) copied
    41>PostBuildEvent:
         0 File(s) copied
    44>PostBuildEvent:
         File not found - *.lua
    49>PostBuildEvent:
         0 File(s) copied
    44>PostBuildEvent:
         0 File(s) copied
    41>PostBuildEvent:
         0 File(s) copied
    51>Link:
         14_WaveIntrinsics.vcxproj -> D:\HTC\avboit\The-Forge\Examples_3\Unit_Tests\PC Visual Studio 2019\x64\Release\14_WaveIntrinsics\14_WaveIntrinsics.exe
       CustomBuildStep:
       ??????“CustomBuildStep”,????????
    41>PostBuildEvent:
         0 File(s) copied
    44>PostBuildEvent:
         0 File(s) copied
    45>PostBuildEvent:
         0 File(s) copied
    49>PostBuildEvent:
         0 File(s) copied
    51>CustomBuildStep:
       ??????“CustomBuildStep”,????????
       PostBuildEvent:
         
                 xcopy "D:\HTC\avboit\The-Forge\Examples_3\Unit_Tests\PC Visual Studio 2019\..\..\..\Common_3\Graphics\ThirdParty\OpenSource\VulkanSDK\bin\Win32\*.dll" "D:\HTC\avboit\The-Forge\Examples_3\Unit_Tests\PC Visual Studio 2019\x64\Release\14_WaveIntrinsics\" /S /Y /D
                 xcopy "D:\HTC\avboit\The-Forge\Examples_3\Unit_Tests\PC Visual Studio 2019\..\..\..\Common_3\Graphics\ThirdParty\OpenSource\VulkanSDK\bin\Win32\*.json" "D:\HTC\avboit\The-Forge\Examples_3\Unit_Tests\PC Visual Studio 2019\x64\Release\14_WaveIntrinsics\" /S /Y /D
                 xcopy "D:\HTC\avboit\The-Forge\Examples_3\Unit_Tests\PC Visual Studio 2019\..\..\..\Common_3\Graphics\ThirdParty\OpenSource\ags\ags_lib\lib\amd_ags_x64.dll" "D:\HTC\avboit\The-Forge\Examples_3\Unit_Tests\PC Visual Studio 2019\x64\Release\14_WaveIntrinsics\amd_ags_x64.dll"* /S /Y /D
                 xcopy "D:\HTC\avboit\The-Forge\Examples_3\Unit_Tests\PC Visual Studio 2019\..\..\..\Common_3\Graphics\ThirdParty\OpenSource\DirectXShaderCompiler\bin\x64\dxcompiler.dll" "D:\HTC\avboit\The-Forge\Examples_3\Unit_Tests\PC Visual Studio 2019\x64\Release\14_WaveIntrinsics\dxcompiler.dll"* /S /Y /D
                 xcopy "D:\HTC\avboit\The-Forge\Examples_3\Unit_Tests\PC Visual Studio 2019\..\..\..\Common_3\Graphics\ThirdParty\OpenSource\Direct3d12Agility\bin\x64\*.dll" "D:\HTC\avboit\The-Forge\Examples_3\Unit_Tests\PC Visual Studio 2019\x64\Release\14_WaveIntrinsics\"* /S /Y /D
                 xcopy "D:\HTC\avboit\The-Forge\Examples_3\Unit_Tests\PC Visual Studio 2019\..\..\..\Common_3\OS\ThirdParty\OpenSource\winpixeventruntime\bin\WinPixEventRuntime.dll" "D:\HTC\avboit\The-Forge\Examples_3\Unit_Tests\PC Visual Studio 2019\x64\Release\14_WaveIntrinsics\WinPixEventRunTime.dll"* /S /Y /D
                 
                set ART=D:\HTC\avboit\The-Forge\Examples_3\Unit_Tests\PC Visual Studio 2019\..\..\..\Art\
         xcopy /Y /S /D "%ART%\UnitTestResources\Fonts\*.ttf" "D:\HTC\avboit\The-Forge\Examples_3\Unit_Tests\PC Visual Studio 2019\x64\Release\14_WaveIntrinsics\Fonts\"
         xcopy /Y /S /D "%ART%\UnitTestResources\Fonts\*.otf" "D:\HTC\avboit\The-Forge\Examples_3\Unit_Tests\PC Visual Studio 2019\x64\Release\14_WaveIntrinsics\Fonts\"
         
         xcopy /Y /S /D /E "D:\HTC\avboit\The-Forge\Examples_3\Unit_Tests\PC Visual Studio 2019\x64\Release\14_WaveIntrinsics\..\OS\Shaders" "D:\HTC\avboit\The-Forge\Examples_3\Unit_Tests\PC Visual Studio 2019\x64\Release\14_WaveIntrinsics\Shaders"
         xcopy /Y /S /D /E "D:\HTC\avboit\The-Forge\Examples_3\Unit_Tests\PC Visual Studio 2019\x64\Release\14_WaveIntrinsics\..\OS\CompiledShaders" "D:\HTC\avboit\The-Forge\Examples_3\Unit_Tests\PC Visual Studio 2019\x64\Release\14_WaveIntrinsics\CompiledShaders"
         
         xcopy /Y /S /D "D:\HTC\avboit\The-Forge\Examples_3\Unit_Tests\PC Visual Studio 2019\..\src\14_WaveIntrinsics\Scripts\*.lua" "D:\HTC\avboit\The-Forge\Examples_3\Unit_Tests\PC Visual Studio 2019\x64\Release\14_WaveIntrinsics\Scripts\"
         xcopy /Y /S /D "%ART%\UnitTestResources\Scripts\*.lua" "D:\HTC\avboit\The-Forge\Examples_3\Unit_Tests\PC Visual Studio 2019\x64\Release\14_WaveIntrinsics\Scripts\"
         
         xcopy "D:\HTC\avboit\The-Forge\Common_3\OS\Windows\pc_gpu.data" "D:\HTC\avboit\The-Forge\Examples_3\Unit_Tests\PC Visual Studio 2019\x64\Release\14_WaveIntrinsics\GPUCfg\gpu.data*" /Y /D
         xcopy "D:\HTC\avboit\The-Forge\Examples_3\Unit_Tests\src\14_WaveIntrinsics\GPUCfg\gpu.cfg" "D:\HTC\avboit\The-Forge\Examples_3\Unit_Tests\PC Visual Studio 2019\x64\Release\14_WaveIntrinsics\GPUCfg\gpu.cfg*" /Y /D
         
         :VCEnd
    44>PostBuildEvent:
         0 File(s) copied
    45>PostBuildEvent:
         0 File(s) copied
    41>PostBuildEvent:
         0 File(s) copied
    49>PostBuildEvent:
         0 File(s) copied
    52>Link:
         ?????????
    45>PostBuildEvent:
         0 File(s) copied
    44>FinalizeBuildStatus:
         ??????“D:\HTC\avboit\The-Forge\Examples_3\Unit_Tests\PC Visual Studio 2019\\x64\Release\Intermediate\34_Input\34_Input.tlog\unsuccessfulbuild”?
         ???“D:\HTC\avboit\The-Forge\Examples_3\Unit_Tests\PC Visual Studio 2019\\x64\Release\Intermediate\34_Input\34_Input.tlog\34_Input.lastbuildstate”?? Touch ???
    44>???????“D:\HTC\avboit\The-Forge\Examples_3\Unit_Tests\PC Visual Studio 2019\34_Input.vcxproj”(????)????
    49>PostBuildEvent:
         D:\HTC\avboit\The-Forge\Examples_3\Unit_Tests\PC Visual Studio 2019\..\..\..\Art\\UnitTestResources\Textures\dds\Skybox_back6.tex
         D:\HTC\avboit\The-Forge\Examples_3\Unit_Tests\PC Visual Studio 2019\..\..\..\Art\\UnitTestResources\Textures\dds\Skybox_bottom4.tex
         D:\HTC\avboit\The-Forge\Examples_3\Unit_Tests\PC Visual Studio 2019\..\..\..\Art\\UnitTestResources\Textures\dds\Skybox_front5.tex
     1>??“D:\HTC\avboit\The-Forge\Examples_3\Unit_Tests\PC Visual Studio 2019\Unit_Tests.sln”(1)???? 1 ???“D:\HTC\avboit\The-Forge\Examples_3\Unit_Tests\PC Visual Studio 2019\09_LightShadowPlayground.vcxproj.metaproj”(9) (????)?
     9>??“D:\HTC\avboit\The-Forge\Examples_3\Unit_Tests\PC Visual Studio 2019\09_LightShadowPlayground.vcxproj.metaproj”(9)???? 11 ???“D:\HTC\avboit\The-Forge\Examples_3\Unit_Tests\PC Visual Studio 2019\09_LightShadowPlayground.vcxproj”(50) (????)?
    50>PrepareForBuild:
         ???????????????????????????????????,??? https://aka.ms/cpp/structured-output?
    49>PostBuildEvent:
         D:\HTC\avboit\The-Forge\Examples_3\Unit_Tests\PC Visual Studio 2019\..\..\..\Art\\UnitTestResources\Textures\dds\Skybox_left2.tex
         D:\HTC\avboit\The-Forge\Examples_3\Unit_Tests\PC Visual Studio 2019\..\..\..\Art\\UnitTestResources\Textures\dds\Skybox_right1.tex
         D:\HTC\avboit\The-Forge\Examples_3\Unit_Tests\PC Visual Studio 2019\..\..\..\Art\\UnitTestResources\Textures\dds\Skybox_top3.tex
    50>InitializeBuildStatus:
         ????“D:\HTC\avboit\The-Forge\Examples_3\Unit_Tests\PC Visual Studio 2019\\x64\Release\Intermediate\09_LightShadowPlayground\09_Light.57CC1131.tlog\unsuccessfulbuild”,?????“AlwaysCreate”?
         ???“D:\HTC\avboit\The-Forge\Examples_3\Unit_Tests\PC Visual Studio 2019\\x64\Release\Intermediate\09_LightShadowPlayground\09_Light.57CC1131.tlog\unsuccessfulbuild”?? Touch ???
    45>PostBuildEvent:
         0 File(s) copied
    52>Link:
         03_MultiThread.vcxproj -> D:\HTC\avboit\The-Forge\Examples_3\Unit_Tests\PC Visual Studio 2019\x64\Release\03_MultiThread\03_MultiThread.exe
       CustomBuildStep:
       ??????“CustomBuildStep”,????????
       CustomBuildStep:
       ??????“CustomBuildStep”,????????
    51>PostBuildEvent:
         0 File(s) copied
    52>PostBuildEvent:
         
                 xcopy "D:\HTC\avboit\The-Forge\Examples_3\Unit_Tests\PC Visual Studio 2019\..\..\..\Common_3\Graphics\ThirdParty\OpenSource\VulkanSDK\bin\Win32\*.dll" "D:\HTC\avboit\The-Forge\Examples_3\Unit_Tests\PC Visual Studio 2019\x64\Release\03_MultiThread\" /S /Y /D
                 xcopy "D:\HTC\avboit\The-Forge\Examples_3\Unit_Tests\PC Visual Studio 2019\..\..\..\Common_3\Graphics\ThirdParty\OpenSource\VulkanSDK\bin\Win32\*.json" "D:\HTC\avboit\The-Forge\Examples_3\Unit_Tests\PC Visual Studio 2019\x64\Release\03_MultiThread\" /S /Y /D
                 xcopy "D:\HTC\avboit\The-Forge\Examples_3\Unit_Tests\PC Visual Studio 2019\..\..\..\Common_3\Graphics\ThirdParty\OpenSource\ags\ags_lib\lib\amd_ags_x64.dll" "D:\HTC\avboit\The-Forge\Examples_3\Unit_Tests\PC Visual Studio 2019\x64\Release\03_MultiThread\amd_ags_x64.dll"* /S /Y /D
                 xcopy "D:\HTC\avboit\The-Forge\Examples_3\Unit_Tests\PC Visual Studio 2019\..\..\..\Common_3\Graphics\ThirdParty\OpenSource\DirectXShaderCompiler\bin\x64\dxcompiler.dll" "D:\HTC\avboit\The-Forge\Examples_3\Unit_Tests\PC Visual Studio 2019\x64\Release\03_MultiThread\dxcompiler.dll"* /S /Y /D
                 xcopy "D:\HTC\avboit\The-Forge\Examples_3\Unit_Tests\PC Visual Studio 2019\..\..\..\Common_3\Graphics\ThirdParty\OpenSource\Direct3d12Agility\bin\x64\*.dll" "D:\HTC\avboit\The-Forge\Examples_3\Unit_Tests\PC Visual Studio 2019\x64\Release\03_MultiThread\"* /S /Y /D
                 xcopy "D:\HTC\avboit\The-Forge\Examples_3\Unit_Tests\PC Visual Studio 2019\..\..\..\Common_3\OS\ThirdParty\OpenSource\winpixeventruntime\bin\WinPixEventRuntime.dll" "D:\HTC\avboit\The-Forge\Examples_3\Unit_Tests\PC Visual Studio 2019\x64\Release\03_MultiThread\WinPixEventRunTime.dll"* /S /Y /D
                 
                set ART=D:\HTC\avboit\The-Forge\Examples_3\Unit_Tests\PC Visual Studio 2019\..\..\..\Art\
         xcopy /Y /S /D "%ART%\UnitTestResources\Textures\dds\Skybox_*.tex" "D:\HTC\avboit\The-Forge\Examples_3\Unit_Tests\PC Visual Studio 2019\x64\Release\03_MultiThread\Textures\"
         xcopy /Y /S /D "%ART%\UnitTestResources\Textures\dds\Palette_*.tex" "D:\HTC\avboit\The-Forge\Examples_3\Unit_Tests\PC Visual Studio 2019\x64\Release\03_MultiThread\Textures\"
         xcopy /Y /S /D "%ART%\UnitTestResources\Textures\dds\circlepad.tex" "D:\HTC\avboit\The-Forge\Examples_3\Unit_Tests\PC Visual Studio 2019\x64\Release\03_MultiThread\Textures\"
         xcopy /Y /S /D "%ART%\UnitTestResources\Fonts\*.ttf" "D:\HTC\avboit\The-Forge\Examples_3\Unit_Tests\PC Visual Studio 2019\x64\Release\03_MultiThread\Fonts\"
         xcopy /Y /S /D "%ART%\UnitTestResources\Fonts\*.otf" "D:\HTC\avboit\The-Forge\Examples_3\Unit_Tests\PC Visual Studio 2019\x64\Release\03_MultiThread\Fonts\"
         
         xcopy /Y /S /D /E "D:\HTC\avboit\The-Forge\Examples_3\Unit_Tests\PC Visual Studio 2019\x64\Release\03_MultiThread\..\OS\Shaders" "D:\HTC\avboit\The-Forge\Examples_3\Unit_Tests\PC Visual Studio 2019\x64\Release\03_MultiThread\Shaders"
         xcopy /Y /S /D /E "D:\HTC\avboit\The-Forge\Examples_3\Unit_Tests\PC Visual Studio 2019\x64\Release\03_MultiThread\..\OS\CompiledShaders" "D:\HTC\avboit\The-Forge\Examples_3\Unit_Tests\PC Visual Studio 2019\x64\Release\03_MultiThread\CompiledShaders"
         
         xcopy /Y /S /D "D:\HTC\avboit\The-Forge\Examples_3\Unit_Tests\PC Visual Studio 2019\..\src\03_MultiThread\Scripts\*.lua" "D:\HTC\avboit\The-Forge\Examples_3\Unit_Tests\PC Visual Studio 2019\x64\Release\03_MultiThread\Scripts\"
         xcopy /Y /S /D "%ART%\UnitTestResources\Scripts\*.lua" "D:\HTC\avboit\The-Forge\Examples_3\Unit_Tests\PC Visual Studio 2019\x64\Release\03_MultiThread\Scripts\"
         
         xcopy "D:\HTC\avboit\The-Forge\Common_3\OS\Windows\pc_gpu.data" "D:\HTC\avboit\The-Forge\Examples_3\Unit_Tests\PC Visual Studio 2019\x64\Release\03_MultiThread\GPUCfg\gpu.data*" /Y /D
         xcopy "D:\HTC\avboit\The-Forge\Examples_3\Unit_Tests\src\03_MultiThread\GPUCfg\gpu.cfg" "D:\HTC\avboit\The-Forge\Examples_3\Unit_Tests\PC Visual Studio 2019\x64\Release\03_MultiThread\GPUCfg\gpu.cfg*" /Y /D
         
         :VCEnd
    45>PostBuildEvent:
         0 File(s) copied
    51>PostBuildEvent:
         0 File(s) copied
    45>PostBuildEvent:
         0 File(s) copied
    51>PostBuildEvent:
         0 File(s) copied
    45>PostBuildEvent:
         File not found - *.tex
         0 File(s) copied
    41>PostBuildEvent:
         0 File(s) copied
    51>PostBuildEvent:
         0 File(s) copied
    45>PostBuildEvent:
         File not found - *
         0 File(s) copied
    52>PostBuildEvent:
         0 File(s) copied
    49>PostBuildEvent:
         6 File(s) copied
    51>PostBuildEvent:
         0 File(s) copied
    45>PostBuildEvent:
         D:\HTC\avboit\The-Forge\Examples_3\Unit_Tests\PC Visual Studio 2019\..\..\..\Art\\UnitTestResources\Fonts\ComicRelief\ComicRelief-Bold.ttf
         D:\HTC\avboit\The-Forge\Examples_3\Unit_Tests\PC Visual Studio 2019\..\..\..\Art\\UnitTestResources\Fonts\ComicRelief\ComicRelief.ttf
         D:\HTC\avboit\The-Forge\Examples_3\Unit_Tests\PC Visual Studio 2019\..\..\..\Art\\UnitTestResources\Fonts\Crimson\Crimson-Bold.ttf
    52>PostBuildEvent:
         0 File(s) copied
    45>PostBuildEvent:
         D:\HTC\avboit\The-Forge\Examples_3\Unit_Tests\PC Visual Studio 2019\..\..\..\Art\\UnitTestResources\Fonts\Crimson\Crimson-BoldItalic.ttf
         D:\HTC\avboit\The-Forge\Examples_3\Unit_Tests\PC Visual Studio 2019\..\..\..\Art\\UnitTestResources\Fonts\Crimson\Crimson-Italic.ttf
         D:\HTC\avboit\The-Forge\Examples_3\Unit_Tests\PC Visual Studio 2019\..\..\..\Art\\UnitTestResources\Fonts\Crimson\Crimson-Roman.ttf
         D:\HTC\avboit\The-Forge\Examples_3\Unit_Tests\PC Visual Studio 2019\..\..\..\Art\\UnitTestResources\Fonts\Crimson\Crimson-Semibold.ttf
         D:\HTC\avboit\The-Forge\Examples_3\Unit_Tests\PC Visual Studio 2019\..\..\..\Art\\UnitTestResources\Fonts\Crimson\Crimson-SemiboldItalic.ttf
         D:\HTC\avboit\The-Forge\Examples_3\Unit_Tests\PC Visual Studio 2019\..\..\..\Art\\UnitTestResources\Fonts\HermeneusOne\HermeneusOne.ttf
    49>PostBuildEvent:
         D:\HTC\avboit\The-Forge\Examples_3\Unit_Tests\PC Visual Studio 2019\..\..\..\Art\\UnitTestResources\Textures\dds\circlepad.tex
    45>PostBuildEvent:
         9 File(s) copied
    51>PostBuildEvent:
         0 File(s) copied
    52>PostBuildEvent:
         0 File(s) copied
         0 File(s) copied
    45>PostBuildEvent:
         D:\HTC\avboit\The-Forge\Examples_3\Unit_Tests\PC Visual Studio 2019\..\..\..\Art\\UnitTestResources\Fonts\InconsolataLGC\Inconsolata-LGC-Bold.otf
    51>PostBuildEvent:
         D:\HTC\avboit\The-Forge\Examples_3\Unit_Tests\PC Visual Studio 2019\..\..\..\Art\\UnitTestResources\Fonts\ComicRelief\ComicRelief-Bold.ttf
    45>PostBuildEvent:
         D:\HTC\avboit\The-Forge\Examples_3\Unit_Tests\PC Visual Studio 2019\..\..\..\Art\\UnitTestResources\Fonts\InconsolataLGC\Inconsolata-LGC-BoldItalic.otf
    51>PostBuildEvent:
         D:\HTC\avboit\The-Forge\Examples_3\Unit_Tests\PC Visual Studio 2019\..\..\..\Art\\UnitTestResources\Fonts\ComicRelief\ComicRelief.ttf
    45>PostBuildEvent:
         D:\HTC\avboit\The-Forge\Examples_3\Unit_Tests\PC Visual Studio 2019\..\..\..\Art\\UnitTestResources\Fonts\InconsolataLGC\Inconsolata-LGC-Italic.otf
         D:\HTC\avboit\The-Forge\Examples_3\Unit_Tests\PC Visual Studio 2019\..\..\..\Art\\UnitTestResources\Fonts\InconsolataLGC\Inconsolata-LGC.otf
    51>PostBuildEvent:
         D:\HTC\avboit\The-Forge\Examples_3\Unit_Tests\PC Visual Studio 2019\..\..\..\Art\\UnitTestResources\Fonts\Crimson\Crimson-Bold.ttf
         D:\HTC\avboit\The-Forge\Examples_3\Unit_Tests\PC Visual Studio 2019\..\..\..\Art\\UnitTestResources\Fonts\Crimson\Crimson-BoldItalic.ttf
    45>PostBuildEvent:
         D:\HTC\avboit\The-Forge\Examples_3\Unit_Tests\PC Visual Studio 2019\..\..\..\Art\\UnitTestResources\Fonts\TitilliumText\TitilliumText-Bold.otf
    51>PostBuildEvent:
         D:\HTC\avboit\The-Forge\Examples_3\Unit_Tests\PC Visual Studio 2019\..\..\..\Art\\UnitTestResources\Fonts\Crimson\Crimson-Italic.ttf
    45>PostBuildEvent:
         5 File(s) copied
    51>PostBuildEvent:
         D:\HTC\avboit\The-Forge\Examples_3\Unit_Tests\PC Visual Studio 2019\..\..\..\Art\\UnitTestResources\Fonts\Crimson\Crimson-Roman.ttf
         D:\HTC\avboit\The-Forge\Examples_3\Unit_Tests\PC Visual Studio 2019\..\..\..\Art\\UnitTestResources\Fonts\Crimson\Crimson-Semibold.ttf
         D:\HTC\avboit\The-Forge\Examples_3\Unit_Tests\PC Visual Studio 2019\..\..\..\Art\\UnitTestResources\Fonts\Crimson\Crimson-SemiboldItalic.ttf
         D:\HTC\avboit\The-Forge\Examples_3\Unit_Tests\PC Visual Studio 2019\..\..\..\Art\\UnitTestResources\Fonts\HermeneusOne\HermeneusOne.ttf
    52>PostBuildEvent:
         0 File(s) copied
    51>PostBuildEvent:
         9 File(s) copied
    52>PostBuildEvent:
         0 File(s) copied
    45>PostBuildEvent:
         0 File(s) copied
    51>PostBuildEvent:
         D:\HTC\avboit\The-Forge\Examples_3\Unit_Tests\PC Visual Studio 2019\..\..\..\Art\\UnitTestResources\Fonts\InconsolataLGC\Inconsolata-LGC-Bold.otf
         D:\HTC\avboit\The-Forge\Examples_3\Unit_Tests\PC Visual Studio 2019\..\..\..\Art\\UnitTestResources\Fonts\InconsolataLGC\Inconsolata-LGC-BoldItalic.otf
         D:\HTC\avboit\The-Forge\Examples_3\Unit_Tests\PC Visual Studio 2019\..\..\..\Art\\UnitTestResources\Fonts\InconsolataLGC\Inconsolata-LGC-Italic.otf
         D:\HTC\avboit\The-Forge\Examples_3\Unit_Tests\PC Visual Studio 2019\..\..\..\Art\\UnitTestResources\Fonts\InconsolataLGC\Inconsolata-LGC.otf
         D:\HTC\avboit\The-Forge\Examples_3\Unit_Tests\PC Visual Studio 2019\..\..\..\Art\\UnitTestResources\Fonts\TitilliumText\TitilliumText-Bold.otf
         5 File(s) copied
    41>PostBuildEvent:
         0 File(s) copied
    52>PostBuildEvent:
         D:\HTC\avboit\The-Forge\Examples_3\Unit_Tests\PC Visual Studio 2019\..\..\..\Art\\UnitTestResources\Textures\dds\Skybox_back6.tex
         D:\HTC\avboit\The-Forge\Examples_3\Unit_Tests\PC Visual Studio 2019\..\..\..\Art\\UnitTestResources\Textures\dds\Skybox_bottom4.tex
         D:\HTC\avboit\The-Forge\Examples_3\Unit_Tests\PC Visual Studio 2019\..\..\..\Art\\UnitTestResources\Textures\dds\Skybox_front5.tex
         D:\HTC\avboit\The-Forge\Examples_3\Unit_Tests\PC Visual Studio 2019\..\..\..\Art\\UnitTestResources\Textures\dds\Skybox_left2.tex
         D:\HTC\avboit\The-Forge\Examples_3\Unit_Tests\PC Visual Studio 2019\..\..\..\Art\\UnitTestResources\Textures\dds\Skybox_right1.tex
    45>PostBuildEvent:
         0 File(s) copied
    52>PostBuildEvent:
         D:\HTC\avboit\The-Forge\Examples_3\Unit_Tests\PC Visual Studio 2019\..\..\..\Art\\UnitTestResources\Textures\dds\Skybox_top3.tex
    51>PostBuildEvent:
         0 File(s) copied
    41>PostBuildEvent:
         File not found - *.ttf
         0 File(s) copied
    49>PostBuildEvent:
         1 File(s) copied
    45>PostBuildEvent:
         File not found - *
         0 File(s) copied
    49>PostBuildEvent:
         D:\HTC\avboit\The-Forge\Examples_3\Unit_Tests\PC Visual Studio 2019\..\..\..\Art\\UnitTestResources\Fonts\ComicRelief\ComicRelief-Bold.ttf
         D:\HTC\avboit\The-Forge\Examples_3\Unit_Tests\PC Visual Studio 2019\..\..\..\Art\\UnitTestResources\Fonts\ComicRelief\ComicRelief.ttf
    45>PostBuildEvent:
         File not found - *
         0 File(s) copied
    49>PostBuildEvent:
         D:\HTC\avboit\The-Forge\Examples_3\Unit_Tests\PC Visual Studio 2019\..\..\..\Art\\UnitTestResources\Fonts\Crimson\Crimson-Bold.ttf
         D:\HTC\avboit\The-Forge\Examples_3\Unit_Tests\PC Visual Studio 2019\..\..\..\Art\\UnitTestResources\Fonts\Crimson\Crimson-BoldItalic.ttf
         D:\HTC\avboit\The-Forge\Examples_3\Unit_Tests\PC Visual Studio 2019\..\..\..\Art\\UnitTestResources\Fonts\Crimson\Crimson-Italic.ttf
    41>PostBuildEvent:
         0 File(s) copied
    49>PostBuildEvent:
         D:\HTC\avboit\The-Forge\Examples_3\Unit_Tests\PC Visual Studio 2019\..\..\..\Art\\UnitTestResources\Fonts\Crimson\Crimson-Roman.ttf
    51>PostBuildEvent:
         0 File(s) copied
    49>PostBuildEvent:
         D:\HTC\avboit\The-Forge\Examples_3\Unit_Tests\PC Visual Studio 2019\..\..\..\Art\\UnitTestResources\Fonts\Crimson\Crimson-Semibold.ttf
         D:\HTC\avboit\The-Forge\Examples_3\Unit_Tests\PC Visual Studio 2019\..\..\..\Art\\UnitTestResources\Fonts\Crimson\Crimson-SemiboldItalic.ttf
         D:\HTC\avboit\The-Forge\Examples_3\Unit_Tests\PC Visual Studio 2019\..\..\..\Art\\UnitTestResources\Fonts\HermeneusOne\HermeneusOne.ttf
         9 File(s) copied
    45>PostBuildEvent:
         0 File(s) copied
    51>PostBuildEvent:
         0 File(s) copied
    46>ClCompile:
         ?????????
    41>PostBuildEvent:
         0 File(s) copied
    49>PostBuildEvent:
         D:\HTC\avboit\The-Forge\Examples_3\Unit_Tests\PC Visual Studio 2019\..\..\..\Art\\UnitTestResources\Fonts\InconsolataLGC\Inconsolata-LGC-Bold.otf
         D:\HTC\avboit\The-Forge\Examples_3\Unit_Tests\PC Visual Studio 2019\..\..\..\Art\\UnitTestResources\Fonts\InconsolataLGC\Inconsolata-LGC-BoldItalic.otf
         D:\HTC\avboit\The-Forge\Examples_3\Unit_Tests\PC Visual Studio 2019\..\..\..\Art\\UnitTestResources\Fonts\InconsolataLGC\Inconsolata-LGC-Italic.otf
         D:\HTC\avboit\The-Forge\Examples_3\Unit_Tests\PC Visual Studio 2019\..\..\..\Art\\UnitTestResources\Fonts\InconsolataLGC\Inconsolata-LGC.otf
    45>PostBuildEvent:
         File not found - *.lua
         0 File(s) copied
    49>PostBuildEvent:
         D:\HTC\avboit\The-Forge\Examples_3\Unit_Tests\PC Visual Studio 2019\..\..\..\Art\\UnitTestResources\Fonts\TitilliumText\TitilliumText-Bold.otf
         5 File(s) copied
    51>PostBuildEvent:
         File not found - *.lua
         0 File(s) copied
    52>PostBuildEvent:
         6 File(s) copied
    45>PostBuildEvent:
         0 File(s) copied
    41>PostBuildEvent:
         0 File(s) copied
    55>ClCompile:
         ?????????
    51>PostBuildEvent:
         0 File(s) copied
    49>PostBuildEvent:
         0 File(s) copied
    52>PostBuildEvent:
         D:\HTC\avboit\The-Forge\Examples_3\Unit_Tests\PC Visual Studio 2019\..\..\..\Art\\UnitTestResources\Textures\dds\Palette_Fire.tex
         D:\HTC\avboit\The-Forge\Examples_3\Unit_Tests\PC Visual Studio 2019\..\..\..\Art\\UnitTestResources\Textures\dds\Palette_Muted.tex
         D:\HTC\avboit\The-Forge\Examples_3\Unit_Tests\PC Visual Studio 2019\..\..\..\Art\\UnitTestResources\Textures\dds\Palette_Purple.tex
         D:\HTC\avboit\The-Forge\Examples_3\Unit_Tests\PC Visual Studio 2019\..\..\..\Art\\UnitTestResources\Textures\dds\Palette_Rainbow.tex
         D:\HTC\avboit\The-Forge\Examples_3\Unit_Tests\PC Visual Studio 2019\..\..\..\Art\\UnitTestResources\Textures\dds\Palette_Sky.tex
    41>PostBuildEvent:
         File not found - *.lua
         0 File(s) copied
    45>PostBuildEvent:
         0 File(s) copied
    51>PostBuildEvent:
         0 File(s) copied
    49>PostBuildEvent:
         0 File(s) copied
    46>Link:
         ?????????
    41>PostBuildEvent:
         0 File(s) copied
    45>FinalizeBuildStatus:
         ??????“D:\HTC\avboit\The-Forge\Examples_3\Unit_Tests\PC Visual Studio 2019\\x64\Release\Intermediate\16_Raytracing\16_Raytracing.tlog\unsuccessfulbuild”?
         ???“D:\HTC\avboit\The-Forge\Examples_3\Unit_Tests\PC Visual Studio 2019\\x64\Release\Intermediate\16_Raytracing\16_Raytracing.tlog\16_Raytracing.lastbuildstate”?? Touch ???
    45>???????“D:\HTC\avboit\The-Forge\Examples_3\Unit_Tests\PC Visual Studio 2019\16_Raytracing.vcxproj”(????)????
    51>FinalizeBuildStatus:
         ??????“D:\HTC\avboit\The-Forge\Examples_3\Unit_Tests\PC Visual Studio 2019\\x64\Release\Intermediate\14_WaveIntrinsics\14_WaveI.A0DFEBA1.tlog\unsuccessfulbuild”?
         ???“D:\HTC\avboit\The-Forge\Examples_3\Unit_Tests\PC Visual Studio 2019\\x64\Release\Intermediate\14_WaveIntrinsics\14_WaveI.A0DFEBA1.tlog\14_WaveIntrinsics.lastbuildstate”?? Touch ???
    51>???????“D:\HTC\avboit\The-Forge\Examples_3\Unit_Tests\PC Visual Studio 2019\14_WaveIntrinsics.vcxproj”(????)????
    49>PostBuildEvent:
         0 File(s) copied
     1>??“D:\HTC\avboit\The-Forge\Examples_3\Unit_Tests\PC Visual Studio 2019\Unit_Tests.sln”(1)???? 1 ???“D:\HTC\avboit\The-Forge\Examples_3\Unit_Tests\PC Visual Studio 2019\11a_UnlinkedMultiGPU.vcxproj.metaproj”(17) (????)?
    17>??“D:\HTC\avboit\The-Forge\Examples_3\Unit_Tests\PC Visual Studio 2019\11a_UnlinkedMultiGPU.vcxproj.metaproj”(17)???? 10 ???“D:\HTC\avboit\The-Forge\Examples_3\Unit_Tests\PC Visual Studio 2019\11a_UnlinkedMultiGPU.vcxproj”(43) (????)?
    43>PrepareForBuild:
         ???????????????????????????????????,??? https://aka.ms/cpp/structured-output?
    41>PostBuildEvent:
         0 File(s) copied
    43>InitializeBuildStatus:
         ????“D:\HTC\avboit\The-Forge\Examples_3\Unit_Tests\PC Visual Studio 2019\\x64\Release\Intermediate\11a_UnlinkedMultiGPU\11a_Unli.765fe836.tlog\unsuccessfulbuild”,?????“AlwaysCreate”?
         ???“D:\HTC\avboit\The-Forge\Examples_3\Unit_Tests\PC Visual Studio 2019\\x64\Release\Intermediate\11a_UnlinkedMultiGPU\11a_Unli.765fe836.tlog\unsuccessfulbuild”?? Touch ???
    46>Link:
         28_Skinning.vcxproj -> D:\HTC\avboit\The-Forge\Examples_3\Unit_Tests\PC Visual Studio 2019\x64\Release\28_Skinning\28_Skinning.exe
    41>FinalizeBuildStatus:
         ??????“D:\HTC\avboit\The-Forge\Examples_3\Unit_Tests\PC Visual Studio 2019\\x64\Release\Intermediate\01_Transformations\01_Trans.5938554B.tlog\unsuccessfulbuild”?
         ???“D:\HTC\avboit\The-Forge\Examples_3\Unit_Tests\PC Visual Studio 2019\\x64\Release\Intermediate\01_Transformations\01_Trans.5938554B.tlog\01_Transformations.lastbuildstate”?? Touch ???
    41>???????“D:\HTC\avboit\The-Forge\Examples_3\Unit_Tests\PC Visual Studio 2019\01_Transformations.vcxproj”(????)????
    49>PostBuildEvent:
         File not found - *.lua
         0 File(s) copied
    55>Link:
         ?????????
    49>PostBuildEvent:
         0 File(s) copied
    52>PostBuildEvent:
         5 File(s) copied
    49>PostBuildEvent:
         0 File(s) copied
    55>Link:
         12_ZipFileSystem.vcxproj -> D:\HTC\avboit\The-Forge\Examples_3\Unit_Tests\PC Visual Studio 2019\x64\Release\12_ZipFileSystem\12_ZipFileSystem.exe
       CustomBuildStep:
       ??????“CustomBuildStep”,????????
    52>PostBuildEvent:
         D:\HTC\avboit\The-Forge\Examples_3\Unit_Tests\PC Visual Studio 2019\..\..\..\Art\\UnitTestResources\Textures\dds\circlepad.tex
    49>FinalizeBuildStatus:
         ??????“D:\HTC\avboit\The-Forge\Examples_3\Unit_Tests\PC Visual Studio 2019\\x64\Release\Intermediate\11_LinkedMultiGPU\11_Linke.3C4D4A39.tlog\unsuccessfulbuild”?
         ???“D:\HTC\avboit\The-Forge\Examples_3\Unit_Tests\PC Visual Studio 2019\\x64\Release\Intermediate\11_LinkedMultiGPU\11_Linke.3C4D4A39.tlog\11_LinkedMultiGPU.lastbuildstate”?? Touch ???
    49>???????“D:\HTC\avboit\The-Forge\Examples_3\Unit_Tests\PC Visual Studio 2019\11_LinkedMultiGPU.vcxproj”(????)????
    55>CustomBuildStep:
       ??????“CustomBuildStep”,????????
       PostBuildEvent:
         
                 xcopy "D:\HTC\avboit\The-Forge\Examples_3\Unit_Tests\PC Visual Studio 2019\..\..\..\Common_3\Graphics\ThirdParty\OpenSource\VulkanSDK\bin\Win32\*.dll" "D:\HTC\avboit\The-Forge\Examples_3\Unit_Tests\PC Visual Studio 2019\x64\Release\12_ZipFileSystem\" /S /Y /D
                 xcopy "D:\HTC\avboit\The-Forge\Examples_3\Unit_Tests\PC Visual Studio 2019\..\..\..\Common_3\Graphics\ThirdParty\OpenSource\VulkanSDK\bin\Win32\*.json" "D:\HTC\avboit\The-Forge\Examples_3\Unit_Tests\PC Visual Studio 2019\x64\Release\12_ZipFileSystem\" /S /Y /D
                 xcopy "D:\HTC\avboit\The-Forge\Examples_3\Unit_Tests\PC Visual Studio 2019\..\..\..\Common_3\Graphics\ThirdParty\OpenSource\ags\ags_lib\lib\amd_ags_x64.dll" "D:\HTC\avboit\The-Forge\Examples_3\Unit_Tests\PC Visual Studio 2019\x64\Release\12_ZipFileSystem\amd_ags_x64.dll"* /S /Y /D
                 xcopy "D:\HTC\avboit\The-Forge\Examples_3\Unit_Tests\PC Visual Studio 2019\..\..\..\Common_3\Graphics\ThirdParty\OpenSource\DirectXShaderCompiler\bin\x64\dxcompiler.dll" "D:\HTC\avboit\The-Forge\Examples_3\Unit_Tests\PC Visual Studio 2019\x64\Release\12_ZipFileSystem\dxcompiler.dll"* /S /Y /D
                 xcopy "D:\HTC\avboit\The-Forge\Examples_3\Unit_Tests\PC Visual Studio 2019\..\..\..\Common_3\Graphics\ThirdParty\OpenSource\Direct3d12Agility\bin\x64\*.dll" "D:\HTC\avboit\The-Forge\Examples_3\Unit_Tests\PC Visual Studio 2019\x64\Release\12_ZipFileSystem\"* /S /Y /D
                 xcopy "D:\HTC\avboit\The-Forge\Examples_3\Unit_Tests\PC Visual Studio 2019\..\..\..\Common_3\OS\ThirdParty\OpenSource\winpixeventruntime\bin\WinPixEventRuntime.dll" "D:\HTC\avboit\The-Forge\Examples_3\Unit_Tests\PC Visual Studio 2019\x64\Release\12_ZipFileSystem\WinPixEventRunTime.dll"* /S /Y /D
                 
                set ART=D:\HTC\avboit\The-Forge\Examples_3\Unit_Tests\PC Visual Studio 2019\..\..\..\Art\
         xcopy /Y /S /D "%ART%\UnitTestResources\ZipFilesDds\*.buny" "D:\HTC\avboit\The-Forge\Examples_3\Unit_Tests\PC Visual Studio 2019\x64\Release\12_ZipFileSystem\ZipFiles\"
         
         xcopy /Y /S /D /E "D:\HTC\avboit\The-Forge\Examples_3\Unit_Tests\PC Visual Studio 2019\x64\Release\12_ZipFileSystem\..\OS\Shaders" "D:\HTC\avboit\The-Forge\Examples_3\Unit_Tests\PC Visual Studio 2019\x64\Release\12_ZipFileSystem\Shaders"
         xcopy /Y /S /D /E "D:\HTC\avboit\The-Forge\Examples_3\Unit_Tests\PC Visual Studio 2019\x64\Release\12_ZipFileSystem\..\OS\CompiledShaders" "D:\HTC\avboit\The-Forge\Examples_3\Unit_Tests\PC Visual Studio 2019\x64\Release\12_ZipFileSystem\CompiledShaders"
         
         xcopy /Y /S /D "%ART%\UnitTestResources\Scripts\*.lua" "D:\HTC\avboit\The-Forge\Examples_3\Unit_Tests\PC Visual Studio 2019\x64\Release\12_ZipFileSystem\Scripts\"
         
         xcopy "D:\HTC\avboit\The-Forge\Common_3\OS\Windows\pc_gpu.data" "D:\HTC\avboit\The-Forge\Examples_3\Unit_Tests\PC Visual Studio 2019\x64\Release\12_ZipFileSystem\GPUCfg\gpu.data*" /Y /D
         xcopy "D:\HTC\avboit\The-Forge\Examples_3\Unit_Tests\src\12_ZipFileSystem\GPUCfg\gpu.cfg" "D:\HTC\avboit\The-Forge\Examples_3\Unit_Tests\PC Visual Studio 2019\x64\Release\12_ZipFileSystem\GPUCfg\gpu.cfg*" /Y /D
         
         :VCEnd
    52>PostBuildEvent:
         1 File(s) copied
    55>PostBuildEvent:
         0 File(s) copied
    52>PostBuildEvent:
         D:\HTC\avboit\The-Forge\Examples_3\Unit_Tests\PC Visual Studio 2019\..\..\..\Art\\UnitTestResources\Fonts\ComicRelief\ComicRelief-Bold.ttf
         D:\HTC\avboit\The-Forge\Examples_3\Unit_Tests\PC Visual Studio 2019\..\..\..\Art\\UnitTestResources\Fonts\ComicRelief\ComicRelief.ttf
         D:\HTC\avboit\The-Forge\Examples_3\Unit_Tests\PC Visual Studio 2019\..\..\..\Art\\UnitTestResources\Fonts\Crimson\Crimson-Bold.ttf
         D:\HTC\avboit\The-Forge\Examples_3\Unit_Tests\PC Visual Studio 2019\..\..\..\Art\\UnitTestResources\Fonts\Crimson\Crimson-BoldItalic.ttf
         D:\HTC\avboit\The-Forge\Examples_3\Unit_Tests\PC Visual Studio 2019\..\..\..\Art\\UnitTestResources\Fonts\Crimson\Crimson-Italic.ttf
         D:\HTC\avboit\The-Forge\Examples_3\Unit_Tests\PC Visual Studio 2019\..\..\..\Art\\UnitTestResources\Fonts\Crimson\Crimson-Roman.ttf
         D:\HTC\avboit\The-Forge\Examples_3\Unit_Tests\PC Visual Studio 2019\..\..\..\Art\\UnitTestResources\Fonts\Crimson\Crimson-Semibold.ttf
         D:\HTC\avboit\The-Forge\Examples_3\Unit_Tests\PC Visual Studio 2019\..\..\..\Art\\UnitTestResources\Fonts\Crimson\Crimson-SemiboldItalic.ttf
    55>PostBuildEvent:
         0 File(s) copied
    52>PostBuildEvent:
         D:\HTC\avboit\The-Forge\Examples_3\Unit_Tests\PC Visual Studio 2019\..\..\..\Art\\UnitTestResources\Fonts\HermeneusOne\HermeneusOne.ttf
         9 File(s) copied
    55>PostBuildEvent:
         0 File(s) copied
    52>PostBuildEvent:
         D:\HTC\avboit\The-Forge\Examples_3\Unit_Tests\PC Visual Studio 2019\..\..\..\Art\\UnitTestResources\Fonts\InconsolataLGC\Inconsolata-LGC-Bold.otf
         D:\HTC\avboit\The-Forge\Examples_3\Unit_Tests\PC Visual Studio 2019\..\..\..\Art\\UnitTestResources\Fonts\InconsolataLGC\Inconsolata-LGC-BoldItalic.otf
         D:\HTC\avboit\The-Forge\Examples_3\Unit_Tests\PC Visual Studio 2019\..\..\..\Art\\UnitTestResources\Fonts\InconsolataLGC\Inconsolata-LGC-Italic.otf
         D:\HTC\avboit\The-Forge\Examples_3\Unit_Tests\PC Visual Studio 2019\..\..\..\Art\\UnitTestResources\Fonts\InconsolataLGC\Inconsolata-LGC.otf
         D:\HTC\avboit\The-Forge\Examples_3\Unit_Tests\PC Visual Studio 2019\..\..\..\Art\\UnitTestResources\Fonts\TitilliumText\TitilliumText-Bold.otf
         5 File(s) copied
    55>PostBuildEvent:
         0 File(s) copied
         0 File(s) copied
    52>PostBuildEvent:
         0 File(s) copied
    55>PostBuildEvent:
         0 File(s) copied
    52>PostBuildEvent:
         0 File(s) copied
    55>PostBuildEvent:
         D:\HTC\avboit\The-Forge\Examples_3\Unit_Tests\PC Visual Studio 2019\..\..\..\Art\\UnitTestResources\ZipFilesDds\28-ArchiveFileSystem.buny
    52>PostBuildEvent:
         0 File(s) copied
         File not found - *.lua
         0 File(s) copied
    55>PostBuildEvent:
         1 File(s) copied
    52>PostBuildEvent:
         0 File(s) copied
         0 File(s) copied
    55>PostBuildEvent:
         0 File(s) copied
    52>FinalizeBuildStatus:
         ??????“D:\HTC\avboit\The-Forge\Examples_3\Unit_Tests\PC Visual Studio 2019\\x64\Release\Intermediate\03_MultiThread\03_MultiThread.tlog\unsuccessfulbuild”?
         ???“D:\HTC\avboit\The-Forge\Examples_3\Unit_Tests\PC Visual Studio 2019\\x64\Release\Intermediate\03_MultiThread\03_MultiThread.tlog\03_MultiThread.lastbuildstate”?? Touch ???
    52>???????“D:\HTC\avboit\The-Forge\Examples_3\Unit_Tests\PC Visual Studio 2019\03_MultiThread.vcxproj”(????)????
    23>???????“D:\HTC\avboit\The-Forge\Common_3\Tools\BunyArchive\VisualStudio\BunyTool.vcxproj.metaproj”(????)????
    21>???????“D:\HTC\avboit\The-Forge\Examples_3\Unit_Tests\PC Visual Studio 2019\36_AlgorithmsAndContainers.vcxproj.metaproj”(????)??? - ???
    16>???????“D:\HTC\avboit\The-Forge\Examples_3\Unit_Tests\PC Visual Studio 2019\34_Input.vcxproj.metaproj”(????)????
    12>???????“D:\HTC\avboit\The-Forge\Examples_3\Unit_Tests\PC Visual Studio 2019\16_Raytracing.vcxproj.metaproj”(????)????
    11>???????“D:\HTC\avboit\The-Forge\Examples_3\Unit_Tests\PC Visual Studio 2019\14_WaveIntrinsics.vcxproj.metaproj”(????)????
     2>???????“D:\HTC\avboit\The-Forge\Examples_3\Unit_Tests\PC Visual Studio 2019\01_Transformations.vcxproj.metaproj”(????)????
     6>???????“D:\HTC\avboit\The-Forge\Examples_3\Unit_Tests\PC Visual Studio 2019\11_LinkedMultiGPU.vcxproj.metaproj”(????)????
     5>???????“D:\HTC\avboit\The-Forge\Examples_3\Unit_Tests\PC Visual Studio 2019\03_MultiThread.vcxproj.metaproj”(????)????
    55>PostBuildEvent:
         0 File(s) copied
         File not found - *.lua
         0 File(s) copied
         0 File(s) copied
         0 File(s) copied
    48>ClCompile:
         ?????????
    55>FinalizeBuildStatus:
         ??????“D:\HTC\avboit\The-Forge\Examples_3\Unit_Tests\PC Visual Studio 2019\\x64\Release\Intermediate\12_ZipFileSystem\12_ZipFileSystem.tlog\unsuccessfulbuild”?
         ???“D:\HTC\avboit\The-Forge\Examples_3\Unit_Tests\PC Visual Studio 2019\\x64\Release\Intermediate\12_ZipFileSystem\12_ZipFileSystem.tlog\12_ZipFileSystem.lastbuildstate”?? Touch ???
    55>???????“D:\HTC\avboit\The-Forge\Examples_3\Unit_Tests\PC Visual Studio 2019\12_ZipFileSystem.vcxproj”(????)????
    15>???????“D:\HTC\avboit\The-Forge\Examples_3\Unit_Tests\PC Visual Studio 2019\12_ZipFileSystem.vcxproj.metaproj”(????)????
    48>ClCompile:
         ?????????
       Link:
         ?????????
         17_EntityComponentSystem.vcxproj -> D:\HTC\avboit\The-Forge\Examples_3\Unit_Tests\PC Visual Studio 2019\x64\Release\17_EntityComponentSystem\17_EntityComponentSystem.exe
       CustomBuildStep:
       ??????“CustomBuildStep”,????????
       CustomBuildStep:
       ??????“CustomBuildStep”,????????
       PostBuildEvent:
         
                 xcopy "D:\HTC\avboit\The-Forge\Examples_3\Unit_Tests\PC Visual Studio 2019\..\..\..\Common_3\Graphics\ThirdParty\OpenSource\VulkanSDK\bin\Win32\*.dll" "D:\HTC\avboit\The-Forge\Examples_3\Unit_Tests\PC Visual Studio 2019\x64\Release\17_EntityComponentSystem\" /S /Y /D
                 xcopy "D:\HTC\avboit\The-Forge\Examples_3\Unit_Tests\PC Visual Studio 2019\..\..\..\Common_3\Graphics\ThirdParty\OpenSource\VulkanSDK\bin\Win32\*.json" "D:\HTC\avboit\The-Forge\Examples_3\Unit_Tests\PC Visual Studio 2019\x64\Release\17_EntityComponentSystem\" /S /Y /D
                 xcopy "D:\HTC\avboit\The-Forge\Examples_3\Unit_Tests\PC Visual Studio 2019\..\..\..\Common_3\Graphics\ThirdParty\OpenSource\ags\ags_lib\lib\amd_ags_x64.dll" "D:\HTC\avboit\The-Forge\Examples_3\Unit_Tests\PC Visual Studio 2019\x64\Release\17_EntityComponentSystem\amd_ags_x64.dll"* /S /Y /D
                 xcopy "D:\HTC\avboit\The-Forge\Examples_3\Unit_Tests\PC Visual Studio 2019\..\..\..\Common_3\Graphics\ThirdParty\OpenSource\DirectXShaderCompiler\bin\x64\dxcompiler.dll" "D:\HTC\avboit\The-Forge\Examples_3\Unit_Tests\PC Visual Studio 2019\x64\Release\17_EntityComponentSystem\dxcompiler.dll"* /S /Y /D
                 xcopy "D:\HTC\avboit\The-Forge\Examples_3\Unit_Tests\PC Visual Studio 2019\..\..\..\Common_3\Graphics\ThirdParty\OpenSource\Direct3d12Agility\bin\x64\*.dll" "D:\HTC\avboit\The-Forge\Examples_3\Unit_Tests\PC Visual Studio 2019\x64\Release\17_EntityComponentSystem\"* /S /Y /D
                 xcopy "D:\HTC\avboit\The-Forge\Examples_3\Unit_Tests\PC Visual Studio 2019\..\..\..\Common_3\OS\ThirdParty\OpenSource\winpixeventruntime\bin\WinPixEventRuntime.dll" "D:\HTC\avboit\The-Forge\Examples_3\Unit_Tests\PC Visual Studio 2019\x64\Release\17_EntityComponentSystem\WinPixEventRunTime.dll"* /S /Y /D
                 
                set ART=D:\HTC\avboit\The-Forge\Examples_3\Unit_Tests\PC Visual Studio 2019\..\..\..\Art\
         xcopy /Y /S /D "%ART%\UnitTestResources\Textures\dds\sprites.tex" "D:\HTC\avboit\The-Forge\Examples_3\Unit_Tests\PC Visual Studio 2019\x64\Release\17_EntityComponentSystem\Textures\"
         xcopy /Y /S /D "%ART%\UnitTestResources\Fonts\*.ttf" "D:\HTC\avboit\The-Forge\Examples_3\Unit_Tests\PC Visual Studio 2019\x64\Release\17_EntityComponentSystem\Fonts\"
         xcopy /Y /S /D "%ART%\UnitTestResources\Fonts\*.otf" "D:\HTC\avboit\The-Forge\Examples_3\Unit_Tests\PC Visual Studio 2019\x64\Release\17_EntityComponentSystem\Fonts\"
         
         xcopy /Y /S /D /E "D:\HTC\avboit\The-Forge\Examples_3\Unit_Tests\PC Visual Studio 2019\x64\Release\17_EntityComponentSystem\..\OS\Shaders" "D:\HTC\avboit\The-Forge\Examples_3\Unit_Tests\PC Visual Studio 2019\x64\Release\17_EntityComponentSystem\Shaders"
         xcopy /Y /S /D /E "D:\HTC\avboit\The-Forge\Examples_3\Unit_Tests\PC Visual Studio 2019\x64\Release\17_EntityComponentSystem\..\OS\CompiledShaders" "D:\HTC\avboit\The-Forge\Examples_3\Unit_Tests\PC Visual Studio 2019\x64\Release\17_EntityComponentSystem\CompiledShaders"
         
         xcopy /Y /S /D "%ART%\UnitTestResources\Scripts\*.lua" "D:\HTC\avboit\The-Forge\Examples_3\Unit_Tests\PC Visual Studio 2019\x64\Release\17_EntityComponentSystem\Scripts\"
         
         xcopy "D:\HTC\avboit\The-Forge\Common_3\OS\Windows\pc_gpu.data" "D:\HTC\avboit\The-Forge\Examples_3\Unit_Tests\PC Visual Studio 2019\x64\Release\17_EntityComponentSystem\GPUCfg\gpu.data*" /Y /D
         xcopy "D:\HTC\avboit\The-Forge\Examples_3\Unit_Tests\src\17_EntityComponentSystem\GPUCfg\gpu.cfg" "D:\HTC\avboit\The-Forge\Examples_3\Unit_Tests\PC Visual Studio 2019\x64\Release\17_EntityComponentSystem\GPUCfg\gpu.cfg*" /Y /D
         
         :VCEnd
         0 File(s) copied
         0 File(s) copied
    43>ClCompile:
         ?????????
    48>PostBuildEvent:
         0 File(s) copied
         0 File(s) copied
    43>Link:
         ?????????
    48>PostBuildEvent:
         0 File(s) copied
    43>Link:
         11a_UnlinkedMultiGPU.vcxproj -> D:\HTC\avboit\The-Forge\Examples_3\Unit_Tests\PC Visual Studio 2019\x64\Release\11a_UnlinkedMultiGPU\11a_UnlinkedMultiGPU.exe
    48>PostBuildEvent:
         0 File(s) copied
    43>CustomBuildStep:
       ??????“CustomBuildStep”,????????
       CustomBuildStep:
       ??????“CustomBuildStep”,????????
       PostBuildEvent:
         
                 xcopy "D:\HTC\avboit\The-Forge\Examples_3\Unit_Tests\PC Visual Studio 2019\..\..\..\Common_3\Graphics\ThirdParty\OpenSource\VulkanSDK\bin\Win32\*.dll" "D:\HTC\avboit\The-Forge\Examples_3\Unit_Tests\PC Visual Studio 2019\x64\Release\11a_UnlinkedMultiGPU\" /S /Y /D
                 xcopy "D:\HTC\avboit\The-Forge\Examples_3\Unit_Tests\PC Visual Studio 2019\..\..\..\Common_3\Graphics\ThirdParty\OpenSource\VulkanSDK\bin\Win32\*.json" "D:\HTC\avboit\The-Forge\Examples_3\Unit_Tests\PC Visual Studio 2019\x64\Release\11a_UnlinkedMultiGPU\" /S /Y /D
                 xcopy "D:\HTC\avboit\The-Forge\Examples_3\Unit_Tests\PC Visual Studio 2019\..\..\..\Common_3\Graphics\ThirdParty\OpenSource\ags\ags_lib\lib\amd_ags_x64.dll" "D:\HTC\avboit\The-Forge\Examples_3\Unit_Tests\PC Visual Studio 2019\x64\Release\11a_UnlinkedMultiGPU\amd_ags_x64.dll"* /S /Y /D
                 xcopy "D:\HTC\avboit\The-Forge\Examples_3\Unit_Tests\PC Visual Studio 2019\..\..\..\Common_3\Graphics\ThirdParty\OpenSource\DirectXShaderCompiler\bin\x64\dxcompiler.dll" "D:\HTC\avboit\The-Forge\Examples_3\Unit_Tests\PC Visual Studio 2019\x64\Release\11a_UnlinkedMultiGPU\dxcompiler.dll"* /S /Y /D
                 xcopy "D:\HTC\avboit\The-Forge\Examples_3\Unit_Tests\PC Visual Studio 2019\..\..\..\Common_3\Graphics\ThirdParty\OpenSource\Direct3d12Agility\bin\x64\*.dll" "D:\HTC\avboit\The-Forge\Examples_3\Unit_Tests\PC Visual Studio 2019\x64\Release\11a_UnlinkedMultiGPU\"* /S /Y /D
                 xcopy "D:\HTC\avboit\The-Forge\Examples_3\Unit_Tests\PC Visual Studio 2019\..\..\..\Common_3\OS\ThirdParty\OpenSource\winpixeventruntime\bin\WinPixEventRuntime.dll" "D:\HTC\avboit\The-Forge\Examples_3\Unit_Tests\PC Visual Studio 2019\x64\Release\11a_UnlinkedMultiGPU\WinPixEventRunTime.dll"* /S /Y /D
                 
                set ART=D:\HTC\avboit\The-Forge\Examples_3\Unit_Tests\PC Visual Studio 2019\..\..\..\Art\
         xcopy /Y /S /D "%ART%\UnitTestResources\Textures\dds\Skybox_*.tex" "D:\HTC\avboit\The-Forge\Examples_3\Unit_Tests\PC Visual Studio 2019\x64\Release\11a_UnlinkedMultiGPU\Textures\"
         xcopy /Y /S /D "%ART%\UnitTestResources\Textures\dds\circlepad.tex" "D:\HTC\avboit\The-Forge\Examples_3\Unit_Tests\PC Visual Studio 2019\x64\Release\11a_UnlinkedMultiGPU\Textures\"
         xcopy /Y /S /D "%ART%\UnitTestResources\Fonts\*.ttf" "D:\HTC\avboit\The-Forge\Examples_3\Unit_Tests\PC Visual Studio 2019\x64\Release\11a_UnlinkedMultiGPU\Fonts\"
         xcopy /Y /S /D "%ART%\UnitTestResources\Fonts\*.otf" "D:\HTC\avboit\The-Forge\Examples_3\Unit_Tests\PC Visual Studio 2019\x64\Release\11a_UnlinkedMultiGPU\Fonts\"
         
         xcopy /Y /S /D /E "D:\HTC\avboit\The-Forge\Examples_3\Unit_Tests\PC Visual Studio 2019\x64\Release\11a_UnlinkedMultiGPU\..\OS\Shaders" "D:\HTC\avboit\The-Forge\Examples_3\Unit_Tests\PC Visual Studio 2019\x64\Release\11a_UnlinkedMultiGPU\Shaders"
         xcopy /Y /S /D /E "D:\HTC\avboit\The-Forge\Examples_3\Unit_Tests\PC Visual Studio 2019\x64\Release\11a_UnlinkedMultiGPU\..\OS\CompiledShaders" "D:\HTC\avboit\The-Forge\Examples_3\Unit_Tests\PC Visual Studio 2019\x64\Release\11a_UnlinkedMultiGPU\CompiledShaders"
         
         xcopy /Y /S /D "D:\HTC\avboit\The-Forge\Examples_3\Unit_Tests\PC Visual Studio 2019\..\src\11a_UnlinkedMultiGPU\Scripts\*.lua" "D:\HTC\avboit\The-Forge\Examples_3\Unit_Tests\PC Visual Studio 2019\x64\Release\11a_UnlinkedMultiGPU\Scripts\"
         xcopy /Y /S /D "%ART%\UnitTestResources\Scripts\*.lua" "D:\HTC\avboit\The-Forge\Examples_3\Unit_Tests\PC Visual Studio 2019\x64\Release\11a_UnlinkedMultiGPU\Scripts\"
         
         xcopy "D:\HTC\avboit\The-Forge\Common_3\OS\Windows\pc_gpu.data" "D:\HTC\avboit\The-Forge\Examples_3\Unit_Tests\PC Visual Studio 2019\x64\Release\11a_UnlinkedMultiGPU\GPUCfg\gpu.data*" /Y /D
         xcopy "D:\HTC\avboit\The-Forge\Examples_3\Unit_Tests\src\11a_UnlinkedMultiGPU\GPUCfg\gpu.cfg" "D:\HTC\avboit\The-Forge\Examples_3\Unit_Tests\PC Visual Studio 2019\x64\Release\11a_UnlinkedMultiGPU\GPUCfg\gpu.cfg*" /Y /D
         
         :VCEnd
    48>PostBuildEvent:
         D:\HTC\avboit\The-Forge\Examples_3\Unit_Tests\PC Visual Studio 2019\..\..\..\Art\\UnitTestResources\Textures\dds\sprites.tex
    43>PostBuildEvent:
         0 File(s) copied
    48>PostBuildEvent:
         1 File(s) copied
    43>PostBuildEvent:
         0 File(s) copied
    48>PostBuildEvent:
         D:\HTC\avboit\The-Forge\Examples_3\Unit_Tests\PC Visual Studio 2019\..\..\..\Art\\UnitTestResources\Fonts\ComicRelief\ComicRelief-Bold.ttf
         D:\HTC\avboit\The-Forge\Examples_3\Unit_Tests\PC Visual Studio 2019\..\..\..\Art\\UnitTestResources\Fonts\ComicRelief\ComicRelief.ttf
    43>PostBuildEvent:
         0 File(s) copied
    48>PostBuildEvent:
         D:\HTC\avboit\The-Forge\Examples_3\Unit_Tests\PC Visual Studio 2019\..\..\..\Art\\UnitTestResources\Fonts\Crimson\Crimson-Bold.ttf
         D:\HTC\avboit\The-Forge\Examples_3\Unit_Tests\PC Visual Studio 2019\..\..\..\Art\\UnitTestResources\Fonts\Crimson\Crimson-BoldItalic.ttf
         D:\HTC\avboit\The-Forge\Examples_3\Unit_Tests\PC Visual Studio 2019\..\..\..\Art\\UnitTestResources\Fonts\Crimson\Crimson-Italic.ttf
         D:\HTC\avboit\The-Forge\Examples_3\Unit_Tests\PC Visual Studio 2019\..\..\..\Art\\UnitTestResources\Fonts\Crimson\Crimson-Roman.ttf
         D:\HTC\avboit\The-Forge\Examples_3\Unit_Tests\PC Visual Studio 2019\..\..\..\Art\\UnitTestResources\Fonts\Crimson\Crimson-Semibold.ttf
         D:\HTC\avboit\The-Forge\Examples_3\Unit_Tests\PC Visual Studio 2019\..\..\..\Art\\UnitTestResources\Fonts\Crimson\Crimson-SemiboldItalic.ttf
         D:\HTC\avboit\The-Forge\Examples_3\Unit_Tests\PC Visual Studio 2019\..\..\..\Art\\UnitTestResources\Fonts\HermeneusOne\HermeneusOne.ttf
         9 File(s) copied
    43>PostBuildEvent:
         0 File(s) copied
    48>PostBuildEvent:
         D:\HTC\avboit\The-Forge\Examples_3\Unit_Tests\PC Visual Studio 2019\..\..\..\Art\\UnitTestResources\Fonts\InconsolataLGC\Inconsolata-LGC-Bold.otf
    43>PostBuildEvent:
         0 File(s) copied
    48>PostBuildEvent:
         D:\HTC\avboit\The-Forge\Examples_3\Unit_Tests\PC Visual Studio 2019\..\..\..\Art\\UnitTestResources\Fonts\InconsolataLGC\Inconsolata-LGC-BoldItalic.otf
         D:\HTC\avboit\The-Forge\Examples_3\Unit_Tests\PC Visual Studio 2019\..\..\..\Art\\UnitTestResources\Fonts\InconsolataLGC\Inconsolata-LGC-Italic.otf
         D:\HTC\avboit\The-Forge\Examples_3\Unit_Tests\PC Visual Studio 2019\..\..\..\Art\\UnitTestResources\Fonts\InconsolataLGC\Inconsolata-LGC.otf
         D:\HTC\avboit\The-Forge\Examples_3\Unit_Tests\PC Visual Studio 2019\..\..\..\Art\\UnitTestResources\Fonts\TitilliumText\TitilliumText-Bold.otf
         5 File(s) copied
    43>PostBuildEvent:
         0 File(s) copied
    48>PostBuildEvent:
         0 File(s) copied
    43>PostBuildEvent:
         D:\HTC\avboit\The-Forge\Examples_3\Unit_Tests\PC Visual Studio 2019\..\..\..\Art\\UnitTestResources\Textures\dds\Skybox_back6.tex
         D:\HTC\avboit\The-Forge\Examples_3\Unit_Tests\PC Visual Studio 2019\..\..\..\Art\\UnitTestResources\Textures\dds\Skybox_bottom4.tex
         D:\HTC\avboit\The-Forge\Examples_3\Unit_Tests\PC Visual Studio 2019\..\..\..\Art\\UnitTestResources\Textures\dds\Skybox_front5.tex
         D:\HTC\avboit\The-Forge\Examples_3\Unit_Tests\PC Visual Studio 2019\..\..\..\Art\\UnitTestResources\Textures\dds\Skybox_left2.tex
         D:\HTC\avboit\The-Forge\Examples_3\Unit_Tests\PC Visual Studio 2019\..\..\..\Art\\UnitTestResources\Textures\dds\Skybox_right1.tex
         D:\HTC\avboit\The-Forge\Examples_3\Unit_Tests\PC Visual Studio 2019\..\..\..\Art\\UnitTestResources\Textures\dds\Skybox_top3.tex
    48>PostBuildEvent:
         0 File(s) copied
         File not found - *.lua
         0 File(s) copied
         0 File(s) copied
    43>PostBuildEvent:
         6 File(s) copied
    48>PostBuildEvent:
         0 File(s) copied
    43>PostBuildEvent:
         D:\HTC\avboit\The-Forge\Examples_3\Unit_Tests\PC Visual Studio 2019\..\..\..\Art\\UnitTestResources\Textures\dds\circlepad.tex
    48>FinalizeBuildStatus:
         ??????“D:\HTC\avboit\The-Forge\Examples_3\Unit_Tests\PC Visual Studio 2019\\x64\Release\Intermediate\17_EntityComponentSystem\17_Entit.A6E3EA66.tlog\unsuccessfulbuild”?
         ???“D:\HTC\avboit\The-Forge\Examples_3\Unit_Tests\PC Visual Studio 2019\\x64\Release\Intermediate\17_EntityComponentSystem\17_Entit.A6E3EA66.tlog\17_EntityComponentSystem.lastbuildstate”?? Touch ???
    48>???????“D:\HTC\avboit\The-Forge\Examples_3\Unit_Tests\PC Visual Studio 2019\17_EntityComponentSystem.vcxproj”(????)????
    13>???????“D:\HTC\avboit\The-Forge\Examples_3\Unit_Tests\PC Visual Studio 2019\17_EntityComponentSystem.vcxproj.metaproj”(????)????
    43>PostBuildEvent:
         1 File(s) copied
         D:\HTC\avboit\The-Forge\Examples_3\Unit_Tests\PC Visual Studio 2019\..\..\..\Art\\UnitTestResources\Fonts\ComicRelief\ComicRelief-Bold.ttf
         D:\HTC\avboit\The-Forge\Examples_3\Unit_Tests\PC Visual Studio 2019\..\..\..\Art\\UnitTestResources\Fonts\ComicRelief\ComicRelief.ttf
         D:\HTC\avboit\The-Forge\Examples_3\Unit_Tests\PC Visual Studio 2019\..\..\..\Art\\UnitTestResources\Fonts\Crimson\Crimson-Bold.ttf
         D:\HTC\avboit\The-Forge\Examples_3\Unit_Tests\PC Visual Studio 2019\..\..\..\Art\\UnitTestResources\Fonts\Crimson\Crimson-BoldItalic.ttf
         D:\HTC\avboit\The-Forge\Examples_3\Unit_Tests\PC Visual Studio 2019\..\..\..\Art\\UnitTestResources\Fonts\Crimson\Crimson-Italic.ttf
         D:\HTC\avboit\The-Forge\Examples_3\Unit_Tests\PC Visual Studio 2019\..\..\..\Art\\UnitTestResources\Fonts\Crimson\Crimson-Roman.ttf
         D:\HTC\avboit\The-Forge\Examples_3\Unit_Tests\PC Visual Studio 2019\..\..\..\Art\\UnitTestResources\Fonts\Crimson\Crimson-Semibold.ttf
         D:\HTC\avboit\The-Forge\Examples_3\Unit_Tests\PC Visual Studio 2019\..\..\..\Art\\UnitTestResources\Fonts\Crimson\Crimson-SemiboldItalic.ttf
         D:\HTC\avboit\The-Forge\Examples_3\Unit_Tests\PC Visual Studio 2019\..\..\..\Art\\UnitTestResources\Fonts\HermeneusOne\HermeneusOne.ttf
         9 File(s) copied
         D:\HTC\avboit\The-Forge\Examples_3\Unit_Tests\PC Visual Studio 2019\..\..\..\Art\\UnitTestResources\Fonts\InconsolataLGC\Inconsolata-LGC-Bold.otf
         D:\HTC\avboit\The-Forge\Examples_3\Unit_Tests\PC Visual Studio 2019\..\..\..\Art\\UnitTestResources\Fonts\InconsolataLGC\Inconsolata-LGC-BoldItalic.otf
         D:\HTC\avboit\The-Forge\Examples_3\Unit_Tests\PC Visual Studio 2019\..\..\..\Art\\UnitTestResources\Fonts\InconsolataLGC\Inconsolata-LGC-Italic.otf
         D:\HTC\avboit\The-Forge\Examples_3\Unit_Tests\PC Visual Studio 2019\..\..\..\Art\\UnitTestResources\Fonts\InconsolataLGC\Inconsolata-LGC.otf
         D:\HTC\avboit\The-Forge\Examples_3\Unit_Tests\PC Visual Studio 2019\..\..\..\Art\\UnitTestResources\Fonts\TitilliumText\TitilliumText-Bold.otf
         5 File(s) copied
         0 File(s) copied
         0 File(s) copied
         0 File(s) copied
         File not found - *.lua
         0 File(s) copied
         0 File(s) copied
         0 File(s) copied
       FinalizeBuildStatus:
         ??????“D:\HTC\avboit\The-Forge\Examples_3\Unit_Tests\PC Visual Studio 2019\\x64\Release\Intermediate\11a_UnlinkedMultiGPU\11a_Unli.765fe836.tlog\unsuccessfulbuild”?
         ???“D:\HTC\avboit\The-Forge\Examples_3\Unit_Tests\PC Visual Studio 2019\\x64\Release\Intermediate\11a_UnlinkedMultiGPU\11a_Unli.765fe836.tlog\11a_UnlinkedMultiGPU.lastbuildstate”?? Touch ???
    43>???????“D:\HTC\avboit\The-Forge\Examples_3\Unit_Tests\PC Visual Studio 2019\11a_UnlinkedMultiGPU.vcxproj”(????)????
    17>???????“D:\HTC\avboit\The-Forge\Examples_3\Unit_Tests\PC Visual Studio 2019\11a_UnlinkedMultiGPU.vcxproj.metaproj”(????)????
    47>ClCompile:
         ?????????
       Link:
         ?????????
         15_Transparency.vcxproj -> D:\HTC\avboit\The-Forge\Examples_3\Unit_Tests\PC Visual Studio 2019\x64\Release\15_Transparency\15_Transparency.exe
       CustomBuildStep:
       ??????“CustomBuildStep”,????????
       CustomBuildStep:
       ??????“CustomBuildStep”,????????
       PostBuildEvent:
         
                 xcopy "D:\HTC\avboit\The-Forge\Examples_3\Unit_Tests\PC Visual Studio 2019\..\..\..\Common_3\Graphics\ThirdParty\OpenSource\VulkanSDK\bin\Win32\*.dll" "D:\HTC\avboit\The-Forge\Examples_3\Unit_Tests\PC Visual Studio 2019\x64\Release\15_Transparency\" /S /Y /D
                 xcopy "D:\HTC\avboit\The-Forge\Examples_3\Unit_Tests\PC Visual Studio 2019\..\..\..\Common_3\Graphics\ThirdParty\OpenSource\VulkanSDK\bin\Win32\*.json" "D:\HTC\avboit\The-Forge\Examples_3\Unit_Tests\PC Visual Studio 2019\x64\Release\15_Transparency\" /S /Y /D
                 xcopy "D:\HTC\avboit\The-Forge\Examples_3\Unit_Tests\PC Visual Studio 2019\..\..\..\Common_3\Graphics\ThirdParty\OpenSource\ags\ags_lib\lib\amd_ags_x64.dll" "D:\HTC\avboit\The-Forge\Examples_3\Unit_Tests\PC Visual Studio 2019\x64\Release\15_Transparency\amd_ags_x64.dll"* /S /Y /D
                 xcopy "D:\HTC\avboit\The-Forge\Examples_3\Unit_Tests\PC Visual Studio 2019\..\..\..\Common_3\Graphics\ThirdParty\OpenSource\DirectXShaderCompiler\bin\x64\dxcompiler.dll" "D:\HTC\avboit\The-Forge\Examples_3\Unit_Tests\PC Visual Studio 2019\x64\Release\15_Transparency\dxcompiler.dll"* /S /Y /D
                 xcopy "D:\HTC\avboit\The-Forge\Examples_3\Unit_Tests\PC Visual Studio 2019\..\..\..\Common_3\Graphics\ThirdParty\OpenSource\Direct3d12Agility\bin\x64\*.dll" "D:\HTC\avboit\The-Forge\Examples_3\Unit_Tests\PC Visual Studio 2019\x64\Release\15_Transparency\"* /S /Y /D
                 xcopy "D:\HTC\avboit\The-Forge\Examples_3\Unit_Tests\PC Visual Studio 2019\..\..\..\Common_3\OS\ThirdParty\OpenSource\winpixeventruntime\bin\WinPixEventRuntime.dll" "D:\HTC\avboit\The-Forge\Examples_3\Unit_Tests\PC Visual Studio 2019\x64\Release\15_Transparency\WinPixEventRunTime.dll"* /S /Y /D
                 
                set ART=D:\HTC\avboit\The-Forge\Examples_3\Unit_Tests\PC Visual Studio 2019\..\..\..\Art\
         xcopy /Y /S /D "%ART%\UnitTestResources\Meshes\*.bin" "D:\HTC\avboit\The-Forge\Examples_3\Unit_Tests\PC Visual Studio 2019\x64\Release\15_Transparency\Meshes\"
         xcopy /Y /S /D "%ART%\UnitTestResources\Textures\dds\grid.tex" "D:\HTC\avboit\The-Forge\Examples_3\Unit_Tests\PC Visual Studio 2019\x64\Release\15_Transparency\Textures\"
         xcopy /Y /S /D "%ART%\UnitTestResources\Textures\dds\skybox\*" "D:\HTC\avboit\The-Forge\Examples_3\Unit_Tests\PC Visual Studio 2019\x64\Release\15_Transparency\Textures\skybox\"
         
         xcopy /Y /S /D "%ART%\UnitTestResources\Textures\dds\Skybox_*.tex" "D:\HTC\avboit\The-Forge\Examples_3\Unit_Tests\PC Visual Studio 2019\x64\Release\15_Transparency\Textures\"
         xcopy /Y /S /D "%ART%\UnitTestResources\Textures\dds\circlepad.tex" "D:\HTC\avboit\The-Forge\Examples_3\Unit_Tests\PC Visual Studio 2019\x64\Release\15_Transparency\Textures\"
         xcopy /Y /S /D "%ART%\UnitTestResources\Fonts\*.ttf" "D:\HTC\avboit\The-Forge\Examples_3\Unit_Tests\PC Visual Studio 2019\x64\Release\15_Transparency\Fonts\"
         xcopy /Y /S /D "%ART%\UnitTestResources\Fonts\*.otf" "D:\HTC\avboit\The-Forge\Examples_3\Unit_Tests\PC Visual Studio 2019\x64\Release\15_Transparency\Fonts\"
         
         xcopy /Y /S /D /E "D:\HTC\avboit\The-Forge\Examples_3\Unit_Tests\PC Visual Studio 2019\x64\Release\15_Transparency\..\OS\Shaders" "D:\HTC\avboit\The-Forge\Examples_3\Unit_Tests\PC Visual Studio 2019\x64\Release\15_Transparency\Shaders"
         xcopy /Y /S /D /E "D:\HTC\avboit\The-Forge\Examples_3\Unit_Tests\PC Visual Studio 2019\x64\Release\15_Transparency\..\OS\CompiledShaders" "D:\HTC\avboit\The-Forge\Examples_3\Unit_Tests\PC Visual Studio 2019\x64\Release\15_Transparency\CompiledShaders"
         
         xcopy /Y /S /D "D:\HTC\avboit\The-Forge\Examples_3\Unit_Tests\PC Visual Studio 2019\..\src\15_Transparency\Scripts\*.lua" "D:\HTC\avboit\The-Forge\Examples_3\Unit_Tests\PC Visual Studio 2019\x64\Release\15_Transparency\Scripts\"
         xcopy /Y /S /D "%ART%\UnitTestResources\Scripts\*.lua" "D:\HTC\avboit\The-Forge\Examples_3\Unit_Tests\PC Visual Studio 2019\x64\Release\15_Transparency\Scripts\"
         
         xcopy "D:\HTC\avboit\The-Forge\Common_3\OS\Windows\pc_gpu.data" "D:\HTC\avboit\The-Forge\Examples_3\Unit_Tests\PC Visual Studio 2019\x64\Release\15_Transparency\GPUCfg\gpu.data*" /Y /D
         xcopy "D:\HTC\avboit\The-Forge\Examples_3\Unit_Tests\src\15_Transparency\GPUCfg\gpu.cfg" "D:\HTC\avboit\The-Forge\Examples_3\Unit_Tests\PC Visual Studio 2019\x64\Release\15_Transparency\GPUCfg\gpu.cfg*" /Y /D
         
         :VCEnd
         0 File(s) copied
         0 File(s) copied
         0 File(s) copied
         0 File(s) copied
         0 File(s) copied
         0 File(s) copied
         D:\HTC\avboit\The-Forge\Examples_3\Unit_Tests\PC Visual Studio 2019\..\..\..\Art\\UnitTestResources\Meshes\capsule.bin
         D:\HTC\avboit\The-Forge\Examples_3\Unit_Tests\PC Visual Studio 2019\..\..\..\Art\\UnitTestResources\Meshes\cube.bin
         D:\HTC\avboit\The-Forge\Examples_3\Unit_Tests\PC Visual Studio 2019\..\..\..\Art\\UnitTestResources\Meshes\FlightHelmet.bin
         D:\HTC\avboit\The-Forge\Examples_3\Unit_Tests\PC Visual Studio 2019\..\..\..\Art\\UnitTestResources\Meshes\Lantern.bin
         D:\HTC\avboit\The-Forge\Examples_3\Unit_Tests\PC Visual Studio 2019\..\..\..\Art\\UnitTestResources\Meshes\lion.bin
         D:\HTC\avboit\The-Forge\Examples_3\Unit_Tests\PC Visual Studio 2019\..\..\..\Art\\UnitTestResources\Meshes\matBall.bin
         D:\HTC\avboit\The-Forge\Examples_3\Unit_Tests\PC Visual Studio 2019\..\..\..\Art\\UnitTestResources\Meshes\plane.bin
         D:\HTC\avboit\The-Forge\Examples_3\Unit_Tests\PC Visual Studio 2019\..\..\..\Art\\UnitTestResources\Meshes\saturn.bin
         D:\HTC\avboit\The-Forge\Examples_3\Unit_Tests\PC Visual Studio 2019\..\..\..\Art\\UnitTestResources\Meshes\sphere.bin
         D:\HTC\avboit\The-Forge\Examples_3\Unit_Tests\PC Visual Studio 2019\..\..\..\Art\\UnitTestResources\Meshes\sphereHires.bin
         D:\HTC\avboit\The-Forge\Examples_3\Unit_Tests\PC Visual Studio 2019\..\..\..\Art\\UnitTestResources\Meshes\Hair\back.bin
         D:\HTC\avboit\The-Forge\Examples_3\Unit_Tests\PC Visual Studio 2019\..\..\..\Art\\UnitTestResources\Meshes\Hair\female_hair_1.bin
         D:\HTC\avboit\The-Forge\Examples_3\Unit_Tests\PC Visual Studio 2019\..\..\..\Art\\UnitTestResources\Meshes\Hair\female_hair_2.bin
         D:\HTC\avboit\The-Forge\Examples_3\Unit_Tests\PC Visual Studio 2019\..\..\..\Art\\UnitTestResources\Meshes\Hair\female_hair_3.bin
         D:\HTC\avboit\The-Forge\Examples_3\Unit_Tests\PC Visual Studio 2019\..\..\..\Art\\UnitTestResources\Meshes\Hair\female_hair_6_tail.bin
         D:\HTC\avboit\The-Forge\Examples_3\Unit_Tests\PC Visual Studio 2019\..\..\..\Art\\UnitTestResources\Meshes\Hair\female_hair_6_top.bin
         D:\HTC\avboit\The-Forge\Examples_3\Unit_Tests\PC Visual Studio 2019\..\..\..\Art\\UnitTestResources\Meshes\Hair\front_top.bin
         D:\HTC\avboit\The-Forge\Examples_3\Unit_Tests\PC Visual Studio 2019\..\..\..\Art\\UnitTestResources\Meshes\Hair\side.bin
         D:\HTC\avboit\The-Forge\Examples_3\Unit_Tests\PC Visual Studio 2019\..\..\..\Art\\UnitTestResources\Meshes\Hair\tail.bin
         D:\HTC\avboit\The-Forge\Examples_3\Unit_Tests\PC Visual Studio 2019\..\..\..\Art\\UnitTestResources\Meshes\SanMiguel_3\SanMiguel.bin
         D:\HTC\avboit\The-Forge\Examples_3\Unit_Tests\PC Visual Studio 2019\..\..\..\Art\\UnitTestResources\Meshes\SanMiguel_3\SanMiguel_AlphaTested.bin
         D:\HTC\avboit\The-Forge\Examples_3\Unit_Tests\PC Visual Studio 2019\..\..\..\Art\\UnitTestResources\Meshes\SanMiguel_3\SanMiguel_Flags.bin
         D:\HTC\avboit\The-Forge\Examples_3\Unit_Tests\PC Visual Studio 2019\..\..\..\Art\\UnitTestResources\Meshes\SanMiguel_3\SanMiguel_Opaque.bin
         D:\HTC\avboit\The-Forge\Examples_3\Unit_Tests\PC Visual Studio 2019\..\..\..\Art\\UnitTestResources\Meshes\SanMiguel_3\sun.bin
         D:\HTC\avboit\The-Forge\Examples_3\Unit_Tests\PC Visual Studio 2019\..\..\..\Art\\UnitTestResources\Meshes\stormtrooper\riggedMesh.bin
         D:\HTC\avboit\The-Forge\Examples_3\Unit_Tests\PC Visual Studio 2019\..\..\..\Art\\UnitTestResources\Meshes\stormtrooper\glTF\riggedMesh.bin
         26 File(s) copied
         D:\HTC\avboit\The-Forge\Examples_3\Unit_Tests\PC Visual Studio 2019\..\..\..\Art\\UnitTestResources\Textures\dds\grid.tex
         1 File(s) copied
         D:\HTC\avboit\The-Forge\Examples_3\Unit_Tests\PC Visual Studio 2019\..\..\..\Art\\UnitTestResources\Textures\dds\skybox\hw_sahara\license.txt
         D:\HTC\avboit\The-Forge\Examples_3\Unit_Tests\PC Visual Studio 2019\..\..\..\Art\\UnitTestResources\Textures\dds\skybox\hw_sahara\sahara_bk.tex
         D:\HTC\avboit\The-Forge\Examples_3\Unit_Tests\PC Visual Studio 2019\..\..\..\Art\\UnitTestResources\Textures\dds\skybox\hw_sahara\sahara_cubemap.tex
         D:\HTC\avboit\The-Forge\Examples_3\Unit_Tests\PC Visual Studio 2019\..\..\..\Art\\UnitTestResources\Textures\dds\skybox\hw_sahara\sahara_dn.tex
         D:\HTC\avboit\The-Forge\Examples_3\Unit_Tests\PC Visual Studio 2019\..\..\..\Art\\UnitTestResources\Textures\dds\skybox\hw_sahara\sahara_ft.tex
         D:\HTC\avboit\The-Forge\Examples_3\Unit_Tests\PC Visual Studio 2019\..\..\..\Art\\UnitTestResources\Textures\dds\skybox\hw_sahara\sahara_lf.tex
         D:\HTC\avboit\The-Forge\Examples_3\Unit_Tests\PC Visual Studio 2019\..\..\..\Art\\UnitTestResources\Textures\dds\skybox\hw_sahara\sahara_rt.tex
         D:\HTC\avboit\The-Forge\Examples_3\Unit_Tests\PC Visual Studio 2019\..\..\..\Art\\UnitTestResources\Textures\dds\skybox\hw_sahara\sahara_up.tex
         8 File(s) copied
         D:\HTC\avboit\The-Forge\Examples_3\Unit_Tests\PC Visual Studio 2019\..\..\..\Art\\UnitTestResources\Textures\dds\Skybox_back6.tex
         D:\HTC\avboit\The-Forge\Examples_3\Unit_Tests\PC Visual Studio 2019\..\..\..\Art\\UnitTestResources\Textures\dds\Skybox_bottom4.tex
         D:\HTC\avboit\The-Forge\Examples_3\Unit_Tests\PC Visual Studio 2019\..\..\..\Art\\UnitTestResources\Textures\dds\Skybox_front5.tex
         D:\HTC\avboit\The-Forge\Examples_3\Unit_Tests\PC Visual Studio 2019\..\..\..\Art\\UnitTestResources\Textures\dds\Skybox_left2.tex
         D:\HTC\avboit\The-Forge\Examples_3\Unit_Tests\PC Visual Studio 2019\..\..\..\Art\\UnitTestResources\Textures\dds\Skybox_right1.tex
         D:\HTC\avboit\The-Forge\Examples_3\Unit_Tests\PC Visual Studio 2019\..\..\..\Art\\UnitTestResources\Textures\dds\Skybox_top3.tex
         6 File(s) copied
         D:\HTC\avboit\The-Forge\Examples_3\Unit_Tests\PC Visual Studio 2019\..\..\..\Art\\UnitTestResources\Textures\dds\circlepad.tex
    53>ClCompile:
         ?????????
    47>PostBuildEvent:
         1 File(s) copied
         D:\HTC\avboit\The-Forge\Examples_3\Unit_Tests\PC Visual Studio 2019\..\..\..\Art\\UnitTestResources\Fonts\ComicRelief\ComicRelief-Bold.ttf
         D:\HTC\avboit\The-Forge\Examples_3\Unit_Tests\PC Visual Studio 2019\..\..\..\Art\\UnitTestResources\Fonts\ComicRelief\ComicRelief.ttf
         D:\HTC\avboit\The-Forge\Examples_3\Unit_Tests\PC Visual Studio 2019\..\..\..\Art\\UnitTestResources\Fonts\Crimson\Crimson-Bold.ttf
    53>Link:
         ?????????
    47>PostBuildEvent:
         D:\HTC\avboit\The-Forge\Examples_3\Unit_Tests\PC Visual Studio 2019\..\..\..\Art\\UnitTestResources\Fonts\Crimson\Crimson-BoldItalic.ttf
         D:\HTC\avboit\The-Forge\Examples_3\Unit_Tests\PC Visual Studio 2019\..\..\..\Art\\UnitTestResources\Fonts\Crimson\Crimson-Italic.ttf
         D:\HTC\avboit\The-Forge\Examples_3\Unit_Tests\PC Visual Studio 2019\..\..\..\Art\\UnitTestResources\Fonts\Crimson\Crimson-Roman.ttf
         D:\HTC\avboit\The-Forge\Examples_3\Unit_Tests\PC Visual Studio 2019\..\..\..\Art\\UnitTestResources\Fonts\Crimson\Crimson-Semibold.ttf
         D:\HTC\avboit\The-Forge\Examples_3\Unit_Tests\PC Visual Studio 2019\..\..\..\Art\\UnitTestResources\Fonts\Crimson\Crimson-SemiboldItalic.ttf
         D:\HTC\avboit\The-Forge\Examples_3\Unit_Tests\PC Visual Studio 2019\..\..\..\Art\\UnitTestResources\Fonts\HermeneusOne\HermeneusOne.ttf
         9 File(s) copied
    53>Link:
         06_MaterialPlayground.vcxproj -> D:\HTC\avboit\The-Forge\Examples_3\Unit_Tests\PC Visual Studio 2019\x64\Release\06_MaterialPlayground\06_MaterialPlayground.exe
    47>PostBuildEvent:
         D:\HTC\avboit\The-Forge\Examples_3\Unit_Tests\PC Visual Studio 2019\..\..\..\Art\\UnitTestResources\Fonts\InconsolataLGC\Inconsolata-LGC-Bold.otf
    53>CustomBuildStep:
       ??????“CustomBuildStep”,????????
    47>PostBuildEvent:
         D:\HTC\avboit\The-Forge\Examples_3\Unit_Tests\PC Visual Studio 2019\..\..\..\Art\\UnitTestResources\Fonts\InconsolataLGC\Inconsolata-LGC-BoldItalic.otf
         D:\HTC\avboit\The-Forge\Examples_3\Unit_Tests\PC Visual Studio 2019\..\..\..\Art\\UnitTestResources\Fonts\InconsolataLGC\Inconsolata-LGC-Italic.otf
         D:\HTC\avboit\The-Forge\Examples_3\Unit_Tests\PC Visual Studio 2019\..\..\..\Art\\UnitTestResources\Fonts\InconsolataLGC\Inconsolata-LGC.otf
         D:\HTC\avboit\The-Forge\Examples_3\Unit_Tests\PC Visual Studio 2019\..\..\..\Art\\UnitTestResources\Fonts\TitilliumText\TitilliumText-Bold.otf
    53>CustomBuildStep:
       ??????“CustomBuildStep”,????????
       PostBuildEvent:
         
                 xcopy "D:\HTC\avboit\The-Forge\Examples_3\Unit_Tests\PC Visual Studio 2019\..\..\..\Common_3\Graphics\ThirdParty\OpenSource\VulkanSDK\bin\Win32\*.dll" "D:\HTC\avboit\The-Forge\Examples_3\Unit_Tests\PC Visual Studio 2019\x64\Release\06_MaterialPlayground\" /S /Y /D
                 xcopy "D:\HTC\avboit\The-Forge\Examples_3\Unit_Tests\PC Visual Studio 2019\..\..\..\Common_3\Graphics\ThirdParty\OpenSource\VulkanSDK\bin\Win32\*.json" "D:\HTC\avboit\The-Forge\Examples_3\Unit_Tests\PC Visual Studio 2019\x64\Release\06_MaterialPlayground\" /S /Y /D
                 xcopy "D:\HTC\avboit\The-Forge\Examples_3\Unit_Tests\PC Visual Studio 2019\..\..\..\Common_3\Graphics\ThirdParty\OpenSource\ags\ags_lib\lib\amd_ags_x64.dll" "D:\HTC\avboit\The-Forge\Examples_3\Unit_Tests\PC Visual Studio 2019\x64\Release\06_MaterialPlayground\amd_ags_x64.dll"* /S /Y /D
                 xcopy "D:\HTC\avboit\The-Forge\Examples_3\Unit_Tests\PC Visual Studio 2019\..\..\..\Common_3\Graphics\ThirdParty\OpenSource\DirectXShaderCompiler\bin\x64\dxcompiler.dll" "D:\HTC\avboit\The-Forge\Examples_3\Unit_Tests\PC Visual Studio 2019\x64\Release\06_MaterialPlayground\dxcompiler.dll"* /S /Y /D
                 xcopy "D:\HTC\avboit\The-Forge\Examples_3\Unit_Tests\PC Visual Studio 2019\..\..\..\Common_3\Graphics\ThirdParty\OpenSource\Direct3d12Agility\bin\x64\*.dll" "D:\HTC\avboit\The-Forge\Examples_3\Unit_Tests\PC Visual Studio 2019\x64\Release\06_MaterialPlayground\"* /S /Y /D
                 xcopy "D:\HTC\avboit\The-Forge\Examples_3\Unit_Tests\PC Visual Studio 2019\..\..\..\Common_3\OS\ThirdParty\OpenSource\winpixeventruntime\bin\WinPixEventRuntime.dll" "D:\HTC\avboit\The-Forge\Examples_3\Unit_Tests\PC Visual Studio 2019\x64\Release\06_MaterialPlayground\WinPixEventRunTime.dll"* /S /Y /D
                 
                :: Copy Art files
         set ART=D:\HTC\avboit\The-Forge\Examples_3\Unit_Tests\PC Visual Studio 2019\..\..\..\Art\
         xcopy /Y /S /D "%ART%\PBR\dds\*.tex" "D:\HTC\avboit\The-Forge\Examples_3\Unit_Tests\PC Visual Studio 2019\x64\Release\06_MaterialPlayground\Textures\PBR\"
         xcopy /Y /S /D "%ART%\Particles\Textures\dds\*.tex" "D:\HTC\avboit\The-Forge\Examples_3\Unit_Tests\PC Visual Studio 2019\x64\Release\06_MaterialPlayground\Textures\"
         
         xcopy /Y /S /D "%ART%\UnitTestResources\Meshes\*.bin" "D:\HTC\avboit\The-Forge\Examples_3\Unit_Tests\PC Visual Studio 2019\x64\Release\06_MaterialPlayground\Meshes\"
         xcopy /Y /S /D "%ART%\UnitTestResources\Hair\*.bin" "D:\HTC\avboit\The-Forge\Examples_3\Unit_Tests\PC Visual Studio 2019\x64\Release\06_MaterialPlayground\Meshes\Hair\"
         xcopy /Y /S /D "%ART%\UnitTestResources\Animation\*.ozz" "D:\HTC\avboit\The-Forge\Examples_3\Unit_Tests\PC Visual Studio 2019\x64\Release\06_MaterialPlayground\Animation\"
         xcopy /Y /S /D "%ART%\UnitTestResources\Textures\dds\Skybox_*.tex" "D:\HTC\avboit\The-Forge\Examples_3\Unit_Tests\PC Visual Studio 2019\x64\Release\06_MaterialPlayground\Textures\"
         xcopy /Y /S /D "%ART%\UnitTestResources\Textures\dds\circlepad.tex" "D:\HTC\avboit\The-Forge\Examples_3\Unit_Tests\PC Visual Studio 2019\x64\Release\06_MaterialPlayground\Textures\"
         xcopy /Y /S /D "%ART%\UnitTestResources\Textures\dds\LA_Helipad3D.tex" "D:\HTC\avboit\The-Forge\Examples_3\Unit_Tests\PC Visual Studio 2019\x64\Release\06_MaterialPlayground\Textures\"
         xcopy /Y /S /D "%ART%\UnitTestResources\Fonts\*.ttf" "D:\HTC\avboit\The-Forge\Examples_3\Unit_Tests\PC Visual Studio 2019\x64\Release\06_MaterialPlayground\Fonts\"
         xcopy /Y /S /D "%ART%\UnitTestResources\Fonts\*.otf" "D:\HTC\avboit\The-Forge\Examples_3\Unit_Tests\PC Visual Studio 2019\x64\Release\06_MaterialPlayground\Fonts\"
         
         xcopy /Y /S /D /E "D:\HTC\avboit\The-Forge\Examples_3\Unit_Tests\PC Visual Studio 2019\x64\Release\06_MaterialPlayground\..\OS\Shaders" "D:\HTC\avboit\The-Forge\Examples_3\Unit_Tests\PC Visual Studio 2019\x64\Release\06_MaterialPlayground\Shaders"
         xcopy /Y /S /D /E "D:\HTC\avboit\The-Forge\Examples_3\Unit_Tests\PC Visual Studio 2019\x64\Release\06_MaterialPlayground\..\OS\CompiledShaders" "D:\HTC\avboit\The-Forge\Examples_3\Unit_Tests\PC Visual Studio 2019\x64\Release\06_MaterialPlayground\CompiledShaders"
         
         xcopy /Y /S /D "D:\HTC\avboit\The-Forge\Examples_3\Unit_Tests\PC Visual Studio 2019\..\src\06_MaterialPlayground\Scripts\*.lua" "D:\HTC\avboit\The-Forge\Examples_3\Unit_Tests\PC Visual Studio 2019\x64\Release\06_MaterialPlayground\Scripts\"
         xcopy /Y /S /D "%ART%\UnitTestResources\Scripts\*.lua" "D:\HTC\avboit\The-Forge\Examples_3\Unit_Tests\PC Visual Studio 2019\x64\Release\06_MaterialPlayground\Scripts\"
         
         xcopy "D:\HTC\avboit\The-Forge\Common_3\OS\Windows\pc_gpu.data" "D:\HTC\avboit\The-Forge\Examples_3\Unit_Tests\PC Visual Studio 2019\x64\Release\06_MaterialPlayground\GPUCfg\gpu.data*" /Y /D
         xcopy "D:\HTC\avboit\The-Forge\Examples_3\Unit_Tests\src\06_MaterialPlayground\GPUCfg\gpu.cfg" "D:\HTC\avboit\The-Forge\Examples_3\Unit_Tests\PC Visual Studio 2019\x64\Release\06_MaterialPlayground\GPUCfg\gpu.cfg*" /Y /D
         
         "D:\HTC\avboit\The-Forge\Examples_3\Unit_Tests\PC Visual Studio 2019\..\src\06_MaterialPlayground\compile_materials.bat" "D:\HTC\avboit\The-Forge\Examples_3\Unit_Tests\PC Visual Studio 2019\..\..\..\" "D:\HTC\avboit\The-Forge\Examples_3\Unit_Tests\PC Visual Studio 2019\..\src\06_MaterialPlayground\Materials" "D:\HTC\avboit\The-Forge\Examples_3\Unit_Tests\PC Visual Studio 2019\x64\Release\06_MaterialPlayground\CompiledMaterials"
         
         :VCEnd
    47>PostBuildEvent:
         5 File(s) copied
    54>ClCompile:
         ?????????
    47>PostBuildEvent:
         0 File(s) copied
         0 File(s) copied
    53>PostBuildEvent:
         0 File(s) copied
    47>PostBuildEvent:
         0 File(s) copied
    53>PostBuildEvent:
         0 File(s) copied
    47>PostBuildEvent:
         0 File(s) copied
         File not found - *.lua
    53>PostBuildEvent:
         0 File(s) copied
    54>Link:
         ?????????
    47>PostBuildEvent:
         0 File(s) copied
    53>PostBuildEvent:
         0 File(s) copied
    47>PostBuildEvent:
         0 File(s) copied
    54>Link:
         10_ScreenSpaceReflections.vcxproj -> D:\HTC\avboit\The-Forge\Examples_3\Unit_Tests\PC Visual Studio 2019\x64\Release\10_ScreenSpaceReflections\10_ScreenSpaceReflections.exe
    53>PostBuildEvent:
         0 File(s) copied
    54>CustomBuildStep:
       ??????“CustomBuildStep”,????????
    47>FinalizeBuildStatus:
         ??????“D:\HTC\avboit\The-Forge\Examples_3\Unit_Tests\PC Visual Studio 2019\\x64\Release\Intermediate\15_Transparency\15_Transparency.tlog\unsuccessfulbuild”?
         ???“D:\HTC\avboit\The-Forge\Examples_3\Unit_Tests\PC Visual Studio 2019\\x64\Release\Intermediate\15_Transparency\15_Transparency.tlog\15_Transparency.lastbuildstate”?? Touch ???
    47>???????“D:\HTC\avboit\The-Forge\Examples_3\Unit_Tests\PC Visual Studio 2019\15_Transparency.vcxproj”(????)????
    10>???????“D:\HTC\avboit\The-Forge\Examples_3\Unit_Tests\PC Visual Studio 2019\15_Transparency.vcxproj.metaproj”(????)????
    54>CustomBuildStep:
       ??????“CustomBuildStep”,????????
       PostBuildEvent:
         
                 xcopy "D:\HTC\avboit\The-Forge\Examples_3\Unit_Tests\PC Visual Studio 2019\..\..\..\Common_3\Graphics\ThirdParty\OpenSource\VulkanSDK\bin\Win32\*.dll" "D:\HTC\avboit\The-Forge\Examples_3\Unit_Tests\PC Visual Studio 2019\x64\Release\10_ScreenSpaceReflections\" /S /Y /D
                 xcopy "D:\HTC\avboit\The-Forge\Examples_3\Unit_Tests\PC Visual Studio 2019\..\..\..\Common_3\Graphics\ThirdParty\OpenSource\VulkanSDK\bin\Win32\*.json" "D:\HTC\avboit\The-Forge\Examples_3\Unit_Tests\PC Visual Studio 2019\x64\Release\10_ScreenSpaceReflections\" /S /Y /D
                 xcopy "D:\HTC\avboit\The-Forge\Examples_3\Unit_Tests\PC Visual Studio 2019\..\..\..\Common_3\Graphics\ThirdParty\OpenSource\ags\ags_lib\lib\amd_ags_x64.dll" "D:\HTC\avboit\The-Forge\Examples_3\Unit_Tests\PC Visual Studio 2019\x64\Release\10_ScreenSpaceReflections\amd_ags_x64.dll"* /S /Y /D
                 xcopy "D:\HTC\avboit\The-Forge\Examples_3\Unit_Tests\PC Visual Studio 2019\..\..\..\Common_3\Graphics\ThirdParty\OpenSource\DirectXShaderCompiler\bin\x64\dxcompiler.dll" "D:\HTC\avboit\The-Forge\Examples_3\Unit_Tests\PC Visual Studio 2019\x64\Release\10_ScreenSpaceReflections\dxcompiler.dll"* /S /Y /D
                 xcopy "D:\HTC\avboit\The-Forge\Examples_3\Unit_Tests\PC Visual Studio 2019\..\..\..\Common_3\Graphics\ThirdParty\OpenSource\Direct3d12Agility\bin\x64\*.dll" "D:\HTC\avboit\The-Forge\Examples_3\Unit_Tests\PC Visual Studio 2019\x64\Release\10_ScreenSpaceReflections\"* /S /Y /D
                 xcopy "D:\HTC\avboit\The-Forge\Examples_3\Unit_Tests\PC Visual Studio 2019\..\..\..\Common_3\OS\ThirdParty\OpenSource\winpixeventruntime\bin\WinPixEventRuntime.dll" "D:\HTC\avboit\The-Forge\Examples_3\Unit_Tests\PC Visual Studio 2019\x64\Release\10_ScreenSpaceReflections\WinPixEventRunTime.dll"* /S /Y /D
                 
                :: Copy Art files
         
                 xcopy "D:\HTC\avboit\The-Forge\Examples_3\Unit_Tests\PC Visual Studio 2019\..\..\..\Common_3\Graphics\ThirdParty\OpenSource\VulkanSDK\bin\Win32\*.dll" "D:\HTC\avboit\The-Forge\Examples_3\Unit_Tests\PC Visual Studio 2019\x64\Release\10_ScreenSpaceReflections\" /S /Y /D
                 xcopy "D:\HTC\avboit\The-Forge\Examples_3\Unit_Tests\PC Visual Studio 2019\..\..\..\Common_3\Graphics\ThirdParty\OpenSource\VulkanSDK\bin\Win32\*.json" "D:\HTC\avboit\The-Forge\Examples_3\Unit_Tests\PC Visual Studio 2019\x64\Release\10_ScreenSpaceReflections\" /S /Y /D
                 xcopy "D:\HTC\avboit\The-Forge\Examples_3\Unit_Tests\PC Visual Studio 2019\..\..\..\Common_3\Graphics\ThirdParty\OpenSource\ags\ags_lib\lib\amd_ags_x64.dll" "D:\HTC\avboit\The-Forge\Examples_3\Unit_Tests\PC Visual Studio 2019\x64\Release\10_ScreenSpaceReflections\amd_ags_x64.dll"* /S /Y /D
                 xcopy "D:\HTC\avboit\The-Forge\Examples_3\Unit_Tests\PC Visual Studio 2019\..\..\..\Common_3\Graphics\ThirdParty\OpenSource\DirectXShaderCompiler\bin\x64\dxcompiler.dll" "D:\HTC\avboit\The-Forge\Examples_3\Unit_Tests\PC Visual Studio 2019\x64\Release\10_ScreenSpaceReflections\dxcompiler.dll"* /S /Y /D
                 xcopy "D:\HTC\avboit\The-Forge\Examples_3\Unit_Tests\PC Visual Studio 2019\..\..\..\Common_3\Graphics\ThirdParty\OpenSource\Direct3d12Agility\bin\x64\*.dll" "D:\HTC\avboit\The-Forge\Examples_3\Unit_Tests\PC Visual Studio 2019\x64\Release\10_ScreenSpaceReflections\"* /S /Y /D
                 xcopy "D:\HTC\avboit\The-Forge\Examples_3\Unit_Tests\PC Visual Studio 2019\..\..\..\Common_3\OS\ThirdParty\OpenSource\winpixeventruntime\bin\WinPixEventRuntime.dll" "D:\HTC\avboit\The-Forge\Examples_3\Unit_Tests\PC Visual Studio 2019\x64\Release\10_ScreenSpaceReflections\WinPixEventRunTime.dll"* /S /Y /D
                 
                set ART=D:\HTC\avboit\The-Forge\Examples_3\Unit_Tests\PC Visual Studio 2019\..\..\..\Art\
         
         xcopy /Y /S /D "%ART%\SanMiguel_3\Meshes\*" "D:\HTC\avboit\The-Forge\Examples_3\Unit_Tests\PC Visual Studio 2019\x64\Release\10_ScreenSpaceReflections\Meshes\"
         xcopy /Y /S /D "%ART%\SanMiguel_3\Textures\dds\*.tex" "D:\HTC\avboit\The-Forge\Examples_3\Unit_Tests\PC Visual Studio 2019\x64\Release\10_ScreenSpaceReflections\Textures\"
         
         xcopy /Y /S /D "%ART%\UnitTestResources\Textures\dds\LA_Helipad3D.tex" "D:\HTC\avboit\The-Forge\Examples_3\Unit_Tests\PC Visual Studio 2019\x64\Release\10_ScreenSpaceReflections\Textures\"
         xcopy /Y /S /D "%ART%\UnitTestResources\Textures\ktx\HDRI\*.tex" "D:\HTC\avboit\The-Forge\Examples_3\Unit_Tests\PC Visual Studio 2019\x64\Release\10_ScreenSpaceReflections\Textures\"
         xcopy /Y /S /D "%ART%\UnitTestResources\Fonts\*.ttf" "D:\HTC\avboit\The-Forge\Examples_3\Unit_Tests\PC Visual Studio 2019\x64\Release\10_ScreenSpaceReflections\Fonts\"
         xcopy /Y /S /D "%ART%\UnitTestResources\Fonts\*.otf" "D:\HTC\avboit\The-Forge\Examples_3\Unit_Tests\PC Visual Studio 2019\x64\Release\10_ScreenSpaceReflections\Fonts\"
         
         xcopy /Y /S /D /E "D:\HTC\avboit\The-Forge\Examples_3\Unit_Tests\PC Visual Studio 2019\x64\Release\10_ScreenSpaceReflections\..\OS\Shaders" "D:\HTC\avboit\The-Forge\Examples_3\Unit_Tests\PC Visual Studio 2019\x64\Release\10_ScreenSpaceReflections\Shaders"
         xcopy /Y /S /D /E "D:\HTC\avboit\The-Forge\Examples_3\Unit_Tests\PC Visual Studio 2019\x64\Release\10_ScreenSpaceReflections\..\OS\CompiledShaders" "D:\HTC\avboit\The-Forge\Examples_3\Unit_Tests\PC Visual Studio 2019\x64\Release\10_ScreenSpaceReflections\CompiledShaders"
         
         xcopy /Y /S /D "D:\HTC\avboit\The-Forge\Examples_3\Unit_Tests\PC Visual Studio 2019\..\src\10_ScreenSpaceReflections\Scripts\*.lua" "D:\HTC\avboit\The-Forge\Examples_3\Unit_Tests\PC Visual Studio 2019\x64\Release\10_ScreenSpaceReflections\Scripts\"
         xcopy /Y /S /D "%ART%\UnitTestResources\Scripts\*.lua" "D:\HTC\avboit\The-Forge\Examples_3\Unit_Tests\PC Visual Studio 2019\x64\Release\10_ScreenSpaceReflections\Scripts\"
         
         xcopy "D:\HTC\avboit\The-Forge\Common_3\OS\Windows\pc_gpu.data" "D:\HTC\avboit\The-Forge\Examples_3\Unit_Tests\PC Visual Studio 2019\x64\Release\10_ScreenSpaceReflections\GPUCfg\gpu.data*" /Y /D
         xcopy "D:\HTC\avboit\The-Forge\Examples_3\Unit_Tests\src\10_ScreenSpaceReflections\GPUCfg\gpu.cfg" "D:\HTC\avboit\The-Forge\Examples_3\Unit_Tests\PC Visual Studio 2019\x64\Release\10_ScreenSpaceReflections\GPUCfg\gpu.cfg*" /Y /D
         
         :VCEnd
    53>PostBuildEvent:
         0 File(s) copied
         File not found - *.tex
         0 File(s) copied
         File not found - *.tex
         0 File(s) copied
    54>PostBuildEvent:
         0 File(s) copied
    53>PostBuildEvent:
         D:\HTC\avboit\The-Forge\Examples_3\Unit_Tests\PC Visual Studio 2019\..\..\..\Art\\UnitTestResources\Meshes\capsule.bin
         D:\HTC\avboit\The-Forge\Examples_3\Unit_Tests\PC Visual Studio 2019\..\..\..\Art\\UnitTestResources\Meshes\cube.bin
         D:\HTC\avboit\The-Forge\Examples_3\Unit_Tests\PC Visual Studio 2019\..\..\..\Art\\UnitTestResources\Meshes\FlightHelmet.bin
         D:\HTC\avboit\The-Forge\Examples_3\Unit_Tests\PC Visual Studio 2019\..\..\..\Art\\UnitTestResources\Meshes\Lantern.bin
         D:\HTC\avboit\The-Forge\Examples_3\Unit_Tests\PC Visual Studio 2019\..\..\..\Art\\UnitTestResources\Meshes\lion.bin
         D:\HTC\avboit\The-Forge\Examples_3\Unit_Tests\PC Visual Studio 2019\..\..\..\Art\\UnitTestResources\Meshes\matBall.bin
         D:\HTC\avboit\The-Forge\Examples_3\Unit_Tests\PC Visual Studio 2019\..\..\..\Art\\UnitTestResources\Meshes\plane.bin
         D:\HTC\avboit\The-Forge\Examples_3\Unit_Tests\PC Visual Studio 2019\..\..\..\Art\\UnitTestResources\Meshes\saturn.bin
         D:\HTC\avboit\The-Forge\Examples_3\Unit_Tests\PC Visual Studio 2019\..\..\..\Art\\UnitTestResources\Meshes\sphere.bin
         D:\HTC\avboit\The-Forge\Examples_3\Unit_Tests\PC Visual Studio 2019\..\..\..\Art\\UnitTestResources\Meshes\sphereHires.bin
         D:\HTC\avboit\The-Forge\Examples_3\Unit_Tests\PC Visual Studio 2019\..\..\..\Art\\UnitTestResources\Meshes\Hair\back.bin
    54>PostBuildEvent:
         0 File(s) copied
    53>PostBuildEvent:
         D:\HTC\avboit\The-Forge\Examples_3\Unit_Tests\PC Visual Studio 2019\..\..\..\Art\\UnitTestResources\Meshes\Hair\female_hair_1.bin
         D:\HTC\avboit\The-Forge\Examples_3\Unit_Tests\PC Visual Studio 2019\..\..\..\Art\\UnitTestResources\Meshes\Hair\female_hair_2.bin
         D:\HTC\avboit\The-Forge\Examples_3\Unit_Tests\PC Visual Studio 2019\..\..\..\Art\\UnitTestResources\Meshes\Hair\female_hair_3.bin
    54>PostBuildEvent:
         0 File(s) copied
    53>PostBuildEvent:
         D:\HTC\avboit\The-Forge\Examples_3\Unit_Tests\PC Visual Studio 2019\..\..\..\Art\\UnitTestResources\Meshes\Hair\female_hair_6_tail.bin
    54>PostBuildEvent:
         0 File(s) copied
    53>PostBuildEvent:
         D:\HTC\avboit\The-Forge\Examples_3\Unit_Tests\PC Visual Studio 2019\..\..\..\Art\\UnitTestResources\Meshes\Hair\female_hair_6_top.bin
         D:\HTC\avboit\The-Forge\Examples_3\Unit_Tests\PC Visual Studio 2019\..\..\..\Art\\UnitTestResources\Meshes\Hair\front_top.bin
         D:\HTC\avboit\The-Forge\Examples_3\Unit_Tests\PC Visual Studio 2019\..\..\..\Art\\UnitTestResources\Meshes\Hair\side.bin
         D:\HTC\avboit\The-Forge\Examples_3\Unit_Tests\PC Visual Studio 2019\..\..\..\Art\\UnitTestResources\Meshes\Hair\tail.bin
    54>PostBuildEvent:
         0 File(s) copied
    53>PostBuildEvent:
         D:\HTC\avboit\The-Forge\Examples_3\Unit_Tests\PC Visual Studio 2019\..\..\..\Art\\UnitTestResources\Meshes\SanMiguel_3\SanMiguel.bin
    54>PostBuildEvent:
         0 File(s) copied
    53>PostBuildEvent:
         D:\HTC\avboit\The-Forge\Examples_3\Unit_Tests\PC Visual Studio 2019\..\..\..\Art\\UnitTestResources\Meshes\SanMiguel_3\SanMiguel_AlphaTested.bin
    54>PostBuildEvent:
         0 File(s) copied
         0 File(s) copied
    53>PostBuildEvent:
         D:\HTC\avboit\The-Forge\Examples_3\Unit_Tests\PC Visual Studio 2019\..\..\..\Art\\UnitTestResources\Meshes\SanMiguel_3\SanMiguel_Flags.bin
         D:\HTC\avboit\The-Forge\Examples_3\Unit_Tests\PC Visual Studio 2019\..\..\..\Art\\UnitTestResources\Meshes\SanMiguel_3\SanMiguel_Opaque.bin
    54>PostBuildEvent:
         0 File(s) copied
    53>PostBuildEvent:
         D:\HTC\avboit\The-Forge\Examples_3\Unit_Tests\PC Visual Studio 2019\..\..\..\Art\\UnitTestResources\Meshes\SanMiguel_3\sun.bin
         D:\HTC\avboit\The-Forge\Examples_3\Unit_Tests\PC Visual Studio 2019\..\..\..\Art\\UnitTestResources\Meshes\stormtrooper\riggedMesh.bin
         D:\HTC\avboit\The-Forge\Examples_3\Unit_Tests\PC Visual Studio 2019\..\..\..\Art\\UnitTestResources\Meshes\stormtrooper\glTF\riggedMesh.bin
         26 File(s) copied
    54>PostBuildEvent:
         0 File(s) copied
    53>PostBuildEvent:
         0 File(s) copied
    54>PostBuildEvent:
         0 File(s) copied
         0 File(s) copied
    53>PostBuildEvent:
         D:\HTC\avboit\The-Forge\Examples_3\Unit_Tests\PC Visual Studio 2019\..\..\..\Art\\UnitTestResources\Animation\ozzLogo\skeleton.ozz
         D:\HTC\avboit\The-Forge\Examples_3\Unit_Tests\PC Visual Studio 2019\..\..\..\Art\\UnitTestResources\Animation\ozzLogo\animations\shatter.ozz
         D:\HTC\avboit\The-Forge\Examples_3\Unit_Tests\PC Visual Studio 2019\..\..\..\Art\\UnitTestResources\Animation\stickFigure\skeleton.ozz
         D:\HTC\avboit\The-Forge\Examples_3\Unit_Tests\PC Visual Studio 2019\..\..\..\Art\\UnitTestResources\Animation\stickFigure\animations\jog.ozz
         D:\HTC\avboit\The-Forge\Examples_3\Unit_Tests\PC Visual Studio 2019\..\..\..\Art\\UnitTestResources\Animation\stickFigure\animations\neckCrack.ozz
         D:\HTC\avboit\The-Forge\Examples_3\Unit_Tests\PC Visual Studio 2019\..\..\..\Art\\UnitTestResources\Animation\stickFigure\animations\run.ozz
         D:\HTC\avboit\The-Forge\Examples_3\Unit_Tests\PC Visual Studio 2019\..\..\..\Art\\UnitTestResources\Animation\stickFigure\animations\stand.ozz
         D:\HTC\avboit\The-Forge\Examples_3\Unit_Tests\PC Visual Studio 2019\..\..\..\Art\\UnitTestResources\Animation\stickFigure\animations\walk.ozz
         D:\HTC\avboit\The-Forge\Examples_3\Unit_Tests\PC Visual Studio 2019\..\..\..\Art\\UnitTestResources\Animation\stormtrooper\skeleton.ozz
         D:\HTC\avboit\The-Forge\Examples_3\Unit_Tests\PC Visual Studio 2019\..\..\..\Art\\UnitTestResources\Animation\stormtrooper\animations\dance.ozz
    54>PostBuildEvent:
         0 File(s) copied
         File not found - *
    53>PostBuildEvent:
         10 File(s) copied
    54>PostBuildEvent:
         File not found - *.tex
         0 File(s) copied
    53>PostBuildEvent:
         D:\HTC\avboit\The-Forge\Examples_3\Unit_Tests\PC Visual Studio 2019\..\..\..\Art\\UnitTestResources\Textures\dds\Skybox_back6.tex
         D:\HTC\avboit\The-Forge\Examples_3\Unit_Tests\PC Visual Studio 2019\..\..\..\Art\\UnitTestResources\Textures\dds\Skybox_bottom4.tex
         D:\HTC\avboit\The-Forge\Examples_3\Unit_Tests\PC Visual Studio 2019\..\..\..\Art\\UnitTestResources\Textures\dds\Skybox_front5.tex
         D:\HTC\avboit\The-Forge\Examples_3\Unit_Tests\PC Visual Studio 2019\..\..\..\Art\\UnitTestResources\Textures\dds\Skybox_left2.tex
         D:\HTC\avboit\The-Forge\Examples_3\Unit_Tests\PC Visual Studio 2019\..\..\..\Art\\UnitTestResources\Textures\dds\Skybox_right1.tex
         D:\HTC\avboit\The-Forge\Examples_3\Unit_Tests\PC Visual Studio 2019\..\..\..\Art\\UnitTestResources\Textures\dds\Skybox_top3.tex
    54>PostBuildEvent:
         D:\HTC\avboit\The-Forge\Examples_3\Unit_Tests\PC Visual Studio 2019\..\..\..\Art\\UnitTestResources\Textures\dds\LA_Helipad3D.tex
    53>PostBuildEvent:
         6 File(s) copied
         D:\HTC\avboit\The-Forge\Examples_3\Unit_Tests\PC Visual Studio 2019\..\..\..\Art\\UnitTestResources\Textures\dds\circlepad.tex
    54>PostBuildEvent:
         1 File(s) copied
         D:\HTC\avboit\The-Forge\Examples_3\Unit_Tests\PC Visual Studio 2019\..\..\..\Art\\UnitTestResources\Textures\ktx\HDRI\autumn_hockey_4k.tex
         D:\HTC\avboit\The-Forge\Examples_3\Unit_Tests\PC Visual Studio 2019\..\..\..\Art\\UnitTestResources\Textures\ktx\HDRI\autumn_hockey_4k_iem.tex
         D:\HTC\avboit\The-Forge\Examples_3\Unit_Tests\PC Visual Studio 2019\..\..\..\Art\\UnitTestResources\Textures\ktx\HDRI\autumn_hockey_4k_pmrem.tex
         D:\HTC\avboit\The-Forge\Examples_3\Unit_Tests\PC Visual Studio 2019\..\..\..\Art\\UnitTestResources\Textures\ktx\HDRI\brdf.tex
         D:\HTC\avboit\The-Forge\Examples_3\Unit_Tests\PC Visual Studio 2019\..\..\..\Art\\UnitTestResources\Textures\ktx\HDRI\evening_meadow_4k_iem.tex
         D:\HTC\avboit\The-Forge\Examples_3\Unit_Tests\PC Visual Studio 2019\..\..\..\Art\\UnitTestResources\Textures\ktx\HDRI\evening_meadow_4k_pmrem.tex
         6 File(s) copied
         D:\HTC\avboit\The-Forge\Examples_3\Unit_Tests\PC Visual Studio 2019\..\..\..\Art\\UnitTestResources\Fonts\ComicRelief\ComicRelief-Bold.ttf
         D:\HTC\avboit\The-Forge\Examples_3\Unit_Tests\PC Visual Studio 2019\..\..\..\Art\\UnitTestResources\Fonts\ComicRelief\ComicRelief.ttf
         D:\HTC\avboit\The-Forge\Examples_3\Unit_Tests\PC Visual Studio 2019\..\..\..\Art\\UnitTestResources\Fonts\Crimson\Crimson-Bold.ttf
         D:\HTC\avboit\The-Forge\Examples_3\Unit_Tests\PC Visual Studio 2019\..\..\..\Art\\UnitTestResources\Fonts\Crimson\Crimson-BoldItalic.ttf
         D:\HTC\avboit\The-Forge\Examples_3\Unit_Tests\PC Visual Studio 2019\..\..\..\Art\\UnitTestResources\Fonts\Crimson\Crimson-Italic.ttf
         D:\HTC\avboit\The-Forge\Examples_3\Unit_Tests\PC Visual Studio 2019\..\..\..\Art\\UnitTestResources\Fonts\Crimson\Crimson-Roman.ttf
         D:\HTC\avboit\The-Forge\Examples_3\Unit_Tests\PC Visual Studio 2019\..\..\..\Art\\UnitTestResources\Fonts\Crimson\Crimson-Semibold.ttf
         D:\HTC\avboit\The-Forge\Examples_3\Unit_Tests\PC Visual Studio 2019\..\..\..\Art\\UnitTestResources\Fonts\Crimson\Crimson-SemiboldItalic.ttf
         D:\HTC\avboit\The-Forge\Examples_3\Unit_Tests\PC Visual Studio 2019\..\..\..\Art\\UnitTestResources\Fonts\HermeneusOne\HermeneusOne.ttf
         9 File(s) copied
    53>PostBuildEvent:
         1 File(s) copied
    54>PostBuildEvent:
         D:\HTC\avboit\The-Forge\Examples_3\Unit_Tests\PC Visual Studio 2019\..\..\..\Art\\UnitTestResources\Fonts\InconsolataLGC\Inconsolata-LGC-Bold.otf
         D:\HTC\avboit\The-Forge\Examples_3\Unit_Tests\PC Visual Studio 2019\..\..\..\Art\\UnitTestResources\Fonts\InconsolataLGC\Inconsolata-LGC-BoldItalic.otf
         D:\HTC\avboit\The-Forge\Examples_3\Unit_Tests\PC Visual Studio 2019\..\..\..\Art\\UnitTestResources\Fonts\InconsolataLGC\Inconsolata-LGC-Italic.otf
         D:\HTC\avboit\The-Forge\Examples_3\Unit_Tests\PC Visual Studio 2019\..\..\..\Art\\UnitTestResources\Fonts\InconsolataLGC\Inconsolata-LGC.otf
         D:\HTC\avboit\The-Forge\Examples_3\Unit_Tests\PC Visual Studio 2019\..\..\..\Art\\UnitTestResources\Fonts\TitilliumText\TitilliumText-Bold.otf
         5 File(s) copied
    53>PostBuildEvent:
         D:\HTC\avboit\The-Forge\Examples_3\Unit_Tests\PC Visual Studio 2019\..\..\..\Art\\UnitTestResources\Textures\dds\LA_Helipad3D.tex
    54>PostBuildEvent:
         0 File(s) copied
         0 File(s) copied
         0 File(s) copied
         File not found - *.lua
         0 File(s) copied
         0 File(s) copied
    53>PostBuildEvent:
         1 File(s) copied
    54>PostBuildEvent:
         0 File(s) copied
    53>PostBuildEvent:
         D:\HTC\avboit\The-Forge\Examples_3\Unit_Tests\PC Visual Studio 2019\..\..\..\Art\\UnitTestResources\Fonts\ComicRelief\ComicRelief-Bold.ttf
         D:\HTC\avboit\The-Forge\Examples_3\Unit_Tests\PC Visual Studio 2019\..\..\..\Art\\UnitTestResources\Fonts\ComicRelief\ComicRelief.ttf
         D:\HTC\avboit\The-Forge\Examples_3\Unit_Tests\PC Visual Studio 2019\..\..\..\Art\\UnitTestResources\Fonts\Crimson\Crimson-Bold.ttf
         D:\HTC\avboit\The-Forge\Examples_3\Unit_Tests\PC Visual Studio 2019\..\..\..\Art\\UnitTestResources\Fonts\Crimson\Crimson-BoldItalic.ttf
         D:\HTC\avboit\The-Forge\Examples_3\Unit_Tests\PC Visual Studio 2019\..\..\..\Art\\UnitTestResources\Fonts\Crimson\Crimson-Italic.ttf
         D:\HTC\avboit\The-Forge\Examples_3\Unit_Tests\PC Visual Studio 2019\..\..\..\Art\\UnitTestResources\Fonts\Crimson\Crimson-Roman.ttf
         D:\HTC\avboit\The-Forge\Examples_3\Unit_Tests\PC Visual Studio 2019\..\..\..\Art\\UnitTestResources\Fonts\Crimson\Crimson-Semibold.ttf
         D:\HTC\avboit\The-Forge\Examples_3\Unit_Tests\PC Visual Studio 2019\..\..\..\Art\\UnitTestResources\Fonts\Crimson\Crimson-SemiboldItalic.ttf
         D:\HTC\avboit\The-Forge\Examples_3\Unit_Tests\PC Visual Studio 2019\..\..\..\Art\\UnitTestResources\Fonts\HermeneusOne\HermeneusOne.ttf
         9 File(s) copied
    54>FinalizeBuildStatus:
         ??????“D:\HTC\avboit\The-Forge\Examples_3\Unit_Tests\PC Visual Studio 2019\\x64\Release\Intermediate\10_ScreenSpaceReflections\10_Scree.DA983663.tlog\unsuccessfulbuild”?
         ???“D:\HTC\avboit\The-Forge\Examples_3\Unit_Tests\PC Visual Studio 2019\\x64\Release\Intermediate\10_ScreenSpaceReflections\10_Scree.DA983663.tlog\10_ScreenSpaceReflections.lastbuildstate”?? Touch ???
    54>???????“D:\HTC\avboit\The-Forge\Examples_3\Unit_Tests\PC Visual Studio 2019\10_ScreenSpaceReflections.vcxproj”(????)????
     8>???????“D:\HTC\avboit\The-Forge\Examples_3\Unit_Tests\PC Visual Studio 2019\10_ScreenSpaceReflections.vcxproj.metaproj”(????)????
     1>??“D:\HTC\avboit\The-Forge\Examples_3\Unit_Tests\PC Visual Studio 2019\Unit_Tests.sln”(1)???? 1 ???“D:\HTC\avboit\The-Forge\Examples_3\Unit_Tests\PC Visual Studio 2019\21_Animations.vcxproj.metaproj”(22) (????)?
    22>??“D:\HTC\avboit\The-Forge\Examples_3\Unit_Tests\PC Visual Studio 2019\21_Animations.vcxproj.metaproj”(22)???? 6 ???“D:\HTC\avboit\The-Forge\Examples_3\Unit_Tests\PC Visual Studio 2019\21_Animations.vcxproj”(36) (????)?
    36>PrepareForBuild:
         ???????????????????????????????????,??? https://aka.ms/cpp/structured-output?
       InitializeBuildStatus:
         ????“D:\HTC\avboit\The-Forge\Examples_3\Unit_Tests\PC Visual Studio 2019\\x64\Release\Intermediate\21_Animations\21_Animations.tlog\unsuccessfulbuild”,?????“AlwaysCreate”?
         ???“D:\HTC\avboit\The-Forge\Examples_3\Unit_Tests\PC Visual Studio 2019\\x64\Release\Intermediate\21_Animations\21_Animations.tlog\unsuccessfulbuild”?? Touch ???
    53>PostBuildEvent:
         D:\HTC\avboit\The-Forge\Examples_3\Unit_Tests\PC Visual Studio 2019\..\..\..\Art\\UnitTestResources\Fonts\InconsolataLGC\Inconsolata-LGC-Bold.otf
         D:\HTC\avboit\The-Forge\Examples_3\Unit_Tests\PC Visual Studio 2019\..\..\..\Art\\UnitTestResources\Fonts\InconsolataLGC\Inconsolata-LGC-BoldItalic.otf
         D:\HTC\avboit\The-Forge\Examples_3\Unit_Tests\PC Visual Studio 2019\..\..\..\Art\\UnitTestResources\Fonts\InconsolataLGC\Inconsolata-LGC-Italic.otf
         D:\HTC\avboit\The-Forge\Examples_3\Unit_Tests\PC Visual Studio 2019\..\..\..\Art\\UnitTestResources\Fonts\InconsolataLGC\Inconsolata-LGC.otf
         D:\HTC\avboit\The-Forge\Examples_3\Unit_Tests\PC Visual Studio 2019\..\..\..\Art\\UnitTestResources\Fonts\TitilliumText\TitilliumText-Bold.otf
         5 File(s) copied
         0 File(s) copied
         0 File(s) copied
         0 File(s) copied
         File not found - *.lua
         0 File(s) copied
         0 File(s) copied
         0 File(s) copied
         Forge Material Compiler:
           Material Files: 2
           Shaders:  Total=2   Unique=1
           Textures: Total=84   Unique=70
       FinalizeBuildStatus:
         ??????“D:\HTC\avboit\The-Forge\Examples_3\Unit_Tests\PC Visual Studio 2019\\x64\Release\Intermediate\06_MaterialPlayground\06_Mater.611831C0.tlog\unsuccessfulbuild”?
         ???“D:\HTC\avboit\The-Forge\Examples_3\Unit_Tests\PC Visual Studio 2019\\x64\Release\Intermediate\06_MaterialPlayground\06_Mater.611831C0.tlog\06_MaterialPlayground.lastbuildstate”?? Touch ???
    53>???????“D:\HTC\avboit\The-Forge\Examples_3\Unit_Tests\PC Visual Studio 2019\06_MaterialPlayground.vcxproj”(????)????
     7>???????“D:\HTC\avboit\The-Forge\Examples_3\Unit_Tests\PC Visual Studio 2019\06_MaterialPlayground.vcxproj.metaproj”(????)????
    46>PostBuildEvent:
         
                 xcopy "D:\HTC\avboit\The-Forge\Examples_3\Unit_Tests\PC Visual Studio 2019\..\..\..\Common_3\Graphics\ThirdParty\OpenSource\VulkanSDK\bin\Win32\*.dll" "D:\HTC\avboit\The-Forge\Examples_3\Unit_Tests\PC Visual Studio 2019\x64\Release\28_Skinning\" /S /Y /D
                 xcopy "D:\HTC\avboit\The-Forge\Examples_3\Unit_Tests\PC Visual Studio 2019\..\..\..\Common_3\Graphics\ThirdParty\OpenSource\VulkanSDK\bin\Win32\*.json" "D:\HTC\avboit\The-Forge\Examples_3\Unit_Tests\PC Visual Studio 2019\x64\Release\28_Skinning\" /S /Y /D
                 xcopy "D:\HTC\avboit\The-Forge\Examples_3\Unit_Tests\PC Visual Studio 2019\..\..\..\Common_3\Graphics\ThirdParty\OpenSource\ags\ags_lib\lib\amd_ags_x64.dll" "D:\HTC\avboit\The-Forge\Examples_3\Unit_Tests\PC Visual Studio 2019\x64\Release\28_Skinning\amd_ags_x64.dll"* /S /Y /D
                 xcopy "D:\HTC\avboit\The-Forge\Examples_3\Unit_Tests\PC Visual Studio 2019\..\..\..\Common_3\Graphics\ThirdParty\OpenSource\DirectXShaderCompiler\bin\x64\dxcompiler.dll" "D:\HTC\avboit\The-Forge\Examples_3\Unit_Tests\PC Visual Studio 2019\x64\Release\28_Skinning\dxcompiler.dll"* /S /Y /D
                 xcopy "D:\HTC\avboit\The-Forge\Examples_3\Unit_Tests\PC Visual Studio 2019\..\..\..\Common_3\Graphics\ThirdParty\OpenSource\Direct3d12Agility\bin\x64\*.dll" "D:\HTC\avboit\The-Forge\Examples_3\Unit_Tests\PC Visual Studio 2019\x64\Release\28_Skinning\"* /S /Y /D
                 xcopy "D:\HTC\avboit\The-Forge\Examples_3\Unit_Tests\PC Visual Studio 2019\..\..\..\Common_3\OS\ThirdParty\OpenSource\winpixeventruntime\bin\WinPixEventRuntime.dll" "D:\HTC\avboit\The-Forge\Examples_3\Unit_Tests\PC Visual Studio 2019\x64\Release\28_Skinning\WinPixEventRunTime.dll"* /S /Y /D
                 
                set ART=D:\HTC\avboit\The-Forge\Examples_3\Unit_Tests\PC Visual Studio 2019\..\..\..\Art\
         xcopy /Y /S /D "%ART%\UnitTestResources\Animation\*.ozz" "D:\HTC\avboit\The-Forge\Examples_3\Unit_Tests\PC Visual Studio 2019\x64\Release\28_Skinning\Animation\"
         xcopy /Y /S /D "%ART%\UnitTestResources\Animation\*.bin" "D:\HTC\avboit\The-Forge\Examples_3\Unit_Tests\PC Visual Studio 2019\x64\Release\28_Skinning\Meshes\"
         xcopy /Y /S /D "%ART%\UnitTestResources\Textures\dds\Stormtrooper_D.tex" "D:\HTC\avboit\The-Forge\Examples_3\Unit_Tests\PC Visual Studio 2019\x64\Release\28_Skinning\Textures\"
         xcopy /Y /S /D "%ART%\UnitTestResources\Fonts\*.ttf" "D:\HTC\avboit\The-Forge\Examples_3\Unit_Tests\PC Visual Studio 2019\x64\Release\28_Skinning\Fonts\"
         xcopy /Y /S /D "%ART%\UnitTestResources\Fonts\*.otf" "D:\HTC\avboit\The-Forge\Examples_3\Unit_Tests\PC Visual Studio 2019\x64\Release\28_Skinning\Fonts\"
         
         xcopy /Y /S /D /E "D:\HTC\avboit\The-Forge\Examples_3\Unit_Tests\PC Visual Studio 2019\x64\Release\28_Skinning\..\OS\Shaders" "D:\HTC\avboit\The-Forge\Examples_3\Unit_Tests\PC Visual Studio 2019\x64\Release\28_Skinning\Shaders"
         xcopy /Y /S /D /E "D:\HTC\avboit\The-Forge\Examples_3\Unit_Tests\PC Visual Studio 2019\x64\Release\28_Skinning\..\OS\CompiledShaders" "D:\HTC\avboit\The-Forge\Examples_3\Unit_Tests\PC Visual Studio 2019\x64\Release\28_Skinning\CompiledShaders"
         
         xcopy /Y /S /D "%ART%\UnitTestResources\Scripts\*.lua" "D:\HTC\avboit\The-Forge\Examples_3\Unit_Tests\PC Visual Studio 2019\x64\Release\28_Skinning\Scripts\"
         
         xcopy "D:\HTC\avboit\The-Forge\Common_3\OS\Windows\pc_gpu.data" "D:\HTC\avboit\The-Forge\Examples_3\Unit_Tests\PC Visual Studio 2019\x64\Release\28_Skinning\GPUCfg\gpu.data*" /Y /D
         xcopy "D:\HTC\avboit\The-Forge\Examples_3\Unit_Tests\src\28_Skinning\GPUCfg\gpu.cfg" "D:\HTC\avboit\The-Forge\Examples_3\Unit_Tests\PC Visual Studio 2019\x64\Release\28_Skinning\GPUCfg\gpu.cfg*" /Y /D
         
         :VCEnd
    38>ClCompile:
         ?????????
    46>PostBuildEvent:
         0 File(s) copied
         0 File(s) copied
         0 File(s) copied
         0 File(s) copied
    38>Link:
         ?????????
    46>PostBuildEvent:
         0 File(s) copied
         0 File(s) copied
    38>Link:
         15a_VisibilityBufferOIT.vcxproj -> D:\HTC\avboit\The-Forge\Examples_3\Unit_Tests\PC Visual Studio 2019\x64\Release\15a_VisibilityBufferOIT\15a_VisibilityBufferOIT.exe
       CustomBuildStep:
       ??????“CustomBuildStep”,????????
    46>PostBuildEvent:
         D:\HTC\avboit\The-Forge\Examples_3\Unit_Tests\PC Visual Studio 2019\..\..\..\Art\\UnitTestResources\Animation\ozzLogo\skeleton.ozz
         D:\HTC\avboit\The-Forge\Examples_3\Unit_Tests\PC Visual Studio 2019\..\..\..\Art\\UnitTestResources\Animation\ozzLogo\animations\shatter.ozz
    38>CustomBuildStep:
       ??????“CustomBuildStep”,????????
    46>PostBuildEvent:
         D:\HTC\avboit\The-Forge\Examples_3\Unit_Tests\PC Visual Studio 2019\..\..\..\Art\\UnitTestResources\Animation\stickFigure\skeleton.ozz
         D:\HTC\avboit\The-Forge\Examples_3\Unit_Tests\PC Visual Studio 2019\..\..\..\Art\\UnitTestResources\Animation\stickFigure\animations\jog.ozz
         D:\HTC\avboit\The-Forge\Examples_3\Unit_Tests\PC Visual Studio 2019\..\..\..\Art\\UnitTestResources\Animation\stickFigure\animations\neckCrack.ozz
         D:\HTC\avboit\The-Forge\Examples_3\Unit_Tests\PC Visual Studio 2019\..\..\..\Art\\UnitTestResources\Animation\stickFigure\animations\run.ozz
         D:\HTC\avboit\The-Forge\Examples_3\Unit_Tests\PC Visual Studio 2019\..\..\..\Art\\UnitTestResources\Animation\stickFigure\animations\stand.ozz
    38>PostBuildEvent:
         
                 xcopy "D:\HTC\avboit\The-Forge\Examples_3\Unit_Tests\PC Visual Studio 2019\..\..\..\Common_3\Graphics\ThirdParty\OpenSource\VulkanSDK\bin\Win32\*.dll" "D:\HTC\avboit\The-Forge\Examples_3\Unit_Tests\PC Visual Studio 2019\x64\Release\15a_VisibilityBufferOIT\" /S /Y /D
                 xcopy "D:\HTC\avboit\The-Forge\Examples_3\Unit_Tests\PC Visual Studio 2019\..\..\..\Common_3\Graphics\ThirdParty\OpenSource\VulkanSDK\bin\Win32\*.json" "D:\HTC\avboit\The-Forge\Examples_3\Unit_Tests\PC Visual Studio 2019\x64\Release\15a_VisibilityBufferOIT\" /S /Y /D
                 xcopy "D:\HTC\avboit\The-Forge\Examples_3\Unit_Tests\PC Visual Studio 2019\..\..\..\Common_3\Graphics\ThirdParty\OpenSource\ags\ags_lib\lib\amd_ags_x64.dll" "D:\HTC\avboit\The-Forge\Examples_3\Unit_Tests\PC Visual Studio 2019\x64\Release\15a_VisibilityBufferOIT\amd_ags_x64.dll"* /S /Y /D
                 xcopy "D:\HTC\avboit\The-Forge\Examples_3\Unit_Tests\PC Visual Studio 2019\..\..\..\Common_3\Graphics\ThirdParty\OpenSource\DirectXShaderCompiler\bin\x64\dxcompiler.dll" "D:\HTC\avboit\The-Forge\Examples_3\Unit_Tests\PC Visual Studio 2019\x64\Release\15a_VisibilityBufferOIT\dxcompiler.dll"* /S /Y /D
                 xcopy "D:\HTC\avboit\The-Forge\Examples_3\Unit_Tests\PC Visual Studio 2019\..\..\..\Common_3\Graphics\ThirdParty\OpenSource\Direct3d12Agility\bin\x64\*.dll" "D:\HTC\avboit\The-Forge\Examples_3\Unit_Tests\PC Visual Studio 2019\x64\Release\15a_VisibilityBufferOIT\"* /S /Y /D
                 xcopy "D:\HTC\avboit\The-Forge\Examples_3\Unit_Tests\PC Visual Studio 2019\..\..\..\Common_3\OS\ThirdParty\OpenSource\winpixeventruntime\bin\WinPixEventRuntime.dll" "D:\HTC\avboit\The-Forge\Examples_3\Unit_Tests\PC Visual Studio 2019\x64\Release\15a_VisibilityBufferOIT\WinPixEventRunTime.dll"* /S /Y /D
                 
                set ART=D:\HTC\avboit\The-Forge\Examples_3\Unit_Tests\PC Visual Studio 2019\..\..\..\Art\
         
         xcopy /Y /S /D "%ART%\SanMiguel_3\Meshes\*" "D:\HTC\avboit\The-Forge\Examples_3\Unit_Tests\PC Visual Studio 2019\x64\Release\15a_VisibilityBufferOIT\Meshes\"
         xcopy /Y /S /D "%ART%\SanMiguel_3\Textures\dds\*.tex" "D:\HTC\avboit\The-Forge\Examples_3\Unit_Tests\PC Visual Studio 2019\x64\Release\15a_VisibilityBufferOIT\Textures\"
         xcopy /Y /S /D "%ART%\UnitTestResources\cameraPath.bin" "D:\HTC\avboit\The-Forge\Examples_3\Unit_Tests\PC Visual Studio 2019\x64\Release\15a_VisibilityBufferOIT\"
         xcopy /Y /S /D "%ART%\UnitTestResources\Fonts\*" "D:\HTC\avboit\The-Forge\Examples_3\Unit_Tests\PC Visual Studio 2019\x64\Release\15a_VisibilityBufferOIT\Fonts\"
         xcopy /Y /S /D "%ART%\UnitTestResources\Scripts\*.lua" "D:\HTC\avboit\The-Forge\Examples_3\Unit_Tests\PC Visual Studio 2019\x64\Release\15a_VisibilityBufferOIT\Scripts\"
         xcopy /Y /S /D "%ART%\UnitTestResources\Animation\stormtrooper\animations\*" "D:\HTC\avboit\The-Forge\Examples_3\Unit_Tests\PC Visual Studio 2019\x64\Release\15a_VisibilityBufferOIT\\Animations\stormtrooper\"
         xcopy /Y /S /D "%ART%\UnitTestResources\Animation\stormtrooper\skeleton.ozz" "D:\HTC\avboit\The-Forge\Examples_3\Unit_Tests\PC Visual Studio 2019\x64\Release\15a_VisibilityBufferOIT\\Animations\stormtrooper\"
         xcopy /Y /S /D "%ART%\UnitTestResources\Animation\stormtrooper\riggedMesh.bin" "D:\HTC\avboit\The-Forge\Examples_3\Unit_Tests\PC Visual Studio 2019\x64\Release\15a_VisibilityBufferOIT\\Meshes\stormtrooper\"
         xcopy /Y /S /D "%ART%\UnitTestResources\Textures\dds\Stormtrooper_D.tex" "D:\HTC\avboit\The-Forge\Examples_3\Unit_Tests\PC Visual Studio 2019\x64\Release\15a_VisibilityBufferOIT\\Textures\"
         xcopy /Y /S /D "D:\HTC\avboit\The-Forge\Examples_3\Unit_Tests\PC Visual Studio 2019\..\src\15a_VisibilityBufferOIT\Scripts\*.lua" "D:\HTC\avboit\The-Forge\Examples_3\Unit_Tests\PC Visual Studio 2019\x64\Release\15a_VisibilityBufferOIT\Scripts\"
         
         if not exist "D:\HTC\avboit\The-Forge\Examples_3\Unit_Tests\PC Visual Studio 2019\x64\Release\15a_VisibilityBufferOIT\PipelineCaches\VULKAN\" mkdir "D:\HTC\avboit\The-Forge\Examples_3\Unit_Tests\PC Visual Studio 2019\x64\Release\15a_VisibilityBufferOIT\PipelineCaches\VULKAN\"
         if not exist "D:\HTC\avboit\The-Forge\Examples_3\Unit_Tests\PC Visual Studio 2019\x64\Release\15a_VisibilityBufferOIT\PipelineCaches\DIRECT3D12\" mkdir "D:\HTC\avboit\The-Forge\Examples_3\Unit_Tests\PC Visual Studio 2019\x64\Release\15a_VisibilityBufferOIT\PipelineCaches\DIRECT3D12\"
         
         xcopy /Y /S /D /E "D:\HTC\avboit\The-Forge\Examples_3\Unit_Tests\PC Visual Studio 2019\x64\Release\15a_VisibilityBufferOIT\..\OS\Shaders" "D:\HTC\avboit\The-Forge\Examples_3\Unit_Tests\PC Visual Studio 2019\x64\Release\15a_VisibilityBufferOIT\Shaders"
         xcopy /Y /S /D /E "D:\HTC\avboit\The-Forge\Examples_3\Unit_Tests\PC Visual Studio 2019\x64\Release\15a_VisibilityBufferOIT\..\OS\CompiledShaders" "D:\HTC\avboit\The-Forge\Examples_3\Unit_Tests\PC Visual Studio 2019\x64\Release\15a_VisibilityBufferOIT\CompiledShaders"
         
         xcopy "D:\HTC\avboit\The-Forge\Common_3\OS\Windows\pc_gpu.data" "D:\HTC\avboit\The-Forge\Examples_3\Unit_Tests\PC Visual Studio 2019\x64\Release\15a_VisibilityBufferOIT\GPUCfg\gpu.data*" /Y /D
         xcopy "D:\HTC\avboit\The-Forge\Examples_3\Unit_Tests\src\15a_VisibilityBufferOIT\GPUCfg\gpu.cfg" "D:\HTC\avboit\The-Forge\Examples_3\Unit_Tests\PC Visual Studio 2019\x64\Release\15a_VisibilityBufferOIT\GPUCfg\gpu.cfg*" /Y /D
         
         :VCEnd
    46>PostBuildEvent:
         D:\HTC\avboit\The-Forge\Examples_3\Unit_Tests\PC Visual Studio 2019\..\..\..\Art\\UnitTestResources\Animation\stickFigure\animations\walk.ozz
         D:\HTC\avboit\The-Forge\Examples_3\Unit_Tests\PC Visual Studio 2019\..\..\..\Art\\UnitTestResources\Animation\stormtrooper\skeleton.ozz
         D:\HTC\avboit\The-Forge\Examples_3\Unit_Tests\PC Visual Studio 2019\..\..\..\Art\\UnitTestResources\Animation\stormtrooper\animations\dance.ozz
         10 File(s) copied
         File not found - *.bin
         0 File(s) copied
         D:\HTC\avboit\The-Forge\Examples_3\Unit_Tests\PC Visual Studio 2019\..\..\..\Art\\UnitTestResources\Textures\dds\Stormtrooper_D.tex
    38>PostBuildEvent:
         0 File(s) copied
         0 File(s) copied
         0 File(s) copied
    46>PostBuildEvent:
         1 File(s) copied
    38>PostBuildEvent:
         0 File(s) copied
    46>PostBuildEvent:
         D:\HTC\avboit\The-Forge\Examples_3\Unit_Tests\PC Visual Studio 2019\..\..\..\Art\\UnitTestResources\Fonts\ComicRelief\ComicRelief-Bold.ttf
         D:\HTC\avboit\The-Forge\Examples_3\Unit_Tests\PC Visual Studio 2019\..\..\..\Art\\UnitTestResources\Fonts\ComicRelief\ComicRelief.ttf
    38>PostBuildEvent:
         0 File(s) copied
    46>PostBuildEvent:
         D:\HTC\avboit\The-Forge\Examples_3\Unit_Tests\PC Visual Studio 2019\..\..\..\Art\\UnitTestResources\Fonts\Crimson\Crimson-Bold.ttf
         D:\HTC\avboit\The-Forge\Examples_3\Unit_Tests\PC Visual Studio 2019\..\..\..\Art\\UnitTestResources\Fonts\Crimson\Crimson-BoldItalic.ttf
         D:\HTC\avboit\The-Forge\Examples_3\Unit_Tests\PC Visual Studio 2019\..\..\..\Art\\UnitTestResources\Fonts\Crimson\Crimson-Italic.ttf
         D:\HTC\avboit\The-Forge\Examples_3\Unit_Tests\PC Visual Studio 2019\..\..\..\Art\\UnitTestResources\Fonts\Crimson\Crimson-Roman.ttf
         D:\HTC\avboit\The-Forge\Examples_3\Unit_Tests\PC Visual Studio 2019\..\..\..\Art\\UnitTestResources\Fonts\Crimson\Crimson-Semibold.ttf
         D:\HTC\avboit\The-Forge\Examples_3\Unit_Tests\PC Visual Studio 2019\..\..\..\Art\\UnitTestResources\Fonts\Crimson\Crimson-SemiboldItalic.ttf
         D:\HTC\avboit\The-Forge\Examples_3\Unit_Tests\PC Visual Studio 2019\..\..\..\Art\\UnitTestResources\Fonts\HermeneusOne\HermeneusOne.ttf
         9 File(s) copied
    38>PostBuildEvent:
         0 File(s) copied
    46>PostBuildEvent:
         D:\HTC\avboit\The-Forge\Examples_3\Unit_Tests\PC Visual Studio 2019\..\..\..\Art\\UnitTestResources\Fonts\InconsolataLGC\Inconsolata-LGC-Bold.otf
    38>PostBuildEvent:
         File not found - *
         0 File(s) copied
    46>PostBuildEvent:
         D:\HTC\avboit\The-Forge\Examples_3\Unit_Tests\PC Visual Studio 2019\..\..\..\Art\\UnitTestResources\Fonts\InconsolataLGC\Inconsolata-LGC-BoldItalic.otf
         D:\HTC\avboit\The-Forge\Examples_3\Unit_Tests\PC Visual Studio 2019\..\..\..\Art\\UnitTestResources\Fonts\InconsolataLGC\Inconsolata-LGC-Italic.otf
         D:\HTC\avboit\The-Forge\Examples_3\Unit_Tests\PC Visual Studio 2019\..\..\..\Art\\UnitTestResources\Fonts\InconsolataLGC\Inconsolata-LGC.otf
         D:\HTC\avboit\The-Forge\Examples_3\Unit_Tests\PC Visual Studio 2019\..\..\..\Art\\UnitTestResources\Fonts\TitilliumText\TitilliumText-Bold.otf
         5 File(s) copied
    38>PostBuildEvent:
         File not found - *.tex
         0 File(s) copied
    46>PostBuildEvent:
         0 File(s) copied
    38>PostBuildEvent:
         File not found - cameraPath.bin
         0 File(s) copied
    36>ClCompile:
         ?????????
    38>PostBuildEvent:
         D:\HTC\avboit\The-Forge\Examples_3\Unit_Tests\PC Visual Studio 2019\..\..\..\Art\\UnitTestResources\Fonts\ReadMe.md
         D:\HTC\avboit\The-Forge\Examples_3\Unit_Tests\PC Visual Studio 2019\..\..\..\Art\\UnitTestResources\Fonts\ComicRelief\ComicRelief-Bold.ttf
         D:\HTC\avboit\The-Forge\Examples_3\Unit_Tests\PC Visual Studio 2019\..\..\..\Art\\UnitTestResources\Fonts\ComicRelief\ComicRelief.ttf
    46>PostBuildEvent:
         0 File(s) copied
    38>PostBuildEvent:
         D:\HTC\avboit\The-Forge\Examples_3\Unit_Tests\PC Visual Studio 2019\..\..\..\Art\\UnitTestResources\Fonts\ComicRelief\FONTLOG.txt
         D:\HTC\avboit\The-Forge\Examples_3\Unit_Tests\PC Visual Studio 2019\..\..\..\Art\\UnitTestResources\Fonts\ComicRelief\OFL-FAQ.txt
         D:\HTC\avboit\The-Forge\Examples_3\Unit_Tests\PC Visual Studio 2019\..\..\..\Art\\UnitTestResources\Fonts\ComicRelief\OFL.txt
         D:\HTC\avboit\The-Forge\Examples_3\Unit_Tests\PC Visual Studio 2019\..\..\..\Art\\UnitTestResources\Fonts\Crimson\Crimson-Bold.ttf
         D:\HTC\avboit\The-Forge\Examples_3\Unit_Tests\PC Visual Studio 2019\..\..\..\Art\\UnitTestResources\Fonts\Crimson\Crimson-BoldItalic.ttf
         D:\HTC\avboit\The-Forge\Examples_3\Unit_Tests\PC Visual Studio 2019\..\..\..\Art\\UnitTestResources\Fonts\Crimson\Crimson-Italic.ttf
         D:\HTC\avboit\The-Forge\Examples_3\Unit_Tests\PC Visual Studio 2019\..\..\..\Art\\UnitTestResources\Fonts\Crimson\Crimson-Roman.ttf
         D:\HTC\avboit\The-Forge\Examples_3\Unit_Tests\PC Visual Studio 2019\..\..\..\Art\\UnitTestResources\Fonts\Crimson\Crimson-Semibold.ttf
         D:\HTC\avboit\The-Forge\Examples_3\Unit_Tests\PC Visual Studio 2019\..\..\..\Art\\UnitTestResources\Fonts\Crimson\Crimson-SemiboldItalic.ttf
         D:\HTC\avboit\The-Forge\Examples_3\Unit_Tests\PC Visual Studio 2019\..\..\..\Art\\UnitTestResources\Fonts\Crimson\LICENSE.txt
         D:\HTC\avboit\The-Forge\Examples_3\Unit_Tests\PC Visual Studio 2019\..\..\..\Art\\UnitTestResources\Fonts\Crimson\README.md
    46>PostBuildEvent:
         File not found - *.lua
         0 File(s) copied
    38>PostBuildEvent:
         D:\HTC\avboit\The-Forge\Examples_3\Unit_Tests\PC Visual Studio 2019\..\..\..\Art\\UnitTestResources\Fonts\HermeneusOne\HermeneusOne.ttf
         D:\HTC\avboit\The-Forge\Examples_3\Unit_Tests\PC Visual Studio 2019\..\..\..\Art\\UnitTestResources\Fonts\HermeneusOne\OFL.txt
         D:\HTC\avboit\The-Forge\Examples_3\Unit_Tests\PC Visual Studio 2019\..\..\..\Art\\UnitTestResources\Fonts\InconsolataLGC\Inconsolata-LGC-Bold.otf
         D:\HTC\avboit\The-Forge\Examples_3\Unit_Tests\PC Visual Studio 2019\..\..\..\Art\\UnitTestResources\Fonts\InconsolataLGC\Inconsolata-LGC-BoldItalic.otf
         D:\HTC\avboit\The-Forge\Examples_3\Unit_Tests\PC Visual Studio 2019\..\..\..\Art\\UnitTestResources\Fonts\InconsolataLGC\Inconsolata-LGC-Italic.otf
         D:\HTC\avboit\The-Forge\Examples_3\Unit_Tests\PC Visual Studio 2019\..\..\..\Art\\UnitTestResources\Fonts\InconsolataLGC\Inconsolata-LGC.otf
         D:\HTC\avboit\The-Forge\Examples_3\Unit_Tests\PC Visual Studio 2019\..\..\..\Art\\UnitTestResources\Fonts\InconsolataLGC\LICENSE
         D:\HTC\avboit\The-Forge\Examples_3\Unit_Tests\PC Visual Studio 2019\..\..\..\Art\\UnitTestResources\Fonts\InconsolataLGC\README
         D:\HTC\avboit\The-Forge\Examples_3\Unit_Tests\PC Visual Studio 2019\..\..\..\Art\\UnitTestResources\Fonts\TitilliumText\OFL.txt
         D:\HTC\avboit\The-Forge\Examples_3\Unit_Tests\PC Visual Studio 2019\..\..\..\Art\\UnitTestResources\Fonts\TitilliumText\TitilliumText-Bold.otf
         24 File(s) copied
    46>PostBuildEvent:
         0 File(s) copied
    36>Link:
         ?????????
    38>PostBuildEvent:
         0 File(s) copied
    46>PostBuildEvent:
         0 File(s) copied
    38>PostBuildEvent:
         File not found - *.lua
         D:\HTC\avboit\The-Forge\Examples_3\Unit_Tests\PC Visual Studio 2019\..\..\..\Art\\UnitTestResources\Animation\stormtrooper\animations\dance.ozz
    46>FinalizeBuildStatus:
         ??????“D:\HTC\avboit\The-Forge\Examples_3\Unit_Tests\PC Visual Studio 2019\\x64\Release\Intermediate\28_Skinning\28_Skinning.tlog\unsuccessfulbuild”?
         ???“D:\HTC\avboit\The-Forge\Examples_3\Unit_Tests\PC Visual Studio 2019\\x64\Release\Intermediate\28_Skinning\28_Skinning.tlog\28_Skinning.lastbuildstate”?? Touch ???
    46>???????“D:\HTC\avboit\The-Forge\Examples_3\Unit_Tests\PC Visual Studio 2019\28_Skinning.vcxproj”(????)????
    38>PostBuildEvent:
         1 File(s) copied
    14>???????“D:\HTC\avboit\The-Forge\Examples_3\Unit_Tests\PC Visual Studio 2019\28_Skinning.vcxproj.metaproj”(????)????
    36>Link:
         21_Animations.vcxproj -> D:\HTC\avboit\The-Forge\Examples_3\Unit_Tests\PC Visual Studio 2019\x64\Release\21_Animations\21_Animations.exe
       PostBuildEvent:
         
                 xcopy "D:\HTC\avboit\The-Forge\Examples_3\Unit_Tests\PC Visual Studio 2019\..\..\..\Common_3\Graphics\ThirdParty\OpenSource\VulkanSDK\bin\Win32\*.dll" "D:\HTC\avboit\The-Forge\Examples_3\Unit_Tests\PC Visual Studio 2019\x64\Release\21_Animations\" /S /Y /D
                 xcopy "D:\HTC\avboit\The-Forge\Examples_3\Unit_Tests\PC Visual Studio 2019\..\..\..\Common_3\Graphics\ThirdParty\OpenSource\VulkanSDK\bin\Win32\*.json" "D:\HTC\avboit\The-Forge\Examples_3\Unit_Tests\PC Visual Studio 2019\x64\Release\21_Animations\" /S /Y /D
                 xcopy "D:\HTC\avboit\The-Forge\Examples_3\Unit_Tests\PC Visual Studio 2019\..\..\..\Common_3\Graphics\ThirdParty\OpenSource\ags\ags_lib\lib\amd_ags_x64.dll" "D:\HTC\avboit\The-Forge\Examples_3\Unit_Tests\PC Visual Studio 2019\x64\Release\21_Animations\amd_ags_x64.dll"* /S /Y /D
                 xcopy "D:\HTC\avboit\The-Forge\Examples_3\Unit_Tests\PC Visual Studio 2019\..\..\..\Common_3\Graphics\ThirdParty\OpenSource\DirectXShaderCompiler\bin\x64\dxcompiler.dll" "D:\HTC\avboit\The-Forge\Examples_3\Unit_Tests\PC Visual Studio 2019\x64\Release\21_Animations\dxcompiler.dll"* /S /Y /D
                 xcopy "D:\HTC\avboit\The-Forge\Examples_3\Unit_Tests\PC Visual Studio 2019\..\..\..\Common_3\Graphics\ThirdParty\OpenSource\Direct3d12Agility\bin\x64\*.dll" "D:\HTC\avboit\The-Forge\Examples_3\Unit_Tests\PC Visual Studio 2019\x64\Release\21_Animations\"* /S /Y /D
                 xcopy "D:\HTC\avboit\The-Forge\Examples_3\Unit_Tests\PC Visual Studio 2019\..\..\..\Common_3\OS\ThirdParty\OpenSource\winpixeventruntime\bin\WinPixEventRuntime.dll" "D:\HTC\avboit\The-Forge\Examples_3\Unit_Tests\PC Visual Studio 2019\x64\Release\21_Animations\WinPixEventRunTime.dll"* /S /Y /D
                 
                set ART=D:\HTC\avboit\The-Forge\Examples_3\Unit_Tests\PC Visual Studio 2019\..\..\..\Art\
         xcopy /Y /S /D "%ART%\UnitTestResources\Animation\*.ozz" "D:\HTC\avboit\The-Forge\Examples_3\Unit_Tests\PC Visual Studio 2019\x64\Release\21_Animations\Animation\"
         xcopy /Y /S /D "%ART%\UnitTestResources\Fonts\*.ttf" "D:\HTC\avboit\The-Forge\Examples_3\Unit_Tests\PC Visual Studio 2019\x64\Release\21_Animations\Fonts\"
         xcopy /Y /S /D "%ART%\UnitTestResources\Fonts\*.otf" "D:\HTC\avboit\The-Forge\Examples_3\Unit_Tests\PC Visual Studio 2019\x64\Release\21_Animations\Fonts\"
         
         xcopy /Y /S /D /E "D:\HTC\avboit\The-Forge\Examples_3\Unit_Tests\PC Visual Studio 2019\x64\Release\21_Animations\..\OS\Shaders" "D:\HTC\avboit\The-Forge\Examples_3\Unit_Tests\PC Visual Studio 2019\x64\Release\21_Animations\Shaders"
         xcopy /Y /S /D /E "D:\HTC\avboit\The-Forge\Examples_3\Unit_Tests\PC Visual Studio 2019\x64\Release\21_Animations\..\OS\CompiledShaders" "D:\HTC\avboit\The-Forge\Examples_3\Unit_Tests\PC Visual Studio 2019\x64\Release\21_Animations\CompiledShaders"
         xcopy /Y /S /D "D:\HTC\avboit\The-Forge\Examples_3\Unit_Tests\PC Visual Studio 2019\x64\Release\21_Animations\..\OS\Shaders\DIRECT3D11\*.*" "D:\HTC\avboit\The-Forge\Examples_3\Unit_Tests\PC Visual Studio 2019\x64\Release\21_Animations\Shaders\DIRECT3D11\"
         
         xcopy /Y /S /D "D:\HTC\avboit\The-Forge\Examples_3\Unit_Tests\PC Visual Studio 2019\..\src\21_Animations\Scripts\*.lua" "D:\HTC\avboit\The-Forge\Examples_3\Unit_Tests\PC Visual Studio 2019\x64\Release\21_Animations\Scripts\"
         xcopy /Y /S /D "%ART%\UnitTestResources\Scripts\*.lua" "D:\HTC\avboit\The-Forge\Examples_3\Unit_Tests\PC Visual Studio 2019\x64\Release\21_Animations\Scripts\"
         
         xcopy "D:\HTC\avboit\The-Forge\Common_3\OS\Windows\pc_gpu.data" "D:\HTC\avboit\The-Forge\Examples_3\Unit_Tests\PC Visual Studio 2019\x64\Release\21_Animations\GPUCfg\gpu.data*" /Y /D
         xcopy "D:\HTC\avboit\The-Forge\Examples_3\Unit_Tests\src\21_Animations\GPUCfg\gpu.cfg" "D:\HTC\avboit\The-Forge\Examples_3\Unit_Tests\PC Visual Studio 2019\x64\Release\21_Animations\GPUCfg\gpu.cfg*" /Y /D
         
         :VCEnd
    38>PostBuildEvent:
         D:\HTC\avboit\The-Forge\Examples_3\Unit_Tests\PC Visual Studio 2019\..\..\..\Art\\UnitTestResources\Animation\stormtrooper\skeleton.ozz
         1 File(s) copied
         File not found - riggedMesh.bin
         0 File(s) copied
         D:\HTC\avboit\The-Forge\Examples_3\Unit_Tests\PC Visual Studio 2019\..\..\..\Art\\UnitTestResources\Textures\dds\Stormtrooper_D.tex
    36>PostBuildEvent:
         0 File(s) copied
         0 File(s) copied
         0 File(s) copied
         0 File(s) copied
    38>PostBuildEvent:
         1 File(s) copied
    36>PostBuildEvent:
         0 File(s) copied
    38>PostBuildEvent:
         0 File(s) copied
    36>PostBuildEvent:
         0 File(s) copied
    38>PostBuildEvent:
         0 File(s) copied
    36>PostBuildEvent:
         D:\HTC\avboit\The-Forge\Examples_3\Unit_Tests\PC Visual Studio 2019\..\..\..\Art\\UnitTestResources\Animation\ozzLogo\skeleton.ozz
         D:\HTC\avboit\The-Forge\Examples_3\Unit_Tests\PC Visual Studio 2019\..\..\..\Art\\UnitTestResources\Animation\ozzLogo\animations\shatter.ozz
         D:\HTC\avboit\The-Forge\Examples_3\Unit_Tests\PC Visual Studio 2019\..\..\..\Art\\UnitTestResources\Animation\stickFigure\skeleton.ozz
         D:\HTC\avboit\The-Forge\Examples_3\Unit_Tests\PC Visual Studio 2019\..\..\..\Art\\UnitTestResources\Animation\stickFigure\animations\jog.ozz
         D:\HTC\avboit\The-Forge\Examples_3\Unit_Tests\PC Visual Studio 2019\..\..\..\Art\\UnitTestResources\Animation\stickFigure\animations\neckCrack.ozz
         D:\HTC\avboit\The-Forge\Examples_3\Unit_Tests\PC Visual Studio 2019\..\..\..\Art\\UnitTestResources\Animation\stickFigure\animations\run.ozz
         D:\HTC\avboit\The-Forge\Examples_3\Unit_Tests\PC Visual Studio 2019\..\..\..\Art\\UnitTestResources\Animation\stickFigure\animations\stand.ozz
         D:\HTC\avboit\The-Forge\Examples_3\Unit_Tests\PC Visual Studio 2019\..\..\..\Art\\UnitTestResources\Animation\stickFigure\animations\walk.ozz
         D:\HTC\avboit\The-Forge\Examples_3\Unit_Tests\PC Visual Studio 2019\..\..\..\Art\\UnitTestResources\Animation\stormtrooper\skeleton.ozz
         D:\HTC\avboit\The-Forge\Examples_3\Unit_Tests\PC Visual Studio 2019\..\..\..\Art\\UnitTestResources\Animation\stormtrooper\animations\dance.ozz
         10 File(s) copied
    38>PostBuildEvent:
         0 File(s) copied
         0 File(s) copied
    36>PostBuildEvent:
         D:\HTC\avboit\The-Forge\Examples_3\Unit_Tests\PC Visual Studio 2019\..\..\..\Art\\UnitTestResources\Fonts\ComicRelief\ComicRelief-Bold.ttf
         D:\HTC\avboit\The-Forge\Examples_3\Unit_Tests\PC Visual Studio 2019\..\..\..\Art\\UnitTestResources\Fonts\ComicRelief\ComicRelief.ttf
         D:\HTC\avboit\The-Forge\Examples_3\Unit_Tests\PC Visual Studio 2019\..\..\..\Art\\UnitTestResources\Fonts\Crimson\Crimson-Bold.ttf
         D:\HTC\avboit\The-Forge\Examples_3\Unit_Tests\PC Visual Studio 2019\..\..\..\Art\\UnitTestResources\Fonts\Crimson\Crimson-BoldItalic.ttf
         D:\HTC\avboit\The-Forge\Examples_3\Unit_Tests\PC Visual Studio 2019\..\..\..\Art\\UnitTestResources\Fonts\Crimson\Crimson-Italic.ttf
         D:\HTC\avboit\The-Forge\Examples_3\Unit_Tests\PC Visual Studio 2019\..\..\..\Art\\UnitTestResources\Fonts\Crimson\Crimson-Roman.ttf
         D:\HTC\avboit\The-Forge\Examples_3\Unit_Tests\PC Visual Studio 2019\..\..\..\Art\\UnitTestResources\Fonts\Crimson\Crimson-Semibold.ttf
         D:\HTC\avboit\The-Forge\Examples_3\Unit_Tests\PC Visual Studio 2019\..\..\..\Art\\UnitTestResources\Fonts\Crimson\Crimson-SemiboldItalic.ttf
         D:\HTC\avboit\The-Forge\Examples_3\Unit_Tests\PC Visual Studio 2019\..\..\..\Art\\UnitTestResources\Fonts\HermeneusOne\HermeneusOne.ttf
         9 File(s) copied
    38>PostBuildEvent:
         0 File(s) copied
    36>PostBuildEvent:
         D:\HTC\avboit\The-Forge\Examples_3\Unit_Tests\PC Visual Studio 2019\..\..\..\Art\\UnitTestResources\Fonts\InconsolataLGC\Inconsolata-LGC-Bold.otf
         D:\HTC\avboit\The-Forge\Examples_3\Unit_Tests\PC Visual Studio 2019\..\..\..\Art\\UnitTestResources\Fonts\InconsolataLGC\Inconsolata-LGC-BoldItalic.otf
    38>FinalizeBuildStatus:
         ??????“D:\HTC\avboit\The-Forge\Examples_3\Unit_Tests\PC Visual Studio 2019\\x64\Release\Intermediate\15a_VisibilityBufferOIT\15a_Visi.610C39FA.tlog\unsuccessfulbuild”?
         ???“D:\HTC\avboit\The-Forge\Examples_3\Unit_Tests\PC Visual Studio 2019\\x64\Release\Intermediate\15a_VisibilityBufferOIT\15a_Visi.610C39FA.tlog\15a_VisibilityBufferOIT.lastbuildstate”?? Touch ???
    36>PostBuildEvent:
         D:\HTC\avboit\The-Forge\Examples_3\Unit_Tests\PC Visual Studio 2019\..\..\..\Art\\UnitTestResources\Fonts\InconsolataLGC\Inconsolata-LGC-Italic.otf
         D:\HTC\avboit\The-Forge\Examples_3\Unit_Tests\PC Visual Studio 2019\..\..\..\Art\\UnitTestResources\Fonts\InconsolataLGC\Inconsolata-LGC.otf
    38>???????“D:\HTC\avboit\The-Forge\Examples_3\Unit_Tests\PC Visual Studio 2019\15a_VisibilityBufferOIT.vcxproj”(????)????
    18>???????“D:\HTC\avboit\The-Forge\Examples_3\Unit_Tests\PC Visual Studio 2019\15a_VisibilityBufferOIT.vcxproj.metaproj”(????)????
    36>PostBuildEvent:
         D:\HTC\avboit\The-Forge\Examples_3\Unit_Tests\PC Visual Studio 2019\..\..\..\Art\\UnitTestResources\Fonts\TitilliumText\TitilliumText-Bold.otf
         5 File(s) copied
         0 File(s) copied
         0 File(s) copied
         0 File(s) copied
         0 File(s) copied
         File not found - *.lua
         0 File(s) copied
         0 File(s) copied
         0 File(s) copied
       FinalizeBuildStatus:
         ??????“D:\HTC\avboit\The-Forge\Examples_3\Unit_Tests\PC Visual Studio 2019\\x64\Release\Intermediate\21_Animations\21_Animations.tlog\unsuccessfulbuild”?
         ???“D:\HTC\avboit\The-Forge\Examples_3\Unit_Tests\PC Visual Studio 2019\\x64\Release\Intermediate\21_Animations\21_Animations.tlog\21_Animations.lastbuildstate”?? Touch ???
    36>???????“D:\HTC\avboit\The-Forge\Examples_3\Unit_Tests\PC Visual Studio 2019\21_Animations.vcxproj”(????)????
    22>???????“D:\HTC\avboit\The-Forge\Examples_3\Unit_Tests\PC Visual Studio 2019\21_Animations.vcxproj.metaproj”(????)????
    39>ClCompile:
         ?????????
         ?????????
       Link:
         ?????????
         AssetPipelineCmd.vcxproj -> D:\HTC\avboit\The-Forge\Examples_3\Unit_Tests\PC Visual Studio 2019\x64\Release\AssetPipelineCmd.exe
       PostBuildEvent:
         IF EXIST "\bin\Scarlett\xg_xs.dll" C:\WINDOWS\System32\xcopy /Y "\bin\Scarlett\xg_xs.dll" "D:\HTC\avboit\The-Forge\Examples_3\Unit_Tests\PC Visual Studio 2019\x64\Release\"
         :VCEnd
       FinalizeBuildStatus:
         ??????“D:\HTC\avboit\The-Forge\Examples_3\Unit_Tests\PC Visual Studio 2019\\x64\Release\Intermediate\AssetPipelineCmd\AssetPipelineCmd.tlog\unsuccessfulbuild”?
         ???“D:\HTC\avboit\The-Forge\Examples_3\Unit_Tests\PC Visual Studio 2019\\x64\Release\Intermediate\AssetPipelineCmd\AssetPipelineCmd.tlog\AssetPipelineCmd.lastbuildstate”?? Touch ???
    39>???????“D:\HTC\avboit\The-Forge\Common_3\Tools\AssetPipeline\Win64\AssetPipelineCmd.vcxproj”(????)????
    20>???????“D:\HTC\avboit\The-Forge\Common_3\Tools\AssetPipeline\Win64\AssetPipelineCmd.vcxproj.metaproj”(????)????
    50>ClCompile:
         ?????????
       Link:
         ?????????
         09_LightShadowPlayground.vcxproj -> D:\HTC\avboit\The-Forge\Examples_3\Unit_Tests\PC Visual Studio 2019\x64\Release\09_LightShadowPlayground\09_LightShadowPlayground.exe
       CustomBuildStep:
       ??????“CustomBuildStep”,????????
       CustomBuildStep:
       ??????“CustomBuildStep”,????????
       PostBuildEvent:
         
                 xcopy "D:\HTC\avboit\The-Forge\Examples_3\Unit_Tests\PC Visual Studio 2019\..\..\..\Common_3\Graphics\ThirdParty\OpenSource\VulkanSDK\bin\Win32\*.dll" "D:\HTC\avboit\The-Forge\Examples_3\Unit_Tests\PC Visual Studio 2019\x64\Release\09_LightShadowPlayground\" /S /Y /D
                 xcopy "D:\HTC\avboit\The-Forge\Examples_3\Unit_Tests\PC Visual Studio 2019\..\..\..\Common_3\Graphics\ThirdParty\OpenSource\VulkanSDK\bin\Win32\*.json" "D:\HTC\avboit\The-Forge\Examples_3\Unit_Tests\PC Visual Studio 2019\x64\Release\09_LightShadowPlayground\" /S /Y /D
                 xcopy "D:\HTC\avboit\The-Forge\Examples_3\Unit_Tests\PC Visual Studio 2019\..\..\..\Common_3\Graphics\ThirdParty\OpenSource\ags\ags_lib\lib\amd_ags_x64.dll" "D:\HTC\avboit\The-Forge\Examples_3\Unit_Tests\PC Visual Studio 2019\x64\Release\09_LightShadowPlayground\amd_ags_x64.dll"* /S /Y /D
                 xcopy "D:\HTC\avboit\The-Forge\Examples_3\Unit_Tests\PC Visual Studio 2019\..\..\..\Common_3\Graphics\ThirdParty\OpenSource\DirectXShaderCompiler\bin\x64\dxcompiler.dll" "D:\HTC\avboit\The-Forge\Examples_3\Unit_Tests\PC Visual Studio 2019\x64\Release\09_LightShadowPlayground\dxcompiler.dll"* /S /Y /D
                 xcopy "D:\HTC\avboit\The-Forge\Examples_3\Unit_Tests\PC Visual Studio 2019\..\..\..\Common_3\Graphics\ThirdParty\OpenSource\Direct3d12Agility\bin\x64\*.dll" "D:\HTC\avboit\The-Forge\Examples_3\Unit_Tests\PC Visual Studio 2019\x64\Release\09_LightShadowPlayground\"* /S /Y /D
                 xcopy "D:\HTC\avboit\The-Forge\Examples_3\Unit_Tests\PC Visual Studio 2019\..\..\..\Common_3\OS\ThirdParty\OpenSource\winpixeventruntime\bin\WinPixEventRuntime.dll" "D:\HTC\avboit\The-Forge\Examples_3\Unit_Tests\PC Visual Studio 2019\x64\Release\09_LightShadowPlayground\WinPixEventRunTime.dll"* /S /Y /D
                 
                :: Copy Art files
         set ART=D:\HTC\avboit\The-Forge\Examples_3\Unit_Tests\PC Visual Studio 2019\..\..\..\Art\
         xcopy /Y /S /D "%ART%\SanMiguel_3\Textures\dds\*.tex" "D:\HTC\avboit\The-Forge\Examples_3\Unit_Tests\PC Visual Studio 2019\x64\Release\09_LightShadowPlayground\Textures\"
         xcopy /Y /S /D "%ART%\SanMiguel_3\Meshes\*" "D:\HTC\avboit\The-Forge\Examples_3\Unit_Tests\PC Visual Studio 2019\x64\Release\09_LightShadowPlayground\Meshes\"
         xcopy /Y /S /D "%ART%\SDF\*" "D:\HTC\avboit\The-Forge\Examples_3\Unit_Tests\PC Visual Studio 2019\x64\Release\09_LightShadowPlayground\SDF\"
         
         xcopy /Y /S /D "%ART%\UnitTestResources\Fonts\*.ttf" "D:\HTC\avboit\The-Forge\Examples_3\Unit_Tests\PC Visual Studio 2019\x64\Release\09_LightShadowPlayground\Fonts\"
         xcopy /Y /S /D "%ART%\UnitTestResources\Fonts\*.otf" "D:\HTC\avboit\The-Forge\Examples_3\Unit_Tests\PC Visual Studio 2019\x64\Release\09_LightShadowPlayground\Fonts\"
         
         xcopy /Y /S /D /E "D:\HTC\avboit\The-Forge\Examples_3\Unit_Tests\PC Visual Studio 2019\x64\Release\09_LightShadowPlayground\..\OS\Shaders" "D:\HTC\avboit\The-Forge\Examples_3\Unit_Tests\PC Visual Studio 2019\x64\Release\09_LightShadowPlayground\Shaders"
         xcopy /Y /S /D /E "D:\HTC\avboit\The-Forge\Examples_3\Unit_Tests\PC Visual Studio 2019\x64\Release\09_LightShadowPlayground\..\OS\CompiledShaders" "D:\HTC\avboit\The-Forge\Examples_3\Unit_Tests\PC Visual Studio 2019\x64\Release\09_LightShadowPlayground\CompiledShaders"
         
         xcopy /Y /S /D "D:\HTC\avboit\The-Forge\Examples_3\Unit_Tests\PC Visual Studio 2019\..\src\09_LightShadowPlayground\Scripts\*.lua" "D:\HTC\avboit\The-Forge\Examples_3\Unit_Tests\PC Visual Studio 2019\x64\Release\09_LightShadowPlayground\Scripts\"
         xcopy /Y /S /D "%ART%\UnitTestResources\Scripts\*.lua" "D:\HTC\avboit\The-Forge\Examples_3\Unit_Tests\PC Visual Studio 2019\x64\Release\09_LightShadowPlayground\Scripts\"
         
         xcopy "D:\HTC\avboit\The-Forge\Common_3\OS\Windows\pc_gpu.data" "D:\HTC\avboit\The-Forge\Examples_3\Unit_Tests\PC Visual Studio 2019\x64\Release\09_LightShadowPlayground\GPUCfg\gpu.data*" /Y /D
         xcopy "D:\HTC\avboit\The-Forge\Examples_3\Unit_Tests\src\09_LightShadowPlayground\GPUCfg\gpu.cfg" "D:\HTC\avboit\The-Forge\Examples_3\Unit_Tests\PC Visual Studio 2019\x64\Release\09_LightShadowPlayground\GPUCfg\gpu.cfg*" /Y /D
         
         :VCEnd
         0 File(s) copied
         0 File(s) copied
         0 File(s) copied
         0 File(s) copied
         0 File(s) copied
    40>ClCompile:
         ?????????
    50>PostBuildEvent:
         0 File(s) copied
         0 File(s) copied
         File not found - *.tex
    40>Link:
         ?????????
    50>PostBuildEvent:
         File not found - *
         0 File(s) copied
    40>Link:
         39_ParticleSystem.vcxproj -> D:\HTC\avboit\The-Forge\Examples_3\Unit_Tests\PC Visual Studio 2019\x64\Release\39_ParticleSystem\39_ParticleSystem.exe
       CustomBuildStep:
       ??????“CustomBuildStep”,????????
       CustomBuildStep:
       ??????“CustomBuildStep”,????????
    50>PostBuildEvent:
         0 File(s) copied
    40>PostBuildEvent:
         
                 xcopy "D:\HTC\avboit\The-Forge\Examples_3\Unit_Tests\PC Visual Studio 2019\..\..\..\Common_3\Graphics\ThirdParty\OpenSource\VulkanSDK\bin\Win32\*.dll" "D:\HTC\avboit\The-Forge\Examples_3\Unit_Tests\PC Visual Studio 2019\x64\Release\39_ParticleSystem\" /S /Y /D
                 xcopy "D:\HTC\avboit\The-Forge\Examples_3\Unit_Tests\PC Visual Studio 2019\..\..\..\Common_3\Graphics\ThirdParty\OpenSource\VulkanSDK\bin\Win32\*.json" "D:\HTC\avboit\The-Forge\Examples_3\Unit_Tests\PC Visual Studio 2019\x64\Release\39_ParticleSystem\" /S /Y /D
                 xcopy "D:\HTC\avboit\The-Forge\Examples_3\Unit_Tests\PC Visual Studio 2019\..\..\..\Common_3\Graphics\ThirdParty\OpenSource\ags\ags_lib\lib\amd_ags_x64.dll" "D:\HTC\avboit\The-Forge\Examples_3\Unit_Tests\PC Visual Studio 2019\x64\Release\39_ParticleSystem\amd_ags_x64.dll"* /S /Y /D
                 xcopy "D:\HTC\avboit\The-Forge\Examples_3\Unit_Tests\PC Visual Studio 2019\..\..\..\Common_3\Graphics\ThirdParty\OpenSource\DirectXShaderCompiler\bin\x64\dxcompiler.dll" "D:\HTC\avboit\The-Forge\Examples_3\Unit_Tests\PC Visual Studio 2019\x64\Release\39_ParticleSystem\dxcompiler.dll"* /S /Y /D
                 xcopy "D:\HTC\avboit\The-Forge\Examples_3\Unit_Tests\PC Visual Studio 2019\..\..\..\Common_3\Graphics\ThirdParty\OpenSource\Direct3d12Agility\bin\x64\*.dll" "D:\HTC\avboit\The-Forge\Examples_3\Unit_Tests\PC Visual Studio 2019\x64\Release\39_ParticleSystem\"* /S /Y /D
                 xcopy "D:\HTC\avboit\The-Forge\Examples_3\Unit_Tests\PC Visual Studio 2019\..\..\..\Common_3\OS\ThirdParty\OpenSource\winpixeventruntime\bin\WinPixEventRuntime.dll" "D:\HTC\avboit\The-Forge\Examples_3\Unit_Tests\PC Visual Studio 2019\x64\Release\39_ParticleSystem\WinPixEventRunTime.dll"* /S /Y /D
                 
                :: Copy Art files
         set ART=D:\HTC\avboit\The-Forge\Examples_3\Unit_Tests\PC Visual Studio 2019\..\..\..\Art\
         xcopy /Y /S /D "%ART%\PBR\dds\*.tex" "D:\HTC\avboit\The-Forge\Examples_3\Unit_Tests\PC Visual Studio 2019\x64\Release\39_ParticleSystem\Textures\PBR\"
         xcopy /Y /S /D "%ART%\Particles\Textures\dds\*.tex" "D:\HTC\avboit\The-Forge\Examples_3\Unit_Tests\PC Visual Studio 2019\x64\Release\39_ParticleSystem\Textures\"
         xcopy /Y /S /D "%ART%\SanMiguel_3\Textures\dds\*.tex" "D:\HTC\avboit\The-Forge\Examples_3\Unit_Tests\PC Visual Studio 2019\x64\Release\39_ParticleSystem\Textures\"
         xcopy /Y /S /D "%ART%\SanMiguel_3\Meshes\*" "D:\HTC\avboit\The-Forge\Examples_3\Unit_Tests\PC Visual Studio 2019\x64\Release\39_ParticleSystem\Meshes\"
         xcopy /Y /S /D "%ART%\UnitTestResources\cameraPath.bin" "D:\HTC\avboit\The-Forge\Examples_3\Unit_Tests\PC Visual Studio 2019\x64\Release\39_ParticleSystem\"
         
         xcopy /Y /S /D "%ART%\UnitTestResources\Fonts\*.ttf" "D:\HTC\avboit\The-Forge\Examples_3\Unit_Tests\PC Visual Studio 2019\x64\Release\39_ParticleSystem\Fonts\"
         xcopy /Y /S /D "%ART%\UnitTestResources\Fonts\*.otf" "D:\HTC\avboit\The-Forge\Examples_3\Unit_Tests\PC Visual Studio 2019\x64\Release\39_ParticleSystem\Fonts\"
         
         xcopy /Y /S /D /E "D:\HTC\avboit\The-Forge\Examples_3\Unit_Tests\PC Visual Studio 2019\x64\Release\39_ParticleSystem\..\OS\Shaders" "D:\HTC\avboit\The-Forge\Examples_3\Unit_Tests\PC Visual Studio 2019\x64\Release\39_ParticleSystem\Shaders"
         xcopy /Y /S /D /E "D:\HTC\avboit\The-Forge\Examples_3\Unit_Tests\PC Visual Studio 2019\x64\Release\39_ParticleSystem\..\OS\CompiledShaders" "D:\HTC\avboit\The-Forge\Examples_3\Unit_Tests\PC Visual Studio 2019\x64\Release\39_ParticleSystem\CompiledShaders"
         
         xcopy /Y /S /D "D:\HTC\avboit\The-Forge\Examples_3\Unit_Tests\PC Visual Studio 2019\..\src\39_ParticleSystem\GPUCfg\*.*" "D:\HTC\avboit\The-Forge\Examples_3\Unit_Tests\PC Visual Studio 2019\x64\Release\39_ParticleSystem\GPUCfg\"
         xcopy /Y /S /D "D:\HTC\avboit\The-Forge\Examples_3\Unit_Tests\PC Visual Studio 2019\..\..\..\Common_3\OS\Windows\pc_gpu.data" "D:\HTC\avboit\The-Forge\Examples_3\Unit_Tests\PC Visual Studio 2019\x64\Release\39_ParticleSystem\GPUCfg\gpu.data*"
         
         xcopy /Y /S /D "D:\HTC\avboit\The-Forge\Examples_3\Unit_Tests\PC Visual Studio 2019\..\src\39_ParticleSystem\Scripts\*.lua" "D:\HTC\avboit\The-Forge\Examples_3\Unit_Tests\PC Visual Studio 2019\x64\Release\39_ParticleSystem\Scripts\"
         xcopy /Y /S /D "%ART%\UnitTestResources\Scripts\*.lua" "D:\HTC\avboit\The-Forge\Examples_3\Unit_Tests\PC Visual Studio 2019\x64\Release\39_ParticleSystem\Scripts\"
         :VCEnd
    50>PostBuildEvent:
         D:\HTC\avboit\The-Forge\Examples_3\Unit_Tests\PC Visual Studio 2019\..\..\..\Art\\UnitTestResources\Fonts\ComicRelief\ComicRelief-Bold.ttf
         D:\HTC\avboit\The-Forge\Examples_3\Unit_Tests\PC Visual Studio 2019\..\..\..\Art\\UnitTestResources\Fonts\ComicRelief\ComicRelief.ttf
         D:\HTC\avboit\The-Forge\Examples_3\Unit_Tests\PC Visual Studio 2019\..\..\..\Art\\UnitTestResources\Fonts\Crimson\Crimson-Bold.ttf
         D:\HTC\avboit\The-Forge\Examples_3\Unit_Tests\PC Visual Studio 2019\..\..\..\Art\\UnitTestResources\Fonts\Crimson\Crimson-BoldItalic.ttf
         D:\HTC\avboit\The-Forge\Examples_3\Unit_Tests\PC Visual Studio 2019\..\..\..\Art\\UnitTestResources\Fonts\Crimson\Crimson-Italic.ttf
         D:\HTC\avboit\The-Forge\Examples_3\Unit_Tests\PC Visual Studio 2019\..\..\..\Art\\UnitTestResources\Fonts\Crimson\Crimson-Roman.ttf
         D:\HTC\avboit\The-Forge\Examples_3\Unit_Tests\PC Visual Studio 2019\..\..\..\Art\\UnitTestResources\Fonts\Crimson\Crimson-Semibold.ttf
         D:\HTC\avboit\The-Forge\Examples_3\Unit_Tests\PC Visual Studio 2019\..\..\..\Art\\UnitTestResources\Fonts\Crimson\Crimson-SemiboldItalic.ttf
         D:\HTC\avboit\The-Forge\Examples_3\Unit_Tests\PC Visual Studio 2019\..\..\..\Art\\UnitTestResources\Fonts\HermeneusOne\HermeneusOne.ttf
         9 File(s) copied
         D:\HTC\avboit\The-Forge\Examples_3\Unit_Tests\PC Visual Studio 2019\..\..\..\Art\\UnitTestResources\Fonts\InconsolataLGC\Inconsolata-LGC-Bold.otf
         D:\HTC\avboit\The-Forge\Examples_3\Unit_Tests\PC Visual Studio 2019\..\..\..\Art\\UnitTestResources\Fonts\InconsolataLGC\Inconsolata-LGC-BoldItalic.otf
         D:\HTC\avboit\The-Forge\Examples_3\Unit_Tests\PC Visual Studio 2019\..\..\..\Art\\UnitTestResources\Fonts\InconsolataLGC\Inconsolata-LGC-Italic.otf
         D:\HTC\avboit\The-Forge\Examples_3\Unit_Tests\PC Visual Studio 2019\..\..\..\Art\\UnitTestResources\Fonts\InconsolataLGC\Inconsolata-LGC.otf
         D:\HTC\avboit\The-Forge\Examples_3\Unit_Tests\PC Visual Studio 2019\..\..\..\Art\\UnitTestResources\Fonts\TitilliumText\TitilliumText-Bold.otf
    40>PostBuildEvent:
         0 File(s) copied
    50>PostBuildEvent:
         5 File(s) copied
    40>PostBuildEvent:
         0 File(s) copied
    50>PostBuildEvent:
         0 File(s) copied
    40>PostBuildEvent:
         0 File(s) copied
    50>PostBuildEvent:
         0 File(s) copied
    40>PostBuildEvent:
         0 File(s) copied
    50>PostBuildEvent:
         0 File(s) copied
    40>PostBuildEvent:
         0 File(s) copied
    50>PostBuildEvent:
         0 File(s) copied
         File not found - *.lua
    40>PostBuildEvent:
         0 File(s) copied
    50>PostBuildEvent:
         0 File(s) copied
    40>PostBuildEvent:
         File not found - *.tex
         0 File(s) copied
    50>PostBuildEvent:
         0 File(s) copied
    40>PostBuildEvent:
         File not found - *.tex
         0 File(s) copied
         File not found - *.tex
         0 File(s) copied
    50>FinalizeBuildStatus:
         ??????“D:\HTC\avboit\The-Forge\Examples_3\Unit_Tests\PC Visual Studio 2019\\x64\Release\Intermediate\09_LightShadowPlayground\09_Light.57CC1131.tlog\unsuccessfulbuild”?
         ???“D:\HTC\avboit\The-Forge\Examples_3\Unit_Tests\PC Visual Studio 2019\\x64\Release\Intermediate\09_LightShadowPlayground\09_Light.57CC1131.tlog\09_LightShadowPlayground.lastbuildstate”?? Touch ???
    50>???????“D:\HTC\avboit\The-Forge\Examples_3\Unit_Tests\PC Visual Studio 2019\09_LightShadowPlayground.vcxproj”(????)????
     9>???????“D:\HTC\avboit\The-Forge\Examples_3\Unit_Tests\PC Visual Studio 2019\09_LightShadowPlayground.vcxproj.metaproj”(????)????
    40>PostBuildEvent:
         0 File(s) copied
         File not found - *
         File not found - cameraPath.bin
         0 File(s) copied
         D:\HTC\avboit\The-Forge\Examples_3\Unit_Tests\PC Visual Studio 2019\..\..\..\Art\\UnitTestResources\Fonts\ComicRelief\ComicRelief-Bold.ttf
         D:\HTC\avboit\The-Forge\Examples_3\Unit_Tests\PC Visual Studio 2019\..\..\..\Art\\UnitTestResources\Fonts\ComicRelief\ComicRelief.ttf
         D:\HTC\avboit\The-Forge\Examples_3\Unit_Tests\PC Visual Studio 2019\..\..\..\Art\\UnitTestResources\Fonts\Crimson\Crimson-Bold.ttf
         D:\HTC\avboit\The-Forge\Examples_3\Unit_Tests\PC Visual Studio 2019\..\..\..\Art\\UnitTestResources\Fonts\Crimson\Crimson-BoldItalic.ttf
         D:\HTC\avboit\The-Forge\Examples_3\Unit_Tests\PC Visual Studio 2019\..\..\..\Art\\UnitTestResources\Fonts\Crimson\Crimson-Italic.ttf
         D:\HTC\avboit\The-Forge\Examples_3\Unit_Tests\PC Visual Studio 2019\..\..\..\Art\\UnitTestResources\Fonts\Crimson\Crimson-Roman.ttf
         D:\HTC\avboit\The-Forge\Examples_3\Unit_Tests\PC Visual Studio 2019\..\..\..\Art\\UnitTestResources\Fonts\Crimson\Crimson-Semibold.ttf
         D:\HTC\avboit\The-Forge\Examples_3\Unit_Tests\PC Visual Studio 2019\..\..\..\Art\\UnitTestResources\Fonts\Crimson\Crimson-SemiboldItalic.ttf
         D:\HTC\avboit\The-Forge\Examples_3\Unit_Tests\PC Visual Studio 2019\..\..\..\Art\\UnitTestResources\Fonts\HermeneusOne\HermeneusOne.ttf
         9 File(s) copied
         D:\HTC\avboit\The-Forge\Examples_3\Unit_Tests\PC Visual Studio 2019\..\..\..\Art\\UnitTestResources\Fonts\InconsolataLGC\Inconsolata-LGC-Bold.otf
         D:\HTC\avboit\The-Forge\Examples_3\Unit_Tests\PC Visual Studio 2019\..\..\..\Art\\UnitTestResources\Fonts\InconsolataLGC\Inconsolata-LGC-BoldItalic.otf
         D:\HTC\avboit\The-Forge\Examples_3\Unit_Tests\PC Visual Studio 2019\..\..\..\Art\\UnitTestResources\Fonts\InconsolataLGC\Inconsolata-LGC-Italic.otf
         D:\HTC\avboit\The-Forge\Examples_3\Unit_Tests\PC Visual Studio 2019\..\..\..\Art\\UnitTestResources\Fonts\InconsolataLGC\Inconsolata-LGC.otf
         D:\HTC\avboit\The-Forge\Examples_3\Unit_Tests\PC Visual Studio 2019\..\..\..\Art\\UnitTestResources\Fonts\TitilliumText\TitilliumText-Bold.otf
         5 File(s) copied
         0 File(s) copied
         0 File(s) copied
         0 File(s) copied
         0 File(s) copied
         File not found - *.lua
         0 File(s) copied
         File not found - *.lua
         0 File(s) copied
    40>E:\tools\Microsoft Visual Studio\2022\Community\MSBuild\Microsoft\VC\v170\Microsoft.CppCommon.targets(166,5): error MSB3073: ??“ [D:\HTC\avboit\The-Forge\Examples_3\Unit_Tests\PC Visual Studio 2019\39_ParticleSystem.vcxproj]
E:\tools\Microsoft Visual Studio\2022\Community\MSBuild\Microsoft\VC\v170\Microsoft.CppCommon.targets(166,5): error MSB3073:         xcopy "D:\HTC\avboit\The-Forge\Examples_3\Unit_Tests\PC Visual Studio 2019\..\..\..\Common_3\Graphics\ThirdParty\OpenSource\VulkanSDK\bin\Win32\*.dll" "D:\HTC\avboit\The-Forge\Examples_3\Unit_Tests\PC Visual Studio 2019\x64\Release\39_ParticleSystem\" /S /Y /D [D:\HTC\avboit\The-Forge\Examples_3\Unit_Tests\PC Visual Studio 2019\39_ParticleSystem.vcxproj]
E:\tools\Microsoft Visual Studio\2022\Community\MSBuild\Microsoft\VC\v170\Microsoft.CppCommon.targets(166,5): error MSB3073:         xcopy "D:\HTC\avboit\The-Forge\Examples_3\Unit_Tests\PC Visual Studio 2019\..\..\..\Common_3\Graphics\ThirdParty\OpenSource\VulkanSDK\bin\Win32\*.json" "D:\HTC\avboit\The-Forge\Examples_3\Unit_Tests\PC Visual Studio 2019\x64\Release\39_ParticleSystem\" /S /Y /D [D:\HTC\avboit\The-Forge\Examples_3\Unit_Tests\PC Visual Studio 2019\39_ParticleSystem.vcxproj]
E:\tools\Microsoft Visual Studio\2022\Community\MSBuild\Microsoft\VC\v170\Microsoft.CppCommon.targets(166,5): error MSB3073:         xcopy "D:\HTC\avboit\The-Forge\Examples_3\Unit_Tests\PC Visual Studio 2019\..\..\..\Common_3\Graphics\ThirdParty\OpenSource\ags\ags_lib\lib\amd_ags_x64.dll" "D:\HTC\avboit\The-Forge\Examples_3\Unit_Tests\PC Visual Studio 2019\x64\Release\39_ParticleSystem\amd_ags_x64.dll"* /S /Y /D [D:\HTC\avboit\The-Forge\Examples_3\Unit_Tests\PC Visual Studio 2019\39_ParticleSystem.vcxproj]
E:\tools\Microsoft Visual Studio\2022\Community\MSBuild\Microsoft\VC\v170\Microsoft.CppCommon.targets(166,5): error MSB3073:         xcopy "D:\HTC\avboit\The-Forge\Examples_3\Unit_Tests\PC Visual Studio 2019\..\..\..\Common_3\Graphics\ThirdParty\OpenSource\DirectXShaderCompiler\bin\x64\dxcompiler.dll" "D:\HTC\avboit\The-Forge\Examples_3\Unit_Tests\PC Visual Studio 2019\x64\Release\39_ParticleSystem\dxcompiler.dll"* /S /Y /D [D:\HTC\avboit\The-Forge\Examples_3\Unit_Tests\PC Visual Studio 2019\39_ParticleSystem.vcxproj]
E:\tools\Microsoft Visual Studio\2022\Community\MSBuild\Microsoft\VC\v170\Microsoft.CppCommon.targets(166,5): error MSB3073:         xcopy "D:\HTC\avboit\The-Forge\Examples_3\Unit_Tests\PC Visual Studio 2019\..\..\..\Common_3\Graphics\ThirdParty\OpenSource\Direct3d12Agility\bin\x64\*.dll" "D:\HTC\avboit\The-Forge\Examples_3\Unit_Tests\PC Visual Studio 2019\x64\Release\39_ParticleSystem\"* /S /Y /D [D:\HTC\avboit\The-Forge\Examples_3\Unit_Tests\PC Visual Studio 2019\39_ParticleSystem.vcxproj]
E:\tools\Microsoft Visual Studio\2022\Community\MSBuild\Microsoft\VC\v170\Microsoft.CppCommon.targets(166,5): error MSB3073:         xcopy "D:\HTC\avboit\The-Forge\Examples_3\Unit_Tests\PC Visual Studio 2019\..\..\..\Common_3\OS\ThirdParty\OpenSource\winpixeventruntime\bin\WinPixEventRuntime.dll" "D:\HTC\avboit\The-Forge\Examples_3\Unit_Tests\PC Visual Studio 2019\x64\Release\39_ParticleSystem\WinPixEventRunTime.dll"* /S /Y /D [D:\HTC\avboit\The-Forge\Examples_3\Unit_Tests\PC Visual Studio 2019\39_ParticleSystem.vcxproj]
E:\tools\Microsoft Visual Studio\2022\Community\MSBuild\Microsoft\VC\v170\Microsoft.CppCommon.targets(166,5): error MSB3073:          [D:\HTC\avboit\The-Forge\Examples_3\Unit_Tests\PC Visual Studio 2019\39_ParticleSystem.vcxproj]
E:\tools\Microsoft Visual Studio\2022\Community\MSBuild\Microsoft\VC\v170\Microsoft.CppCommon.targets(166,5): error MSB3073:        :: Copy Art files [D:\HTC\avboit\The-Forge\Examples_3\Unit_Tests\PC Visual Studio 2019\39_ParticleSystem.vcxproj]
E:\tools\Microsoft Visual Studio\2022\Community\MSBuild\Microsoft\VC\v170\Microsoft.CppCommon.targets(166,5): error MSB3073: set ART=D:\HTC\avboit\The-Forge\Examples_3\Unit_Tests\PC Visual Studio 2019\..\..\..\Art\ [D:\HTC\avboit\The-Forge\Examples_3\Unit_Tests\PC Visual Studio 2019\39_ParticleSystem.vcxproj]
E:\tools\Microsoft Visual Studio\2022\Community\MSBuild\Microsoft\VC\v170\Microsoft.CppCommon.targets(166,5): error MSB3073: xcopy /Y /S /D "%ART%\PBR\dds\*.tex" "D:\HTC\avboit\The-Forge\Examples_3\Unit_Tests\PC Visual Studio 2019\x64\Release\39_ParticleSystem\Textures\PBR\" [D:\HTC\avboit\The-Forge\Examples_3\Unit_Tests\PC Visual Studio 2019\39_ParticleSystem.vcxproj]
E:\tools\Microsoft Visual Studio\2022\Community\MSBuild\Microsoft\VC\v170\Microsoft.CppCommon.targets(166,5): error MSB3073: xcopy /Y /S /D "%ART%\Particles\Textures\dds\*.tex" "D:\HTC\avboit\The-Forge\Examples_3\Unit_Tests\PC Visual Studio 2019\x64\Release\39_ParticleSystem\Textures\" [D:\HTC\avboit\The-Forge\Examples_3\Unit_Tests\PC Visual Studio 2019\39_ParticleSystem.vcxproj]
E:\tools\Microsoft Visual Studio\2022\Community\MSBuild\Microsoft\VC\v170\Microsoft.CppCommon.targets(166,5): error MSB3073: xcopy /Y /S /D "%ART%\SanMiguel_3\Textures\dds\*.tex" "D:\HTC\avboit\The-Forge\Examples_3\Unit_Tests\PC Visual Studio 2019\x64\Release\39_ParticleSystem\Textures\" [D:\HTC\avboit\The-Forge\Examples_3\Unit_Tests\PC Visual Studio 2019\39_ParticleSystem.vcxproj]
E:\tools\Microsoft Visual Studio\2022\Community\MSBuild\Microsoft\VC\v170\Microsoft.CppCommon.targets(166,5): error MSB3073: xcopy /Y /S /D "%ART%\SanMiguel_3\Meshes\*" "D:\HTC\avboit\The-Forge\Examples_3\Unit_Tests\PC Visual Studio 2019\x64\Release\39_ParticleSystem\Meshes\" [D:\HTC\avboit\The-Forge\Examples_3\Unit_Tests\PC Visual Studio 2019\39_ParticleSystem.vcxproj]
E:\tools\Microsoft Visual Studio\2022\Community\MSBuild\Microsoft\VC\v170\Microsoft.CppCommon.targets(166,5): error MSB3073: xcopy /Y /S /D "%ART%\UnitTestResources\cameraPath.bin" "D:\HTC\avboit\The-Forge\Examples_3\Unit_Tests\PC Visual Studio 2019\x64\Release\39_ParticleSystem\" [D:\HTC\avboit\The-Forge\Examples_3\Unit_Tests\PC Visual Studio 2019\39_ParticleSystem.vcxproj]
E:\tools\Microsoft Visual Studio\2022\Community\MSBuild\Microsoft\VC\v170\Microsoft.CppCommon.targets(166,5): error MSB3073:  [D:\HTC\avboit\The-Forge\Examples_3\Unit_Tests\PC Visual Studio 2019\39_ParticleSystem.vcxproj]
E:\tools\Microsoft Visual Studio\2022\Community\MSBuild\Microsoft\VC\v170\Microsoft.CppCommon.targets(166,5): error MSB3073: xcopy /Y /S /D "%ART%\UnitTestResources\Fonts\*.ttf" "D:\HTC\avboit\The-Forge\Examples_3\Unit_Tests\PC Visual Studio 2019\x64\Release\39_ParticleSystem\Fonts\" [D:\HTC\avboit\The-Forge\Examples_3\Unit_Tests\PC Visual Studio 2019\39_ParticleSystem.vcxproj]
E:\tools\Microsoft Visual Studio\2022\Community\MSBuild\Microsoft\VC\v170\Microsoft.CppCommon.targets(166,5): error MSB3073: xcopy /Y /S /D "%ART%\UnitTestResources\Fonts\*.otf" "D:\HTC\avboit\The-Forge\Examples_3\Unit_Tests\PC Visual Studio 2019\x64\Release\39_ParticleSystem\Fonts\" [D:\HTC\avboit\The-Forge\Examples_3\Unit_Tests\PC Visual Studio 2019\39_ParticleSystem.vcxproj]
E:\tools\Microsoft Visual Studio\2022\Community\MSBuild\Microsoft\VC\v170\Microsoft.CppCommon.targets(166,5): error MSB3073:  [D:\HTC\avboit\The-Forge\Examples_3\Unit_Tests\PC Visual Studio 2019\39_ParticleSystem.vcxproj]
E:\tools\Microsoft Visual Studio\2022\Community\MSBuild\Microsoft\VC\v170\Microsoft.CppCommon.targets(166,5): error MSB3073: xcopy /Y /S /D /E "D:\HTC\avboit\The-Forge\Examples_3\Unit_Tests\PC Visual Studio 2019\x64\Release\39_ParticleSystem\..\OS\Shaders" "D:\HTC\avboit\The-Forge\Examples_3\Unit_Tests\PC Visual Studio 2019\x64\Release\39_ParticleSystem\Shaders" [D:\HTC\avboit\The-Forge\Examples_3\Unit_Tests\PC Visual Studio 2019\39_ParticleSystem.vcxproj]
E:\tools\Microsoft Visual Studio\2022\Community\MSBuild\Microsoft\VC\v170\Microsoft.CppCommon.targets(166,5): error MSB3073: xcopy /Y /S /D /E "D:\HTC\avboit\The-Forge\Examples_3\Unit_Tests\PC Visual Studio 2019\x64\Release\39_ParticleSystem\..\OS\CompiledShaders" "D:\HTC\avboit\The-Forge\Examples_3\Unit_Tests\PC Visual Studio 2019\x64\Release\39_ParticleSystem\CompiledShaders" [D:\HTC\avboit\The-Forge\Examples_3\Unit_Tests\PC Visual Studio 2019\39_ParticleSystem.vcxproj]
E:\tools\Microsoft Visual Studio\2022\Community\MSBuild\Microsoft\VC\v170\Microsoft.CppCommon.targets(166,5): error MSB3073:  [D:\HTC\avboit\The-Forge\Examples_3\Unit_Tests\PC Visual Studio 2019\39_ParticleSystem.vcxproj]
E:\tools\Microsoft Visual Studio\2022\Community\MSBuild\Microsoft\VC\v170\Microsoft.CppCommon.targets(166,5): error MSB3073: xcopy /Y /S /D "D:\HTC\avboit\The-Forge\Examples_3\Unit_Tests\PC Visual Studio 2019\..\src\39_ParticleSystem\GPUCfg\*.*" "D:\HTC\avboit\The-Forge\Examples_3\Unit_Tests\PC Visual Studio 2019\x64\Release\39_ParticleSystem\GPUCfg\" [D:\HTC\avboit\The-Forge\Examples_3\Unit_Tests\PC Visual Studio 2019\39_ParticleSystem.vcxproj]
E:\tools\Microsoft Visual Studio\2022\Community\MSBuild\Microsoft\VC\v170\Microsoft.CppCommon.targets(166,5): error MSB3073: xcopy /Y /S /D "D:\HTC\avboit\The-Forge\Examples_3\Unit_Tests\PC Visual Studio 2019\..\..\..\Common_3\OS\Windows\pc_gpu.data" "D:\HTC\avboit\The-Forge\Examples_3\Unit_Tests\PC Visual Studio 2019\x64\Release\39_ParticleSystem\GPUCfg\gpu.data*" [D:\HTC\avboit\The-Forge\Examples_3\Unit_Tests\PC Visual Studio 2019\39_ParticleSystem.vcxproj]
E:\tools\Microsoft Visual Studio\2022\Community\MSBuild\Microsoft\VC\v170\Microsoft.CppCommon.targets(166,5): error MSB3073:  [D:\HTC\avboit\The-Forge\Examples_3\Unit_Tests\PC Visual Studio 2019\39_ParticleSystem.vcxproj]
E:\tools\Microsoft Visual Studio\2022\Community\MSBuild\Microsoft\VC\v170\Microsoft.CppCommon.targets(166,5): error MSB3073: xcopy /Y /S /D "D:\HTC\avboit\The-Forge\Examples_3\Unit_Tests\PC Visual Studio 2019\..\src\39_ParticleSystem\Scripts\*.lua" "D:\HTC\avboit\The-Forge\Examples_3\Unit_Tests\PC Visual Studio 2019\x64\Release\39_ParticleSystem\Scripts\" [D:\HTC\avboit\The-Forge\Examples_3\Unit_Tests\PC Visual Studio 2019\39_ParticleSystem.vcxproj]
E:\tools\Microsoft Visual Studio\2022\Community\MSBuild\Microsoft\VC\v170\Microsoft.CppCommon.targets(166,5): error MSB3073: xcopy /Y /S /D "%ART%\UnitTestResources\Scripts\*.lua" "D:\HTC\avboit\The-Forge\Examples_3\Unit_Tests\PC Visual Studio 2019\x64\Release\39_ParticleSystem\Scripts\" [D:\HTC\avboit\The-Forge\Examples_3\Unit_Tests\PC Visual Studio 2019\39_ParticleSystem.vcxproj]
E:\tools\Microsoft Visual Studio\2022\Community\MSBuild\Microsoft\VC\v170\Microsoft.CppCommon.targets(166,5): error MSB3073: :VCEnd”???,??? 4? [D:\HTC\avboit\The-Forge\Examples_3\Unit_Tests\PC Visual Studio 2019\39_ParticleSystem.vcxproj]
    40>???????“D:\HTC\avboit\The-Forge\Examples_3\Unit_Tests\PC Visual Studio 2019\39_ParticleSystem.vcxproj”(????)??? - ???
    24>???????“D:\HTC\avboit\The-Forge\Examples_3\Unit_Tests\PC Visual Studio 2019\39_ParticleSystem.vcxproj.metaproj”(????)??? - ???
    42>ClCompile:
         ?????????
         ?????????
       Link:
         ?????????
         19_CodeHotReload_Main.vcxproj -> D:\HTC\avboit\The-Forge\Examples_3\Unit_Tests\PC Visual Studio 2019\x64\Release\19_CodeHotReload_Main\19_CodeHotReload_Main.exe
       CustomBuildStep:
       ??????“CustomBuildStep”,????????
       CustomBuildStep:
       ??????“CustomBuildStep”,????????
       PostBuildEvent:
         
                 xcopy "D:\HTC\avboit\The-Forge\Examples_3\Unit_Tests\PC Visual Studio 2019\..\..\..\Common_3\Graphics\ThirdParty\OpenSource\VulkanSDK\bin\Win32\*.dll" "D:\HTC\avboit\The-Forge\Examples_3\Unit_Tests\PC Visual Studio 2019\x64\Release\19_CodeHotReload_Main\" /S /Y /D
                 xcopy "D:\HTC\avboit\The-Forge\Examples_3\Unit_Tests\PC Visual Studio 2019\..\..\..\Common_3\Graphics\ThirdParty\OpenSource\VulkanSDK\bin\Win32\*.json" "D:\HTC\avboit\The-Forge\Examples_3\Unit_Tests\PC Visual Studio 2019\x64\Release\19_CodeHotReload_Main\" /S /Y /D
                 xcopy "D:\HTC\avboit\The-Forge\Examples_3\Unit_Tests\PC Visual Studio 2019\..\..\..\Common_3\Graphics\ThirdParty\OpenSource\ags\ags_lib\lib\amd_ags_x64.dll" "D:\HTC\avboit\The-Forge\Examples_3\Unit_Tests\PC Visual Studio 2019\x64\Release\19_CodeHotReload_Main\amd_ags_x64.dll"* /S /Y /D
                 xcopy "D:\HTC\avboit\The-Forge\Examples_3\Unit_Tests\PC Visual Studio 2019\..\..\..\Common_3\Graphics\ThirdParty\OpenSource\DirectXShaderCompiler\bin\x64\dxcompiler.dll" "D:\HTC\avboit\The-Forge\Examples_3\Unit_Tests\PC Visual Studio 2019\x64\Release\19_CodeHotReload_Main\dxcompiler.dll"* /S /Y /D
                 xcopy "D:\HTC\avboit\The-Forge\Examples_3\Unit_Tests\PC Visual Studio 2019\..\..\..\Common_3\Graphics\ThirdParty\OpenSource\Direct3d12Agility\bin\x64\*.dll" "D:\HTC\avboit\The-Forge\Examples_3\Unit_Tests\PC Visual Studio 2019\x64\Release\19_CodeHotReload_Main\"* /S /Y /D
                 xcopy "D:\HTC\avboit\The-Forge\Examples_3\Unit_Tests\PC Visual Studio 2019\..\..\..\Common_3\OS\ThirdParty\OpenSource\winpixeventruntime\bin\WinPixEventRuntime.dll" "D:\HTC\avboit\The-Forge\Examples_3\Unit_Tests\PC Visual Studio 2019\x64\Release\19_CodeHotReload_Main\WinPixEventRunTime.dll"* /S /Y /D
                 
                set ART=D:\HTC\avboit\The-Forge\Examples_3\Unit_Tests\PC Visual Studio 2019\..\..\..\Art\
         xcopy /Y /S /D "%ART%\UnitTestResources\Textures\dds\sprites.tex" "D:\HTC\avboit\The-Forge\Examples_3\Unit_Tests\PC Visual Studio 2019\x64\Release\19_CodeHotReload_Main\Textures\"
         xcopy /Y /S /D "%ART%\UnitTestResources\Fonts\*.ttf" "D:\HTC\avboit\The-Forge\Examples_3\Unit_Tests\PC Visual Studio 2019\x64\Release\19_CodeHotReload_Main\Fonts\"
         xcopy /Y /S /D "%ART%\UnitTestResources\Fonts\*.otf" "D:\HTC\avboit\The-Forge\Examples_3\Unit_Tests\PC Visual Studio 2019\x64\Release\19_CodeHotReload_Main\Fonts\"
         
         xcopy /Y /S /D /E "D:\HTC\avboit\The-Forge\Examples_3\Unit_Tests\PC Visual Studio 2019\x64\Release\19_CodeHotReload_Main\..\OS\Shaders" "D:\HTC\avboit\The-Forge\Examples_3\Unit_Tests\PC Visual Studio 2019\x64\Release\19_CodeHotReload_Main\Shaders"
         xcopy /Y /S /D /E "D:\HTC\avboit\The-Forge\Examples_3\Unit_Tests\PC Visual Studio 2019\x64\Release\19_CodeHotReload_Main\..\OS\CompiledShaders" "D:\HTC\avboit\The-Forge\Examples_3\Unit_Tests\PC Visual Studio 2019\x64\Release\19_CodeHotReload_Main\CompiledShaders"
         
         xcopy /Y /S /D "D:\HTC\avboit\The-Forge\Examples_3\Unit_Tests\PC Visual Studio 2019\..\src\19_CodeHotReload\Scripts\*.lua" "D:\HTC\avboit\The-Forge\Examples_3\Unit_Tests\PC Visual Studio 2019\x64\Release\19_CodeHotReload_Main\Scripts\"
         xcopy /Y /S /D "%ART%\UnitTestResources\Scripts\*.lua" "D:\HTC\avboit\The-Forge\Examples_3\Unit_Tests\PC Visual Studio 2019\x64\Release\19_CodeHotReload_Main\Scripts\"
         
         xcopy /Y /S /D "D:\HTC\avboit\The-Forge\Examples_3\Unit_Tests\PC Visual Studio 2019\..\src\19_CodeHotReload\vswhere_args.txt" "D:\HTC\avboit\The-Forge\Examples_3\Unit_Tests\PC Visual Studio 2019\x64\Release\19_CodeHotReload_Main\"
         
         xcopy "D:\HTC\avboit\The-Forge\Common_3\OS\Windows\pc_gpu.data" "D:\HTC\avboit\The-Forge\Examples_3\Unit_Tests\PC Visual Studio 2019\x64\Release\19_CodeHotReload_Main\GPUCfg\gpu.data*" /Y /D
         xcopy /Y /S /D "D:\HTC\avboit\The-Forge\Examples_3\Unit_Tests\PC Visual Studio 2019\..\src\19_CodeHotReload\GPUCfg\*.*" "D:\HTC\avboit\The-Forge\Examples_3\Unit_Tests\PC Visual Studio 2019\x64\Release\19_CodeHotReload_Main\GPUCfg\"
         
         :VCEnd
         0 File(s) copied
         0 File(s) copied
         0 File(s) copied
         0 File(s) copied
         0 File(s) copied
         0 File(s) copied
         D:\HTC\avboit\The-Forge\Examples_3\Unit_Tests\PC Visual Studio 2019\..\..\..\Art\\UnitTestResources\Textures\dds\sprites.tex
         1 File(s) copied
         D:\HTC\avboit\The-Forge\Examples_3\Unit_Tests\PC Visual Studio 2019\..\..\..\Art\\UnitTestResources\Fonts\ComicRelief\ComicRelief-Bold.ttf
         D:\HTC\avboit\The-Forge\Examples_3\Unit_Tests\PC Visual Studio 2019\..\..\..\Art\\UnitTestResources\Fonts\ComicRelief\ComicRelief.ttf
         D:\HTC\avboit\The-Forge\Examples_3\Unit_Tests\PC Visual Studio 2019\..\..\..\Art\\UnitTestResources\Fonts\Crimson\Crimson-Bold.ttf
         D:\HTC\avboit\The-Forge\Examples_3\Unit_Tests\PC Visual Studio 2019\..\..\..\Art\\UnitTestResources\Fonts\Crimson\Crimson-BoldItalic.ttf
         D:\HTC\avboit\The-Forge\Examples_3\Unit_Tests\PC Visual Studio 2019\..\..\..\Art\\UnitTestResources\Fonts\Crimson\Crimson-Italic.ttf
         D:\HTC\avboit\The-Forge\Examples_3\Unit_Tests\PC Visual Studio 2019\..\..\..\Art\\UnitTestResources\Fonts\Crimson\Crimson-Roman.ttf
         D:\HTC\avboit\The-Forge\Examples_3\Unit_Tests\PC Visual Studio 2019\..\..\..\Art\\UnitTestResources\Fonts\Crimson\Crimson-Semibold.ttf
         D:\HTC\avboit\The-Forge\Examples_3\Unit_Tests\PC Visual Studio 2019\..\..\..\Art\\UnitTestResources\Fonts\Crimson\Crimson-SemiboldItalic.ttf
         D:\HTC\avboit\The-Forge\Examples_3\Unit_Tests\PC Visual Studio 2019\..\..\..\Art\\UnitTestResources\Fonts\HermeneusOne\HermeneusOne.ttf
         9 File(s) copied
         D:\HTC\avboit\The-Forge\Examples_3\Unit_Tests\PC Visual Studio 2019\..\..\..\Art\\UnitTestResources\Fonts\InconsolataLGC\Inconsolata-LGC-Bold.otf
         D:\HTC\avboit\The-Forge\Examples_3\Unit_Tests\PC Visual Studio 2019\..\..\..\Art\\UnitTestResources\Fonts\InconsolataLGC\Inconsolata-LGC-BoldItalic.otf
         D:\HTC\avboit\The-Forge\Examples_3\Unit_Tests\PC Visual Studio 2019\..\..\..\Art\\UnitTestResources\Fonts\InconsolataLGC\Inconsolata-LGC-Italic.otf
         D:\HTC\avboit\The-Forge\Examples_3\Unit_Tests\PC Visual Studio 2019\..\..\..\Art\\UnitTestResources\Fonts\InconsolataLGC\Inconsolata-LGC.otf
         D:\HTC\avboit\The-Forge\Examples_3\Unit_Tests\PC Visual Studio 2019\..\..\..\Art\\UnitTestResources\Fonts\TitilliumText\TitilliumText-Bold.otf
         5 File(s) copied
         0 File(s) copied
         0 File(s) copied
         0 File(s) copied
         File not found - *.lua
         0 File(s) copied
         0 File(s) copied
         0 File(s) copied
         0 File(s) copied
       FinalizeBuildStatus:
         ??????“D:\HTC\avboit\The-Forge\Examples_3\Unit_Tests\PC Visual Studio 2019\\x64\Release\Intermediate\19_CodeHotReload_Main\19_CodeH.28DEB3EA.tlog\unsuccessfulbuild”?
         ???“D:\HTC\avboit\The-Forge\Examples_3\Unit_Tests\PC Visual Studio 2019\\x64\Release\Intermediate\19_CodeHotReload_Main\19_CodeH.28DEB3EA.tlog\19_CodeHotReload_Main.lastbuildstate”?? Touch ???
    42>???????“D:\HTC\avboit\The-Forge\Examples_3\Unit_Tests\PC Visual Studio 2019\19_CodeHotReload_Main.vcxproj”(????)????
    19>???????“D:\HTC\avboit\The-Forge\Examples_3\Unit_Tests\PC Visual Studio 2019\19_CodeHotReload_Main.vcxproj.metaproj”(????)????
     1>???????“D:\HTC\avboit\The-Forge\Examples_3\Unit_Tests\PC Visual Studio 2019\Unit_Tests.sln”(Build ???)??? - ???

?????

       “D:\HTC\avboit\The-Forge\Examples_3\Unit_Tests\PC Visual Studio 2019\Unit_Tests.sln”(Build ??) (1) ->
       “D:\HTC\avboit\The-Forge\Examples_3\Unit_Tests\PC Visual Studio 2019\36_AlgorithmsAndContainers.vcxproj.metaproj”(????) (21) ->
       “D:\HTC\avboit\The-Forge\Examples_3\Unit_Tests\PC Visual Studio 2019\36_AlgorithmsAndContainers.vcxproj”(????) (37) ->
       (PostBuildEvent ??) -> 
         E:\tools\Microsoft Visual Studio\2022\Community\MSBuild\Microsoft\VC\v170\Microsoft.CppCommon.targets(166,5): error MSB3073: ??“ [D:\HTC\avboit\The-Forge\Examples_3\Unit_Tests\PC Visual Studio 2019\36_AlgorithmsAndContainers.vcxproj]
       E:\tools\Microsoft Visual Studio\2022\Community\MSBuild\Microsoft\VC\v170\Microsoft.CppCommon.targets(166,5): error MSB3073:         xcopy "D:\HTC\avboit\The-Forge\Examples_3\Unit_Tests\PC Visual Studio 2019\..\..\..\Common_3\Graphics\ThirdParty\OpenSource\VulkanSDK\bin\Win32\*.dll" "D:\HTC\avboit\The-Forge\Examples_3\Unit_Tests\PC Visual Studio 2019\x64\Release\36_AlgorithmsAndContainers\" /S /Y /D [D:\HTC\avboit\The-Forge\Examples_3\Unit_Tests\PC Visual Studio 2019\36_AlgorithmsAndContainers.vcxproj]
       E:\tools\Microsoft Visual Studio\2022\Community\MSBuild\Microsoft\VC\v170\Microsoft.CppCommon.targets(166,5): error MSB3073:         xcopy "D:\HTC\avboit\The-Forge\Examples_3\Unit_Tests\PC Visual Studio 2019\..\..\..\Common_3\Graphics\ThirdParty\OpenSource\VulkanSDK\bin\Win32\*.json" "D:\HTC\avboit\The-Forge\Examples_3\Unit_Tests\PC Visual Studio 2019\x64\Release\36_AlgorithmsAndContainers\" /S /Y /D [D:\HTC\avboit\The-Forge\Examples_3\Unit_Tests\PC Visual Studio 2019\36_AlgorithmsAndContainers.vcxproj]
       E:\tools\Microsoft Visual Studio\2022\Community\MSBuild\Microsoft\VC\v170\Microsoft.CppCommon.targets(166,5): error MSB3073:         xcopy "D:\HTC\avboit\The-Forge\Examples_3\Unit_Tests\PC Visual Studio 2019\..\..\..\Common_3\Graphics\ThirdParty\OpenSource\ags\ags_lib\lib\amd_ags_x64.dll" "D:\HTC\avboit\The-Forge\Examples_3\Unit_Tests\PC Visual Studio 2019\x64\Release\36_AlgorithmsAndContainers\amd_ags_x64.dll"* /S /Y /D [D:\HTC\avboit\The-Forge\Examples_3\Unit_Tests\PC Visual Studio 2019\36_AlgorithmsAndContainers.vcxproj]
       E:\tools\Microsoft Visual Studio\2022\Community\MSBuild\Microsoft\VC\v170\Microsoft.CppCommon.targets(166,5): error MSB3073:         xcopy "D:\HTC\avboit\The-Forge\Examples_3\Unit_Tests\PC Visual Studio 2019\..\..\..\Common_3\Graphics\ThirdParty\OpenSource\DirectXShaderCompiler\bin\x64\dxcompiler.dll" "D:\HTC\avboit\The-Forge\Examples_3\Unit_Tests\PC Visual Studio 2019\x64\Release\36_AlgorithmsAndContainers\dxcompiler.dll"* /S /Y /D [D:\HTC\avboit\The-Forge\Examples_3\Unit_Tests\PC Visual Studio 2019\36_AlgorithmsAndContainers.vcxproj]
       E:\tools\Microsoft Visual Studio\2022\Community\MSBuild\Microsoft\VC\v170\Microsoft.CppCommon.targets(166,5): error MSB3073:         xcopy "D:\HTC\avboit\The-Forge\Examples_3\Unit_Tests\PC Visual Studio 2019\..\..\..\Common_3\Graphics\ThirdParty\OpenSource\Direct3d12Agility\bin\x64\*.dll" "D:\HTC\avboit\The-Forge\Examples_3\Unit_Tests\PC Visual Studio 2019\x64\Release\36_AlgorithmsAndContainers\"* /S /Y /D [D:\HTC\avboit\The-Forge\Examples_3\Unit_Tests\PC Visual Studio 2019\36_AlgorithmsAndContainers.vcxproj]
       E:\tools\Microsoft Visual Studio\2022\Community\MSBuild\Microsoft\VC\v170\Microsoft.CppCommon.targets(166,5): error MSB3073:         xcopy "D:\HTC\avboit\The-Forge\Examples_3\Unit_Tests\PC Visual Studio 2019\..\..\..\Common_3\OS\ThirdParty\OpenSource\winpixeventruntime\bin\WinPixEventRuntime.dll" "D:\HTC\avboit\The-Forge\Examples_3\Unit_Tests\PC Visual Studio 2019\x64\Release\36_AlgorithmsAndContainers\WinPixEventRunTime.dll"* /S /Y /D [D:\HTC\avboit\The-Forge\Examples_3\Unit_Tests\PC Visual Studio 2019\36_AlgorithmsAndContainers.vcxproj]
       E:\tools\Microsoft Visual Studio\2022\Community\MSBuild\Microsoft\VC\v170\Microsoft.CppCommon.targets(166,5): error MSB3073:          [D:\HTC\avboit\The-Forge\Examples_3\Unit_Tests\PC Visual Studio 2019\36_AlgorithmsAndContainers.vcxproj]
       E:\tools\Microsoft Visual Studio\2022\Community\MSBuild\Microsoft\VC\v170\Microsoft.CppCommon.targets(166,5): error MSB3073:        [D:\HTC\avboit\The-Forge\Examples_3\Unit_Tests\PC Visual Studio 2019\36_AlgorithmsAndContainers.vcxproj]
       E:\tools\Microsoft Visual Studio\2022\Community\MSBuild\Microsoft\VC\v170\Microsoft.CppCommon.targets(166,5): error MSB3073: xcopy "D:\HTC\avboit\The-Forge\Examples_3\Unit_Tests\PC Visual Studio 2019\..\..\..\Art\UnitTestResources\Scripts\*.*" "D:\HTC\avboit\The-Forge\Examples_3\Unit_Tests\PC Visual Studio 2019\x64\Release\36_AlgorithmsAndContainers\Scripts\" /s /y [D:\HTC\avboit\The-Forge\Examples_3\Unit_Tests\PC Visual Studio 2019\36_AlgorithmsAndContainers.vcxproj]
       E:\tools\Microsoft Visual Studio\2022\Community\MSBuild\Microsoft\VC\v170\Microsoft.CppCommon.targets(166,5): error MSB3073: :VCEnd”???,??? 4? [D:\HTC\avboit\The-Forge\Examples_3\Unit_Tests\PC Visual Studio 2019\36_AlgorithmsAndContainers.vcxproj]


       “D:\HTC\avboit\The-Forge\Examples_3\Unit_Tests\PC Visual Studio 2019\Unit_Tests.sln”(Build ??) (1) ->
       “D:\HTC\avboit\The-Forge\Examples_3\Unit_Tests\PC Visual Studio 2019\39_ParticleSystem.vcxproj.metaproj”(????) (24) ->
       “D:\HTC\avboit\The-Forge\Examples_3\Unit_Tests\PC Visual Studio 2019\39_ParticleSystem.vcxproj”(????) (40) ->
         E:\tools\Microsoft Visual Studio\2022\Community\MSBuild\Microsoft\VC\v170\Microsoft.CppCommon.targets(166,5): error MSB3073: ??“ [D:\HTC\avboit\The-Forge\Examples_3\Unit_Tests\PC Visual Studio 2019\39_ParticleSystem.vcxproj]
       E:\tools\Microsoft Visual Studio\2022\Community\MSBuild\Microsoft\VC\v170\Microsoft.CppCommon.targets(166,5): error MSB3073:         xcopy "D:\HTC\avboit\The-Forge\Examples_3\Unit_Tests\PC Visual Studio 2019\..\..\..\Common_3\Graphics\ThirdParty\OpenSource\VulkanSDK\bin\Win32\*.dll" "D:\HTC\avboit\The-Forge\Examples_3\Unit_Tests\PC Visual Studio 2019\x64\Release\39_ParticleSystem\" /S /Y /D [D:\HTC\avboit\The-Forge\Examples_3\Unit_Tests\PC Visual Studio 2019\39_ParticleSystem.vcxproj]
       E:\tools\Microsoft Visual Studio\2022\Community\MSBuild\Microsoft\VC\v170\Microsoft.CppCommon.targets(166,5): error MSB3073:         xcopy "D:\HTC\avboit\The-Forge\Examples_3\Unit_Tests\PC Visual Studio 2019\..\..\..\Common_3\Graphics\ThirdParty\OpenSource\VulkanSDK\bin\Win32\*.json" "D:\HTC\avboit\The-Forge\Examples_3\Unit_Tests\PC Visual Studio 2019\x64\Release\39_ParticleSystem\" /S /Y /D [D:\HTC\avboit\The-Forge\Examples_3\Unit_Tests\PC Visual Studio 2019\39_ParticleSystem.vcxproj]
       E:\tools\Microsoft Visual Studio\2022\Community\MSBuild\Microsoft\VC\v170\Microsoft.CppCommon.targets(166,5): error MSB3073:         xcopy "D:\HTC\avboit\The-Forge\Examples_3\Unit_Tests\PC Visual Studio 2019\..\..\..\Common_3\Graphics\ThirdParty\OpenSource\ags\ags_lib\lib\amd_ags_x64.dll" "D:\HTC\avboit\The-Forge\Examples_3\Unit_Tests\PC Visual Studio 2019\x64\Release\39_ParticleSystem\amd_ags_x64.dll"* /S /Y /D [D:\HTC\avboit\The-Forge\Examples_3\Unit_Tests\PC Visual Studio 2019\39_ParticleSystem.vcxproj]
       E:\tools\Microsoft Visual Studio\2022\Community\MSBuild\Microsoft\VC\v170\Microsoft.CppCommon.targets(166,5): error MSB3073:         xcopy "D:\HTC\avboit\The-Forge\Examples_3\Unit_Tests\PC Visual Studio 2019\..\..\..\Common_3\Graphics\ThirdParty\OpenSource\DirectXShaderCompiler\bin\x64\dxcompiler.dll" "D:\HTC\avboit\The-Forge\Examples_3\Unit_Tests\PC Visual Studio 2019\x64\Release\39_ParticleSystem\dxcompiler.dll"* /S /Y /D [D:\HTC\avboit\The-Forge\Examples_3\Unit_Tests\PC Visual Studio 2019\39_ParticleSystem.vcxproj]
       E:\tools\Microsoft Visual Studio\2022\Community\MSBuild\Microsoft\VC\v170\Microsoft.CppCommon.targets(166,5): error MSB3073:         xcopy "D:\HTC\avboit\The-Forge\Examples_3\Unit_Tests\PC Visual Studio 2019\..\..\..\Common_3\Graphics\ThirdParty\OpenSource\Direct3d12Agility\bin\x64\*.dll" "D:\HTC\avboit\The-Forge\Examples_3\Unit_Tests\PC Visual Studio 2019\x64\Release\39_ParticleSystem\"* /S /Y /D [D:\HTC\avboit\The-Forge\Examples_3\Unit_Tests\PC Visual Studio 2019\39_ParticleSystem.vcxproj]
       E:\tools\Microsoft Visual Studio\2022\Community\MSBuild\Microsoft\VC\v170\Microsoft.CppCommon.targets(166,5): error MSB3073:         xcopy "D:\HTC\avboit\The-Forge\Examples_3\Unit_Tests\PC Visual Studio 2019\..\..\..\Common_3\OS\ThirdParty\OpenSource\winpixeventruntime\bin\WinPixEventRuntime.dll" "D:\HTC\avboit\The-Forge\Examples_3\Unit_Tests\PC Visual Studio 2019\x64\Release\39_ParticleSystem\WinPixEventRunTime.dll"* /S /Y /D [D:\HTC\avboit\The-Forge\Examples_3\Unit_Tests\PC Visual Studio 2019\39_ParticleSystem.vcxproj]
       E:\tools\Microsoft Visual Studio\2022\Community\MSBuild\Microsoft\VC\v170\Microsoft.CppCommon.targets(166,5): error MSB3073:          [D:\HTC\avboit\The-Forge\Examples_3\Unit_Tests\PC Visual Studio 2019\39_ParticleSystem.vcxproj]
       E:\tools\Microsoft Visual Studio\2022\Community\MSBuild\Microsoft\VC\v170\Microsoft.CppCommon.targets(166,5): error MSB3073:        :: Copy Art files [D:\HTC\avboit\The-Forge\Examples_3\Unit_Tests\PC Visual Studio 2019\39_ParticleSystem.vcxproj]
       E:\tools\Microsoft Visual Studio\2022\Community\MSBuild\Microsoft\VC\v170\Microsoft.CppCommon.targets(166,5): error MSB3073: set ART=D:\HTC\avboit\The-Forge\Examples_3\Unit_Tests\PC Visual Studio 2019\..\..\..\Art\ [D:\HTC\avboit\The-Forge\Examples_3\Unit_Tests\PC Visual Studio 2019\39_ParticleSystem.vcxproj]
       E:\tools\Microsoft Visual Studio\2022\Community\MSBuild\Microsoft\VC\v170\Microsoft.CppCommon.targets(166,5): error MSB3073: xcopy /Y /S /D "%ART%\PBR\dds\*.tex" "D:\HTC\avboit\The-Forge\Examples_3\Unit_Tests\PC Visual Studio 2019\x64\Release\39_ParticleSystem\Textures\PBR\" [D:\HTC\avboit\The-Forge\Examples_3\Unit_Tests\PC Visual Studio 2019\39_ParticleSystem.vcxproj]
       E:\tools\Microsoft Visual Studio\2022\Community\MSBuild\Microsoft\VC\v170\Microsoft.CppCommon.targets(166,5): error MSB3073: xcopy /Y /S /D "%ART%\Particles\Textures\dds\*.tex" "D:\HTC\avboit\The-Forge\Examples_3\Unit_Tests\PC Visual Studio 2019\x64\Release\39_ParticleSystem\Textures\" [D:\HTC\avboit\The-Forge\Examples_3\Unit_Tests\PC Visual Studio 2019\39_ParticleSystem.vcxproj]
       E:\tools\Microsoft Visual Studio\2022\Community\MSBuild\Microsoft\VC\v170\Microsoft.CppCommon.targets(166,5): error MSB3073: xcopy /Y /S /D "%ART%\SanMiguel_3\Textures\dds\*.tex" "D:\HTC\avboit\The-Forge\Examples_3\Unit_Tests\PC Visual Studio 2019\x64\Release\39_ParticleSystem\Textures\" [D:\HTC\avboit\The-Forge\Examples_3\Unit_Tests\PC Visual Studio 2019\39_ParticleSystem.vcxproj]
       E:\tools\Microsoft Visual Studio\2022\Community\MSBuild\Microsoft\VC\v170\Microsoft.CppCommon.targets(166,5): error MSB3073: xcopy /Y /S /D "%ART%\SanMiguel_3\Meshes\*" "D:\HTC\avboit\The-Forge\Examples_3\Unit_Tests\PC Visual Studio 2019\x64\Release\39_ParticleSystem\Meshes\" [D:\HTC\avboit\The-Forge\Examples_3\Unit_Tests\PC Visual Studio 2019\39_ParticleSystem.vcxproj]
       E:\tools\Microsoft Visual Studio\2022\Community\MSBuild\Microsoft\VC\v170\Microsoft.CppCommon.targets(166,5): error MSB3073: xcopy /Y /S /D "%ART%\UnitTestResources\cameraPath.bin" "D:\HTC\avboit\The-Forge\Examples_3\Unit_Tests\PC Visual Studio 2019\x64\Release\39_ParticleSystem\" [D:\HTC\avboit\The-Forge\Examples_3\Unit_Tests\PC Visual Studio 2019\39_ParticleSystem.vcxproj]
       E:\tools\Microsoft Visual Studio\2022\Community\MSBuild\Microsoft\VC\v170\Microsoft.CppCommon.targets(166,5): error MSB3073:  [D:\HTC\avboit\The-Forge\Examples_3\Unit_Tests\PC Visual Studio 2019\39_ParticleSystem.vcxproj]
       E:\tools\Microsoft Visual Studio\2022\Community\MSBuild\Microsoft\VC\v170\Microsoft.CppCommon.targets(166,5): error MSB3073: xcopy /Y /S /D "%ART%\UnitTestResources\Fonts\*.ttf" "D:\HTC\avboit\The-Forge\Examples_3\Unit_Tests\PC Visual Studio 2019\x64\Release\39_ParticleSystem\Fonts\" [D:\HTC\avboit\The-Forge\Examples_3\Unit_Tests\PC Visual Studio 2019\39_ParticleSystem.vcxproj]
       E:\tools\Microsoft Visual Studio\2022\Community\MSBuild\Microsoft\VC\v170\Microsoft.CppCommon.targets(166,5): error MSB3073: xcopy /Y /S /D "%ART%\UnitTestResources\Fonts\*.otf" "D:\HTC\avboit\The-Forge\Examples_3\Unit_Tests\PC Visual Studio 2019\x64\Release\39_ParticleSystem\Fonts\" [D:\HTC\avboit\The-Forge\Examples_3\Unit_Tests\PC Visual Studio 2019\39_ParticleSystem.vcxproj]
       E:\tools\Microsoft Visual Studio\2022\Community\MSBuild\Microsoft\VC\v170\Microsoft.CppCommon.targets(166,5): error MSB3073:  [D:\HTC\avboit\The-Forge\Examples_3\Unit_Tests\PC Visual Studio 2019\39_ParticleSystem.vcxproj]
       E:\tools\Microsoft Visual Studio\2022\Community\MSBuild\Microsoft\VC\v170\Microsoft.CppCommon.targets(166,5): error MSB3073: xcopy /Y /S /D /E "D:\HTC\avboit\The-Forge\Examples_3\Unit_Tests\PC Visual Studio 2019\x64\Release\39_ParticleSystem\..\OS\Shaders" "D:\HTC\avboit\The-Forge\Examples_3\Unit_Tests\PC Visual Studio 2019\x64\Release\39_ParticleSystem\Shaders" [D:\HTC\avboit\The-Forge\Examples_3\Unit_Tests\PC Visual Studio 2019\39_ParticleSystem.vcxproj]
       E:\tools\Microsoft Visual Studio\2022\Community\MSBuild\Microsoft\VC\v170\Microsoft.CppCommon.targets(166,5): error MSB3073: xcopy /Y /S /D /E "D:\HTC\avboit\The-Forge\Examples_3\Unit_Tests\PC Visual Studio 2019\x64\Release\39_ParticleSystem\..\OS\CompiledShaders" "D:\HTC\avboit\The-Forge\Examples_3\Unit_Tests\PC Visual Studio 2019\x64\Release\39_ParticleSystem\CompiledShaders" [D:\HTC\avboit\The-Forge\Examples_3\Unit_Tests\PC Visual Studio 2019\39_ParticleSystem.vcxproj]
       E:\tools\Microsoft Visual Studio\2022\Community\MSBuild\Microsoft\VC\v170\Microsoft.CppCommon.targets(166,5): error MSB3073:  [D:\HTC\avboit\The-Forge\Examples_3\Unit_Tests\PC Visual Studio 2019\39_ParticleSystem.vcxproj]
       E:\tools\Microsoft Visual Studio\2022\Community\MSBuild\Microsoft\VC\v170\Microsoft.CppCommon.targets(166,5): error MSB3073: xcopy /Y /S /D "D:\HTC\avboit\The-Forge\Examples_3\Unit_Tests\PC Visual Studio 2019\..\src\39_ParticleSystem\GPUCfg\*.*" "D:\HTC\avboit\The-Forge\Examples_3\Unit_Tests\PC Visual Studio 2019\x64\Release\39_ParticleSystem\GPUCfg\" [D:\HTC\avboit\The-Forge\Examples_3\Unit_Tests\PC Visual Studio 2019\39_ParticleSystem.vcxproj]
       E:\tools\Microsoft Visual Studio\2022\Community\MSBuild\Microsoft\VC\v170\Microsoft.CppCommon.targets(166,5): error MSB3073: xcopy /Y /S /D "D:\HTC\avboit\The-Forge\Examples_3\Unit_Tests\PC Visual Studio 2019\..\..\..\Common_3\OS\Windows\pc_gpu.data" "D:\HTC\avboit\The-Forge\Examples_3\Unit_Tests\PC Visual Studio 2019\x64\Release\39_ParticleSystem\GPUCfg\gpu.data*" [D:\HTC\avboit\The-Forge\Examples_3\Unit_Tests\PC Visual Studio 2019\39_ParticleSystem.vcxproj]
       E:\tools\Microsoft Visual Studio\2022\Community\MSBuild\Microsoft\VC\v170\Microsoft.CppCommon.targets(166,5): error MSB3073:  [D:\HTC\avboit\The-Forge\Examples_3\Unit_Tests\PC Visual Studio 2019\39_ParticleSystem.vcxproj]
       E:\tools\Microsoft Visual Studio\2022\Community\MSBuild\Microsoft\VC\v170\Microsoft.CppCommon.targets(166,5): error MSB3073: xcopy /Y /S /D "D:\HTC\avboit\The-Forge\Examples_3\Unit_Tests\PC Visual Studio 2019\..\src\39_ParticleSystem\Scripts\*.lua" "D:\HTC\avboit\The-Forge\Examples_3\Unit_Tests\PC Visual Studio 2019\x64\Release\39_ParticleSystem\Scripts\" [D:\HTC\avboit\The-Forge\Examples_3\Unit_Tests\PC Visual Studio 2019\39_ParticleSystem.vcxproj]
       E:\tools\Microsoft Visual Studio\2022\Community\MSBuild\Microsoft\VC\v170\Microsoft.CppCommon.targets(166,5): error MSB3073: xcopy /Y /S /D "%ART%\UnitTestResources\Scripts\*.lua" "D:\HTC\avboit\The-Forge\Examples_3\Unit_Tests\PC Visual Studio 2019\x64\Release\39_ParticleSystem\Scripts\" [D:\HTC\avboit\The-Forge\Examples_3\Unit_Tests\PC Visual Studio 2019\39_ParticleSystem.vcxproj]
       E:\tools\Microsoft Visual Studio\2022\Community\MSBuild\Microsoft\VC\v170\Microsoft.CppCommon.targets(166,5): error MSB3073: :VCEnd”???,??? 4? [D:\HTC\avboit\The-Forge\Examples_3\Unit_Tests\PC Visual Studio 2019\39_ParticleSystem.vcxproj]

    0 ???
    2 ???

???? 00:00:07.02
