??????? 2026/6/20 1:13:22?
???????????: Normal?
     1>??“D:\HTC\avboit\The-Forge\Examples_3\Unit_Tests\PC Visual Studio 2019\Unit_Tests.sln”??? 1 ?(Build ???)?
     1>ValidateSolutionConfiguration:
         ??????????“Release|x64”?
     1>??“D:\HTC\avboit\The-Forge\Examples_3\Unit_Tests\PC Visual Studio 2019\Unit_Tests.sln”(1)???? 6 ???“D:\HTC\avboit\The-Forge\Examples_3\Unit_Tests\PC Visual Studio 2019\19a_CodeHotReload_Game.vcxproj”(25) (????)?
    25>PrepareForBuild:
         ???????????????????????????????????,??? https://aka.ms/cpp/structured-output?
     1>??“D:\HTC\avboit\The-Forge\Examples_3\Unit_Tests\PC Visual Studio 2019\Unit_Tests.sln”(1)???? 3 ???“D:\HTC\avboit\The-Forge\Examples_3\Unit_Tests\PC Visual Studio 2019\Libraries\Tools\SpirvCross.vcxproj”(26) (????)?
    26>PrepareForBuild:
         ???????????????????????????????????,??? https://aka.ms/cpp/structured-output?
    25>InitializeBuildStatus:
         ????“D:\HTC\avboit\The-Forge\Examples_3\Unit_Tests\PC Visual Studio 2019\\x64\Release\Intermediate\19a_CodeHotReload_Game\19a_Code.EECCBF44.tlog\unsuccessfulbuild”,?????“AlwaysCreate”?
         ???“D:\HTC\avboit\The-Forge\Examples_3\Unit_Tests\PC Visual Studio 2019\\x64\Release\Intermediate\19a_CodeHotReload_Game\19a_Code.EECCBF44.tlog\unsuccessfulbuild”?? Touch ???
    26>InitializeBuildStatus:
         ????“D:\HTC\avboit\The-Forge\Examples_3\Unit_Tests\PC Visual Studio 2019\\x64\Release\Intermediate\SpirvTools\SpirvTools.tlog\unsuccessfulbuild”,?????“AlwaysCreate”?
         ???“D:\HTC\avboit\The-Forge\Examples_3\Unit_Tests\PC Visual Studio 2019\\x64\Release\Intermediate\SpirvTools\SpirvTools.tlog\unsuccessfulbuild”?? Touch ???
     1>??“D:\HTC\avboit\The-Forge\Examples_3\Unit_Tests\PC Visual Studio 2019\Unit_Tests.sln”(1)???? 8 ???“D:\HTC\avboit\The-Forge\Common_3\Tools\ThirdParty\OpenSource\ISPCTextureCompressor\ispc_texcomp\ispc_texcomp.vcxproj”(29) (????)?
    29>PrepareForBuild:
         ???????????????????????????????????,??? https://aka.ms/cpp/structured-output?
     1>??“D:\HTC\avboit\The-Forge\Examples_3\Unit_Tests\PC Visual Studio 2019\Unit_Tests.sln”(1)???? 5 ???“D:\HTC\avboit\The-Forge\Common_3\Resources\AnimationSystem\ThirdParty\OpenSource\ozz-animation\Win64\src\base\ozz_base.vcxproj”(30) (????)?
    30>PrepareForBuild:
         ???????????????????????????????????,??? https://aka.ms/cpp/structured-output?
    29>InitializeBuildStatus:
         ????“D:\HTC\avboit\The-Forge\Examples_3\Unit_Tests\PC Visual Studio 2019\\x64\Release\Intermediate\ispc_texcomp\ispc_texcomp.tlog\unsuccessfulbuild”,?????“AlwaysCreate”?
    30>InitializeBuildStatus:
         ????“D:\HTC\avboit\The-Forge\Examples_3\Unit_Tests\PC Visual Studio 2019\\x64\Release\Intermediate\ozz_base\ozz_base.tlog\unsuccessfulbuild”,?????“AlwaysCreate”?
    29>InitializeBuildStatus:
         ???“D:\HTC\avboit\The-Forge\Examples_3\Unit_Tests\PC Visual Studio 2019\\x64\Release\Intermediate\ispc_texcomp\ispc_texcomp.tlog\unsuccessfulbuild”?? Touch ???
    30>InitializeBuildStatus:
         ???“D:\HTC\avboit\The-Forge\Examples_3\Unit_Tests\PC Visual Studio 2019\\x64\Release\Intermediate\ozz_base\ozz_base.tlog\unsuccessfulbuild”?? Touch ???
     1>??“D:\HTC\avboit\The-Forge\Examples_3\Unit_Tests\PC Visual Studio 2019\Unit_Tests.sln”(1)???? 4 ???“D:\HTC\avboit\The-Forge\Common_3\Tools\BunyArchive\VisualStudio\BunyLib.vcxproj”(31) (????)?
    31>PrepareForBuild:
         ???????????????????????????????????,??? https://aka.ms/cpp/structured-output?
    25>ClCompile:
         ?????????
    31>InitializeBuildStatus:
         ????“x64\Release\BunyLib.tlog\unsuccessfulbuild”,?????“AlwaysCreate”?
         ???“x64\Release\BunyLib.tlog\unsuccessfulbuild”?? Touch ???
     1>??“D:\HTC\avboit\The-Forge\Examples_3\Unit_Tests\PC Visual Studio 2019\Unit_Tests.sln”(1)???? 7 ???“D:\HTC\avboit\The-Forge\Common_3\Application\ThirdParty\OpenSource\gainput\Win64\lib\gainputstatic.vcxproj”(32) (????)?
    32>PrepareForBuild:
         ???????????????????????????????????,??? https://aka.ms/cpp/structured-output?
       InitializeBuildStatus:
         ????“x64\Release\gainputstatic.tlog\unsuccessfulbuild”,?????“AlwaysCreate”?
    29>CustomBuild:
         ?????????
    32>InitializeBuildStatus:
         ???“x64\Release\gainputstatic.tlog\unsuccessfulbuild”?? Touch ???
    30>ClCompile:
         ?????????
    26>ClCompile:
         ?????????
    29>ClCompile:
         ?????????
    31>ClCompile:
         ?????????
    29>Lib:
         ?????????
    26>Lib:
         ?????????
         SpirvCross.vcxproj -> D:\HTC\avboit\The-Forge\Examples_3\Unit_Tests\PC Visual Studio 2019\x64\Release\SpirvTools.lib
    30>Lib:
         ?????????
    29>Lib:
         ispc_texcomp.vcxproj -> D:\HTC\avboit\The-Forge\Examples_3\Unit_Tests\PC Visual Studio 2019\x64\Release\ispc_texcomp.lib
    30>Lib:
         ozz_base.vcxproj -> D:\HTC\avboit\The-Forge\Examples_3\Unit_Tests\PC Visual Studio 2019\x64\Release\ozz_base.lib
    31>Lib:
         ?????????
         BunyLib.vcxproj -> D:\HTC\avboit\The-Forge\Examples_3\Unit_Tests\PC Visual Studio 2019\x64\Release\bunylib.lib
    26>FinalizeBuildStatus:
         ??????“D:\HTC\avboit\The-Forge\Examples_3\Unit_Tests\PC Visual Studio 2019\\x64\Release\Intermediate\SpirvTools\SpirvTools.tlog\unsuccessfulbuild”?
         ???“D:\HTC\avboit\The-Forge\Examples_3\Unit_Tests\PC Visual Studio 2019\\x64\Release\Intermediate\SpirvTools\SpirvTools.tlog\SpirvTools.lastbuildstate”?? Touch ???
    26>???????“D:\HTC\avboit\The-Forge\Examples_3\Unit_Tests\PC Visual Studio 2019\Libraries\Tools\SpirvCross.vcxproj”(????)????
    30>FinalizeBuildStatus:
         ??????“D:\HTC\avboit\The-Forge\Examples_3\Unit_Tests\PC Visual Studio 2019\\x64\Release\Intermediate\ozz_base\ozz_base.tlog\unsuccessfulbuild”?
         ???“D:\HTC\avboit\The-Forge\Examples_3\Unit_Tests\PC Visual Studio 2019\\x64\Release\Intermediate\ozz_base\ozz_base.tlog\ozz_base.lastbuildstate”?? Touch ???
    30>???????“D:\HTC\avboit\The-Forge\Common_3\Resources\AnimationSystem\ThirdParty\OpenSource\ozz-animation\Win64\src\base\ozz_base.vcxproj”(????)????
    29>FinalizeBuildStatus:
         ??????“D:\HTC\avboit\The-Forge\Examples_3\Unit_Tests\PC Visual Studio 2019\\x64\Release\Intermediate\ispc_texcomp\ispc_texcomp.tlog\unsuccessfulbuild”?
         ???“D:\HTC\avboit\The-Forge\Examples_3\Unit_Tests\PC Visual Studio 2019\\x64\Release\Intermediate\ispc_texcomp\ispc_texcomp.tlog\ispc_texcomp.lastbuildstate”?? Touch ???
    31>FinalizeBuildStatus:
         ??????“x64\Release\BunyLib.tlog\unsuccessfulbuild”?
         ???“x64\Release\BunyLib.tlog\BunyLib.lastbuildstate”?? Touch ???
    29>???????“D:\HTC\avboit\The-Forge\Common_3\Tools\ThirdParty\OpenSource\ISPCTextureCompressor\ispc_texcomp\ispc_texcomp.vcxproj”(????)????
    31>???????“D:\HTC\avboit\The-Forge\Common_3\Tools\BunyArchive\VisualStudio\BunyLib.vcxproj”(????)????
    32>ClCompile:
         ?????????
       Lib:
         ?????????
         gainputstatic.vcxproj -> D:\HTC\avboit\The-Forge\Examples_3\Unit_Tests\PC Visual Studio 2019\x64\Release\gainputstatic.lib
       FinalizeBuildStatus:
         ??????“x64\Release\gainputstatic.tlog\unsuccessfulbuild”?
         ???“x64\Release\gainputstatic.tlog\gainputstatic.lastbuildstate”?? Touch ???
    32>???????“D:\HTC\avboit\The-Forge\Common_3\Application\ThirdParty\OpenSource\gainput\Win64\lib\gainputstatic.vcxproj”(????)????
    25>Link:
         ?????????
         19a_CodeHotReload_Game.vcxproj -> D:\HTC\avboit\The-Forge\Examples_3\Unit_Tests\PC Visual Studio 2019\x64\Release\19_CodeHotReload_Main\19a_CodeHotReload_Game.dll
       CustomBuildStep:
       ??????“CustomBuildStep”,????????
       CustomBuildStep:
       ??????“CustomBuildStep”,????????
       PostBuildEvent:
          
               
         :VCEnd
     1>??“D:\HTC\avboit\The-Forge\Examples_3\Unit_Tests\PC Visual Studio 2019\Unit_Tests.sln”(1)???? 2 ???“D:\HTC\avboit\The-Forge\Common_3\Resources\AnimationSystem\ThirdParty\OpenSource\ozz-animation\Win64\src\animation\runtime\ozz_animation.vcxproj”(27) (????)?
    27>PrepareForBuild:
         ???????????????????????????????????,??? https://aka.ms/cpp/structured-output?
     1>??“D:\HTC\avboit\The-Forge\Examples_3\Unit_Tests\PC Visual Studio 2019\Unit_Tests.sln”(1)???? 9 ???“D:\HTC\avboit\The-Forge\Common_3\Resources\AnimationSystem\ThirdParty\OpenSource\ozz-animation\Win64\src\animation\offline\ozz_animation_offline.vcxproj”(28) (????)?
    28>PrepareForBuild:
         ???????????????????????????????????,??? https://aka.ms/cpp/structured-output?
       InitializeBuildStatus:
         ????“D:\HTC\avboit\The-Forge\Examples_3\Unit_Tests\PC Visual Studio 2019\\x64\Release\Intermediate\ozz_animation_offline\ozz_anim.AC91B515.tlog\unsuccessfulbuild”,?????“AlwaysCreate”?
         ???“D:\HTC\avboit\The-Forge\Examples_3\Unit_Tests\PC Visual Studio 2019\\x64\Release\Intermediate\ozz_animation_offline\ozz_anim.AC91B515.tlog\unsuccessfulbuild”?? Touch ???
    27>InitializeBuildStatus:
         ????“D:\HTC\avboit\The-Forge\Examples_3\Unit_Tests\PC Visual Studio 2019\\x64\Release\Intermediate\ozz_animation\ozz_animation.tlog\unsuccessfulbuild”,?????“AlwaysCreate”?
         ???“D:\HTC\avboit\The-Forge\Examples_3\Unit_Tests\PC Visual Studio 2019\\x64\Release\Intermediate\ozz_animation\ozz_animation.tlog\unsuccessfulbuild”?? Touch ???
    25>FinalizeBuildStatus:
         ??????“D:\HTC\avboit\The-Forge\Examples_3\Unit_Tests\PC Visual Studio 2019\\x64\Release\Intermediate\19a_CodeHotReload_Game\19a_Code.EECCBF44.tlog\unsuccessfulbuild”?
         ???“D:\HTC\avboit\The-Forge\Examples_3\Unit_Tests\PC Visual Studio 2019\\x64\Release\Intermediate\19a_CodeHotReload_Game\19a_Code.EECCBF44.tlog\19a_CodeHotReload_Game.lastbuildstate”?? Touch ???
    25>???????“D:\HTC\avboit\The-Forge\Examples_3\Unit_Tests\PC Visual Studio 2019\19a_CodeHotReload_Game.vcxproj”(????)????
    27>ClCompile:
         ?????????
    28>ClCompile:
         ?????????
    27>Lib:
         ?????????
         ozz_animation.vcxproj -> D:\HTC\avboit\The-Forge\Examples_3\Unit_Tests\PC Visual Studio 2019\x64\Release\ozz_animation.lib
    28>Lib:
         ?????????
         ozz_animation_offline.vcxproj -> D:\HTC\avboit\The-Forge\Examples_3\Unit_Tests\PC Visual Studio 2019\x64\Release\ozz_animation_offline.lib
    27>FinalizeBuildStatus:
         ??????“D:\HTC\avboit\The-Forge\Examples_3\Unit_Tests\PC Visual Studio 2019\\x64\Release\Intermediate\ozz_animation\ozz_animation.tlog\unsuccessfulbuild”?
         ???“D:\HTC\avboit\The-Forge\Examples_3\Unit_Tests\PC Visual Studio 2019\\x64\Release\Intermediate\ozz_animation\ozz_animation.tlog\ozz_animation.lastbuildstate”?? Touch ???
    27>???????“D:\HTC\avboit\The-Forge\Common_3\Resources\AnimationSystem\ThirdParty\OpenSource\ozz-animation\Win64\src\animation\runtime\ozz_animation.vcxproj”(????)????
    28>FinalizeBuildStatus:
         ??????“D:\HTC\avboit\The-Forge\Examples_3\Unit_Tests\PC Visual Studio 2019\\x64\Release\Intermediate\ozz_animation_offline\ozz_anim.AC91B515.tlog\unsuccessfulbuild”?
         ???“D:\HTC\avboit\The-Forge\Examples_3\Unit_Tests\PC Visual Studio 2019\\x64\Release\Intermediate\ozz_animation_offline\ozz_anim.AC91B515.tlog\ozz_animation_offline.lastbuildstate”?? Touch ???
    28>???????“D:\HTC\avboit\The-Forge\Common_3\Resources\AnimationSystem\ThirdParty\OpenSource\ozz-animation\Win64\src\animation\offline\ozz_animation_offline.vcxproj”(????)????
     1>??“D:\HTC\avboit\The-Forge\Examples_3\Unit_Tests\PC Visual Studio 2019\Unit_Tests.sln”(1)???? 1 ???“D:\HTC\avboit\The-Forge\Examples_3\Unit_Tests\PC Visual Studio 2019\01_Transformations.vcxproj.metaproj”(2) (????)?
     2>??“D:\HTC\avboit\The-Forge\Examples_3\Unit_Tests\PC Visual Studio 2019\01_Transformations.vcxproj.metaproj”(2)???? 1 ???“D:\HTC\avboit\The-Forge\Examples_3\Unit_Tests\PC Visual Studio 2019\Libraries\Renderer\Renderer.vcxproj.metaproj”(4) (????)?
     4>??“D:\HTC\avboit\The-Forge\Examples_3\Unit_Tests\PC Visual Studio 2019\Libraries\Renderer\Renderer.vcxproj.metaproj”(4)???? 1 ???“D:\HTC\avboit\The-Forge\Examples_3\Unit_Tests\PC Visual Studio 2019\Libraries\Renderer\Renderer.vcxproj”(33) (????)?
    33>PrepareForBuild:
         ???????????????????????????????????,??? https://aka.ms/cpp/structured-output?
       InitializeBuildStatus:
         ????“D:\HTC\avboit\The-Forge\Examples_3\Unit_Tests\PC Visual Studio 2019\\x64\Release\Intermediate\Renderer\Renderer.tlog\unsuccessfulbuild”,?????“AlwaysCreate”?
         ???“D:\HTC\avboit\The-Forge\Examples_3\Unit_Tests\PC Visual Studio 2019\\x64\Release\Intermediate\Renderer\Renderer.tlog\unsuccessfulbuild”?? Touch ???
     2>??“D:\HTC\avboit\The-Forge\Examples_3\Unit_Tests\PC Visual Studio 2019\01_Transformations.vcxproj.metaproj”(2)???? 1 ???“D:\HTC\avboit\The-Forge\Examples_3\Unit_Tests\PC Visual Studio 2019\Libraries\OS\OS.vcxproj.metaproj”(3) (????)?
     3>??“D:\HTC\avboit\The-Forge\Examples_3\Unit_Tests\PC Visual Studio 2019\Libraries\OS\OS.vcxproj.metaproj”(3)???? 1 ???“D:\HTC\avboit\The-Forge\Examples_3\Unit_Tests\PC Visual Studio 2019\Libraries\OS\OS.vcxproj”(34) (????)?
    34>PrepareForBuild:
         ???????????????????????????????????,??? https://aka.ms/cpp/structured-output?
       InitializeBuildStatus:
         ????“D:\HTC\avboit\The-Forge\Examples_3\Unit_Tests\PC Visual Studio 2019\\x64\Release\Intermediate\OS\OS.tlog\unsuccessfulbuild”,?????“AlwaysCreate”?
         ???“D:\HTC\avboit\The-Forge\Examples_3\Unit_Tests\PC Visual Studio 2019\\x64\Release\Intermediate\OS\OS.tlog\unsuccessfulbuild”?? Touch ???
    33>ClCompile:
         ?????????
         ?????????
       Lib:
         ?????????
         Renderer.vcxproj -> D:\HTC\avboit\The-Forge\Examples_3\Unit_Tests\PC Visual Studio 2019\x64\Release\Renderer.lib
    34>ClCompile:
         ?????????
         ?????????
       Lib:
         ?????????
         OS.vcxproj -> D:\HTC\avboit\The-Forge\Examples_3\Unit_Tests\PC Visual Studio 2019\x64\Release\OS.lib
    33>PostBuildEvent:
          
               
         :VCEnd
       FinalizeBuildStatus:
         ??????“D:\HTC\avboit\The-Forge\Examples_3\Unit_Tests\PC Visual Studio 2019\\x64\Release\Intermediate\Renderer\Renderer.tlog\unsuccessfulbuild”?
         ???“D:\HTC\avboit\The-Forge\Examples_3\Unit_Tests\PC Visual Studio 2019\\x64\Release\Intermediate\Renderer\Renderer.tlog\Renderer.lastbuildstate”?? Touch ???
    33>???????“D:\HTC\avboit\The-Forge\Examples_3\Unit_Tests\PC Visual Studio 2019\Libraries\Renderer\Renderer.vcxproj”(????)????
    34>PostBuildEvent:
          
               
         :VCEnd
       FinalizeBuildStatus:
         ??????“D:\HTC\avboit\The-Forge\Examples_3\Unit_Tests\PC Visual Studio 2019\\x64\Release\Intermediate\OS\OS.tlog\unsuccessfulbuild”?
         ???“D:\HTC\avboit\The-Forge\Examples_3\Unit_Tests\PC Visual Studio 2019\\x64\Release\Intermediate\OS\OS.tlog\OS.lastbuildstate”?? Touch ???
    34>???????“D:\HTC\avboit\The-Forge\Examples_3\Unit_Tests\PC Visual Studio 2019\Libraries\OS\OS.vcxproj”(????)????
     3>???????“D:\HTC\avboit\The-Forge\Examples_3\Unit_Tests\PC Visual Studio 2019\Libraries\OS\OS.vcxproj.metaproj”(????)????
     4>???????“D:\HTC\avboit\The-Forge\Examples_3\Unit_Tests\PC Visual Studio 2019\Libraries\Renderer\Renderer.vcxproj.metaproj”(????)????
     1>??“D:\HTC\avboit\The-Forge\Examples_3\Unit_Tests\PC Visual Studio 2019\Unit_Tests.sln”(1)???? 1 ???“D:\HTC\avboit\The-Forge\Common_3\Tools\BunyArchive\VisualStudio\BunyTool.vcxproj.metaproj”(23) (????)?
    23>??“D:\HTC\avboit\The-Forge\Common_3\Tools\BunyArchive\VisualStudio\BunyTool.vcxproj.metaproj”(23)???? 3 ???“D:\HTC\avboit\The-Forge\Common_3\Tools\BunyArchive\VisualStudio\BunyTool.vcxproj”(35) (????)?
    35>PrepareForBuild:
         ???????????????????????????????????,??? https://aka.ms/cpp/structured-output?
     1>??“D:\HTC\avboit\The-Forge\Examples_3\Unit_Tests\PC Visual Studio 2019\Unit_Tests.sln”(1)???? 1 ???“D:\HTC\avboit\The-Forge\Examples_3\Unit_Tests\PC Visual Studio 2019\10_ScreenSpaceReflections.vcxproj.metaproj”(8) (????)?
     8>??“D:\HTC\avboit\The-Forge\Examples_3\Unit_Tests\PC Visual Studio 2019\10_ScreenSpaceReflections.vcxproj.metaproj”(8)???? 9 ???“D:\HTC\avboit\The-Forge\Examples_3\Unit_Tests\PC Visual Studio 2019\10_ScreenSpaceReflections.vcxproj”(48) (????)?
    48>PrepareForBuild:
         ???????????????????????????????????,??? https://aka.ms/cpp/structured-output?
     1>??“D:\HTC\avboit\The-Forge\Examples_3\Unit_Tests\PC Visual Studio 2019\Unit_Tests.sln”(1)???? 1 ???“D:\HTC\avboit\The-Forge\Examples_3\Unit_Tests\PC Visual Studio 2019\14_WaveIntrinsics.vcxproj.metaproj”(11) (????)?
    11>??“D:\HTC\avboit\The-Forge\Examples_3\Unit_Tests\PC Visual Studio 2019\14_WaveIntrinsics.vcxproj.metaproj”(11)???? 7 ???“D:\HTC\avboit\The-Forge\Examples_3\Unit_Tests\PC Visual Studio 2019\14_WaveIntrinsics.vcxproj”(52) (????)?
    52>PrepareForBuild:
         ???????????????????????????????????,??? https://aka.ms/cpp/structured-output?
     1>??“D:\HTC\avboit\The-Forge\Examples_3\Unit_Tests\PC Visual Studio 2019\Unit_Tests.sln”(1)???? 1 ???“D:\HTC\avboit\The-Forge\Examples_3\Unit_Tests\PC Visual Studio 2019\15a_VisibilityBufferOIT.vcxproj.metaproj”(18) (????)?
    18>??“D:\HTC\avboit\The-Forge\Examples_3\Unit_Tests\PC Visual Studio 2019\15a_VisibilityBufferOIT.vcxproj.metaproj”(18)???? 4 ???“D:\HTC\avboit\The-Forge\Examples_3\Unit_Tests\PC Visual Studio 2019\15a_VisibilityBufferOIT.vcxproj”(39) (????)?
    39>PrepareForBuild:
         ???????????????????????????????????,??? https://aka.ms/cpp/structured-output?
    35>InitializeBuildStatus:
         ????“D:\HTC\avboit\The-Forge\Examples_3\Unit_Tests\PC Visual Studio 2019\\x64\Release\Intermediate\BunyTool\BunyTool.tlog\unsuccessfulbuild”,?????“AlwaysCreate”?
         ???“D:\HTC\avboit\The-Forge\Examples_3\Unit_Tests\PC Visual Studio 2019\\x64\Release\Intermediate\BunyTool\BunyTool.tlog\unsuccessfulbuild”?? Touch ???
     1>??“D:\HTC\avboit\The-Forge\Examples_3\Unit_Tests\PC Visual Studio 2019\Unit_Tests.sln”(1)???? 1 ???“D:\HTC\avboit\The-Forge\Examples_3\Unit_Tests\PC Visual Studio 2019\12_ZipFileSystem.vcxproj.metaproj”(15) (????)?
    15>??“D:\HTC\avboit\The-Forge\Examples_3\Unit_Tests\PC Visual Studio 2019\12_ZipFileSystem.vcxproj.metaproj”(15)???? 12 ???“D:\HTC\avboit\The-Forge\Examples_3\Unit_Tests\PC Visual Studio 2019\12_ZipFileSystem.vcxproj”(53) (????)?
    53>PrepareForBuild:
         ???????????????????????????????????,??? https://aka.ms/cpp/structured-output?
     1>??“D:\HTC\avboit\The-Forge\Examples_3\Unit_Tests\PC Visual Studio 2019\Unit_Tests.sln”(1)???? 1 ???“D:\HTC\avboit\The-Forge\Examples_3\Unit_Tests\PC Visual Studio 2019\03_MultiThread.vcxproj.metaproj”(5) (????)?
     5>??“D:\HTC\avboit\The-Forge\Examples_3\Unit_Tests\PC Visual Studio 2019\03_MultiThread.vcxproj.metaproj”(5)???? 1 ???“D:\HTC\avboit\The-Forge\Examples_3\Unit_Tests\PC Visual Studio 2019\03_MultiThread.vcxproj”(50) (????)?
    50>PrepareForBuild:
         ???????????????????????????????????,??? https://aka.ms/cpp/structured-output?
    48>InitializeBuildStatus:
         ????“D:\HTC\avboit\The-Forge\Examples_3\Unit_Tests\PC Visual Studio 2019\\x64\Release\Intermediate\10_ScreenSpaceReflections\10_Scree.DA983663.tlog\unsuccessfulbuild”,?????“AlwaysCreate”?
     1>??“D:\HTC\avboit\The-Forge\Examples_3\Unit_Tests\PC Visual Studio 2019\Unit_Tests.sln”(1)???? 1 ???“D:\HTC\avboit\The-Forge\Examples_3\Unit_Tests\PC Visual Studio 2019\06_MaterialPlayground.vcxproj.metaproj”(7) (????)?
     7>??“D:\HTC\avboit\The-Forge\Examples_3\Unit_Tests\PC Visual Studio 2019\06_MaterialPlayground.vcxproj.metaproj”(7)???? 2 ???“D:\HTC\avboit\The-Forge\Examples_3\Unit_Tests\PC Visual Studio 2019\06_MaterialPlayground.vcxproj”(54) (????)?
    54>PrepareForBuild:
         ???????????????????????????????????,??? https://aka.ms/cpp/structured-output?
    48>InitializeBuildStatus:
         ???“D:\HTC\avboit\The-Forge\Examples_3\Unit_Tests\PC Visual Studio 2019\\x64\Release\Intermediate\10_ScreenSpaceReflections\10_Scree.DA983663.tlog\unsuccessfulbuild”?? Touch ???
    52>InitializeBuildStatus:
         ????“D:\HTC\avboit\The-Forge\Examples_3\Unit_Tests\PC Visual Studio 2019\\x64\Release\Intermediate\14_WaveIntrinsics\14_WaveI.A0DFEBA1.tlog\unsuccessfulbuild”,?????“AlwaysCreate”?
     1>??“D:\HTC\avboit\The-Forge\Examples_3\Unit_Tests\PC Visual Studio 2019\Unit_Tests.sln”(1)???? 1 ???“D:\HTC\avboit\The-Forge\Examples_3\Unit_Tests\PC Visual Studio 2019\34_Input.vcxproj.metaproj”(16) (????)?
    16>??“D:\HTC\avboit\The-Forge\Examples_3\Unit_Tests\PC Visual Studio 2019\34_Input.vcxproj.metaproj”(16)???? 11 ???“D:\HTC\avboit\The-Forge\Examples_3\Unit_Tests\PC Visual Studio 2019\34_Input.vcxproj”(44) (????)?
    44>PrepareForBuild:
         ???????????????????????????????????,??? https://aka.ms/cpp/structured-output?
    52>InitializeBuildStatus:
         ???“D:\HTC\avboit\The-Forge\Examples_3\Unit_Tests\PC Visual Studio 2019\\x64\Release\Intermediate\14_WaveIntrinsics\14_WaveI.A0DFEBA1.tlog\unsuccessfulbuild”?? Touch ???
    39>InitializeBuildStatus:
         ????“D:\HTC\avboit\The-Forge\Examples_3\Unit_Tests\PC Visual Studio 2019\\x64\Release\Intermediate\15a_VisibilityBufferOIT\15a_Visi.610C39FA.tlog\unsuccessfulbuild”,?????“AlwaysCreate”?
         ???“D:\HTC\avboit\The-Forge\Examples_3\Unit_Tests\PC Visual Studio 2019\\x64\Release\Intermediate\15a_VisibilityBufferOIT\15a_Visi.610C39FA.tlog\unsuccessfulbuild”?? Touch ???
     1>??“D:\HTC\avboit\The-Forge\Examples_3\Unit_Tests\PC Visual Studio 2019\Unit_Tests.sln”(1)???? 1 ???“D:\HTC\avboit\The-Forge\Examples_3\Unit_Tests\PC Visual Studio 2019\17_EntityComponentSystem.vcxproj.metaproj”(13) (????)?
    13>??“D:\HTC\avboit\The-Forge\Examples_3\Unit_Tests\PC Visual Studio 2019\17_EntityComponentSystem.vcxproj.metaproj”(13)???? 10 ???“D:\HTC\avboit\The-Forge\Examples_3\Unit_Tests\PC Visual Studio 2019\17_EntityComponentSystem.vcxproj”(45) (????)?
    45>PrepareForBuild:
         ???????????????????????????????????,??? https://aka.ms/cpp/structured-output?
     1>??“D:\HTC\avboit\The-Forge\Examples_3\Unit_Tests\PC Visual Studio 2019\Unit_Tests.sln”(1)???? 1 ???“D:\HTC\avboit\The-Forge\Examples_3\Unit_Tests\PC Visual Studio 2019\11_LinkedMultiGPU.vcxproj.metaproj”(6) (????)?
     6>??“D:\HTC\avboit\The-Forge\Examples_3\Unit_Tests\PC Visual Studio 2019\11_LinkedMultiGPU.vcxproj.metaproj”(6)???? 8 ???“D:\HTC\avboit\The-Forge\Examples_3\Unit_Tests\PC Visual Studio 2019\11_LinkedMultiGPU.vcxproj”(49) (????)?
    49>PrepareForBuild:
         ???????????????????????????????????,??? https://aka.ms/cpp/structured-output?
     1>??“D:\HTC\avboit\The-Forge\Examples_3\Unit_Tests\PC Visual Studio 2019\Unit_Tests.sln”(1)???? 1 ???“D:\HTC\avboit\The-Forge\Examples_3\Unit_Tests\PC Visual Studio 2019\16_Raytracing.vcxproj.metaproj”(12) (????)?
    12>??“D:\HTC\avboit\The-Forge\Examples_3\Unit_Tests\PC Visual Studio 2019\16_Raytracing.vcxproj.metaproj”(12)???? 6 ???“D:\HTC\avboit\The-Forge\Examples_3\Unit_Tests\PC Visual Studio 2019\16_Raytracing.vcxproj”(46) (????)?
    46>PrepareForBuild:
         ???????????????????????????????????,??? https://aka.ms/cpp/structured-output?
    53>InitializeBuildStatus:
         ????“D:\HTC\avboit\The-Forge\Examples_3\Unit_Tests\PC Visual Studio 2019\\x64\Release\Intermediate\12_ZipFileSystem\12_ZipFileSystem.tlog\unsuccessfulbuild”,?????“AlwaysCreate”?
         ???“D:\HTC\avboit\The-Forge\Examples_3\Unit_Tests\PC Visual Studio 2019\\x64\Release\Intermediate\12_ZipFileSystem\12_ZipFileSystem.tlog\unsuccessfulbuild”?? Touch ???
    54>InitializeBuildStatus:
         ????“D:\HTC\avboit\The-Forge\Examples_3\Unit_Tests\PC Visual Studio 2019\\x64\Release\Intermediate\06_MaterialPlayground\06_Mater.611831C0.tlog\unsuccessfulbuild”,?????“AlwaysCreate”?
    50>InitializeBuildStatus:
         ????“D:\HTC\avboit\The-Forge\Examples_3\Unit_Tests\PC Visual Studio 2019\\x64\Release\Intermediate\03_MultiThread\03_MultiThread.tlog\unsuccessfulbuild”,?????“AlwaysCreate”?
    54>InitializeBuildStatus:
         ???“D:\HTC\avboit\The-Forge\Examples_3\Unit_Tests\PC Visual Studio 2019\\x64\Release\Intermediate\06_MaterialPlayground\06_Mater.611831C0.tlog\unsuccessfulbuild”?? Touch ???
    50>InitializeBuildStatus:
         ???“D:\HTC\avboit\The-Forge\Examples_3\Unit_Tests\PC Visual Studio 2019\\x64\Release\Intermediate\03_MultiThread\03_MultiThread.tlog\unsuccessfulbuild”?? Touch ???
    44>InitializeBuildStatus:
         ????“D:\HTC\avboit\The-Forge\Examples_3\Unit_Tests\PC Visual Studio 2019\\x64\Release\Intermediate\34_Input\34_Input.tlog\unsuccessfulbuild”,?????“AlwaysCreate”?
         ???“D:\HTC\avboit\The-Forge\Examples_3\Unit_Tests\PC Visual Studio 2019\\x64\Release\Intermediate\34_Input\34_Input.tlog\unsuccessfulbuild”?? Touch ???
    49>InitializeBuildStatus:
         ????“D:\HTC\avboit\The-Forge\Examples_3\Unit_Tests\PC Visual Studio 2019\\x64\Release\Intermediate\11_LinkedMultiGPU\11_Linke.3C4D4A39.tlog\unsuccessfulbuild”,?????“AlwaysCreate”?
    45>InitializeBuildStatus:
         ????“D:\HTC\avboit\The-Forge\Examples_3\Unit_Tests\PC Visual Studio 2019\\x64\Release\Intermediate\17_EntityComponentSystem\17_Entit.A6E3EA66.tlog\unsuccessfulbuild”,?????“AlwaysCreate”?
    46>InitializeBuildStatus:
         ????“D:\HTC\avboit\The-Forge\Examples_3\Unit_Tests\PC Visual Studio 2019\\x64\Release\Intermediate\16_Raytracing\16_Raytracing.tlog\unsuccessfulbuild”,?????“AlwaysCreate”?
    49>InitializeBuildStatus:
         ???“D:\HTC\avboit\The-Forge\Examples_3\Unit_Tests\PC Visual Studio 2019\\x64\Release\Intermediate\11_LinkedMultiGPU\11_Linke.3C4D4A39.tlog\unsuccessfulbuild”?? Touch ???
    45>InitializeBuildStatus:
         ???“D:\HTC\avboit\The-Forge\Examples_3\Unit_Tests\PC Visual Studio 2019\\x64\Release\Intermediate\17_EntityComponentSystem\17_Entit.A6E3EA66.tlog\unsuccessfulbuild”?? Touch ???
    46>InitializeBuildStatus:
         ???“D:\HTC\avboit\The-Forge\Examples_3\Unit_Tests\PC Visual Studio 2019\\x64\Release\Intermediate\16_Raytracing\16_Raytracing.tlog\unsuccessfulbuild”?? Touch ???
     1>??“D:\HTC\avboit\The-Forge\Examples_3\Unit_Tests\PC Visual Studio 2019\Unit_Tests.sln”(1)???? 1 ???“D:\HTC\avboit\The-Forge\Examples_3\Unit_Tests\PC Visual Studio 2019\28_Skinning.vcxproj.metaproj”(14) (????)?
    14>??“D:\HTC\avboit\The-Forge\Examples_3\Unit_Tests\PC Visual Studio 2019\28_Skinning.vcxproj.metaproj”(14)???? 3 ???“D:\HTC\avboit\The-Forge\Examples_3\Unit_Tests\PC Visual Studio 2019\28_Skinning.vcxproj”(51) (????)?
    51>PrepareForBuild:
         ???????????????????????????????????,??? https://aka.ms/cpp/structured-output?
       InitializeBuildStatus:
         ????“D:\HTC\avboit\The-Forge\Examples_3\Unit_Tests\PC Visual Studio 2019\\x64\Release\Intermediate\28_Skinning\28_Skinning.tlog\unsuccessfulbuild”,?????“AlwaysCreate”?
         ???“D:\HTC\avboit\The-Forge\Examples_3\Unit_Tests\PC Visual Studio 2019\\x64\Release\Intermediate\28_Skinning\28_Skinning.tlog\unsuccessfulbuild”?? Touch ???
     1>??“D:\HTC\avboit\The-Forge\Examples_3\Unit_Tests\PC Visual Studio 2019\Unit_Tests.sln”(1)???? 1 ???“D:\HTC\avboit\The-Forge\Examples_3\Unit_Tests\PC Visual Studio 2019\36_AlgorithmsAndContainers.vcxproj.metaproj”(21) (????)?
    21>??“D:\HTC\avboit\The-Forge\Examples_3\Unit_Tests\PC Visual Studio 2019\36_AlgorithmsAndContainers.vcxproj.metaproj”(21)???? 2 ???“D:\HTC\avboit\The-Forge\Examples_3\Unit_Tests\PC Visual Studio 2019\36_AlgorithmsAndContainers.vcxproj”(42) (????)?
    42>PrepareForBuild:
         ???????????????????????????????????,??? https://aka.ms/cpp/structured-output?
     1>??“D:\HTC\avboit\The-Forge\Examples_3\Unit_Tests\PC Visual Studio 2019\Unit_Tests.sln”(1)???? 1 ???“D:\HTC\avboit\The-Forge\Examples_3\Unit_Tests\PC Visual Studio 2019\21_Animations.vcxproj.metaproj”(22) (????)?
    22>??“D:\HTC\avboit\The-Forge\Examples_3\Unit_Tests\PC Visual Studio 2019\21_Animations.vcxproj.metaproj”(22)???? 9 ???“D:\HTC\avboit\The-Forge\Examples_3\Unit_Tests\PC Visual Studio 2019\21_Animations.vcxproj”(40) (????)?
    40>PrepareForBuild:
         ???????????????????????????????????,??? https://aka.ms/cpp/structured-output?
    42>InitializeBuildStatus:
         ???“D:\HTC\avboit\The-Forge\Examples_3\Unit_Tests\PC Visual Studio 2019\\x64\Release\Intermediate\36_AlgorithmsAndContainers\36_Algor.BD99E69F.tlog\unsuccessfulbuild”?? Touch ???
     1>??“D:\HTC\avboit\The-Forge\Examples_3\Unit_Tests\PC Visual Studio 2019\Unit_Tests.sln”(1)???? 1 ???“D:\HTC\avboit\The-Forge\Examples_3\Unit_Tests\PC Visual Studio 2019\09_LightShadowPlayground.vcxproj.metaproj”(9) (????)?
     9>??“D:\HTC\avboit\The-Forge\Examples_3\Unit_Tests\PC Visual Studio 2019\09_LightShadowPlayground.vcxproj.metaproj”(9)???? 5 ???“D:\HTC\avboit\The-Forge\Examples_3\Unit_Tests\PC Visual Studio 2019\09_LightShadowPlayground.vcxproj”(55) (????)?
    55>PrepareForBuild:
         ???????????????????????????????????,??? https://aka.ms/cpp/structured-output?
     1>??“D:\HTC\avboit\The-Forge\Examples_3\Unit_Tests\PC Visual Studio 2019\Unit_Tests.sln”(1)???? 1 ???“D:\HTC\avboit\The-Forge\Examples_3\Unit_Tests\PC Visual Studio 2019\15_Transparency.vcxproj.metaproj”(10) (????)?
    10>??“D:\HTC\avboit\The-Forge\Examples_3\Unit_Tests\PC Visual Studio 2019\15_Transparency.vcxproj.metaproj”(10)???? 11 ???“D:\HTC\avboit\The-Forge\Examples_3\Unit_Tests\PC Visual Studio 2019\15_Transparency.vcxproj”(47) (????)?
    47>PrepareForBuild:
         ???????????????????????????????????,??? https://aka.ms/cpp/structured-output?
    40>InitializeBuildStatus:
         ????“D:\HTC\avboit\The-Forge\Examples_3\Unit_Tests\PC Visual Studio 2019\\x64\Release\Intermediate\21_Animations\21_Animations.tlog\unsuccessfulbuild”,?????“AlwaysCreate”?
         ???“D:\HTC\avboit\The-Forge\Examples_3\Unit_Tests\PC Visual Studio 2019\\x64\Release\Intermediate\21_Animations\21_Animations.tlog\unsuccessfulbuild”?? Touch ???
     2>??“D:\HTC\avboit\The-Forge\Examples_3\Unit_Tests\PC Visual Studio 2019\01_Transformations.vcxproj.metaproj”(2)???? 7 ???“D:\HTC\avboit\The-Forge\Examples_3\Unit_Tests\PC Visual Studio 2019\01_Transformations.vcxproj”(36) (????)?
    36>PrepareForBuild:
         ???????????????????????????????????,??? https://aka.ms/cpp/structured-output?
     1>??“D:\HTC\avboit\The-Forge\Examples_3\Unit_Tests\PC Visual Studio 2019\Unit_Tests.sln”(1)???? 1 ???“D:\HTC\avboit\The-Forge\Examples_3\Unit_Tests\PC Visual Studio 2019\39_ParticleSystem.vcxproj.metaproj”(24) (????)?
    24>??“D:\HTC\avboit\The-Forge\Examples_3\Unit_Tests\PC Visual Studio 2019\39_ParticleSystem.vcxproj.metaproj”(24)???? 6 ???“D:\HTC\avboit\The-Forge\Examples_3\Unit_Tests\PC Visual Studio 2019\39_ParticleSystem.vcxproj”(38) (????)?
    38>PrepareForBuild:
         ???????????????????????????????????,??? https://aka.ms/cpp/structured-output?
     1>??“D:\HTC\avboit\The-Forge\Examples_3\Unit_Tests\PC Visual Studio 2019\Unit_Tests.sln”(1)???? 1 ???“D:\HTC\avboit\The-Forge\Examples_3\Unit_Tests\PC Visual Studio 2019\19_CodeHotReload_Main.vcxproj.metaproj”(19) (????)?
    19>??“D:\HTC\avboit\The-Forge\Examples_3\Unit_Tests\PC Visual Studio 2019\19_CodeHotReload_Main.vcxproj.metaproj”(19)???? 8 ???“D:\HTC\avboit\The-Forge\Examples_3\Unit_Tests\PC Visual Studio 2019\19_CodeHotReload_Main.vcxproj”(37) (????)?
    37>PrepareForBuild:
         ???????????????????????????????????,??? https://aka.ms/cpp/structured-output?
     1>??“D:\HTC\avboit\The-Forge\Examples_3\Unit_Tests\PC Visual Studio 2019\Unit_Tests.sln”(1)???? 1 ???“D:\HTC\avboit\The-Forge\Examples_3\Unit_Tests\PC Visual Studio 2019\11a_UnlinkedMultiGPU.vcxproj.metaproj”(17) (????)?
    17>??“D:\HTC\avboit\The-Forge\Examples_3\Unit_Tests\PC Visual Studio 2019\11a_UnlinkedMultiGPU.vcxproj.metaproj”(17)???? 10 ???“D:\HTC\avboit\The-Forge\Examples_3\Unit_Tests\PC Visual Studio 2019\11a_UnlinkedMultiGPU.vcxproj”(43) (????)?
    43>PrepareForBuild:
         ???????????????????????????????????,??? https://aka.ms/cpp/structured-output?
    55>InitializeBuildStatus:
         ????“D:\HTC\avboit\The-Forge\Examples_3\Unit_Tests\PC Visual Studio 2019\\x64\Release\Intermediate\09_LightShadowPlayground\09_Light.57CC1131.tlog\unsuccessfulbuild”,?????“AlwaysCreate”?
         ???“D:\HTC\avboit\The-Forge\Examples_3\Unit_Tests\PC Visual Studio 2019\\x64\Release\Intermediate\09_LightShadowPlayground\09_Light.57CC1131.tlog\unsuccessfulbuild”?? Touch ???
    47>InitializeBuildStatus:
         ????“D:\HTC\avboit\The-Forge\Examples_3\Unit_Tests\PC Visual Studio 2019\\x64\Release\Intermediate\15_Transparency\15_Transparency.tlog\unsuccessfulbuild”,?????“AlwaysCreate”?
    36>InitializeBuildStatus:
         ????“D:\HTC\avboit\The-Forge\Examples_3\Unit_Tests\PC Visual Studio 2019\\x64\Release\Intermediate\01_Transformations\01_Trans.5938554B.tlog\unsuccessfulbuild”,?????“AlwaysCreate”?
    43>InitializeBuildStatus:
         ????“D:\HTC\avboit\The-Forge\Examples_3\Unit_Tests\PC Visual Studio 2019\\x64\Release\Intermediate\11a_UnlinkedMultiGPU\11a_Unli.765fe836.tlog\unsuccessfulbuild”,?????“AlwaysCreate”?
    37>InitializeBuildStatus:
         ????“D:\HTC\avboit\The-Forge\Examples_3\Unit_Tests\PC Visual Studio 2019\\x64\Release\Intermediate\19_CodeHotReload_Main\19_CodeH.28DEB3EA.tlog\unsuccessfulbuild”,?????“AlwaysCreate”?
    47>InitializeBuildStatus:
         ???“D:\HTC\avboit\The-Forge\Examples_3\Unit_Tests\PC Visual Studio 2019\\x64\Release\Intermediate\15_Transparency\15_Transparency.tlog\unsuccessfulbuild”?? Touch ???
    36>InitializeBuildStatus:
         ???“D:\HTC\avboit\The-Forge\Examples_3\Unit_Tests\PC Visual Studio 2019\\x64\Release\Intermediate\01_Transformations\01_Trans.5938554B.tlog\unsuccessfulbuild”?? Touch ???
    37>InitializeBuildStatus:
         ???“D:\HTC\avboit\The-Forge\Examples_3\Unit_Tests\PC Visual Studio 2019\\x64\Release\Intermediate\19_CodeHotReload_Main\19_CodeH.28DEB3EA.tlog\unsuccessfulbuild”?? Touch ???
    43>InitializeBuildStatus:
         ???“D:\HTC\avboit\The-Forge\Examples_3\Unit_Tests\PC Visual Studio 2019\\x64\Release\Intermediate\11a_UnlinkedMultiGPU\11a_Unli.765fe836.tlog\unsuccessfulbuild”?? Touch ???
    38>InitializeBuildStatus:
         ???“D:\HTC\avboit\The-Forge\Examples_3\Unit_Tests\PC Visual Studio 2019\\x64\Release\Intermediate\39_ParticleSystem\39_Parti.C3E55E0E.tlog\unsuccessfulbuild”?? Touch ???
    35>ClCompile:
         ?????????
         ?????????
    42>ClCompile:
         ?????????
         ?????????
    35>ResourceCompile:
         ?????????
       Link:
         ?????????
         BunyTool.vcxproj -> D:\HTC\avboit\The-Forge\Examples_3\Unit_Tests\PC Visual Studio 2019\x64\Release\buny.exe
    42>Link:
         ?????????
         36_AlgorithmsAndContainers.vcxproj -> D:\HTC\avboit\The-Forge\Examples_3\Unit_Tests\PC Visual Studio 2019\x64\Release\36_AlgorithmsAndContainers\36_AlgorithmsAndContainers.exe
       CustomBuildStep:
       ??????“CustomBuildStep”,????????
       CustomBuildStep:
       ??????“CustomBuildStep”,????????
       PostBuildEvent:
         
                 xcopy "D:\HTC\avboit\The-Forge\Examples_3\Unit_Tests\PC Visual Studio 2019\..\..\..\Common_3\Graphics\ThirdParty\OpenSource\VulkanSDK\bin\Win32\*.dll" "D:\HTC\avboit\The-Forge\Examples_3\Unit_Tests\PC Visual Studio 2019\x64\Release\36_AlgorithmsAndContainers\" /S /Y /D
                 xcopy "D:\HTC\avboit\The-Forge\Examples_3\Unit_Tests\PC Visual Studio 2019\..\..\..\Common_3\Graphics\ThirdParty\OpenSource\VulkanSDK\bin\Win32\*.json" "D:\HTC\avboit\The-Forge\Examples_3\Unit_Tests\PC Visual Studio 2019\x64\Release\36_AlgorithmsAndContainers\" /S /Y /D
                 xcopy "D:\HTC\avboit\The-Forge\Examples_3\Unit_Tests\PC Visual Studio 2019\..\..\..\Common_3\Graphics\ThirdParty\OpenSource\ags\ags_lib\lib\amd_ags_x64.dll" "D:\HTC\avboit\The-Forge\Examples_3\Unit_Tests\PC Visual Studio 2019\x64\Release\36_AlgorithmsAndContainers\amd_ags_x64.dll"* /S /Y /D
                 xcopy "D:\HTC\avboit\The-Forge\Examples_3\Unit_Tests\PC Visual Studio 2019\..\..\..\Common_3\Graphics\ThirdParty\OpenSource\DirectXShaderCompiler\bin\x64\dxcompiler.dll" "D:\HTC\avboit\The-Forge\Examples_3\Unit_Tests\PC Visual Studio 2019\x64\Release\36_AlgorithmsAndContainers\dxcompiler.dll"* /S /Y /D
                 xcopy "D:\HTC\avboit\The-Forge\Examples_3\Unit_Tests\PC Visual Studio 2019\..\..\..\Common_3\Graphics\ThirdParty\OpenSource\Direct3d12Agility\bin\x64\*.dll" "D:\HTC\avboit\The-Forge\Examples_3\Unit_Tests\PC Visual Studio 2019\x64\Release\36_AlgorithmsAndContainers\"* /S /Y /D
                 xcopy "D:\HTC\avboit\The-Forge\Examples_3\Unit_Tests\PC Visual Studio 2019\..\..\..\Common_3\OS\ThirdParty\OpenSource\winpixeventruntime\bin\WinPixEventRuntime.dll" "D:\HTC\avboit\The-Forge\Examples_3\Unit_Tests\PC Visual Studio 2019\x64\Release\36_AlgorithmsAndContainers\WinPixEventRunTime.dll"* /S /Y /D
                 
               
         xcopy "D:\HTC\avboit\The-Forge\Examples_3\Unit_Tests\PC Visual Studio 2019\..\..\..\Art\UnitTestResources\Scripts\*.*" "D:\HTC\avboit\The-Forge\Examples_3\Unit_Tests\PC Visual Studio 2019\x64\Release\36_AlgorithmsAndContainers\Scripts\" /s /y
         :VCEnd
    35>FinalizeBuildStatus:
         ??????“D:\HTC\avboit\The-Forge\Examples_3\Unit_Tests\PC Visual Studio 2019\\x64\Release\Intermediate\BunyTool\BunyTool.tlog\unsuccessfulbuild”?
         ???“D:\HTC\avboit\The-Forge\Examples_3\Unit_Tests\PC Visual Studio 2019\\x64\Release\Intermediate\BunyTool\BunyTool.tlog\BunyTool.lastbuildstate”?? Touch ???
    35>???????“D:\HTC\avboit\The-Forge\Common_3\Tools\BunyArchive\VisualStudio\BunyTool.vcxproj”(????)????
    42>PostBuildEvent:
         0 File(s) copied
         0 File(s) copied
         0 File(s) copied
         0 File(s) copied
         0 File(s) copied
         0 File(s) copied
         0 File(s) copied
         File not found - *.*
    42>E:\tools\Microsoft Visual Studio\2022\Community\MSBuild\Microsoft\VC\v170\Microsoft.CppCommon.targets(166,5): error MSB3073: ??“ [D:\HTC\avboit\The-Forge\Examples_3\Unit_Tests\PC Visual Studio 2019\36_AlgorithmsAndContainers.vcxproj]
E:\tools\Microsoft Visual Studio\2022\Community\MSBuild\Microsoft\VC\v170\Microsoft.CppCommon.targets(166,5): error MSB3073:         xcopy "D:\HTC\avboit\The-Forge\Examples_3\Unit_Tests\PC Visual Studio 2019\..\..\..\Common_3\Graphics\ThirdParty\OpenSource\VulkanSDK\bin\Win32\*.dll" "D:\HTC\avboit\The-Forge\Examples_3\Unit_Tests\PC Visual Studio 2019\x64\Release\36_AlgorithmsAndContainers\" /S /Y /D [D:\HTC\avboit\The-Forge\Examples_3\Unit_Tests\PC Visual Studio 2019\36_AlgorithmsAndContainers.vcxproj]
E:\tools\Microsoft Visual Studio\2022\Community\MSBuild\Microsoft\VC\v170\Microsoft.CppCommon.targets(166,5): error MSB3073:         xcopy "D:\HTC\avboit\The-Forge\Examples_3\Unit_Tests\PC Visual Studio 2019\..\..\..\Common_3\Graphics\ThirdParty\OpenSource\VulkanSDK\bin\Win32\*.json" "D:\HTC\avboit\The-Forge\Examples_3\Unit_Tests\PC Visual Studio 2019\x64\Release\36_AlgorithmsAndContainers\" /S /Y /D [D:\HTC\avboit\The-Forge\Examples_3\Unit_Tests\PC Visual Studio 2019\36_AlgorithmsAndContainers.vcxproj]
E:\tools\Microsoft Visual Studio\2022\Community\MSBuild\Microsoft\VC\v170\Microsoft.CppCommon.targets(166,5): error MSB3073:         xcopy "D:\HTC\avboit\The-Forge\Examples_3\Unit_Tests\PC Visual Studio 2019\..\..\..\Common_3\Graphics\ThirdParty\OpenSource\ags\ags_lib\lib\amd_ags_x64.dll" "D:\HTC\avboit\The-Forge\Examples_3\Unit_Tests\PC Visual Studio 2019\x64\Release\36_AlgorithmsAndContainers\amd_ags_x64.dll"* /S /Y /D [D:\HTC\avboit\The-Forge\Examples_3\Unit_Tests\PC Visual Studio 2019\36_AlgorithmsAndContainers.vcxproj]
E:\tools\Microsoft Visual Studio\2022\Community\MSBuild\Microsoft\VC\v170\Microsoft.CppCommon.targets(166,5): error MSB3073:         xcopy "D:\HTC\avboit\The-Forge\Examples_3\Unit_Tests\PC Visual Studio 2019\..\..\..\Common_3\Graphics\ThirdParty\OpenSource\DirectXShaderCompiler\bin\x64\dxcompiler.dll" "D:\HTC\avboit\The-Forge\Examples_3\Unit_Tests\PC Visual Studio 2019\x64\Release\36_AlgorithmsAndContainers\dxcompiler.dll"* /S /Y /D [D:\HTC\avboit\The-Forge\Examples_3\Unit_Tests\PC Visual Studio 2019\36_AlgorithmsAndContainers.vcxproj]
E:\tools\Microsoft Visual Studio\2022\Community\MSBuild\Microsoft\VC\v170\Microsoft.CppCommon.targets(166,5): error MSB3073:         xcopy "D:\HTC\avboit\The-Forge\Examples_3\Unit_Tests\PC Visual Studio 2019\..\..\..\Common_3\Graphics\ThirdParty\OpenSource\Direct3d12Agility\bin\x64\*.dll" "D:\HTC\avboit\The-Forge\Examples_3\Unit_Tests\PC Visual Studio 2019\x64\Release\36_AlgorithmsAndContainers\"* /S /Y /D [D:\HTC\avboit\The-Forge\Examples_3\Unit_Tests\PC Visual Studio 2019\36_AlgorithmsAndContainers.vcxproj]
E:\tools\Microsoft Visual Studio\2022\Community\MSBuild\Microsoft\VC\v170\Microsoft.CppCommon.targets(166,5): error MSB3073:         xcopy "D:\HTC\avboit\The-Forge\Examples_3\Unit_Tests\PC Visual Studio 2019\..\..\..\Common_3\OS\ThirdParty\OpenSource\winpixeventruntime\bin\WinPixEventRuntime.dll" "D:\HTC\avboit\The-Forge\Examples_3\Unit_Tests\PC Visual Studio 2019\x64\Release\36_AlgorithmsAndContainers\WinPixEventRunTime.dll"* /S /Y /D [D:\HTC\avboit\The-Forge\Examples_3\Unit_Tests\PC Visual Studio 2019\36_AlgorithmsAndContainers.vcxproj]
E:\tools\Microsoft Visual Studio\2022\Community\MSBuild\Microsoft\VC\v170\Microsoft.CppCommon.targets(166,5): error MSB3073:          [D:\HTC\avboit\The-Forge\Examples_3\Unit_Tests\PC Visual Studio 2019\36_AlgorithmsAndContainers.vcxproj]
E:\tools\Microsoft Visual Studio\2022\Community\MSBuild\Microsoft\VC\v170\Microsoft.CppCommon.targets(166,5): error MSB3073:        [D:\HTC\avboit\The-Forge\Examples_3\Unit_Tests\PC Visual Studio 2019\36_AlgorithmsAndContainers.vcxproj]
E:\tools\Microsoft Visual Studio\2022\Community\MSBuild\Microsoft\VC\v170\Microsoft.CppCommon.targets(166,5): error MSB3073: xcopy "D:\HTC\avboit\The-Forge\Examples_3\Unit_Tests\PC Visual Studio 2019\..\..\..\Art\UnitTestResources\Scripts\*.*" "D:\HTC\avboit\The-Forge\Examples_3\Unit_Tests\PC Visual Studio 2019\x64\Release\36_AlgorithmsAndContainers\Scripts\" /s /y [D:\HTC\avboit\The-Forge\Examples_3\Unit_Tests\PC Visual Studio 2019\36_AlgorithmsAndContainers.vcxproj]
E:\tools\Microsoft Visual Studio\2022\Community\MSBuild\Microsoft\VC\v170\Microsoft.CppCommon.targets(166,5): error MSB3073: :VCEnd”???,??? 4? [D:\HTC\avboit\The-Forge\Examples_3\Unit_Tests\PC Visual Studio 2019\36_AlgorithmsAndContainers.vcxproj]
    42>???????“D:\HTC\avboit\The-Forge\Examples_3\Unit_Tests\PC Visual Studio 2019\36_AlgorithmsAndContainers.vcxproj”(????)??? - ???
    49>ClCompile:
         ?????????
       Link:
         ?????????
    43>ClCompile:
         ?????????
    49>Link:
         11_LinkedMultiGPU.vcxproj -> D:\HTC\avboit\The-Forge\Examples_3\Unit_Tests\PC Visual Studio 2019\x64\Release\11_LinkedMultiGPU\11_LinkedMultiGPU.exe
       CustomBuildStep:
       ??????“CustomBuildStep”,????????
       CustomBuildStep:
       ??????“CustomBuildStep”,????????
       PostBuildEvent:
         
                 xcopy "D:\HTC\avboit\The-Forge\Examples_3\Unit_Tests\PC Visual Studio 2019\..\..\..\Common_3\Graphics\ThirdParty\OpenSource\VulkanSDK\bin\Win32\*.dll" "D:\HTC\avboit\The-Forge\Examples_3\Unit_Tests\PC Visual Studio 2019\x64\Release\11_LinkedMultiGPU\" /S /Y /D
                 xcopy "D:\HTC\avboit\The-Forge\Examples_3\Unit_Tests\PC Visual Studio 2019\..\..\..\Common_3\Graphics\ThirdParty\OpenSource\VulkanSDK\bin\Win32\*.json" "D:\HTC\avboit\The-Forge\Examples_3\Unit_Tests\PC Visual Studio 2019\x64\Release\11_LinkedMultiGPU\" /S /Y /D
                 xcopy "D:\HTC\avboit\The-Forge\Examples_3\Unit_Tests\PC Visual Studio 2019\..\..\..\Common_3\Graphics\ThirdParty\OpenSource\ags\ags_lib\lib\amd_ags_x64.dll" "D:\HTC\avboit\The-Forge\Examples_3\Unit_Tests\PC Visual Studio 2019\x64\Release\11_LinkedMultiGPU\amd_ags_x64.dll"* /S /Y /D
                 xcopy "D:\HTC\avboit\The-Forge\Examples_3\Unit_Tests\PC Visual Studio 2019\..\..\..\Common_3\Graphics\ThirdParty\OpenSource\DirectXShaderCompiler\bin\x64\dxcompiler.dll" "D:\HTC\avboit\The-Forge\Examples_3\Unit_Tests\PC Visual Studio 2019\x64\Release\11_LinkedMultiGPU\dxcompiler.dll"* /S /Y /D
                 xcopy "D:\HTC\avboit\The-Forge\Examples_3\Unit_Tests\PC Visual Studio 2019\..\..\..\Common_3\Graphics\ThirdParty\OpenSource\Direct3d12Agility\bin\x64\*.dll" "D:\HTC\avboit\The-Forge\Examples_3\Unit_Tests\PC Visual Studio 2019\x64\Release\11_LinkedMultiGPU\"* /S /Y /D
                 xcopy "D:\HTC\avboit\The-Forge\Examples_3\Unit_Tests\PC Visual Studio 2019\..\..\..\Common_3\OS\ThirdParty\OpenSource\winpixeventruntime\bin\WinPixEventRuntime.dll" "D:\HTC\avboit\The-Forge\Examples_3\Unit_Tests\PC Visual Studio 2019\x64\Release\11_LinkedMultiGPU\WinPixEventRunTime.dll"* /S /Y /D
                 
                set ART=D:\HTC\avboit\The-Forge\Examples_3\Unit_Tests\PC Visual Studio 2019\..\..\..\Art\
         xcopy /Y /S /D "%ART%\UnitTestResources\Textures\dds\Skybox_*.tex" "D:\HTC\avboit\The-Forge\Examples_3\Unit_Tests\PC Visual Studio 2019\x64\Release\11_LinkedMultiGPU\Textures\"
         xcopy /Y /S /D "%ART%\UnitTestResources\Textures\dds\circlepad.tex" "D:\HTC\avboit\The-Forge\Examples_3\Unit_Tests\PC Visual Studio 2019\x64\Release\11_LinkedMultiGPU\Textures\"
         xcopy /Y /S /D "%ART%\UnitTestResources\Fonts\*.ttf" "D:\HTC\avboit\The-Forge\Examples_3\Unit_Tests\PC Visual Studio 2019\x64\Release\11_LinkedMultiGPU\Fonts\"
         xcopy /Y /S /D "%ART%\UnitTestResources\Fonts\*.otf" "D:\HTC\avboit\The-Forge\Examples_3\Unit_Tests\PC Visual Studio 2019\x64\Release\11_LinkedMultiGPU\Fonts\"
         
         xcopy /Y /S /D /E "D:\HTC\avboit\The-Forge\Examples_3\Unit_Tests\PC Visual Studio 2019\x64\Release\11_LinkedMultiGPU\..\OS\Shaders" "D:\HTC\avboit\The-Forge\Examples_3\Unit_Tests\PC Visual Studio 2019\x64\Release\11_LinkedMultiGPU\Shaders"
         xcopy /Y /S /D /E "D:\HTC\avboit\The-Forge\Examples_3\Unit_Tests\PC Visual Studio 2019\x64\Release\11_LinkedMultiGPU\..\OS\CompiledShaders" "D:\HTC\avboit\The-Forge\Examples_3\Unit_Tests\PC Visual Studio 2019\x64\Release\11_LinkedMultiGPU\CompiledShaders"
         
         xcopy /Y /S /D "D:\HTC\avboit\The-Forge\Examples_3\Unit_Tests\PC Visual Studio 2019\..\src\11_LinkedMultiGPU\Scripts\*.lua" "D:\HTC\avboit\The-Forge\Examples_3\Unit_Tests\PC Visual Studio 2019\x64\Release\11_LinkedMultiGPU\Scripts\"
         xcopy /Y /S /D "%ART%\UnitTestResources\Scripts\*.lua" "D:\HTC\avboit\The-Forge\Examples_3\Unit_Tests\PC Visual Studio 2019\x64\Release\11_LinkedMultiGPU\Scripts\"
         
         xcopy "D:\HTC\avboit\The-Forge\Common_3\OS\Windows\pc_gpu.data" "D:\HTC\avboit\The-Forge\Examples_3\Unit_Tests\PC Visual Studio 2019\x64\Release\11_LinkedMultiGPU\GPUCfg\gpu.data*" /Y /D
         xcopy "D:\HTC\avboit\The-Forge\Examples_3\Unit_Tests\src\11_LinkedMultiGPU\GPUCfg\gpu.cfg" "D:\HTC\avboit\The-Forge\Examples_3\Unit_Tests\PC Visual Studio 2019\x64\Release\11_LinkedMultiGPU\GPUCfg\gpu.cfg*" /Y /D
         
         :VCEnd
    43>Link:
         ?????????
         11a_UnlinkedMultiGPU.vcxproj -> D:\HTC\avboit\The-Forge\Examples_3\Unit_Tests\PC Visual Studio 2019\x64\Release\11a_UnlinkedMultiGPU\11a_UnlinkedMultiGPU.exe
       CustomBuildStep:
       ??????“CustomBuildStep”,????????
       CustomBuildStep:
       ??????“CustomBuildStep”,????????
       PostBuildEvent:
         
                 xcopy "D:\HTC\avboit\The-Forge\Examples_3\Unit_Tests\PC Visual Studio 2019\..\..\..\Common_3\Graphics\ThirdParty\OpenSource\VulkanSDK\bin\Win32\*.dll" "D:\HTC\avboit\The-Forge\Examples_3\Unit_Tests\PC Visual Studio 2019\x64\Release\11a_UnlinkedMultiGPU\" /S /Y /D
                 xcopy "D:\HTC\avboit\The-Forge\Examples_3\Unit_Tests\PC Visual Studio 2019\..\..\..\Common_3\Graphics\ThirdParty\OpenSource\VulkanSDK\bin\Win32\*.json" "D:\HTC\avboit\The-Forge\Examples_3\Unit_Tests\PC Visual Studio 2019\x64\Release\11a_UnlinkedMultiGPU\" /S /Y /D
                 xcopy "D:\HTC\avboit\The-Forge\Examples_3\Unit_Tests\PC Visual Studio 2019\..\..\..\Common_3\Graphics\ThirdParty\OpenSource\ags\ags_lib\lib\amd_ags_x64.dll" "D:\HTC\avboit\The-Forge\Examples_3\Unit_Tests\PC Visual Studio 2019\x64\Release\11a_UnlinkedMultiGPU\amd_ags_x64.dll"* /S /Y /D
                 xcopy "D:\HTC\avboit\The-Forge\Examples_3\Unit_Tests\PC Visual Studio 2019\..\..\..\Common_3\Graphics\ThirdParty\OpenSource\DirectXShaderCompiler\bin\x64\dxcompiler.dll" "D:\HTC\avboit\The-Forge\Examples_3\Unit_Tests\PC Visual Studio 2019\x64\Release\11a_UnlinkedMultiGPU\dxcompiler.dll"* /S /Y /D
                 xcopy "D:\HTC\avboit\The-Forge\Examples_3\Unit_Tests\PC Visual Studio 2019\..\..\..\Common_3\Graphics\ThirdParty\OpenSource\Direct3d12Agility\bin\x64\*.dll" "D:\HTC\avboit\The-Forge\Examples_3\Unit_Tests\PC Visual Studio 2019\x64\Release\11a_UnlinkedMultiGPU\"* /S /Y /D
                 xcopy "D:\HTC\avboit\The-Forge\Examples_3\Unit_Tests\PC Visual Studio 2019\..\..\..\Common_3\OS\ThirdParty\OpenSource\winpixeventruntime\bin\WinPixEventRuntime.dll" "D:\HTC\avboit\The-Forge\Examples_3\Unit_Tests\PC Visual Studio 2019\x64\Release\11a_UnlinkedMultiGPU\WinPixEventRunTime.dll"* /S /Y /D
                 
                set ART=D:\HTC\avboit\The-Forge\Examples_3\Unit_Tests\PC Visual Studio 2019\..\..\..\Art\
         xcopy /Y /S /D "%ART%\UnitTestResources\Textures\dds\Skybox_*.tex" "D:\HTC\avboit\The-Forge\Examples_3\Unit_Tests\PC Visual Studio 2019\x64\Release\11a_UnlinkedMultiGPU\Textures\"
         xcopy /Y /S /D "%ART%\UnitTestResources\Textures\dds\circlepad.tex" "D:\HTC\avboit\The-Forge\Examples_3\Unit_Tests\PC Visual Studio 2019\x64\Release\11a_UnlinkedMultiGPU\Textures\"
         xcopy /Y /S /D "%ART%\UnitTestResources\Fonts\*.ttf" "D:\HTC\avboit\The-Forge\Examples_3\Unit_Tests\PC Visual Studio 2019\x64\Release\11a_UnlinkedMultiGPU\Fonts\"
         xcopy /Y /S /D "%ART%\UnitTestResources\Fonts\*.otf" "D:\HTC\avboit\The-Forge\Examples_3\Unit_Tests\PC Visual Studio 2019\x64\Release\11a_UnlinkedMultiGPU\Fonts\"
         
         xcopy /Y /S /D /E "D:\HTC\avboit\The-Forge\Examples_3\Unit_Tests\PC Visual Studio 2019\x64\Release\11a_UnlinkedMultiGPU\..\OS\Shaders" "D:\HTC\avboit\The-Forge\Examples_3\Unit_Tests\PC Visual Studio 2019\x64\Release\11a_UnlinkedMultiGPU\Shaders"
         xcopy /Y /S /D /E "D:\HTC\avboit\The-Forge\Examples_3\Unit_Tests\PC Visual Studio 2019\x64\Release\11a_UnlinkedMultiGPU\..\OS\CompiledShaders" "D:\HTC\avboit\The-Forge\Examples_3\Unit_Tests\PC Visual Studio 2019\x64\Release\11a_UnlinkedMultiGPU\CompiledShaders"
         
         xcopy /Y /S /D "D:\HTC\avboit\The-Forge\Examples_3\Unit_Tests\PC Visual Studio 2019\..\src\11a_UnlinkedMultiGPU\Scripts\*.lua" "D:\HTC\avboit\The-Forge\Examples_3\Unit_Tests\PC Visual Studio 2019\x64\Release\11a_UnlinkedMultiGPU\Scripts\"
         xcopy /Y /S /D "%ART%\UnitTestResources\Scripts\*.lua" "D:\HTC\avboit\The-Forge\Examples_3\Unit_Tests\PC Visual Studio 2019\x64\Release\11a_UnlinkedMultiGPU\Scripts\"
         
         xcopy "D:\HTC\avboit\The-Forge\Common_3\OS\Windows\pc_gpu.data" "D:\HTC\avboit\The-Forge\Examples_3\Unit_Tests\PC Visual Studio 2019\x64\Release\11a_UnlinkedMultiGPU\GPUCfg\gpu.data*" /Y /D
         xcopy "D:\HTC\avboit\The-Forge\Examples_3\Unit_Tests\src\11a_UnlinkedMultiGPU\GPUCfg\gpu.cfg" "D:\HTC\avboit\The-Forge\Examples_3\Unit_Tests\PC Visual Studio 2019\x64\Release\11a_UnlinkedMultiGPU\GPUCfg\gpu.cfg*" /Y /D
         
         :VCEnd
         0 File(s) copied
    49>PostBuildEvent:
         0 File(s) copied
    43>PostBuildEvent:
         0 File(s) copied
    49>PostBuildEvent:
         0 File(s) copied
    43>PostBuildEvent:
         0 File(s) copied
    46>ClCompile:
         ?????????
    36>ClCompile:
         ?????????
    49>PostBuildEvent:
         0 File(s) copied
    36>Link:
         ?????????
    46>Link:
         ?????????
    36>Link:
         01_Transformations.vcxproj -> D:\HTC\avboit\The-Forge\Examples_3\Unit_Tests\PC Visual Studio 2019\x64\Release\01_Transformations\01_Transformations.exe
    46>Link:
         16_Raytracing.vcxproj -> D:\HTC\avboit\The-Forge\Examples_3\Unit_Tests\PC Visual Studio 2019\x64\Release\16_Raytracing\16_Raytracing.exe
    36>CustomBuildStep:
       ??????“CustomBuildStep”,????????
    46>CustomBuildStep:
       ??????“CustomBuildStep”,????????
    43>PostBuildEvent:
         0 File(s) copied
    46>CustomBuildStep:
       ??????“CustomBuildStep”,????????
    36>CustomBuildStep:
       ??????“CustomBuildStep”,????????
    46>PostBuildEvent:
         
                 xcopy "D:\HTC\avboit\The-Forge\Examples_3\Unit_Tests\PC Visual Studio 2019\..\..\..\Common_3\Graphics\ThirdParty\OpenSource\VulkanSDK\bin\Win32\*.dll" "D:\HTC\avboit\The-Forge\Examples_3\Unit_Tests\PC Visual Studio 2019\x64\Release\16_Raytracing\" /S /Y /D
                 xcopy "D:\HTC\avboit\The-Forge\Examples_3\Unit_Tests\PC Visual Studio 2019\..\..\..\Common_3\Graphics\ThirdParty\OpenSource\VulkanSDK\bin\Win32\*.json" "D:\HTC\avboit\The-Forge\Examples_3\Unit_Tests\PC Visual Studio 2019\x64\Release\16_Raytracing\" /S /Y /D
                 xcopy "D:\HTC\avboit\The-Forge\Examples_3\Unit_Tests\PC Visual Studio 2019\..\..\..\Common_3\Graphics\ThirdParty\OpenSource\ags\ags_lib\lib\amd_ags_x64.dll" "D:\HTC\avboit\The-Forge\Examples_3\Unit_Tests\PC Visual Studio 2019\x64\Release\16_Raytracing\amd_ags_x64.dll"* /S /Y /D
                 xcopy "D:\HTC\avboit\The-Forge\Examples_3\Unit_Tests\PC Visual Studio 2019\..\..\..\Common_3\Graphics\ThirdParty\OpenSource\DirectXShaderCompiler\bin\x64\dxcompiler.dll" "D:\HTC\avboit\The-Forge\Examples_3\Unit_Tests\PC Visual Studio 2019\x64\Release\16_Raytracing\dxcompiler.dll"* /S /Y /D
                 xcopy "D:\HTC\avboit\The-Forge\Examples_3\Unit_Tests\PC Visual Studio 2019\..\..\..\Common_3\Graphics\ThirdParty\OpenSource\Direct3d12Agility\bin\x64\*.dll" "D:\HTC\avboit\The-Forge\Examples_3\Unit_Tests\PC Visual Studio 2019\x64\Release\16_Raytracing\"* /S /Y /D
                 xcopy "D:\HTC\avboit\The-Forge\Examples_3\Unit_Tests\PC Visual Studio 2019\..\..\..\Common_3\OS\ThirdParty\OpenSource\winpixeventruntime\bin\WinPixEventRuntime.dll" "D:\HTC\avboit\The-Forge\Examples_3\Unit_Tests\PC Visual Studio 2019\x64\Release\16_Raytracing\WinPixEventRunTime.dll"* /S /Y /D
                 
                :: Copy Art files
         set ART=D:\HTC\avboit\The-Forge\Examples_3\Unit_Tests\PC Visual Studio 2019\..\..\..\Art\
         xcopy /Y /S /D "%ART%\SanMiguel_3\Textures\dds\*.tex" "D:\HTC\avboit\The-Forge\Examples_3\Unit_Tests\PC Visual Studio 2019\x64\Release\16_Raytracing\Textures\"
         xcopy /Y /S /D "%ART%\SanMiguel_3\Meshes\*" "D:\HTC\avboit\The-Forge\Examples_3\Unit_Tests\PC Visual Studio 2019\x64\Release\16_Raytracing\Meshes\"
         
         xcopy /Y /S /D "%ART%\UnitTestResources\Fonts\*.ttf" "D:\HTC\avboit\The-Forge\Examples_3\Unit_Tests\PC Visual Studio 2019\x64\Release\16_Raytracing\Fonts\"
         xcopy /Y /S /D "%ART%\UnitTestResources\Fonts\*.otf" "D:\HTC\avboit\The-Forge\Examples_3\Unit_Tests\PC Visual Studio 2019\x64\Release\16_Raytracing\Fonts\"
         
         xcopy /Y /S /D /E "D:\HTC\avboit\The-Forge\Examples_3\Unit_Tests\PC Visual Studio 2019\x64\Release\16_Raytracing\..\OS\Shaders" "D:\HTC\avboit\The-Forge\Examples_3\Unit_Tests\PC Visual Studio 2019\x64\Release\16_Raytracing\Shaders"
         xcopy /Y /S /D /E "D:\HTC\avboit\The-Forge\Examples_3\Unit_Tests\PC Visual Studio 2019\x64\Release\16_Raytracing\..\OS\CompiledShaders" "D:\HTC\avboit\The-Forge\Examples_3\Unit_Tests\PC Visual Studio 2019\x64\Release\16_Raytracing\CompiledShaders"
         xcopy /Y /S /D "D:\HTC\avboit\The-Forge\Examples_3\Unit_Tests\PC Visual Studio 2019\..\src\16_Raytracing\Shaders\Vulkan\*" "D:\HTC\avboit\The-Forge\Examples_3\Unit_Tests\PC Visual Studio 2019\x64\Release\16_Raytracing\Shaders\Vulkan"
         xcopy /Y /S /D "D:\HTC\avboit\The-Forge\Examples_3\Unit_Tests\PC Visual Studio 2019\..\src\16_Raytracing\Shaders\D3D12\*" "D:\HTC\avboit\The-Forge\Examples_3\Unit_Tests\PC Visual Studio 2019\x64\Release\16_Raytracing\Shaders\DIRECT3D12"
         
         xcopy /Y /S /D "D:\HTC\avboit\The-Forge\Examples_3\Unit_Tests\PC Visual Studio 2019\..\src\16_Raytracing\Scripts\*.lua" "D:\HTC\avboit\The-Forge\Examples_3\Unit_Tests\PC Visual Studio 2019\x64\Release\16_Raytracing\Scripts\"
         xcopy /Y /S /D "%ART%\UnitTestResources\Scripts\*.lua" "D:\HTC\avboit\The-Forge\Examples_3\Unit_Tests\PC Visual Studio 2019\x64\Release\16_Raytracing\Scripts\"
         
         xcopy "D:\HTC\avboit\The-Forge\Common_3\OS\Windows\pc_gpu.data" "D:\HTC\avboit\The-Forge\Examples_3\Unit_Tests\PC Visual Studio 2019\x64\Release\16_Raytracing\GPUCfg\gpu.data*" /Y /D
         xcopy "D:\HTC\avboit\The-Forge\Examples_3\Unit_Tests\src\16_Raytracing\GPUCfg\gpu.cfg" "D:\HTC\avboit\The-Forge\Examples_3\Unit_Tests\PC Visual Studio 2019\x64\Release\16_Raytracing\GPUCfg\gpu.cfg*" /Y /D
         
         :VCEnd
    36>PostBuildEvent:
         
                 xcopy "D:\HTC\avboit\The-Forge\Examples_3\Unit_Tests\PC Visual Studio 2019\..\..\..\Common_3\Graphics\ThirdParty\OpenSource\VulkanSDK\bin\Win32\*.dll" "D:\HTC\avboit\The-Forge\Examples_3\Unit_Tests\PC Visual Studio 2019\x64\Release\01_Transformations\" /S /Y /D
                 xcopy "D:\HTC\avboit\The-Forge\Examples_3\Unit_Tests\PC Visual Studio 2019\..\..\..\Common_3\Graphics\ThirdParty\OpenSource\VulkanSDK\bin\Win32\*.json" "D:\HTC\avboit\The-Forge\Examples_3\Unit_Tests\PC Visual Studio 2019\x64\Release\01_Transformations\" /S /Y /D
                 xcopy "D:\HTC\avboit\The-Forge\Examples_3\Unit_Tests\PC Visual Studio 2019\..\..\..\Common_3\Graphics\ThirdParty\OpenSource\ags\ags_lib\lib\amd_ags_x64.dll" "D:\HTC\avboit\The-Forge\Examples_3\Unit_Tests\PC Visual Studio 2019\x64\Release\01_Transformations\amd_ags_x64.dll"* /S /Y /D
                 xcopy "D:\HTC\avboit\The-Forge\Examples_3\Unit_Tests\PC Visual Studio 2019\..\..\..\Common_3\Graphics\ThirdParty\OpenSource\DirectXShaderCompiler\bin\x64\dxcompiler.dll" "D:\HTC\avboit\The-Forge\Examples_3\Unit_Tests\PC Visual Studio 2019\x64\Release\01_Transformations\dxcompiler.dll"* /S /Y /D
                 xcopy "D:\HTC\avboit\The-Forge\Examples_3\Unit_Tests\PC Visual Studio 2019\..\..\..\Common_3\Graphics\ThirdParty\OpenSource\Direct3d12Agility\bin\x64\*.dll" "D:\HTC\avboit\The-Forge\Examples_3\Unit_Tests\PC Visual Studio 2019\x64\Release\01_Transformations\"* /S /Y /D
                 xcopy "D:\HTC\avboit\The-Forge\Examples_3\Unit_Tests\PC Visual Studio 2019\..\..\..\Common_3\OS\ThirdParty\OpenSource\winpixeventruntime\bin\WinPixEventRuntime.dll" "D:\HTC\avboit\The-Forge\Examples_3\Unit_Tests\PC Visual Studio 2019\x64\Release\01_Transformations\WinPixEventRunTime.dll"* /S /Y /D
                 
                set ART=D:\HTC\avboit\The-Forge\Examples_3\Unit_Tests\PC Visual Studio 2019\..\..\..\Art\
         xcopy /Y /S /D "%ART%\UnitTestResources\Textures\dds\Skybox_*.tex" "D:\HTC\avboit\The-Forge\Examples_3\Unit_Tests\PC Visual Studio 2019\x64\Release\01_Transformations\Textures\"
         xcopy /Y /S /D "%ART%\UnitTestResources\Textures\dds\circlepad.tex" "D:\HTC\avboit\The-Forge\Examples_3\Unit_Tests\PC Visual Studio 2019\x64\Release\01_Transformations\Textures\"
         xcopy /Y /S /D "%ART%\UnitTestResources\Fonts\*.ttf" "D:\HTC\avboit\The-Forge\Examples_3\Unit_Tests\PC Visual Studio 2019\x64\Release\01_Transformations\Fonts\"
         xcopy /Y /S /D "%ART%\UnitTestResources\Fonts\*.otf" "D:\HTC\avboit\The-Forge\Examples_3\Unit_Tests\PC Visual Studio 2019\x64\Release\01_Transformations\Fonts\"
         
         xcopy /Y /S /D /E "D:\HTC\avboit\The-Forge\Examples_3\Unit_Tests\PC Visual Studio 2019\x64\Release\01_Transformations\..\OS\Shaders" "D:\HTC\avboit\The-Forge\Examples_3\Unit_Tests\PC Visual Studio 2019\x64\Release\01_Transformations\Shaders"
         xcopy /Y /S /D /E "D:\HTC\avboit\The-Forge\Examples_3\Unit_Tests\PC Visual Studio 2019\x64\Release\01_Transformations\..\OS\CompiledShaders" "D:\HTC\avboit\The-Forge\Examples_3\Unit_Tests\PC Visual Studio 2019\x64\Release\01_Transformations\CompiledShaders"
         
         xcopy /Y /S /D "%ART%\UnitTestResources\Scripts\*.lua" "D:\HTC\avboit\The-Forge\Examples_3\Unit_Tests\PC Visual Studio 2019\x64\Release\01_Transformations\Scripts\"
         
         xcopy "D:\HTC\avboit\The-Forge\Common_3\OS\Windows\pc_gpu.data" "D:\HTC\avboit\The-Forge\Examples_3\Unit_Tests\PC Visual Studio 2019\x64\Release\01_Transformations\GPUCfg\gpu.data*" /Y /D
         xcopy "D:\HTC\avboit\The-Forge\Examples_3\Unit_Tests\src\01_Transformations\GPUCfg\gpu.cfg" "D:\HTC\avboit\The-Forge\Examples_3\Unit_Tests\PC Visual Studio 2019\x64\Release\01_Transformations\GPUCfg\gpu.cfg*" /Y /D
         
         
         :VCEnd
    49>PostBuildEvent:
         0 File(s) copied
    43>PostBuildEvent:
         0 File(s) copied
    49>PostBuildEvent:
         0 File(s) copied
    43>PostBuildEvent:
         0 File(s) copied
    49>PostBuildEvent:
         0 File(s) copied
    50>ClCompile:
         ?????????
    46>PostBuildEvent:
         0 File(s) copied
    36>PostBuildEvent:
         0 File(s) copied
    50>Link:
         ?????????
         03_MultiThread.vcxproj -> D:\HTC\avboit\The-Forge\Examples_3\Unit_Tests\PC Visual Studio 2019\x64\Release\03_MultiThread\03_MultiThread.exe
       CustomBuildStep:
       ??????“CustomBuildStep”,????????
    46>PostBuildEvent:
         0 File(s) copied
    50>CustomBuildStep:
       ??????“CustomBuildStep”,????????
       PostBuildEvent:
         
                 xcopy "D:\HTC\avboit\The-Forge\Examples_3\Unit_Tests\PC Visual Studio 2019\..\..\..\Common_3\Graphics\ThirdParty\OpenSource\VulkanSDK\bin\Win32\*.dll" "D:\HTC\avboit\The-Forge\Examples_3\Unit_Tests\PC Visual Studio 2019\x64\Release\03_MultiThread\" /S /Y /D
                 xcopy "D:\HTC\avboit\The-Forge\Examples_3\Unit_Tests\PC Visual Studio 2019\..\..\..\Common_3\Graphics\ThirdParty\OpenSource\VulkanSDK\bin\Win32\*.json" "D:\HTC\avboit\The-Forge\Examples_3\Unit_Tests\PC Visual Studio 2019\x64\Release\03_MultiThread\" /S /Y /D
                 xcopy "D:\HTC\avboit\The-Forge\Examples_3\Unit_Tests\PC Visual Studio 2019\..\..\..\Common_3\Graphics\ThirdParty\OpenSource\ags\ags_lib\lib\amd_ags_x64.dll" "D:\HTC\avboit\The-Forge\Examples_3\Unit_Tests\PC Visual Studio 2019\x64\Release\03_MultiThread\amd_ags_x64.dll"* /S /Y /D
                 xcopy "D:\HTC\avboit\The-Forge\Examples_3\Unit_Tests\PC Visual Studio 2019\..\..\..\Common_3\Graphics\ThirdParty\OpenSource\DirectXShaderCompiler\bin\x64\dxcompiler.dll" "D:\HTC\avboit\The-Forge\Examples_3\Unit_Tests\PC Visual Studio 2019\x64\Release\03_MultiThread\dxcompiler.dll"* /S /Y /D
                 xcopy "D:\HTC\avboit\The-Forge\Examples_3\Unit_Tests\PC Visual Studio 2019\..\..\..\Common_3\Graphics\ThirdParty\OpenSource\Direct3d12Agility\bin\x64\*.dll" "D:\HTC\avboit\The-Forge\Examples_3\Unit_Tests\PC Visual Studio 2019\x64\Release\03_MultiThread\"* /S /Y /D
                 xcopy "D:\HTC\avboit\The-Forge\Examples_3\Unit_Tests\PC Visual Studio 2019\..\..\..\Common_3\OS\ThirdParty\OpenSource\winpixeventruntime\bin\WinPixEventRuntime.dll" "D:\HTC\avboit\The-Forge\Examples_3\Unit_Tests\PC Visual Studio 2019\x64\Release\03_MultiThread\WinPixEventRunTime.dll"* /S /Y /D
                 
                set ART=D:\HTC\avboit\The-Forge\Examples_3\Unit_Tests\PC Visual Studio 2019\..\..\..\Art\
         xcopy /Y /S /D "%ART%\UnitTestResources\Textures\dds\Skybox_*.tex" "D:\HTC\avboit\The-Forge\Examples_3\Unit_Tests\PC Visual Studio 2019\x64\Release\03_MultiThread\Textures\"
         xcopy /Y /S /D "%ART%\UnitTestResources\Textures\dds\Palette_*.tex" "D:\HTC\avboit\The-Forge\Examples_3\Unit_Tests\PC Visual Studio 2019\x64\Release\03_MultiThread\Textures\"
         xcopy /Y /S /D "%ART%\UnitTestResources\Textures\dds\circlepad.tex" "D:\HTC\avboit\The-Forge\Examples_3\Unit_Tests\PC Visual Studio 2019\x64\Release\03_MultiThread\Textures\"
         xcopy /Y /S /D "%ART%\UnitTestResources\Fonts\*.ttf" "D:\HTC\avboit\The-Forge\Examples_3\Unit_Tests\PC Visual Studio 2019\x64\Release\03_MultiThread\Fonts\"
         xcopy /Y /S /D "%ART%\UnitTestResources\Fonts\*.otf" "D:\HTC\avboit\The-Forge\Examples_3\Unit_Tests\PC Visual Studio 2019\x64\Release\03_MultiThread\Fonts\"
         
         xcopy /Y /S /D /E "D:\HTC\avboit\The-Forge\Examples_3\Unit_Tests\PC Visual Studio 2019\x64\Release\03_MultiThread\..\OS\Shaders" "D:\HTC\avboit\The-Forge\Examples_3\Unit_Tests\PC Visual Studio 2019\x64\Release\03_MultiThread\Shaders"
         xcopy /Y /S /D /E "D:\HTC\avboit\The-Forge\Examples_3\Unit_Tests\PC Visual Studio 2019\x64\Release\03_MultiThread\..\OS\CompiledShaders" "D:\HTC\avboit\The-Forge\Examples_3\Unit_Tests\PC Visual Studio 2019\x64\Release\03_MultiThread\CompiledShaders"
         
         xcopy /Y /S /D "D:\HTC\avboit\The-Forge\Examples_3\Unit_Tests\PC Visual Studio 2019\..\src\03_MultiThread\Scripts\*.lua" "D:\HTC\avboit\The-Forge\Examples_3\Unit_Tests\PC Visual Studio 2019\x64\Release\03_MultiThread\Scripts\"
         xcopy /Y /S /D "%ART%\UnitTestResources\Scripts\*.lua" "D:\HTC\avboit\The-Forge\Examples_3\Unit_Tests\PC Visual Studio 2019\x64\Release\03_MultiThread\Scripts\"
         
         xcopy "D:\HTC\avboit\The-Forge\Common_3\OS\Windows\pc_gpu.data" "D:\HTC\avboit\The-Forge\Examples_3\Unit_Tests\PC Visual Studio 2019\x64\Release\03_MultiThread\GPUCfg\gpu.data*" /Y /D
         xcopy "D:\HTC\avboit\The-Forge\Examples_3\Unit_Tests\src\03_MultiThread\GPUCfg\gpu.cfg" "D:\HTC\avboit\The-Forge\Examples_3\Unit_Tests\PC Visual Studio 2019\x64\Release\03_MultiThread\GPUCfg\gpu.cfg*" /Y /D
         
         :VCEnd
    36>PostBuildEvent:
         0 File(s) copied
    46>PostBuildEvent:
         0 File(s) copied
    36>PostBuildEvent:
         0 File(s) copied
    46>PostBuildEvent:
         0 File(s) copied
    36>PostBuildEvent:
         0 File(s) copied
         0 File(s) copied
    46>PostBuildEvent:
         0 File(s) copied
    50>PostBuildEvent:
         0 File(s) copied
    43>PostBuildEvent:
         0 File(s) copied
    36>PostBuildEvent:
         0 File(s) copied
    49>PostBuildEvent:
         0 File(s) copied
    46>PostBuildEvent:
         0 File(s) copied
    50>PostBuildEvent:
         0 File(s) copied
    46>PostBuildEvent:
         D:\HTC\avboit\The-Forge\Examples_3\Unit_Tests\PC Visual Studio 2019\..\..\..\Art\\SanMiguel_3\Textures\dds\0001_carros.tex
         D:\HTC\avboit\The-Forge\Examples_3\Unit_Tests\PC Visual Studio 2019\..\..\..\Art\\SanMiguel_3\Textures\dds\052terresable.tex
         D:\HTC\avboit\The-Forge\Examples_3\Unit_Tests\PC Visual Studio 2019\..\..\..\Art\\SanMiguel_3\Textures\dds\052terresable_NRM.tex
         D:\HTC\avboit\The-Forge\Examples_3\Unit_Tests\PC Visual Studio 2019\..\..\..\Art\\SanMiguel_3\Textures\dds\052terresable_SPEC.tex
    50>PostBuildEvent:
         0 File(s) copied
    46>PostBuildEvent:
         D:\HTC\avboit\The-Forge\Examples_3\Unit_Tests\PC Visual Studio 2019\..\..\..\Art\\SanMiguel_3\Textures\dds\06-30-1997.tex
         D:\HTC\avboit\The-Forge\Examples_3\Unit_Tests\PC Visual Studio 2019\..\..\..\Art\\SanMiguel_3\Textures\dds\aglaonema_bark.tex
         D:\HTC\avboit\The-Forge\Examples_3\Unit_Tests\PC Visual Studio 2019\..\..\..\Art\\SanMiguel_3\Textures\dds\aglaonema_leaf.tex
         D:\HTC\avboit\The-Forge\Examples_3\Unit_Tests\PC Visual Studio 2019\..\..\..\Art\\SanMiguel_3\Textures\dds\aglaonema_leaf_SPEC.tex
         D:\HTC\avboit\The-Forge\Examples_3\Unit_Tests\PC Visual Studio 2019\..\..\..\Art\\SanMiguel_3\Textures\dds\ampelopsis_brevipedunculata_bark.tex
         D:\HTC\avboit\The-Forge\Examples_3\Unit_Tests\PC Visual Studio 2019\..\..\..\Art\\SanMiguel_3\Textures\dds\arcos_lisos_2_color.tex
         D:\HTC\avboit\The-Forge\Examples_3\Unit_Tests\PC Visual Studio 2019\..\..\..\Art\\SanMiguel_3\Textures\dds\arcos_lisos_2_color_NRM.tex
         D:\HTC\avboit\The-Forge\Examples_3\Unit_Tests\PC Visual Studio 2019\..\..\..\Art\\SanMiguel_3\Textures\dds\arcos_lisos_2_color_SPEC.tex
         D:\HTC\avboit\The-Forge\Examples_3\Unit_Tests\PC Visual Studio 2019\..\..\..\Art\\SanMiguel_3\Textures\dds\arcos_lisos_3_color_1.tex
         D:\HTC\avboit\The-Forge\Examples_3\Unit_Tests\PC Visual Studio 2019\..\..\..\Art\\SanMiguel_3\Textures\dds\arcos_lisos_3_color_1_NRM.tex
         D:\HTC\avboit\The-Forge\Examples_3\Unit_Tests\PC Visual Studio 2019\..\..\..\Art\\SanMiguel_3\Textures\dds\arcos_lisos_3_color_1_SPEC.tex
         D:\HTC\avboit\The-Forge\Examples_3\Unit_Tests\PC Visual Studio 2019\..\..\..\Art\\SanMiguel_3\Textures\dds\arco_frente.tex
         D:\HTC\avboit\The-Forge\Examples_3\Unit_Tests\PC Visual Studio 2019\..\..\..\Art\\SanMiguel_3\Textures\dds\arco_frente_NRM.tex
         D:\HTC\avboit\The-Forge\Examples_3\Unit_Tests\PC Visual Studio 2019\..\..\..\Art\\SanMiguel_3\Textures\dds\arco_frente_SPEC.tex
         D:\HTC\avboit\The-Forge\Examples_3\Unit_Tests\PC Visual Studio 2019\..\..\..\Art\\SanMiguel_3\Textures\dds\balconi2nd.tex
         D:\HTC\avboit\The-Forge\Examples_3\Unit_Tests\PC Visual Studio 2019\..\..\..\Art\\SanMiguel_3\Textures\dds\balconi2nd_NRM.tex
    50>PostBuildEvent:
         0 File(s) copied
    46>PostBuildEvent:
         D:\HTC\avboit\The-Forge\Examples_3\Unit_Tests\PC Visual Studio 2019\..\..\..\Art\\SanMiguel_3\Textures\dds\balconi2nd_SPEC.tex
         D:\HTC\avboit\The-Forge\Examples_3\Unit_Tests\PC Visual Studio 2019\..\..\..\Art\\SanMiguel_3\Textures\dds\bark06mi.tex
         D:\HTC\avboit\The-Forge\Examples_3\Unit_Tests\PC Visual Studio 2019\..\..\..\Art\\SanMiguel_3\Textures\dds\bark06mi_NRM.tex
         D:\HTC\avboit\The-Forge\Examples_3\Unit_Tests\PC Visual Studio 2019\..\..\..\Art\\SanMiguel_3\Textures\dds\Barro_2.tex
         D:\HTC\avboit\The-Forge\Examples_3\Unit_Tests\PC Visual Studio 2019\..\..\..\Art\\SanMiguel_3\Textures\dds\Barro_2_NRM.tex
         D:\HTC\avboit\The-Forge\Examples_3\Unit_Tests\PC Visual Studio 2019\..\..\..\Art\\SanMiguel_3\Textures\dds\Barro_2_SPEC.tex
         D:\HTC\avboit\The-Forge\Examples_3\Unit_Tests\PC Visual Studio 2019\..\..\..\Art\\SanMiguel_3\Textures\dds\brushedMetal.tex
         D:\HTC\avboit\The-Forge\Examples_3\Unit_Tests\PC Visual Studio 2019\..\..\..\Art\\SanMiguel_3\Textures\dds\brushedMetal_NRM.tex
         D:\HTC\avboit\The-Forge\Examples_3\Unit_Tests\PC Visual Studio 2019\..\..\..\Art\\SanMiguel_3\Textures\dds\brushedMetal_SPEC.tex
         D:\HTC\avboit\The-Forge\Examples_3\Unit_Tests\PC Visual Studio 2019\..\..\..\Art\\SanMiguel_3\Textures\dds\BWK_1024.tex
         D:\HTC\avboit\The-Forge\Examples_3\Unit_Tests\PC Visual Studio 2019\..\..\..\Art\\SanMiguel_3\Textures\dds\BWK_1024_NRM.tex
         D:\HTC\avboit\The-Forge\Examples_3\Unit_Tests\PC Visual Studio 2019\..\..\..\Art\\SanMiguel_3\Textures\dds\BWK_1024_SPEC.tex
         D:\HTC\avboit\The-Forge\Examples_3\Unit_Tests\PC Visual Studio 2019\..\..\..\Art\\SanMiguel_3\Textures\dds\candil_madera.tex
         D:\HTC\avboit\The-Forge\Examples_3\Unit_Tests\PC Visual Studio 2019\..\..\..\Art\\SanMiguel_3\Textures\dds\candil_madera_NRM.tex
    50>PostBuildEvent:
         0 File(s) copied
    46>PostBuildEvent:
         D:\HTC\avboit\The-Forge\Examples_3\Unit_Tests\PC Visual Studio 2019\..\..\..\Art\\SanMiguel_3\Textures\dds\candil_madera_SPEC.tex
         D:\HTC\avboit\The-Forge\Examples_3\Unit_Tests\PC Visual Studio 2019\..\..\..\Art\\SanMiguel_3\Textures\dds\cantera_naranja_liso.tex
         D:\HTC\avboit\The-Forge\Examples_3\Unit_Tests\PC Visual Studio 2019\..\..\..\Art\\SanMiguel_3\Textures\dds\cantera_naranja_liso_NRM.tex
         D:\HTC\avboit\The-Forge\Examples_3\Unit_Tests\PC Visual Studio 2019\..\..\..\Art\\SanMiguel_3\Textures\dds\cantera_naranja_liso_SPEC.tex
         D:\HTC\avboit\The-Forge\Examples_3\Unit_Tests\PC Visual Studio 2019\..\..\..\Art\\SanMiguel_3\Textures\dds\cenicero.tex
         D:\HTC\avboit\The-Forge\Examples_3\Unit_Tests\PC Visual Studio 2019\..\..\..\Art\\SanMiguel_3\Textures\dds\cenicero_NRM.tex
         D:\HTC\avboit\The-Forge\Examples_3\Unit_Tests\PC Visual Studio 2019\..\..\..\Art\\SanMiguel_3\Textures\dds\cenicero_SPEC.tex
         D:\HTC\avboit\The-Forge\Examples_3\Unit_Tests\PC Visual Studio 2019\..\..\..\Art\\SanMiguel_3\Textures\dds\ceramic_tile.tex
         D:\HTC\avboit\The-Forge\Examples_3\Unit_Tests\PC Visual Studio 2019\..\..\..\Art\\SanMiguel_3\Textures\dds\ceramic_tile_NRM.tex
         D:\HTC\avboit\The-Forge\Examples_3\Unit_Tests\PC Visual Studio 2019\..\..\..\Art\\SanMiguel_3\Textures\dds\ceramic_tile_SPEC.tex
         D:\HTC\avboit\The-Forge\Examples_3\Unit_Tests\PC Visual Studio 2019\..\..\..\Art\\SanMiguel_3\Textures\dds\citrus_limon_leaf.tex
         D:\HTC\avboit\The-Forge\Examples_3\Unit_Tests\PC Visual Studio 2019\..\..\..\Art\\SanMiguel_3\Textures\dds\citrus_limon_leaf_NRM.tex
         D:\HTC\avboit\The-Forge\Examples_3\Unit_Tests\PC Visual Studio 2019\..\..\..\Art\\SanMiguel_3\Textures\dds\citrus_limon_leaf_SPEC.tex
    50>PostBuildEvent:
         0 File(s) copied
    46>PostBuildEvent:
         D:\HTC\avboit\The-Forge\Examples_3\Unit_Tests\PC Visual Studio 2019\..\..\..\Art\\SanMiguel_3\Textures\dds\concrete.tex
         D:\HTC\avboit\The-Forge\Examples_3\Unit_Tests\PC Visual Studio 2019\..\..\..\Art\\SanMiguel_3\Textures\dds\concrete_NRM.tex
         D:\HTC\avboit\The-Forge\Examples_3\Unit_Tests\PC Visual Studio 2019\..\..\..\Art\\SanMiguel_3\Textures\dds\concrete_SPEC.tex
         D:\HTC\avboit\The-Forge\Examples_3\Unit_Tests\PC Visual Studio 2019\..\..\..\Art\\SanMiguel_3\Textures\dds\concreto_01.tex
         D:\HTC\avboit\The-Forge\Examples_3\Unit_Tests\PC Visual Studio 2019\..\..\..\Art\\SanMiguel_3\Textures\dds\concreto_01_NRM.tex
         D:\HTC\avboit\The-Forge\Examples_3\Unit_Tests\PC Visual Studio 2019\..\..\..\Art\\SanMiguel_3\Textures\dds\concreto_01_SPEC.tex
         D:\HTC\avboit\The-Forge\Examples_3\Unit_Tests\PC Visual Studio 2019\..\..\..\Art\\SanMiguel_3\Textures\dds\concreto_02.tex
         D:\HTC\avboit\The-Forge\Examples_3\Unit_Tests\PC Visual Studio 2019\..\..\..\Art\\SanMiguel_3\Textures\dds\concreto_02_NRM.tex
         D:\HTC\avboit\The-Forge\Examples_3\Unit_Tests\PC Visual Studio 2019\..\..\..\Art\\SanMiguel_3\Textures\dds\concreto_02_SPEC.tex
         D:\HTC\avboit\The-Forge\Examples_3\Unit_Tests\PC Visual Studio 2019\..\..\..\Art\\SanMiguel_3\Textures\dds\D30_Smiguel_2003_7758.tex
         D:\HTC\avboit\The-Forge\Examples_3\Unit_Tests\PC Visual Studio 2019\..\..\..\Art\\SanMiguel_3\Textures\dds\D30_Smiguel_2003_7768.tex
         D:\HTC\avboit\The-Forge\Examples_3\Unit_Tests\PC Visual Studio 2019\..\..\..\Art\\SanMiguel_3\Textures\dds\D30_Smiguel_2003_7785.tex
         D:\HTC\avboit\The-Forge\Examples_3\Unit_Tests\PC Visual Studio 2019\..\..\..\Art\\SanMiguel_3\Textures\dds\D30_Smiguel_2003_7812.tex
         D:\HTC\avboit\The-Forge\Examples_3\Unit_Tests\PC Visual Studio 2019\..\..\..\Art\\SanMiguel_3\Textures\dds\D30_Smiguel_2003_7815.tex
         D:\HTC\avboit\The-Forge\Examples_3\Unit_Tests\PC Visual Studio 2019\..\..\..\Art\\SanMiguel_3\Textures\dds\D30_Smiguel_2003_7833.tex
         D:\HTC\avboit\The-Forge\Examples_3\Unit_Tests\PC Visual Studio 2019\..\..\..\Art\\SanMiguel_3\Textures\dds\D30_Smiguel_2003_7843.tex
         D:\HTC\avboit\The-Forge\Examples_3\Unit_Tests\PC Visual Studio 2019\..\..\..\Art\\SanMiguel_3\Textures\dds\daytime.tex
         D:\HTC\avboit\The-Forge\Examples_3\Unit_Tests\PC Visual Studio 2019\..\..\..\Art\\SanMiguel_3\Textures\dds\daytime_cube.tex
         D:\HTC\avboit\The-Forge\Examples_3\Unit_Tests\PC Visual Studio 2019\..\..\..\Art\\SanMiguel_3\Textures\dds\Default.tex
         D:\HTC\avboit\The-Forge\Examples_3\Unit_Tests\PC Visual Studio 2019\..\..\..\Art\\SanMiguel_3\Textures\dds\Default_NRM.tex
         D:\HTC\avboit\The-Forge\Examples_3\Unit_Tests\PC Visual Studio 2019\..\..\..\Art\\SanMiguel_3\Textures\dds\Default_SPEC.tex
    43>PostBuildEvent:
         0 File(s) copied
    46>PostBuildEvent:
         D:\HTC\avboit\The-Forge\Examples_3\Unit_Tests\PC Visual Studio 2019\..\..\..\Art\\SanMiguel_3\Textures\dds\Default_SPEC_TRANS.tex
         D:\HTC\avboit\The-Forge\Examples_3\Unit_Tests\PC Visual Studio 2019\..\..\..\Art\\SanMiguel_3\Textures\dds\detmoldura_06_color.tex
         D:\HTC\avboit\The-Forge\Examples_3\Unit_Tests\PC Visual Studio 2019\..\..\..\Art\\SanMiguel_3\Textures\dds\detmoldura_06_color_NRM.tex
         D:\HTC\avboit\The-Forge\Examples_3\Unit_Tests\PC Visual Studio 2019\..\..\..\Art\\SanMiguel_3\Textures\dds\detmoldura_06_color_SPEC.tex
    51>ClCompile:
         ?????????
    46>PostBuildEvent:
         D:\HTC\avboit\The-Forge\Examples_3\Unit_Tests\PC Visual Studio 2019\..\..\..\Art\\SanMiguel_3\Textures\dds\elaeagnus_umbellate_bark.tex
         D:\HTC\avboit\The-Forge\Examples_3\Unit_Tests\PC Visual Studio 2019\..\..\..\Art\\SanMiguel_3\Textures\dds\escalera_color.tex
         D:\HTC\avboit\The-Forge\Examples_3\Unit_Tests\PC Visual Studio 2019\..\..\..\Art\\SanMiguel_3\Textures\dds\escalera_color_NRM.tex
         D:\HTC\avboit\The-Forge\Examples_3\Unit_Tests\PC Visual Studio 2019\..\..\..\Art\\SanMiguel_3\Textures\dds\escalera_color_SPEC.tex
    49>PostBuildEvent:
         0 File(s) copied
    46>PostBuildEvent:
         D:\HTC\avboit\The-Forge\Examples_3\Unit_Tests\PC Visual Studio 2019\..\..\..\Art\\SanMiguel_3\Textures\dds\escurridera_color.tex
         D:\HTC\avboit\The-Forge\Examples_3\Unit_Tests\PC Visual Studio 2019\..\..\..\Art\\SanMiguel_3\Textures\dds\escurridera_color_NRM.tex
         D:\HTC\avboit\The-Forge\Examples_3\Unit_Tests\PC Visual Studio 2019\..\..\..\Art\\SanMiguel_3\Textures\dds\escurridera_color_SPEC.tex
    51>Link:
         ?????????
         28_Skinning.vcxproj -> D:\HTC\avboit\The-Forge\Examples_3\Unit_Tests\PC Visual Studio 2019\x64\Release\28_Skinning\28_Skinning.exe
    36>PostBuildEvent:
         0 File(s) copied
    46>PostBuildEvent:
         D:\HTC\avboit\The-Forge\Examples_3\Unit_Tests\PC Visual Studio 2019\..\..\..\Art\\SanMiguel_3\Textures\dds\EU15lef.tex
         D:\HTC\avboit\The-Forge\Examples_3\Unit_Tests\PC Visual Studio 2019\..\..\..\Art\\SanMiguel_3\Textures\dds\EU15lef_SPEC.tex
         D:\HTC\avboit\The-Forge\Examples_3\Unit_Tests\PC Visual Studio 2019\..\..\..\Art\\SanMiguel_3\Textures\dds\Fierro_A.tex
         D:\HTC\avboit\The-Forge\Examples_3\Unit_Tests\PC Visual Studio 2019\..\..\..\Art\\SanMiguel_3\Textures\dds\Fierro_A_NRM.tex
         D:\HTC\avboit\The-Forge\Examples_3\Unit_Tests\PC Visual Studio 2019\..\..\..\Art\\SanMiguel_3\Textures\dds\Fierro_A_SPEC.tex
         D:\HTC\avboit\The-Forge\Examples_3\Unit_Tests\PC Visual Studio 2019\..\..\..\Art\\SanMiguel_3\Textures\dds\fierro_b.tex
         D:\HTC\avboit\The-Forge\Examples_3\Unit_Tests\PC Visual Studio 2019\..\..\..\Art\\SanMiguel_3\Textures\dds\fierro_b_NRM.tex
         D:\HTC\avboit\The-Forge\Examples_3\Unit_Tests\PC Visual Studio 2019\..\..\..\Art\\SanMiguel_3\Textures\dds\fierro_b_SPEC.tex
         D:\HTC\avboit\The-Forge\Examples_3\Unit_Tests\PC Visual Studio 2019\..\..\..\Art\\SanMiguel_3\Textures\dds\Finishes.Flooring.Carpet.Loop.5.tex
         D:\HTC\avboit\The-Forge\Examples_3\Unit_Tests\PC Visual Studio 2019\..\..\..\Art\\SanMiguel_3\Textures\dds\Finishes.Flooring.Carpet.Loop.5_NRM.tex
         D:\HTC\avboit\The-Forge\Examples_3\Unit_Tests\PC Visual Studio 2019\..\..\..\Art\\SanMiguel_3\Textures\dds\Finishes.Flooring.Carpet.Loop.5_SPEC.tex
         D:\HTC\avboit\The-Forge\Examples_3\Unit_Tests\PC Visual Studio 2019\..\..\..\Art\\SanMiguel_3\Textures\dds\FL13lef1.tex
         D:\HTC\avboit\The-Forge\Examples_3\Unit_Tests\PC Visual Studio 2019\..\..\..\Art\\SanMiguel_3\Textures\dds\FL13lef1_NRM.tex
         D:\HTC\avboit\The-Forge\Examples_3\Unit_Tests\PC Visual Studio 2019\..\..\..\Art\\SanMiguel_3\Textures\dds\FL13lef1_SPEC.tex
         D:\HTC\avboit\The-Forge\Examples_3\Unit_Tests\PC Visual Studio 2019\..\..\..\Art\\SanMiguel_3\Textures\dds\FL13lef4.tex
         D:\HTC\avboit\The-Forge\Examples_3\Unit_Tests\PC Visual Studio 2019\..\..\..\Art\\SanMiguel_3\Textures\dds\FL13lef4_SPEC.tex
         D:\HTC\avboit\The-Forge\Examples_3\Unit_Tests\PC Visual Studio 2019\..\..\..\Art\\SanMiguel_3\Textures\dds\FL13lef5.tex
    43>PostBuildEvent:
         File not found - *.ttf
         0 File(s) copied
    46>PostBuildEvent:
         D:\HTC\avboit\The-Forge\Examples_3\Unit_Tests\PC Visual Studio 2019\..\..\..\Art\\SanMiguel_3\Textures\dds\FL13lef5_SPEC.tex
         D:\HTC\avboit\The-Forge\Examples_3\Unit_Tests\PC Visual Studio 2019\..\..\..\Art\\SanMiguel_3\Textures\dds\FL13pet1.tex
    49>PostBuildEvent:
         File not found - *.ttf
         0 File(s) copied
    46>PostBuildEvent:
         D:\HTC\avboit\The-Forge\Examples_3\Unit_Tests\PC Visual Studio 2019\..\..\..\Art\\SanMiguel_3\Textures\dds\FL13pet2.tex
         D:\HTC\avboit\The-Forge\Examples_3\Unit_Tests\PC Visual Studio 2019\..\..\..\Art\\SanMiguel_3\Textures\dds\FL13pet3.tex
         D:\HTC\avboit\The-Forge\Examples_3\Unit_Tests\PC Visual Studio 2019\..\..\..\Art\\SanMiguel_3\Textures\dds\FL13stm.tex
         D:\HTC\avboit\The-Forge\Examples_3\Unit_Tests\PC Visual Studio 2019\..\..\..\Art\\SanMiguel_3\Textures\dds\FL16lef1.tex
         D:\HTC\avboit\The-Forge\Examples_3\Unit_Tests\PC Visual Studio 2019\..\..\..\Art\\SanMiguel_3\Textures\dds\FL16lef1_SPEC.tex
         D:\HTC\avboit\The-Forge\Examples_3\Unit_Tests\PC Visual Studio 2019\..\..\..\Art\\SanMiguel_3\Textures\dds\FL16lef3.tex
    53>ClCompile:
         ?????????
    46>PostBuildEvent:
         D:\HTC\avboit\The-Forge\Examples_3\Unit_Tests\PC Visual Studio 2019\..\..\..\Art\\SanMiguel_3\Textures\dds\FL16lef3_NRM.tex
         D:\HTC\avboit\The-Forge\Examples_3\Unit_Tests\PC Visual Studio 2019\..\..\..\Art\\SanMiguel_3\Textures\dds\FL16lef3_SPEC.tex
         D:\HTC\avboit\The-Forge\Examples_3\Unit_Tests\PC Visual Studio 2019\..\..\..\Art\\SanMiguel_3\Textures\dds\FL16pet1.tex
         D:\HTC\avboit\The-Forge\Examples_3\Unit_Tests\PC Visual Studio 2019\..\..\..\Art\\SanMiguel_3\Textures\dds\FL16stm.tex
         D:\HTC\avboit\The-Forge\Examples_3\Unit_Tests\PC Visual Studio 2019\..\..\..\Art\\SanMiguel_3\Textures\dds\FL17cnt.tex
         D:\HTC\avboit\The-Forge\Examples_3\Unit_Tests\PC Visual Studio 2019\..\..\..\Art\\SanMiguel_3\Textures\dds\FL17lef1.tex
         D:\HTC\avboit\The-Forge\Examples_3\Unit_Tests\PC Visual Studio 2019\..\..\..\Art\\SanMiguel_3\Textures\dds\FL17lef2.tex
         D:\HTC\avboit\The-Forge\Examples_3\Unit_Tests\PC Visual Studio 2019\..\..\..\Art\\SanMiguel_3\Textures\dds\FL17lef2_NRM.tex
         D:\HTC\avboit\The-Forge\Examples_3\Unit_Tests\PC Visual Studio 2019\..\..\..\Art\\SanMiguel_3\Textures\dds\FL17lef2_SPEC.tex
         D:\HTC\avboit\The-Forge\Examples_3\Unit_Tests\PC Visual Studio 2019\..\..\..\Art\\SanMiguel_3\Textures\dds\FL17lef3.tex
         D:\HTC\avboit\The-Forge\Examples_3\Unit_Tests\PC Visual Studio 2019\..\..\..\Art\\SanMiguel_3\Textures\dds\FL17lef5.tex
    53>Link:
         ?????????
    46>PostBuildEvent:
         D:\HTC\avboit\The-Forge\Examples_3\Unit_Tests\PC Visual Studio 2019\..\..\..\Art\\SanMiguel_3\Textures\dds\FL17lef6.tex
    53>Link:
         12_ZipFileSystem.vcxproj -> D:\HTC\avboit\The-Forge\Examples_3\Unit_Tests\PC Visual Studio 2019\x64\Release\12_ZipFileSystem\12_ZipFileSystem.exe
    46>PostBuildEvent:
         D:\HTC\avboit\The-Forge\Examples_3\Unit_Tests\PC Visual Studio 2019\..\..\..\Art\\SanMiguel_3\Textures\dds\FL17pet1.tex
    43>PostBuildEvent:
         0 File(s) copied
    46>PostBuildEvent:
         D:\HTC\avboit\The-Forge\Examples_3\Unit_Tests\PC Visual Studio 2019\..\..\..\Art\\SanMiguel_3\Textures\dds\FL17pet2.tex
    53>CustomBuildStep:
       ??????“CustomBuildStep”,????????
    46>PostBuildEvent:
         D:\HTC\avboit\The-Forge\Examples_3\Unit_Tests\PC Visual Studio 2019\..\..\..\Art\\SanMiguel_3\Textures\dds\FL17pet5.tex
    49>PostBuildEvent:
         0 File(s) copied
    46>PostBuildEvent:
         D:\HTC\avboit\The-Forge\Examples_3\Unit_Tests\PC Visual Studio 2019\..\..\..\Art\\SanMiguel_3\Textures\dds\FL17stm.tex
         D:\HTC\avboit\The-Forge\Examples_3\Unit_Tests\PC Visual Studio 2019\..\..\..\Art\\SanMiguel_3\Textures\dds\FL19lef2.tex
         D:\HTC\avboit\The-Forge\Examples_3\Unit_Tests\PC Visual Studio 2019\..\..\..\Art\\SanMiguel_3\Textures\dds\FL19lef2_NRM.tex
         D:\HTC\avboit\The-Forge\Examples_3\Unit_Tests\PC Visual Studio 2019\..\..\..\Art\\SanMiguel_3\Textures\dds\FL19lef2_SPEC.tex
         D:\HTC\avboit\The-Forge\Examples_3\Unit_Tests\PC Visual Studio 2019\..\..\..\Art\\SanMiguel_3\Textures\dds\FL19lef3.tex
    53>CustomBuildStep:
       ??????“CustomBuildStep”,????????
    46>PostBuildEvent:
         D:\HTC\avboit\The-Forge\Examples_3\Unit_Tests\PC Visual Studio 2019\..\..\..\Art\\SanMiguel_3\Textures\dds\FL19lef3_NRM.tex
    53>PostBuildEvent:
         
                 xcopy "D:\HTC\avboit\The-Forge\Examples_3\Unit_Tests\PC Visual Studio 2019\..\..\..\Common_3\Graphics\ThirdParty\OpenSource\VulkanSDK\bin\Win32\*.dll" "D:\HTC\avboit\The-Forge\Examples_3\Unit_Tests\PC Visual Studio 2019\x64\Release\12_ZipFileSystem\" /S /Y /D
                 xcopy "D:\HTC\avboit\The-Forge\Examples_3\Unit_Tests\PC Visual Studio 2019\..\..\..\Common_3\Graphics\ThirdParty\OpenSource\VulkanSDK\bin\Win32\*.json" "D:\HTC\avboit\The-Forge\Examples_3\Unit_Tests\PC Visual Studio 2019\x64\Release\12_ZipFileSystem\" /S /Y /D
                 xcopy "D:\HTC\avboit\The-Forge\Examples_3\Unit_Tests\PC Visual Studio 2019\..\..\..\Common_3\Graphics\ThirdParty\OpenSource\ags\ags_lib\lib\amd_ags_x64.dll" "D:\HTC\avboit\The-Forge\Examples_3\Unit_Tests\PC Visual Studio 2019\x64\Release\12_ZipFileSystem\amd_ags_x64.dll"* /S /Y /D
                 xcopy "D:\HTC\avboit\The-Forge\Examples_3\Unit_Tests\PC Visual Studio 2019\..\..\..\Common_3\Graphics\ThirdParty\OpenSource\DirectXShaderCompiler\bin\x64\dxcompiler.dll" "D:\HTC\avboit\The-Forge\Examples_3\Unit_Tests\PC Visual Studio 2019\x64\Release\12_ZipFileSystem\dxcompiler.dll"* /S /Y /D
                 xcopy "D:\HTC\avboit\The-Forge\Examples_3\Unit_Tests\PC Visual Studio 2019\..\..\..\Common_3\Graphics\ThirdParty\OpenSource\Direct3d12Agility\bin\x64\*.dll" "D:\HTC\avboit\The-Forge\Examples_3\Unit_Tests\PC Visual Studio 2019\x64\Release\12_ZipFileSystem\"* /S /Y /D
                 xcopy "D:\HTC\avboit\The-Forge\Examples_3\Unit_Tests\PC Visual Studio 2019\..\..\..\Common_3\OS\ThirdParty\OpenSource\winpixeventruntime\bin\WinPixEventRuntime.dll" "D:\HTC\avboit\The-Forge\Examples_3\Unit_Tests\PC Visual Studio 2019\x64\Release\12_ZipFileSystem\WinPixEventRunTime.dll"* /S /Y /D
                 
                set ART=D:\HTC\avboit\The-Forge\Examples_3\Unit_Tests\PC Visual Studio 2019\..\..\..\Art\
         xcopy /Y /S /D "%ART%\UnitTestResources\ZipFilesDds\*.buny" "D:\HTC\avboit\The-Forge\Examples_3\Unit_Tests\PC Visual Studio 2019\x64\Release\12_ZipFileSystem\ZipFiles\"
         
         xcopy /Y /S /D /E "D:\HTC\avboit\The-Forge\Examples_3\Unit_Tests\PC Visual Studio 2019\x64\Release\12_ZipFileSystem\..\OS\Shaders" "D:\HTC\avboit\The-Forge\Examples_3\Unit_Tests\PC Visual Studio 2019\x64\Release\12_ZipFileSystem\Shaders"
         xcopy /Y /S /D /E "D:\HTC\avboit\The-Forge\Examples_3\Unit_Tests\PC Visual Studio 2019\x64\Release\12_ZipFileSystem\..\OS\CompiledShaders" "D:\HTC\avboit\The-Forge\Examples_3\Unit_Tests\PC Visual Studio 2019\x64\Release\12_ZipFileSystem\CompiledShaders"
         
         xcopy /Y /S /D "%ART%\UnitTestResources\Scripts\*.lua" "D:\HTC\avboit\The-Forge\Examples_3\Unit_Tests\PC Visual Studio 2019\x64\Release\12_ZipFileSystem\Scripts\"
         
         xcopy "D:\HTC\avboit\The-Forge\Common_3\OS\Windows\pc_gpu.data" "D:\HTC\avboit\The-Forge\Examples_3\Unit_Tests\PC Visual Studio 2019\x64\Release\12_ZipFileSystem\GPUCfg\gpu.data*" /Y /D
         xcopy "D:\HTC\avboit\The-Forge\Examples_3\Unit_Tests\src\12_ZipFileSystem\GPUCfg\gpu.cfg" "D:\HTC\avboit\The-Forge\Examples_3\Unit_Tests\PC Visual Studio 2019\x64\Release\12_ZipFileSystem\GPUCfg\gpu.cfg*" /Y /D
         
         :VCEnd
    46>PostBuildEvent:
         D:\HTC\avboit\The-Forge\Examples_3\Unit_Tests\PC Visual Studio 2019\..\..\..\Art\\SanMiguel_3\Textures\dds\FL19lef3_SPEC.tex
         D:\HTC\avboit\The-Forge\Examples_3\Unit_Tests\PC Visual Studio 2019\..\..\..\Art\\SanMiguel_3\Textures\dds\FL19lef4.tex
         D:\HTC\avboit\The-Forge\Examples_3\Unit_Tests\PC Visual Studio 2019\..\..\..\Art\\SanMiguel_3\Textures\dds\FL19pe13.tex
         D:\HTC\avboit\The-Forge\Examples_3\Unit_Tests\PC Visual Studio 2019\..\..\..\Art\\SanMiguel_3\Textures\dds\FL19pe14.tex
         D:\HTC\avboit\The-Forge\Examples_3\Unit_Tests\PC Visual Studio 2019\..\..\..\Art\\SanMiguel_3\Textures\dds\FL19pe15.tex
         D:\HTC\avboit\The-Forge\Examples_3\Unit_Tests\PC Visual Studio 2019\..\..\..\Art\\SanMiguel_3\Textures\dds\FL19pe16.tex
         D:\HTC\avboit\The-Forge\Examples_3\Unit_Tests\PC Visual Studio 2019\..\..\..\Art\\SanMiguel_3\Textures\dds\FL19stm.tex
         D:\HTC\avboit\The-Forge\Examples_3\Unit_Tests\PC Visual Studio 2019\..\..\..\Art\\SanMiguel_3\Textures\dds\FL24stm.tex
         D:\HTC\avboit\The-Forge\Examples_3\Unit_Tests\PC Visual Studio 2019\..\..\..\Art\\SanMiguel_3\Textures\dds\FL29cnt1.tex
         D:\HTC\avboit\The-Forge\Examples_3\Unit_Tests\PC Visual Studio 2019\..\..\..\Art\\SanMiguel_3\Textures\dds\FL29cnt2.tex
         D:\HTC\avboit\The-Forge\Examples_3\Unit_Tests\PC Visual Studio 2019\..\..\..\Art\\SanMiguel_3\Textures\dds\FL29lef.tex
         D:\HTC\avboit\The-Forge\Examples_3\Unit_Tests\PC Visual Studio 2019\..\..\..\Art\\SanMiguel_3\Textures\dds\FL29lef_NRM.tex
         D:\HTC\avboit\The-Forge\Examples_3\Unit_Tests\PC Visual Studio 2019\..\..\..\Art\\SanMiguel_3\Textures\dds\FL29lef_SPEC.tex
         D:\HTC\avboit\The-Forge\Examples_3\Unit_Tests\PC Visual Studio 2019\..\..\..\Art\\SanMiguel_3\Textures\dds\FL29pet1.tex
         D:\HTC\avboit\The-Forge\Examples_3\Unit_Tests\PC Visual Studio 2019\..\..\..\Art\\SanMiguel_3\Textures\dds\FL29pet1_NRM.tex
         D:\HTC\avboit\The-Forge\Examples_3\Unit_Tests\PC Visual Studio 2019\..\..\..\Art\\SanMiguel_3\Textures\dds\FL29pet1_SPEC.tex
    50>PostBuildEvent:
         0 File(s) copied
    46>PostBuildEvent:
         D:\HTC\avboit\The-Forge\Examples_3\Unit_Tests\PC Visual Studio 2019\..\..\..\Art\\SanMiguel_3\Textures\dds\FL29pet2.tex
         D:\HTC\avboit\The-Forge\Examples_3\Unit_Tests\PC Visual Studio 2019\..\..\..\Art\\SanMiguel_3\Textures\dds\FL29pet2_NRM.tex
         D:\HTC\avboit\The-Forge\Examples_3\Unit_Tests\PC Visual Studio 2019\..\..\..\Art\\SanMiguel_3\Textures\dds\FL29pet2_SPEC.tex
    49>PostBuildEvent:
         0 File(s) copied
    46>PostBuildEvent:
         D:\HTC\avboit\The-Forge\Examples_3\Unit_Tests\PC Visual Studio 2019\..\..\..\Art\\SanMiguel_3\Textures\dds\FL29stm1.tex
         D:\HTC\avboit\The-Forge\Examples_3\Unit_Tests\PC Visual Studio 2019\..\..\..\Art\\SanMiguel_3\Textures\dds\FL29twg.tex
    43>PostBuildEvent:
         0 File(s) copied
    46>PostBuildEvent:
         D:\HTC\avboit\The-Forge\Examples_3\Unit_Tests\PC Visual Studio 2019\..\..\..\Art\\SanMiguel_3\Textures\dds\ForgeFlags.tex
         D:\HTC\avboit\The-Forge\Examples_3\Unit_Tests\PC Visual Studio 2019\..\..\..\Art\\SanMiguel_3\Textures\dds\Forja_Macetas.tex
         D:\HTC\avboit\The-Forge\Examples_3\Unit_Tests\PC Visual Studio 2019\..\..\..\Art\\SanMiguel_3\Textures\dds\Forja_Macetas_NRM.tex
         D:\HTC\avboit\The-Forge\Examples_3\Unit_Tests\PC Visual Studio 2019\..\..\..\Art\\SanMiguel_3\Textures\dds\Forja_Macetas_SPEC.tex
         D:\HTC\avboit\The-Forge\Examples_3\Unit_Tests\PC Visual Studio 2019\..\..\..\Art\\SanMiguel_3\Textures\dds\fuente_piedra_01.tex
         D:\HTC\avboit\The-Forge\Examples_3\Unit_Tests\PC Visual Studio 2019\..\..\..\Art\\SanMiguel_3\Textures\dds\fuente_piedra_01_NRM.tex
         D:\HTC\avboit\The-Forge\Examples_3\Unit_Tests\PC Visual Studio 2019\..\..\..\Art\\SanMiguel_3\Textures\dds\fuente_piedra_01_SPEC.tex
         D:\HTC\avboit\The-Forge\Examples_3\Unit_Tests\PC Visual Studio 2019\..\..\..\Art\\SanMiguel_3\Textures\dds\GCanyon_C_YumaPoint_3k.tex
         D:\HTC\avboit\The-Forge\Examples_3\Unit_Tests\PC Visual Studio 2019\..\..\..\Art\\SanMiguel_3\Textures\dds\HP01lef1.tex
         D:\HTC\avboit\The-Forge\Examples_3\Unit_Tests\PC Visual Studio 2019\..\..\..\Art\\SanMiguel_3\Textures\dds\HP01lef1_SPEC.tex
         D:\HTC\avboit\The-Forge\Examples_3\Unit_Tests\PC Visual Studio 2019\..\..\..\Art\\SanMiguel_3\Textures\dds\HP01lef2.tex
         D:\HTC\avboit\The-Forge\Examples_3\Unit_Tests\PC Visual Studio 2019\..\..\..\Art\\SanMiguel_3\Textures\dds\HP01lef2_SPEC.tex
         D:\HTC\avboit\The-Forge\Examples_3\Unit_Tests\PC Visual Studio 2019\..\..\..\Art\\SanMiguel_3\Textures\dds\HP01pet1.tex
         D:\HTC\avboit\The-Forge\Examples_3\Unit_Tests\PC Visual Studio 2019\..\..\..\Art\\SanMiguel_3\Textures\dds\HP01pet3.tex
         D:\HTC\avboit\The-Forge\Examples_3\Unit_Tests\PC Visual Studio 2019\..\..\..\Art\\SanMiguel_3\Textures\dds\HP01stm1.tex
         D:\HTC\avboit\The-Forge\Examples_3\Unit_Tests\PC Visual Studio 2019\..\..\..\Art\\SanMiguel_3\Textures\dds\HP01stm2.tex
         D:\HTC\avboit\The-Forge\Examples_3\Unit_Tests\PC Visual Studio 2019\..\..\..\Art\\SanMiguel_3\Textures\dds\HP11lef2.tex
         D:\HTC\avboit\The-Forge\Examples_3\Unit_Tests\PC Visual Studio 2019\..\..\..\Art\\SanMiguel_3\Textures\dds\HP11stm.tex
         D:\HTC\avboit\The-Forge\Examples_3\Unit_Tests\PC Visual Studio 2019\..\..\..\Art\\SanMiguel_3\Textures\dds\HP11stm_NRM.tex
         D:\HTC\avboit\The-Forge\Examples_3\Unit_Tests\PC Visual Studio 2019\..\..\..\Art\\SanMiguel_3\Textures\dds\HP13lef1.tex
         D:\HTC\avboit\The-Forge\Examples_3\Unit_Tests\PC Visual Studio 2019\..\..\..\Art\\SanMiguel_3\Textures\dds\hp13lef1_NRM.tex
    49>PostBuildEvent:
         0 File(s) copied
    46>PostBuildEvent:
         D:\HTC\avboit\The-Forge\Examples_3\Unit_Tests\PC Visual Studio 2019\..\..\..\Art\\SanMiguel_3\Textures\dds\HP13lef1_SPEC.tex
         D:\HTC\avboit\The-Forge\Examples_3\Unit_Tests\PC Visual Studio 2019\..\..\..\Art\\SanMiguel_3\Textures\dds\HP13stm2.tex
    43>PostBuildEvent:
         0 File(s) copied
    46>PostBuildEvent:
         D:\HTC\avboit\The-Forge\Examples_3\Unit_Tests\PC Visual Studio 2019\..\..\..\Art\\SanMiguel_3\Textures\dds\HP17lef1.tex
         D:\HTC\avboit\The-Forge\Examples_3\Unit_Tests\PC Visual Studio 2019\..\..\..\Art\\SanMiguel_3\Textures\dds\HP17lef1_SPEC.tex
         D:\HTC\avboit\The-Forge\Examples_3\Unit_Tests\PC Visual Studio 2019\..\..\..\Art\\SanMiguel_3\Textures\dds\HP17lef2.tex
         D:\HTC\avboit\The-Forge\Examples_3\Unit_Tests\PC Visual Studio 2019\..\..\..\Art\\SanMiguel_3\Textures\dds\HP17lef2_NRM.tex
         D:\HTC\avboit\The-Forge\Examples_3\Unit_Tests\PC Visual Studio 2019\..\..\..\Art\\SanMiguel_3\Textures\dds\HP17lef2_SPEC.tex
         D:\HTC\avboit\The-Forge\Examples_3\Unit_Tests\PC Visual Studio 2019\..\..\..\Art\\SanMiguel_3\Textures\dds\HP19lef2.tex
         D:\HTC\avboit\The-Forge\Examples_3\Unit_Tests\PC Visual Studio 2019\..\..\..\Art\\SanMiguel_3\Textures\dds\HP19lef2_NRM.tex
         D:\HTC\avboit\The-Forge\Examples_3\Unit_Tests\PC Visual Studio 2019\..\..\..\Art\\SanMiguel_3\Textures\dds\HP19lef2_SPEC.tex
         D:\HTC\avboit\The-Forge\Examples_3\Unit_Tests\PC Visual Studio 2019\..\..\..\Art\\SanMiguel_3\Textures\dds\HP19lef3.tex
         D:\HTC\avboit\The-Forge\Examples_3\Unit_Tests\PC Visual Studio 2019\..\..\..\Art\\SanMiguel_3\Textures\dds\HP19lef3_NRM.tex
         D:\HTC\avboit\The-Forge\Examples_3\Unit_Tests\PC Visual Studio 2019\..\..\..\Art\\SanMiguel_3\Textures\dds\HP19lef3_SPEC.tex
         D:\HTC\avboit\The-Forge\Examples_3\Unit_Tests\PC Visual Studio 2019\..\..\..\Art\\SanMiguel_3\Textures\dds\HP19stm1.tex
    53>PostBuildEvent:
         0 File(s) copied
    46>PostBuildEvent:
         D:\HTC\avboit\The-Forge\Examples_3\Unit_Tests\PC Visual Studio 2019\..\..\..\Art\\SanMiguel_3\Textures\dds\HP19stm2.tex
         D:\HTC\avboit\The-Forge\Examples_3\Unit_Tests\PC Visual Studio 2019\..\..\..\Art\\SanMiguel_3\Textures\dds\impatiens_newguinea_hybrids_petal.tex
         D:\HTC\avboit\The-Forge\Examples_3\Unit_Tests\PC Visual Studio 2019\..\..\..\Art\\SanMiguel_3\Textures\dds\individual_b.tex
    49>PostBuildEvent:
         0 File(s) copied
    46>PostBuildEvent:
         D:\HTC\avboit\The-Forge\Examples_3\Unit_Tests\PC Visual Studio 2019\..\..\..\Art\\SanMiguel_3\Textures\dds\individual_b_NRM.tex
    43>PostBuildEvent:
         0 File(s) copied
    46>PostBuildEvent:
         D:\HTC\avboit\The-Forge\Examples_3\Unit_Tests\PC Visual Studio 2019\..\..\..\Art\\SanMiguel_3\Textures\dds\individual_b_SPEC.tex
         D:\HTC\avboit\The-Forge\Examples_3\Unit_Tests\PC Visual Studio 2019\..\..\..\Art\\SanMiguel_3\Textures\dds\indt51m.tex
         D:\HTC\avboit\The-Forge\Examples_3\Unit_Tests\PC Visual Studio 2019\..\..\..\Art\\SanMiguel_3\Textures\dds\jardinera_1_color.tex
         D:\HTC\avboit\The-Forge\Examples_3\Unit_Tests\PC Visual Studio 2019\..\..\..\Art\\SanMiguel_3\Textures\dds\jardinera_1_color_NRM.tex
         D:\HTC\avboit\The-Forge\Examples_3\Unit_Tests\PC Visual Studio 2019\..\..\..\Art\\SanMiguel_3\Textures\dds\jardinera_1_color_SPEC.tex
         D:\HTC\avboit\The-Forge\Examples_3\Unit_Tests\PC Visual Studio 2019\..\..\..\Art\\SanMiguel_3\Textures\dds\jardinera_1_displacement_2_NRM.tex
         D:\HTC\avboit\The-Forge\Examples_3\Unit_Tests\PC Visual Studio 2019\..\..\..\Art\\SanMiguel_3\Textures\dds\l04-upper.tex
         D:\HTC\avboit\The-Forge\Examples_3\Unit_Tests\PC Visual Studio 2019\..\..\..\Art\\SanMiguel_3\Textures\dds\l04-upper_NRM.tex
    36>PostBuildEvent:
         0 File(s) copied
    46>PostBuildEvent:
         D:\HTC\avboit\The-Forge\Examples_3\Unit_Tests\PC Visual Studio 2019\..\..\..\Art\\SanMiguel_3\Textures\dds\l04-upper_SPEC.tex
         D:\HTC\avboit\The-Forge\Examples_3\Unit_Tests\PC Visual Studio 2019\..\..\..\Art\\SanMiguel_3\Textures\dds\l33-upper.tex
         D:\HTC\avboit\The-Forge\Examples_3\Unit_Tests\PC Visual Studio 2019\..\..\..\Art\\SanMiguel_3\Textures\dds\l33-upper_NRM.tex
    53>PostBuildEvent:
         0 File(s) copied
    46>PostBuildEvent:
         D:\HTC\avboit\The-Forge\Examples_3\Unit_Tests\PC Visual Studio 2019\..\..\..\Art\\SanMiguel_3\Textures\dds\l33-upper_SPEC.tex
         D:\HTC\avboit\The-Forge\Examples_3\Unit_Tests\PC Visual Studio 2019\..\..\..\Art\\SanMiguel_3\Textures\dds\l37-upper.tex
    49>PostBuildEvent:
         File not found - *.lua
         0 File(s) copied
    46>PostBuildEvent:
         D:\HTC\avboit\The-Forge\Examples_3\Unit_Tests\PC Visual Studio 2019\..\..\..\Art\\SanMiguel_3\Textures\dds\l37-upper_NRM.tex
         D:\HTC\avboit\The-Forge\Examples_3\Unit_Tests\PC Visual Studio 2019\..\..\..\Art\\SanMiguel_3\Textures\dds\l37-upper_SPEC.tex
    43>PostBuildEvent:
         File not found - *.lua
         0 File(s) copied
    46>PostBuildEvent:
         D:\HTC\avboit\The-Forge\Examples_3\Unit_Tests\PC Visual Studio 2019\..\..\..\Art\\SanMiguel_3\Textures\dds\LA_Helipad.tex
         D:\HTC\avboit\The-Forge\Examples_3\Unit_Tests\PC Visual Studio 2019\..\..\..\Art\\SanMiguel_3\Textures\dds\losa.tex
         D:\HTC\avboit\The-Forge\Examples_3\Unit_Tests\PC Visual Studio 2019\..\..\..\Art\\SanMiguel_3\Textures\dds\losa_NRM.tex
         D:\HTC\avboit\The-Forge\Examples_3\Unit_Tests\PC Visual Studio 2019\..\..\..\Art\\SanMiguel_3\Textures\dds\losa_SPEC.tex
         D:\HTC\avboit\The-Forge\Examples_3\Unit_Tests\PC Visual Studio 2019\..\..\..\Art\\SanMiguel_3\Textures\dds\m.tex
         D:\HTC\avboit\The-Forge\Examples_3\Unit_Tests\PC Visual Studio 2019\..\..\..\Art\\SanMiguel_3\Textures\dds\Maceta_A2_Color.tex
         D:\HTC\avboit\The-Forge\Examples_3\Unit_Tests\PC Visual Studio 2019\..\..\..\Art\\SanMiguel_3\Textures\dds\Maceta_A_Color.tex
         D:\HTC\avboit\The-Forge\Examples_3\Unit_Tests\PC Visual Studio 2019\..\..\..\Art\\SanMiguel_3\Textures\dds\Maceta_A_Color_NRM.tex
         D:\HTC\avboit\The-Forge\Examples_3\Unit_Tests\PC Visual Studio 2019\..\..\..\Art\\SanMiguel_3\Textures\dds\Maceta_A_Color_SPEC.tex
    53>PostBuildEvent:
         0 File(s) copied
    46>PostBuildEvent:
         D:\HTC\avboit\The-Forge\Examples_3\Unit_Tests\PC Visual Studio 2019\..\..\..\Art\\SanMiguel_3\Textures\dds\Maceta_A_NRM.tex
    49>PostBuildEvent:
         0 File(s) copied
    46>PostBuildEvent:
         D:\HTC\avboit\The-Forge\Examples_3\Unit_Tests\PC Visual Studio 2019\..\..\..\Art\\SanMiguel_3\Textures\dds\Maceta_B2_Color.tex
         D:\HTC\avboit\The-Forge\Examples_3\Unit_Tests\PC Visual Studio 2019\..\..\..\Art\\SanMiguel_3\Textures\dds\Maceta_B_Color.tex
    43>PostBuildEvent:
         0 File(s) copied
    46>PostBuildEvent:
         D:\HTC\avboit\The-Forge\Examples_3\Unit_Tests\PC Visual Studio 2019\..\..\..\Art\\SanMiguel_3\Textures\dds\Maceta_B_NRM.tex
    36>PostBuildEvent:
         File not found - *.ttf
         0 File(s) copied
    46>PostBuildEvent:
         D:\HTC\avboit\The-Forge\Examples_3\Unit_Tests\PC Visual Studio 2019\..\..\..\Art\\SanMiguel_3\Textures\dds\Maceta_C2_Color.tex
         D:\HTC\avboit\The-Forge\Examples_3\Unit_Tests\PC Visual Studio 2019\..\..\..\Art\\SanMiguel_3\Textures\dds\Maceta_C_Color.tex
         D:\HTC\avboit\The-Forge\Examples_3\Unit_Tests\PC Visual Studio 2019\..\..\..\Art\\SanMiguel_3\Textures\dds\Maceta_C_Color_NRM.tex
         D:\HTC\avboit\The-Forge\Examples_3\Unit_Tests\PC Visual Studio 2019\..\..\..\Art\\SanMiguel_3\Textures\dds\Maceta_C_Color_SPEC.tex
         D:\HTC\avboit\The-Forge\Examples_3\Unit_Tests\PC Visual Studio 2019\..\..\..\Art\\SanMiguel_3\Textures\dds\Maceta_C_NRM.tex
         D:\HTC\avboit\The-Forge\Examples_3\Unit_Tests\PC Visual Studio 2019\..\..\..\Art\\SanMiguel_3\Textures\dds\Maceta_D2_Color_0.tex
         D:\HTC\avboit\The-Forge\Examples_3\Unit_Tests\PC Visual Studio 2019\..\..\..\Art\\SanMiguel_3\Textures\dds\Maceta_D_NRM.tex
         D:\HTC\avboit\The-Forge\Examples_3\Unit_Tests\PC Visual Studio 2019\..\..\..\Art\\SanMiguel_3\Textures\dds\madera_barandal_esc_2.tex
         D:\HTC\avboit\The-Forge\Examples_3\Unit_Tests\PC Visual Studio 2019\..\..\..\Art\\SanMiguel_3\Textures\dds\madera_barandal_esc_2_NRM.tex
         D:\HTC\avboit\The-Forge\Examples_3\Unit_Tests\PC Visual Studio 2019\..\..\..\Art\\SanMiguel_3\Textures\dds\madera_barandal_esc_2_SPEC.tex
    53>PostBuildEvent:
         0 File(s) copied
    46>PostBuildEvent:
         D:\HTC\avboit\The-Forge\Examples_3\Unit_Tests\PC Visual Studio 2019\..\..\..\Art\\SanMiguel_3\Textures\dds\madera_marcos.tex
         D:\HTC\avboit\The-Forge\Examples_3\Unit_Tests\PC Visual Studio 2019\..\..\..\Art\\SanMiguel_3\Textures\dds\madera_marcos_NRM.tex
    49>PostBuildEvent:
         0 File(s) copied
    46>PostBuildEvent:
         D:\HTC\avboit\The-Forge\Examples_3\Unit_Tests\PC Visual Studio 2019\..\..\..\Art\\SanMiguel_3\Textures\dds\madera_marcos_SPEC.tex
         D:\HTC\avboit\The-Forge\Examples_3\Unit_Tests\PC Visual Studio 2019\..\..\..\Art\\SanMiguel_3\Textures\dds\madera_rustica_2.tex
    43>PostBuildEvent:
         0 File(s) copied
    46>PostBuildEvent:
         D:\HTC\avboit\The-Forge\Examples_3\Unit_Tests\PC Visual Studio 2019\..\..\..\Art\\SanMiguel_3\Textures\dds\madera_rustica_2_NRM.tex
         D:\HTC\avboit\The-Forge\Examples_3\Unit_Tests\PC Visual Studio 2019\..\..\..\Art\\SanMiguel_3\Textures\dds\madera_rustica_2_SPEC.tex
         D:\HTC\avboit\The-Forge\Examples_3\Unit_Tests\PC Visual Studio 2019\..\..\..\Art\\SanMiguel_3\Textures\dds\madera_triplay_01.tex
         D:\HTC\avboit\The-Forge\Examples_3\Unit_Tests\PC Visual Studio 2019\..\..\..\Art\\SanMiguel_3\Textures\dds\marco_puerta_1.tex
    49>FinalizeBuildStatus:
         ??????“D:\HTC\avboit\The-Forge\Examples_3\Unit_Tests\PC Visual Studio 2019\\x64\Release\Intermediate\11_LinkedMultiGPU\11_Linke.3C4D4A39.tlog\unsuccessfulbuild”?
         ???“D:\HTC\avboit\The-Forge\Examples_3\Unit_Tests\PC Visual Studio 2019\\x64\Release\Intermediate\11_LinkedMultiGPU\11_Linke.3C4D4A39.tlog\11_LinkedMultiGPU.lastbuildstate”?? Touch ???
    36>PostBuildEvent:
         0 File(s) copied
    46>PostBuildEvent:
         D:\HTC\avboit\The-Forge\Examples_3\Unit_Tests\PC Visual Studio 2019\..\..\..\Art\\SanMiguel_3\Textures\dds\marco_puerta_1_NRM.tex
         D:\HTC\avboit\The-Forge\Examples_3\Unit_Tests\PC Visual Studio 2019\..\..\..\Art\\SanMiguel_3\Textures\dds\marco_puerta_1_SPEC.tex
    49>???????“D:\HTC\avboit\The-Forge\Examples_3\Unit_Tests\PC Visual Studio 2019\11_LinkedMultiGPU.vcxproj”(????)????
    46>PostBuildEvent:
         D:\HTC\avboit\The-Forge\Examples_3\Unit_Tests\PC Visual Studio 2019\..\..\..\Art\\SanMiguel_3\Textures\dds\metal_viejo_2.tex
    43>FinalizeBuildStatus:
         ??????“D:\HTC\avboit\The-Forge\Examples_3\Unit_Tests\PC Visual Studio 2019\\x64\Release\Intermediate\11a_UnlinkedMultiGPU\11a_Unli.765fe836.tlog\unsuccessfulbuild”?
         ???“D:\HTC\avboit\The-Forge\Examples_3\Unit_Tests\PC Visual Studio 2019\\x64\Release\Intermediate\11a_UnlinkedMultiGPU\11a_Unli.765fe836.tlog\11a_UnlinkedMultiGPU.lastbuildstate”?? Touch ???
    43>???????“D:\HTC\avboit\The-Forge\Examples_3\Unit_Tests\PC Visual Studio 2019\11a_UnlinkedMultiGPU.vcxproj”(????)????
    46>PostBuildEvent:
         D:\HTC\avboit\The-Forge\Examples_3\Unit_Tests\PC Visual Studio 2019\..\..\..\Art\\SanMiguel_3\Textures\dds\metal_viejo_2_NRM.tex
         D:\HTC\avboit\The-Forge\Examples_3\Unit_Tests\PC Visual Studio 2019\..\..\..\Art\\SanMiguel_3\Textures\dds\metal_viejo_2_SPEC.tex
         D:\HTC\avboit\The-Forge\Examples_3\Unit_Tests\PC Visual Studio 2019\..\..\..\Art\\SanMiguel_3\Textures\dds\moldura2piso_color.tex
         D:\HTC\avboit\The-Forge\Examples_3\Unit_Tests\PC Visual Studio 2019\..\..\..\Art\\SanMiguel_3\Textures\dds\moldura2piso_color_NRM.tex
    50>PostBuildEvent:
         0 File(s) copied
    53>PostBuildEvent:
         0 File(s) copied
    46>PostBuildEvent:
         D:\HTC\avboit\The-Forge\Examples_3\Unit_Tests\PC Visual Studio 2019\..\..\..\Art\\SanMiguel_3\Textures\dds\moldura2piso_color_SPEC.tex
         D:\HTC\avboit\The-Forge\Examples_3\Unit_Tests\PC Visual Studio 2019\..\..\..\Art\\SanMiguel_3\Textures\dds\moldura2piso_NRM.tex
         D:\HTC\avboit\The-Forge\Examples_3\Unit_Tests\PC Visual Studio 2019\..\..\..\Art\\SanMiguel_3\Textures\dds\molduraterraza_NRM.tex
         D:\HTC\avboit\The-Forge\Examples_3\Unit_Tests\PC Visual Studio 2019\..\..\..\Art\\SanMiguel_3\Textures\dds\molduraterraza__color.tex
         D:\HTC\avboit\The-Forge\Examples_3\Unit_Tests\PC Visual Studio 2019\..\..\..\Art\\SanMiguel_3\Textures\dds\molduraterraza__color_NRM.tex
         D:\HTC\avboit\The-Forge\Examples_3\Unit_Tests\PC Visual Studio 2019\..\..\..\Art\\SanMiguel_3\Textures\dds\molduraterraza__color_SPEC.tex
         D:\HTC\avboit\The-Forge\Examples_3\Unit_Tests\PC Visual Studio 2019\..\..\..\Art\\SanMiguel_3\Textures\dds\moldura_techo.tex
         D:\HTC\avboit\The-Forge\Examples_3\Unit_Tests\PC Visual Studio 2019\..\..\..\Art\\SanMiguel_3\Textures\dds\moldura_techo_NRM.tex
         D:\HTC\avboit\The-Forge\Examples_3\Unit_Tests\PC Visual Studio 2019\..\..\..\Art\\SanMiguel_3\Textures\dds\moldura_techo_SPEC.tex
         D:\HTC\avboit\The-Forge\Examples_3\Unit_Tests\PC Visual Studio 2019\..\..\..\Art\\SanMiguel_3\Textures\dds\moldura_volado.tex
         D:\HTC\avboit\The-Forge\Examples_3\Unit_Tests\PC Visual Studio 2019\..\..\..\Art\\SanMiguel_3\Textures\dds\moldura_volado_NRM.tex
    36>PostBuildEvent:
         0 File(s) copied
    46>PostBuildEvent:
         D:\HTC\avboit\The-Forge\Examples_3\Unit_Tests\PC Visual Studio 2019\..\..\..\Art\\SanMiguel_3\Textures\dds\moldura_volado_SPEC.tex
         D:\HTC\avboit\The-Forge\Examples_3\Unit_Tests\PC Visual Studio 2019\..\..\..\Art\\SanMiguel_3\Textures\dds\mold_arco_01.tex
    53>PostBuildEvent:
         0 File(s) copied
    46>PostBuildEvent:
         D:\HTC\avboit\The-Forge\Examples_3\Unit_Tests\PC Visual Studio 2019\..\..\..\Art\\SanMiguel_3\Textures\dds\mold_arco_01_color.tex
         D:\HTC\avboit\The-Forge\Examples_3\Unit_Tests\PC Visual Studio 2019\..\..\..\Art\\SanMiguel_3\Textures\dds\mold_arco_01_color_NRM.tex
         D:\HTC\avboit\The-Forge\Examples_3\Unit_Tests\PC Visual Studio 2019\..\..\..\Art\\SanMiguel_3\Textures\dds\mold_arco_01_color_SPEC.tex
         D:\HTC\avboit\The-Forge\Examples_3\Unit_Tests\PC Visual Studio 2019\..\..\..\Art\\SanMiguel_3\Textures\dds\mold_arco_01_NRM.tex
         D:\HTC\avboit\The-Forge\Examples_3\Unit_Tests\PC Visual Studio 2019\..\..\..\Art\\SanMiguel_3\Textures\dds\muros_a.tex
         D:\HTC\avboit\The-Forge\Examples_3\Unit_Tests\PC Visual Studio 2019\..\..\..\Art\\SanMiguel_3\Textures\dds\muros_a_NRM.tex
         D:\HTC\avboit\The-Forge\Examples_3\Unit_Tests\PC Visual Studio 2019\..\..\..\Art\\SanMiguel_3\Textures\dds\muros_b.tex
         D:\HTC\avboit\The-Forge\Examples_3\Unit_Tests\PC Visual Studio 2019\..\..\..\Art\\SanMiguel_3\Textures\dds\muros_b1.tex
         D:\HTC\avboit\The-Forge\Examples_3\Unit_Tests\PC Visual Studio 2019\..\..\..\Art\\SanMiguel_3\Textures\dds\muros_b1_NRM.tex
    53>PostBuildEvent:
         0 File(s) copied
    46>PostBuildEvent:
         D:\HTC\avboit\The-Forge\Examples_3\Unit_Tests\PC Visual Studio 2019\..\..\..\Art\\SanMiguel_3\Textures\dds\muros_b2.tex
         D:\HTC\avboit\The-Forge\Examples_3\Unit_Tests\PC Visual Studio 2019\..\..\..\Art\\SanMiguel_3\Textures\dds\muros_b2_NRM.tex
         D:\HTC\avboit\The-Forge\Examples_3\Unit_Tests\PC Visual Studio 2019\..\..\..\Art\\SanMiguel_3\Textures\dds\muros_c2.tex
    36>PostBuildEvent:
         0 File(s) copied
    46>PostBuildEvent:
         D:\HTC\avboit\The-Forge\Examples_3\Unit_Tests\PC Visual Studio 2019\..\..\..\Art\\SanMiguel_3\Textures\dds\muros_c2_NRM.tex
         D:\HTC\avboit\The-Forge\Examples_3\Unit_Tests\PC Visual Studio 2019\..\..\..\Art\\SanMiguel_3\Textures\dds\muros_d.tex
         D:\HTC\avboit\The-Forge\Examples_3\Unit_Tests\PC Visual Studio 2019\..\..\..\Art\\SanMiguel_3\Textures\dds\muros_e.tex
         D:\HTC\avboit\The-Forge\Examples_3\Unit_Tests\PC Visual Studio 2019\..\..\..\Art\\SanMiguel_3\Textures\dds\muros_f.tex
         D:\HTC\avboit\The-Forge\Examples_3\Unit_Tests\PC Visual Studio 2019\..\..\..\Art\\SanMiguel_3\Textures\dds\muros_g.tex
         D:\HTC\avboit\The-Forge\Examples_3\Unit_Tests\PC Visual Studio 2019\..\..\..\Art\\SanMiguel_3\Textures\dds\muros_h.tex
         D:\HTC\avboit\The-Forge\Examples_3\Unit_Tests\PC Visual Studio 2019\..\..\..\Art\\SanMiguel_3\Textures\dds\muros_j.tex
         D:\HTC\avboit\The-Forge\Examples_3\Unit_Tests\PC Visual Studio 2019\..\..\..\Art\\SanMiguel_3\Textures\dds\muros_k.tex
         D:\HTC\avboit\The-Forge\Examples_3\Unit_Tests\PC Visual Studio 2019\..\..\..\Art\\SanMiguel_3\Textures\dds\muros_k_NRM.tex
    36>PostBuildEvent:
         File not found - *.lua
         0 File(s) copied
    53>PostBuildEvent:
         0 File(s) copied
    46>PostBuildEvent:
         D:\HTC\avboit\The-Forge\Examples_3\Unit_Tests\PC Visual Studio 2019\..\..\..\Art\\SanMiguel_3\Textures\dds\muros_l.tex
         D:\HTC\avboit\The-Forge\Examples_3\Unit_Tests\PC Visual Studio 2019\..\..\..\Art\\SanMiguel_3\Textures\dds\muros_l_NRM.tex
         D:\HTC\avboit\The-Forge\Examples_3\Unit_Tests\PC Visual Studio 2019\..\..\..\Art\\SanMiguel_3\Textures\dds\muros_l_SPEC.tex
         D:\HTC\avboit\The-Forge\Examples_3\Unit_Tests\PC Visual Studio 2019\..\..\..\Art\\SanMiguel_3\Textures\dds\muros_m.tex
         D:\HTC\avboit\The-Forge\Examples_3\Unit_Tests\PC Visual Studio 2019\..\..\..\Art\\SanMiguel_3\Textures\dds\muros_n.tex
         D:\HTC\avboit\The-Forge\Examples_3\Unit_Tests\PC Visual Studio 2019\..\..\..\Art\\SanMiguel_3\Textures\dds\muros_p_.tex
    36>PostBuildEvent:
         0 File(s) copied
    46>PostBuildEvent:
         D:\HTC\avboit\The-Forge\Examples_3\Unit_Tests\PC Visual Studio 2019\..\..\..\Art\\SanMiguel_3\Textures\dds\muros_q.tex
         D:\HTC\avboit\The-Forge\Examples_3\Unit_Tests\PC Visual Studio 2019\..\..\..\Art\\SanMiguel_3\Textures\dds\muros_q3.tex
         D:\HTC\avboit\The-Forge\Examples_3\Unit_Tests\PC Visual Studio 2019\..\..\..\Art\\SanMiguel_3\Textures\dds\muros_q4.tex
         D:\HTC\avboit\The-Forge\Examples_3\Unit_Tests\PC Visual Studio 2019\..\..\..\Art\\SanMiguel_3\Textures\dds\muros_q4_NRM.tex
         D:\HTC\avboit\The-Forge\Examples_3\Unit_Tests\PC Visual Studio 2019\..\..\..\Art\\SanMiguel_3\Textures\dds\muros_q4_SPEC.tex
         D:\HTC\avboit\The-Forge\Examples_3\Unit_Tests\PC Visual Studio 2019\..\..\..\Art\\SanMiguel_3\Textures\dds\muros_q_patio2.tex
    53>PostBuildEvent:
         0 File(s) copied
    46>PostBuildEvent:
         D:\HTC\avboit\The-Forge\Examples_3\Unit_Tests\PC Visual Studio 2019\..\..\..\Art\\SanMiguel_3\Textures\dds\newWall.tex
         D:\HTC\avboit\The-Forge\Examples_3\Unit_Tests\PC Visual Studio 2019\..\..\..\Art\\SanMiguel_3\Textures\dds\newWall_NRM.tex
         D:\HTC\avboit\The-Forge\Examples_3\Unit_Tests\PC Visual Studio 2019\..\..\..\Art\\SanMiguel_3\Textures\dds\pared_barro_afinado.tex
         D:\HTC\avboit\The-Forge\Examples_3\Unit_Tests\PC Visual Studio 2019\..\..\..\Art\\SanMiguel_3\Textures\dds\pared_calle.tex
         D:\HTC\avboit\The-Forge\Examples_3\Unit_Tests\PC Visual Studio 2019\..\..\..\Art\\SanMiguel_3\Textures\dds\piso_patio_exterior.tex
         D:\HTC\avboit\The-Forge\Examples_3\Unit_Tests\PC Visual Studio 2019\..\..\..\Art\\SanMiguel_3\Textures\dds\piso_patio_exterior_NRM.tex
    36>PostBuildEvent:
         0 File(s) copied
    46>PostBuildEvent:
         D:\HTC\avboit\The-Forge\Examples_3\Unit_Tests\PC Visual Studio 2019\..\..\..\Art\\SanMiguel_3\Textures\dds\piso_patio_exterior_SPEC.tex
         D:\HTC\avboit\The-Forge\Examples_3\Unit_Tests\PC Visual Studio 2019\..\..\..\Art\\SanMiguel_3\Textures\dds\piso_rustico.tex
         D:\HTC\avboit\The-Forge\Examples_3\Unit_Tests\PC Visual Studio 2019\..\..\..\Art\\SanMiguel_3\Textures\dds\piso_rustico_NRM.tex
         D:\HTC\avboit\The-Forge\Examples_3\Unit_Tests\PC Visual Studio 2019\..\..\..\Art\\SanMiguel_3\Textures\dds\piso_rustico_SPEC.tex
         D:\HTC\avboit\The-Forge\Examples_3\Unit_Tests\PC Visual Studio 2019\..\..\..\Art\\SanMiguel_3\Textures\dds\PITTED.tex
         D:\HTC\avboit\The-Forge\Examples_3\Unit_Tests\PC Visual Studio 2019\..\..\..\Art\\SanMiguel_3\Textures\dds\PITTED_NRM.tex
         D:\HTC\avboit\The-Forge\Examples_3\Unit_Tests\PC Visual Studio 2019\..\..\..\Art\\SanMiguel_3\Textures\dds\plato_a.tex
    36>FinalizeBuildStatus:
         ??????“D:\HTC\avboit\The-Forge\Examples_3\Unit_Tests\PC Visual Studio 2019\\x64\Release\Intermediate\01_Transformations\01_Trans.5938554B.tlog\unsuccessfulbuild”?
         ???“D:\HTC\avboit\The-Forge\Examples_3\Unit_Tests\PC Visual Studio 2019\\x64\Release\Intermediate\01_Transformations\01_Trans.5938554B.tlog\01_Transformations.lastbuildstate”?? Touch ???
    46>PostBuildEvent:
         D:\HTC\avboit\The-Forge\Examples_3\Unit_Tests\PC Visual Studio 2019\..\..\..\Art\\SanMiguel_3\Textures\dds\plato_a_NRM.tex
    36>???????“D:\HTC\avboit\The-Forge\Examples_3\Unit_Tests\PC Visual Studio 2019\01_Transformations.vcxproj”(????)????
    46>PostBuildEvent:
         D:\HTC\avboit\The-Forge\Examples_3\Unit_Tests\PC Visual Studio 2019\..\..\..\Art\\SanMiguel_3\Textures\dds\plato_a_SPEC.tex
    53>PostBuildEvent:
         File not found - *.lua
    46>PostBuildEvent:
         D:\HTC\avboit\The-Forge\Examples_3\Unit_Tests\PC Visual Studio 2019\..\..\..\Art\\SanMiguel_3\Textures\dds\postes_barandal_color.tex
    53>PostBuildEvent:
         0 File(s) copied
    50>PostBuildEvent:
         0 File(s) copied
    46>PostBuildEvent:
         D:\HTC\avboit\The-Forge\Examples_3\Unit_Tests\PC Visual Studio 2019\..\..\..\Art\\SanMiguel_3\Textures\dds\postes_barandal_color_NRM.tex
         D:\HTC\avboit\The-Forge\Examples_3\Unit_Tests\PC Visual Studio 2019\..\..\..\Art\\SanMiguel_3\Textures\dds\postes_barandal_color_SPEC.tex
         D:\HTC\avboit\The-Forge\Examples_3\Unit_Tests\PC Visual Studio 2019\..\..\..\Art\\SanMiguel_3\Textures\dds\postes_barandal_NRM.tex
         D:\HTC\avboit\The-Forge\Examples_3\Unit_Tests\PC Visual Studio 2019\..\..\..\Art\\SanMiguel_3\Textures\dds\puerta.tex
         D:\HTC\avboit\The-Forge\Examples_3\Unit_Tests\PC Visual Studio 2019\..\..\..\Art\\SanMiguel_3\Textures\dds\puerta_NRM.tex
         D:\HTC\avboit\The-Forge\Examples_3\Unit_Tests\PC Visual Studio 2019\..\..\..\Art\\SanMiguel_3\Textures\dds\puerta_SPEC.tex
         D:\HTC\avboit\The-Forge\Examples_3\Unit_Tests\PC Visual Studio 2019\..\..\..\Art\\SanMiguel_3\Textures\dds\quercus_rubra_bark.tex
         D:\HTC\avboit\The-Forge\Examples_3\Unit_Tests\PC Visual Studio 2019\..\..\..\Art\\SanMiguel_3\Textures\dds\rust_a1.tex
         D:\HTC\avboit\The-Forge\Examples_3\Unit_Tests\PC Visual Studio 2019\..\..\..\Art\\SanMiguel_3\Textures\dds\rust_a1_NRM.tex
         D:\HTC\avboit\The-Forge\Examples_3\Unit_Tests\PC Visual Studio 2019\..\..\..\Art\\SanMiguel_3\Textures\dds\rust_a1_SPEC.tex
         D:\HTC\avboit\The-Forge\Examples_3\Unit_Tests\PC Visual Studio 2019\..\..\..\Art\\SanMiguel_3\Textures\dds\rust_detalle.tex
         D:\HTC\avboit\The-Forge\Examples_3\Unit_Tests\PC Visual Studio 2019\..\..\..\Art\\SanMiguel_3\Textures\dds\rust_detalle_bump_NRM.tex
         D:\HTC\avboit\The-Forge\Examples_3\Unit_Tests\PC Visual Studio 2019\..\..\..\Art\\SanMiguel_3\Textures\dds\rust_detalle_NRM.tex
    53>PostBuildEvent:
         0 File(s) copied
    46>PostBuildEvent:
         D:\HTC\avboit\The-Forge\Examples_3\Unit_Tests\PC Visual Studio 2019\..\..\..\Art\\SanMiguel_3\Textures\dds\rust_detalle_SPEC.tex
         D:\HTC\avboit\The-Forge\Examples_3\Unit_Tests\PC Visual Studio 2019\..\..\..\Art\\SanMiguel_3\Textures\dds\silla_d_piel.tex
         D:\HTC\avboit\The-Forge\Examples_3\Unit_Tests\PC Visual Studio 2019\..\..\..\Art\\SanMiguel_3\Textures\dds\silla_d_piel_NRM.tex
         D:\HTC\avboit\The-Forge\Examples_3\Unit_Tests\PC Visual Studio 2019\..\..\..\Art\\SanMiguel_3\Textures\dds\silla_d_piel_SPEC.tex
         D:\HTC\avboit\The-Forge\Examples_3\Unit_Tests\PC Visual Studio 2019\..\..\..\Art\\SanMiguel_3\Textures\dds\sm_hoja_c_seca.tex
    50>PostBuildEvent:
         File not found - *.ttf
         0 File(s) copied
    46>PostBuildEvent:
         D:\HTC\avboit\The-Forge\Examples_3\Unit_Tests\PC Visual Studio 2019\..\..\..\Art\\SanMiguel_3\Textures\dds\sm_hoja_c_seca_NRM.tex
         D:\HTC\avboit\The-Forge\Examples_3\Unit_Tests\PC Visual Studio 2019\..\..\..\Art\\SanMiguel_3\Textures\dds\sm_leaf_02a.tex
         D:\HTC\avboit\The-Forge\Examples_3\Unit_Tests\PC Visual Studio 2019\..\..\..\Art\\SanMiguel_3\Textures\dds\sm_leaf_02a_SPEC.tex
         D:\HTC\avboit\The-Forge\Examples_3\Unit_Tests\PC Visual Studio 2019\..\..\..\Art\\SanMiguel_3\Textures\dds\sm_leaf_02b.tex
         D:\HTC\avboit\The-Forge\Examples_3\Unit_Tests\PC Visual Studio 2019\..\..\..\Art\\SanMiguel_3\Textures\dds\sm_leaf_02b_NRM.tex
         D:\HTC\avboit\The-Forge\Examples_3\Unit_Tests\PC Visual Studio 2019\..\..\..\Art\\SanMiguel_3\Textures\dds\sm_leaf_02b_SPEC.tex
         D:\HTC\avboit\The-Forge\Examples_3\Unit_Tests\PC Visual Studio 2019\..\..\..\Art\\SanMiguel_3\Textures\dds\sm_leaf_02_NRM.tex
         D:\HTC\avboit\The-Forge\Examples_3\Unit_Tests\PC Visual Studio 2019\..\..\..\Art\\SanMiguel_3\Textures\dds\sm_leaf_03a.tex
         D:\HTC\avboit\The-Forge\Examples_3\Unit_Tests\PC Visual Studio 2019\..\..\..\Art\\SanMiguel_3\Textures\dds\sm_leaf_03a_NRM.tex
         D:\HTC\avboit\The-Forge\Examples_3\Unit_Tests\PC Visual Studio 2019\..\..\..\Art\\SanMiguel_3\Textures\dds\sm_leaf_03a_SPEC.tex
         D:\HTC\avboit\The-Forge\Examples_3\Unit_Tests\PC Visual Studio 2019\..\..\..\Art\\SanMiguel_3\Textures\dds\sm_leaf_seca_02b.tex
         D:\HTC\avboit\The-Forge\Examples_3\Unit_Tests\PC Visual Studio 2019\..\..\..\Art\\SanMiguel_3\Textures\dds\sm_tronco.tex
         D:\HTC\avboit\The-Forge\Examples_3\Unit_Tests\PC Visual Studio 2019\..\..\..\Art\\SanMiguel_3\Textures\dds\sm_tronco_NRM.tex
         D:\HTC\avboit\The-Forge\Examples_3\Unit_Tests\PC Visual Studio 2019\..\..\..\Art\\SanMiguel_3\Textures\dds\sunset.tex
         D:\HTC\avboit\The-Forge\Examples_3\Unit_Tests\PC Visual Studio 2019\..\..\..\Art\\SanMiguel_3\Textures\dds\tapa_talabera.tex
         D:\HTC\avboit\The-Forge\Examples_3\Unit_Tests\PC Visual Studio 2019\..\..\..\Art\\SanMiguel_3\Textures\dds\techo.tex
         D:\HTC\avboit\The-Forge\Examples_3\Unit_Tests\PC Visual Studio 2019\..\..\..\Art\\SanMiguel_3\Textures\dds\techo_01.tex
         D:\HTC\avboit\The-Forge\Examples_3\Unit_Tests\PC Visual Studio 2019\..\..\..\Art\\SanMiguel_3\Textures\dds\techo_NRM.tex
         D:\HTC\avboit\The-Forge\Examples_3\Unit_Tests\PC Visual Studio 2019\..\..\..\Art\\SanMiguel_3\Textures\dds\techo_SPEC.tex
    53>PostBuildEvent:
         0 File(s) copied
    46>PostBuildEvent:
         D:\HTC\avboit\The-Forge\Examples_3\Unit_Tests\PC Visual Studio 2019\..\..\..\Art\\SanMiguel_3\Textures\dds\tela_blanca.tex
         D:\HTC\avboit\The-Forge\Examples_3\Unit_Tests\PC Visual Studio 2019\..\..\..\Art\\SanMiguel_3\Textures\dds\tela_blanca_NRM.tex
         D:\HTC\avboit\The-Forge\Examples_3\Unit_Tests\PC Visual Studio 2019\..\..\..\Art\\SanMiguel_3\Textures\dds\tela_blanca_SPEC.tex
         D:\HTC\avboit\The-Forge\Examples_3\Unit_Tests\PC Visual Studio 2019\..\..\..\Art\\SanMiguel_3\Textures\dds\tela_mesa_b.tex
         D:\HTC\avboit\The-Forge\Examples_3\Unit_Tests\PC Visual Studio 2019\..\..\..\Art\\SanMiguel_3\Textures\dds\tela_mesa_d.tex
         D:\HTC\avboit\The-Forge\Examples_3\Unit_Tests\PC Visual Studio 2019\..\..\..\Art\\SanMiguel_3\Textures\dds\tela_mesa_d_SPEC.tex
         D:\HTC\avboit\The-Forge\Examples_3\Unit_Tests\PC Visual Studio 2019\..\..\..\Art\\SanMiguel_3\Textures\dds\tela_silla_b.tex
    50>PostBuildEvent:
         0 File(s) copied
    46>PostBuildEvent:
         D:\HTC\avboit\The-Forge\Examples_3\Unit_Tests\PC Visual Studio 2019\..\..\..\Art\\SanMiguel_3\Textures\dds\tela_silla_b_NRM.tex
    53>FinalizeBuildStatus:
         ??????“D:\HTC\avboit\The-Forge\Examples_3\Unit_Tests\PC Visual Studio 2019\\x64\Release\Intermediate\12_ZipFileSystem\12_ZipFileSystem.tlog\unsuccessfulbuild”?
         ???“D:\HTC\avboit\The-Forge\Examples_3\Unit_Tests\PC Visual Studio 2019\\x64\Release\Intermediate\12_ZipFileSystem\12_ZipFileSystem.tlog\12_ZipFileSystem.lastbuildstate”?? Touch ???
    53>???????“D:\HTC\avboit\The-Forge\Examples_3\Unit_Tests\PC Visual Studio 2019\12_ZipFileSystem.vcxproj”(????)????
    46>PostBuildEvent:
         D:\HTC\avboit\The-Forge\Examples_3\Unit_Tests\PC Visual Studio 2019\..\..\..\Art\\SanMiguel_3\Textures\dds\tela_silla_b_SPEC.tex
         D:\HTC\avboit\The-Forge\Examples_3\Unit_Tests\PC Visual Studio 2019\..\..\..\Art\\SanMiguel_3\Textures\dds\TR02lef5.tex
         D:\HTC\avboit\The-Forge\Examples_3\Unit_Tests\PC Visual Studio 2019\..\..\..\Art\\SanMiguel_3\Textures\dds\TR14lef1.tex
         D:\HTC\avboit\The-Forge\Examples_3\Unit_Tests\PC Visual Studio 2019\..\..\..\Art\\SanMiguel_3\Textures\dds\Vigas_A2.tex
         D:\HTC\avboit\The-Forge\Examples_3\Unit_Tests\PC Visual Studio 2019\..\..\..\Art\\SanMiguel_3\Textures\dds\Vigas_A2_NRM.tex
         D:\HTC\avboit\The-Forge\Examples_3\Unit_Tests\PC Visual Studio 2019\..\..\..\Art\\SanMiguel_3\Textures\dds\Vigas_A2_SPEC.tex
         D:\HTC\avboit\The-Forge\Examples_3\Unit_Tests\PC Visual Studio 2019\..\..\..\Art\\SanMiguel_3\Textures\dds\Vigas_B.tex
         D:\HTC\avboit\The-Forge\Examples_3\Unit_Tests\PC Visual Studio 2019\..\..\..\Art\\SanMiguel_3\Textures\dds\Vigas_B_NRM.tex
         D:\HTC\avboit\The-Forge\Examples_3\Unit_Tests\PC Visual Studio 2019\..\..\..\Art\\SanMiguel_3\Textures\dds\Vigas_B_SPEC.tex
         D:\HTC\avboit\The-Forge\Examples_3\Unit_Tests\PC Visual Studio 2019\..\..\..\Art\\SanMiguel_3\Textures\dds\wood.3.Bubinga.tex
         D:\HTC\avboit\The-Forge\Examples_3\Unit_Tests\PC Visual Studio 2019\..\..\..\Art\\SanMiguel_3\Textures\dds\WOOD08.tex
         D:\HTC\avboit\The-Forge\Examples_3\Unit_Tests\PC Visual Studio 2019\..\..\..\Art\\SanMiguel_3\Textures\dds\WOOD08_NRM.tex
         D:\HTC\avboit\The-Forge\Examples_3\Unit_Tests\PC Visual Studio 2019\..\..\..\Art\\SanMiguel_3\Textures\dds\WOOD08_SPEC.tex
    50>PostBuildEvent:
         0 File(s) copied
    46>PostBuildEvent:
         D:\HTC\avboit\The-Forge\Examples_3\Unit_Tests\PC Visual Studio 2019\..\..\..\Art\\SanMiguel_3\Textures\dds\zebrina_pendula_bark.tex
         359 File(s) copied
         D:\HTC\avboit\The-Forge\Examples_3\Unit_Tests\PC Visual Studio 2019\..\..\..\Art\\SanMiguel_3\Meshes\SanMiguel.bin
    50>PostBuildEvent:
         0 File(s) copied
         0 File(s) copied
         File not found - *.lua
         0 File(s) copied
         0 File(s) copied
    46>PostBuildEvent:
         D:\HTC\avboit\The-Forge\Examples_3\Unit_Tests\PC Visual Studio 2019\..\..\..\Art\\SanMiguel_3\Meshes\SanMiguel_AlphaTested.bin
    50>PostBuildEvent:
         0 File(s) copied
       FinalizeBuildStatus:
         ??????“D:\HTC\avboit\The-Forge\Examples_3\Unit_Tests\PC Visual Studio 2019\\x64\Release\Intermediate\03_MultiThread\03_MultiThread.tlog\unsuccessfulbuild”?
         ???“D:\HTC\avboit\The-Forge\Examples_3\Unit_Tests\PC Visual Studio 2019\\x64\Release\Intermediate\03_MultiThread\03_MultiThread.tlog\03_MultiThread.lastbuildstate”?? Touch ???
    50>???????“D:\HTC\avboit\The-Forge\Examples_3\Unit_Tests\PC Visual Studio 2019\03_MultiThread.vcxproj”(????)????
    23>???????“D:\HTC\avboit\The-Forge\Common_3\Tools\BunyArchive\VisualStudio\BunyTool.vcxproj.metaproj”(????)????
    21>???????“D:\HTC\avboit\The-Forge\Examples_3\Unit_Tests\PC Visual Studio 2019\36_AlgorithmsAndContainers.vcxproj.metaproj”(????)??? - ???
     6>???????“D:\HTC\avboit\The-Forge\Examples_3\Unit_Tests\PC Visual Studio 2019\11_LinkedMultiGPU.vcxproj.metaproj”(????)????
    17>???????“D:\HTC\avboit\The-Forge\Examples_3\Unit_Tests\PC Visual Studio 2019\11a_UnlinkedMultiGPU.vcxproj.metaproj”(????)????
     2>???????“D:\HTC\avboit\The-Forge\Examples_3\Unit_Tests\PC Visual Studio 2019\01_Transformations.vcxproj.metaproj”(????)????
    15>???????“D:\HTC\avboit\The-Forge\Examples_3\Unit_Tests\PC Visual Studio 2019\12_ZipFileSystem.vcxproj.metaproj”(????)????
     5>???????“D:\HTC\avboit\The-Forge\Examples_3\Unit_Tests\PC Visual Studio 2019\03_MultiThread.vcxproj.metaproj”(????)????
    46>PostBuildEvent:
         D:\HTC\avboit\The-Forge\Examples_3\Unit_Tests\PC Visual Studio 2019\..\..\..\Art\\SanMiguel_3\Meshes\SanMiguel_Flags.bin
         D:\HTC\avboit\The-Forge\Examples_3\Unit_Tests\PC Visual Studio 2019\..\..\..\Art\\SanMiguel_3\Meshes\SanMiguel_Opaque.bin
         D:\HTC\avboit\The-Forge\Examples_3\Unit_Tests\PC Visual Studio 2019\..\..\..\Art\\SanMiguel_3\Meshes\sun.bin
         5 File(s) copied
         File not found - *.ttf
         0 File(s) copied
    45>ClCompile:
         ?????????
         ?????????
    46>PostBuildEvent:
         0 File(s) copied
    45>Link:
         ?????????
         17_EntityComponentSystem.vcxproj -> D:\HTC\avboit\The-Forge\Examples_3\Unit_Tests\PC Visual Studio 2019\x64\Release\17_EntityComponentSystem\17_EntityComponentSystem.exe
       CustomBuildStep:
       ??????“CustomBuildStep”,????????
       CustomBuildStep:
       ??????“CustomBuildStep”,????????
       PostBuildEvent:
         
                 xcopy "D:\HTC\avboit\The-Forge\Examples_3\Unit_Tests\PC Visual Studio 2019\..\..\..\Common_3\Graphics\ThirdParty\OpenSource\VulkanSDK\bin\Win32\*.dll" "D:\HTC\avboit\The-Forge\Examples_3\Unit_Tests\PC Visual Studio 2019\x64\Release\17_EntityComponentSystem\" /S /Y /D
                 xcopy "D:\HTC\avboit\The-Forge\Examples_3\Unit_Tests\PC Visual Studio 2019\..\..\..\Common_3\Graphics\ThirdParty\OpenSource\VulkanSDK\bin\Win32\*.json" "D:\HTC\avboit\The-Forge\Examples_3\Unit_Tests\PC Visual Studio 2019\x64\Release\17_EntityComponentSystem\" /S /Y /D
                 xcopy "D:\HTC\avboit\The-Forge\Examples_3\Unit_Tests\PC Visual Studio 2019\..\..\..\Common_3\Graphics\ThirdParty\OpenSource\ags\ags_lib\lib\amd_ags_x64.dll" "D:\HTC\avboit\The-Forge\Examples_3\Unit_Tests\PC Visual Studio 2019\x64\Release\17_EntityComponentSystem\amd_ags_x64.dll"* /S /Y /D
                 xcopy "D:\HTC\avboit\The-Forge\Examples_3\Unit_Tests\PC Visual Studio 2019\..\..\..\Common_3\Graphics\ThirdParty\OpenSource\DirectXShaderCompiler\bin\x64\dxcompiler.dll" "D:\HTC\avboit\The-Forge\Examples_3\Unit_Tests\PC Visual Studio 2019\x64\Release\17_EntityComponentSystem\dxcompiler.dll"* /S /Y /D
                 xcopy "D:\HTC\avboit\The-Forge\Examples_3\Unit_Tests\PC Visual Studio 2019\..\..\..\Common_3\Graphics\ThirdParty\OpenSource\Direct3d12Agility\bin\x64\*.dll" "D:\HTC\avboit\The-Forge\Examples_3\Unit_Tests\PC Visual Studio 2019\x64\Release\17_EntityComponentSystem\"* /S /Y /D
                 xcopy "D:\HTC\avboit\The-Forge\Examples_3\Unit_Tests\PC Visual Studio 2019\..\..\..\Common_3\OS\ThirdParty\OpenSource\winpixeventruntime\bin\WinPixEventRuntime.dll" "D:\HTC\avboit\The-Forge\Examples_3\Unit_Tests\PC Visual Studio 2019\x64\Release\17_EntityComponentSystem\WinPixEventRunTime.dll"* /S /Y /D
                 
                set ART=D:\HTC\avboit\The-Forge\Examples_3\Unit_Tests\PC Visual Studio 2019\..\..\..\Art\
         xcopy /Y /S /D "%ART%\UnitTestResources\Textures\dds\sprites.tex" "D:\HTC\avboit\The-Forge\Examples_3\Unit_Tests\PC Visual Studio 2019\x64\Release\17_EntityComponentSystem\Textures\"
         xcopy /Y /S /D "%ART%\UnitTestResources\Fonts\*.ttf" "D:\HTC\avboit\The-Forge\Examples_3\Unit_Tests\PC Visual Studio 2019\x64\Release\17_EntityComponentSystem\Fonts\"
         xcopy /Y /S /D "%ART%\UnitTestResources\Fonts\*.otf" "D:\HTC\avboit\The-Forge\Examples_3\Unit_Tests\PC Visual Studio 2019\x64\Release\17_EntityComponentSystem\Fonts\"
         
         xcopy /Y /S /D /E "D:\HTC\avboit\The-Forge\Examples_3\Unit_Tests\PC Visual Studio 2019\x64\Release\17_EntityComponentSystem\..\OS\Shaders" "D:\HTC\avboit\The-Forge\Examples_3\Unit_Tests\PC Visual Studio 2019\x64\Release\17_EntityComponentSystem\Shaders"
         xcopy /Y /S /D /E "D:\HTC\avboit\The-Forge\Examples_3\Unit_Tests\PC Visual Studio 2019\x64\Release\17_EntityComponentSystem\..\OS\CompiledShaders" "D:\HTC\avboit\The-Forge\Examples_3\Unit_Tests\PC Visual Studio 2019\x64\Release\17_EntityComponentSystem\CompiledShaders"
         
         xcopy /Y /S /D "%ART%\UnitTestResources\Scripts\*.lua" "D:\HTC\avboit\The-Forge\Examples_3\Unit_Tests\PC Visual Studio 2019\x64\Release\17_EntityComponentSystem\Scripts\"
         
         xcopy "D:\HTC\avboit\The-Forge\Common_3\OS\Windows\pc_gpu.data" "D:\HTC\avboit\The-Forge\Examples_3\Unit_Tests\PC Visual Studio 2019\x64\Release\17_EntityComponentSystem\GPUCfg\gpu.data*" /Y /D
         xcopy "D:\HTC\avboit\The-Forge\Examples_3\Unit_Tests\src\17_EntityComponentSystem\GPUCfg\gpu.cfg" "D:\HTC\avboit\The-Forge\Examples_3\Unit_Tests\PC Visual Studio 2019\x64\Release\17_EntityComponentSystem\GPUCfg\gpu.cfg*" /Y /D
         
         :VCEnd
    46>PostBuildEvent:
         0 File(s) copied
         0 File(s) copied
         File not found - *
         0 File(s) copied
    45>PostBuildEvent:
         0 File(s) copied
    46>PostBuildEvent:
         File not found - *
         0 File(s) copied
    45>PostBuildEvent:
         0 File(s) copied
    46>PostBuildEvent:
         0 File(s) copied
    45>PostBuildEvent:
         0 File(s) copied
    46>PostBuildEvent:
         File not found - *.lua
         0 File(s) copied
    45>PostBuildEvent:
         0 File(s) copied
    46>PostBuildEvent:
         0 File(s) copied
    45>PostBuildEvent:
         0 File(s) copied
    46>PostBuildEvent:
         0 File(s) copied
       FinalizeBuildStatus:
         ??????“D:\HTC\avboit\The-Forge\Examples_3\Unit_Tests\PC Visual Studio 2019\\x64\Release\Intermediate\16_Raytracing\16_Raytracing.tlog\unsuccessfulbuild”?
         ???“D:\HTC\avboit\The-Forge\Examples_3\Unit_Tests\PC Visual Studio 2019\\x64\Release\Intermediate\16_Raytracing\16_Raytracing.tlog\16_Raytracing.lastbuildstate”?? Touch ???
    46>???????“D:\HTC\avboit\The-Forge\Examples_3\Unit_Tests\PC Visual Studio 2019\16_Raytracing.vcxproj”(????)????
    45>PostBuildEvent:
         0 File(s) copied
    12>???????“D:\HTC\avboit\The-Forge\Examples_3\Unit_Tests\PC Visual Studio 2019\16_Raytracing.vcxproj.metaproj”(????)????
    45>PostBuildEvent:
         0 File(s) copied
         File not found - *.ttf
         0 File(s) copied
         0 File(s) copied
         0 File(s) copied
         0 File(s) copied
         File not found - *.lua
         0 File(s) copied
         0 File(s) copied
    52>ClCompile:
         ?????????
    45>PostBuildEvent:
         0 File(s) copied
    52>Link:
         ?????????
         14_WaveIntrinsics.vcxproj -> D:\HTC\avboit\The-Forge\Examples_3\Unit_Tests\PC Visual Studio 2019\x64\Release\14_WaveIntrinsics\14_WaveIntrinsics.exe
    45>FinalizeBuildStatus:
         ??????“D:\HTC\avboit\The-Forge\Examples_3\Unit_Tests\PC Visual Studio 2019\\x64\Release\Intermediate\17_EntityComponentSystem\17_Entit.A6E3EA66.tlog\unsuccessfulbuild”?
    52>CustomBuildStep:
       ??????“CustomBuildStep”,????????
    45>FinalizeBuildStatus:
         ???“D:\HTC\avboit\The-Forge\Examples_3\Unit_Tests\PC Visual Studio 2019\\x64\Release\Intermediate\17_EntityComponentSystem\17_Entit.A6E3EA66.tlog\17_EntityComponentSystem.lastbuildstate”?? Touch ???
    45>???????“D:\HTC\avboit\The-Forge\Examples_3\Unit_Tests\PC Visual Studio 2019\17_EntityComponentSystem.vcxproj”(????)????
    13>???????“D:\HTC\avboit\The-Forge\Examples_3\Unit_Tests\PC Visual Studio 2019\17_EntityComponentSystem.vcxproj.metaproj”(????)????
    52>CustomBuildStep:
       ??????“CustomBuildStep”,????????
       PostBuildEvent:
         
                 xcopy "D:\HTC\avboit\The-Forge\Examples_3\Unit_Tests\PC Visual Studio 2019\..\..\..\Common_3\Graphics\ThirdParty\OpenSource\VulkanSDK\bin\Win32\*.dll" "D:\HTC\avboit\The-Forge\Examples_3\Unit_Tests\PC Visual Studio 2019\x64\Release\14_WaveIntrinsics\" /S /Y /D
                 xcopy "D:\HTC\avboit\The-Forge\Examples_3\Unit_Tests\PC Visual Studio 2019\..\..\..\Common_3\Graphics\ThirdParty\OpenSource\VulkanSDK\bin\Win32\*.json" "D:\HTC\avboit\The-Forge\Examples_3\Unit_Tests\PC Visual Studio 2019\x64\Release\14_WaveIntrinsics\" /S /Y /D
                 xcopy "D:\HTC\avboit\The-Forge\Examples_3\Unit_Tests\PC Visual Studio 2019\..\..\..\Common_3\Graphics\ThirdParty\OpenSource\ags\ags_lib\lib\amd_ags_x64.dll" "D:\HTC\avboit\The-Forge\Examples_3\Unit_Tests\PC Visual Studio 2019\x64\Release\14_WaveIntrinsics\amd_ags_x64.dll"* /S /Y /D
                 xcopy "D:\HTC\avboit\The-Forge\Examples_3\Unit_Tests\PC Visual Studio 2019\..\..\..\Common_3\Graphics\ThirdParty\OpenSource\DirectXShaderCompiler\bin\x64\dxcompiler.dll" "D:\HTC\avboit\The-Forge\Examples_3\Unit_Tests\PC Visual Studio 2019\x64\Release\14_WaveIntrinsics\dxcompiler.dll"* /S /Y /D
                 xcopy "D:\HTC\avboit\The-Forge\Examples_3\Unit_Tests\PC Visual Studio 2019\..\..\..\Common_3\Graphics\ThirdParty\OpenSource\Direct3d12Agility\bin\x64\*.dll" "D:\HTC\avboit\The-Forge\Examples_3\Unit_Tests\PC Visual Studio 2019\x64\Release\14_WaveIntrinsics\"* /S /Y /D
                 xcopy "D:\HTC\avboit\The-Forge\Examples_3\Unit_Tests\PC Visual Studio 2019\..\..\..\Common_3\OS\ThirdParty\OpenSource\winpixeventruntime\bin\WinPixEventRuntime.dll" "D:\HTC\avboit\The-Forge\Examples_3\Unit_Tests\PC Visual Studio 2019\x64\Release\14_WaveIntrinsics\WinPixEventRunTime.dll"* /S /Y /D
                 
                set ART=D:\HTC\avboit\The-Forge\Examples_3\Unit_Tests\PC Visual Studio 2019\..\..\..\Art\
         xcopy /Y /S /D "%ART%\UnitTestResources\Fonts\*.ttf" "D:\HTC\avboit\The-Forge\Examples_3\Unit_Tests\PC Visual Studio 2019\x64\Release\14_WaveIntrinsics\Fonts\"
         xcopy /Y /S /D "%ART%\UnitTestResources\Fonts\*.otf" "D:\HTC\avboit\The-Forge\Examples_3\Unit_Tests\PC Visual Studio 2019\x64\Release\14_WaveIntrinsics\Fonts\"
         
         xcopy /Y /S /D /E "D:\HTC\avboit\The-Forge\Examples_3\Unit_Tests\PC Visual Studio 2019\x64\Release\14_WaveIntrinsics\..\OS\Shaders" "D:\HTC\avboit\The-Forge\Examples_3\Unit_Tests\PC Visual Studio 2019\x64\Release\14_WaveIntrinsics\Shaders"
         xcopy /Y /S /D /E "D:\HTC\avboit\The-Forge\Examples_3\Unit_Tests\PC Visual Studio 2019\x64\Release\14_WaveIntrinsics\..\OS\CompiledShaders" "D:\HTC\avboit\The-Forge\Examples_3\Unit_Tests\PC Visual Studio 2019\x64\Release\14_WaveIntrinsics\CompiledShaders"
         
         xcopy /Y /S /D "D:\HTC\avboit\The-Forge\Examples_3\Unit_Tests\PC Visual Studio 2019\..\src\14_WaveIntrinsics\Scripts\*.lua" "D:\HTC\avboit\The-Forge\Examples_3\Unit_Tests\PC Visual Studio 2019\x64\Release\14_WaveIntrinsics\Scripts\"
         xcopy /Y /S /D "%ART%\UnitTestResources\Scripts\*.lua" "D:\HTC\avboit\The-Forge\Examples_3\Unit_Tests\PC Visual Studio 2019\x64\Release\14_WaveIntrinsics\Scripts\"
         
         xcopy "D:\HTC\avboit\The-Forge\Common_3\OS\Windows\pc_gpu.data" "D:\HTC\avboit\The-Forge\Examples_3\Unit_Tests\PC Visual Studio 2019\x64\Release\14_WaveIntrinsics\GPUCfg\gpu.data*" /Y /D
         xcopy "D:\HTC\avboit\The-Forge\Examples_3\Unit_Tests\src\14_WaveIntrinsics\GPUCfg\gpu.cfg" "D:\HTC\avboit\The-Forge\Examples_3\Unit_Tests\PC Visual Studio 2019\x64\Release\14_WaveIntrinsics\GPUCfg\gpu.cfg*" /Y /D
         
         :VCEnd
         0 File(s) copied
         0 File(s) copied
         0 File(s) copied
         0 File(s) copied
         0 File(s) copied
         0 File(s) copied
         File not found - *.ttf
         0 File(s) copied
         0 File(s) copied
         0 File(s) copied
         0 File(s) copied
         0 File(s) copied
         File not found - *.lua
         0 File(s) copied
         0 File(s) copied
         0 File(s) copied
       FinalizeBuildStatus:
         ??????“D:\HTC\avboit\The-Forge\Examples_3\Unit_Tests\PC Visual Studio 2019\\x64\Release\Intermediate\14_WaveIntrinsics\14_WaveI.A0DFEBA1.tlog\unsuccessfulbuild”?
         ???“D:\HTC\avboit\The-Forge\Examples_3\Unit_Tests\PC Visual Studio 2019\\x64\Release\Intermediate\14_WaveIntrinsics\14_WaveI.A0DFEBA1.tlog\14_WaveIntrinsics.lastbuildstate”?? Touch ???
    52>???????“D:\HTC\avboit\The-Forge\Examples_3\Unit_Tests\PC Visual Studio 2019\14_WaveIntrinsics.vcxproj”(????)????
    11>???????“D:\HTC\avboit\The-Forge\Examples_3\Unit_Tests\PC Visual Studio 2019\14_WaveIntrinsics.vcxproj.metaproj”(????)????
    47>ClCompile:
         ?????????
       Link:
         ?????????
         15_Transparency.vcxproj -> D:\HTC\avboit\The-Forge\Examples_3\Unit_Tests\PC Visual Studio 2019\x64\Release\15_Transparency\15_Transparency.exe
       CustomBuildStep:
       ??????“CustomBuildStep”,????????
       CustomBuildStep:
       ??????“CustomBuildStep”,????????
       PostBuildEvent:
         
                 xcopy "D:\HTC\avboit\The-Forge\Examples_3\Unit_Tests\PC Visual Studio 2019\..\..\..\Common_3\Graphics\ThirdParty\OpenSource\VulkanSDK\bin\Win32\*.dll" "D:\HTC\avboit\The-Forge\Examples_3\Unit_Tests\PC Visual Studio 2019\x64\Release\15_Transparency\" /S /Y /D
                 xcopy "D:\HTC\avboit\The-Forge\Examples_3\Unit_Tests\PC Visual Studio 2019\..\..\..\Common_3\Graphics\ThirdParty\OpenSource\VulkanSDK\bin\Win32\*.json" "D:\HTC\avboit\The-Forge\Examples_3\Unit_Tests\PC Visual Studio 2019\x64\Release\15_Transparency\" /S /Y /D
                 xcopy "D:\HTC\avboit\The-Forge\Examples_3\Unit_Tests\PC Visual Studio 2019\..\..\..\Common_3\Graphics\ThirdParty\OpenSource\ags\ags_lib\lib\amd_ags_x64.dll" "D:\HTC\avboit\The-Forge\Examples_3\Unit_Tests\PC Visual Studio 2019\x64\Release\15_Transparency\amd_ags_x64.dll"* /S /Y /D
                 xcopy "D:\HTC\avboit\The-Forge\Examples_3\Unit_Tests\PC Visual Studio 2019\..\..\..\Common_3\Graphics\ThirdParty\OpenSource\DirectXShaderCompiler\bin\x64\dxcompiler.dll" "D:\HTC\avboit\The-Forge\Examples_3\Unit_Tests\PC Visual Studio 2019\x64\Release\15_Transparency\dxcompiler.dll"* /S /Y /D
                 xcopy "D:\HTC\avboit\The-Forge\Examples_3\Unit_Tests\PC Visual Studio 2019\..\..\..\Common_3\Graphics\ThirdParty\OpenSource\Direct3d12Agility\bin\x64\*.dll" "D:\HTC\avboit\The-Forge\Examples_3\Unit_Tests\PC Visual Studio 2019\x64\Release\15_Transparency\"* /S /Y /D
                 xcopy "D:\HTC\avboit\The-Forge\Examples_3\Unit_Tests\PC Visual Studio 2019\..\..\..\Common_3\OS\ThirdParty\OpenSource\winpixeventruntime\bin\WinPixEventRuntime.dll" "D:\HTC\avboit\The-Forge\Examples_3\Unit_Tests\PC Visual Studio 2019\x64\Release\15_Transparency\WinPixEventRunTime.dll"* /S /Y /D
                 
                set ART=D:\HTC\avboit\The-Forge\Examples_3\Unit_Tests\PC Visual Studio 2019\..\..\..\Art\
         xcopy /Y /S /D "%ART%\UnitTestResources\Meshes\*.bin" "D:\HTC\avboit\The-Forge\Examples_3\Unit_Tests\PC Visual Studio 2019\x64\Release\15_Transparency\Meshes\"
         xcopy /Y /S /D "%ART%\UnitTestResources\Textures\dds\grid.tex" "D:\HTC\avboit\The-Forge\Examples_3\Unit_Tests\PC Visual Studio 2019\x64\Release\15_Transparency\Textures\"
         xcopy /Y /S /D "%ART%\UnitTestResources\Textures\dds\skybox\*" "D:\HTC\avboit\The-Forge\Examples_3\Unit_Tests\PC Visual Studio 2019\x64\Release\15_Transparency\Textures\skybox\"
         
         xcopy /Y /S /D "%ART%\UnitTestResources\Textures\dds\Skybox_*.tex" "D:\HTC\avboit\The-Forge\Examples_3\Unit_Tests\PC Visual Studio 2019\x64\Release\15_Transparency\Textures\"
         xcopy /Y /S /D "%ART%\UnitTestResources\Textures\dds\circlepad.tex" "D:\HTC\avboit\The-Forge\Examples_3\Unit_Tests\PC Visual Studio 2019\x64\Release\15_Transparency\Textures\"
         xcopy /Y /S /D "%ART%\UnitTestResources\Fonts\*.ttf" "D:\HTC\avboit\The-Forge\Examples_3\Unit_Tests\PC Visual Studio 2019\x64\Release\15_Transparency\Fonts\"
         xcopy /Y /S /D "%ART%\UnitTestResources\Fonts\*.otf" "D:\HTC\avboit\The-Forge\Examples_3\Unit_Tests\PC Visual Studio 2019\x64\Release\15_Transparency\Fonts\"
         
         xcopy /Y /S /D /E "D:\HTC\avboit\The-Forge\Examples_3\Unit_Tests\PC Visual Studio 2019\x64\Release\15_Transparency\..\OS\Shaders" "D:\HTC\avboit\The-Forge\Examples_3\Unit_Tests\PC Visual Studio 2019\x64\Release\15_Transparency\Shaders"
         xcopy /Y /S /D /E "D:\HTC\avboit\The-Forge\Examples_3\Unit_Tests\PC Visual Studio 2019\x64\Release\15_Transparency\..\OS\CompiledShaders" "D:\HTC\avboit\The-Forge\Examples_3\Unit_Tests\PC Visual Studio 2019\x64\Release\15_Transparency\CompiledShaders"
         
         xcopy /Y /S /D "D:\HTC\avboit\The-Forge\Examples_3\Unit_Tests\PC Visual Studio 2019\..\src\15_Transparency\Scripts\*.lua" "D:\HTC\avboit\The-Forge\Examples_3\Unit_Tests\PC Visual Studio 2019\x64\Release\15_Transparency\Scripts\"
         xcopy /Y /S /D "%ART%\UnitTestResources\Scripts\*.lua" "D:\HTC\avboit\The-Forge\Examples_3\Unit_Tests\PC Visual Studio 2019\x64\Release\15_Transparency\Scripts\"
         
         xcopy "D:\HTC\avboit\The-Forge\Common_3\OS\Windows\pc_gpu.data" "D:\HTC\avboit\The-Forge\Examples_3\Unit_Tests\PC Visual Studio 2019\x64\Release\15_Transparency\GPUCfg\gpu.data*" /Y /D
         xcopy "D:\HTC\avboit\The-Forge\Examples_3\Unit_Tests\src\15_Transparency\GPUCfg\gpu.cfg" "D:\HTC\avboit\The-Forge\Examples_3\Unit_Tests\PC Visual Studio 2019\x64\Release\15_Transparency\GPUCfg\gpu.cfg*" /Y /D
         
         :VCEnd
         0 File(s) copied
         0 File(s) copied
         0 File(s) copied
         0 File(s) copied
         0 File(s) copied
         0 File(s) copied
         0 File(s) copied
         0 File(s) copied
         0 File(s) copied
         0 File(s) copied
         0 File(s) copied
         File not found - *.ttf
         0 File(s) copied
         0 File(s) copied
    54>ClCompile:
         ?????????
    47>PostBuildEvent:
         0 File(s) copied
    54>Link:
         ?????????
         06_MaterialPlayground.vcxproj -> D:\HTC\avboit\The-Forge\Examples_3\Unit_Tests\PC Visual Studio 2019\x64\Release\06_MaterialPlayground\06_MaterialPlayground.exe
       CustomBuildStep:
       ??????“CustomBuildStep”,????????
       CustomBuildStep:
       ??????“CustomBuildStep”,????????
       PostBuildEvent:
         
                 xcopy "D:\HTC\avboit\The-Forge\Examples_3\Unit_Tests\PC Visual Studio 2019\..\..\..\Common_3\Graphics\ThirdParty\OpenSource\VulkanSDK\bin\Win32\*.dll" "D:\HTC\avboit\The-Forge\Examples_3\Unit_Tests\PC Visual Studio 2019\x64\Release\06_MaterialPlayground\" /S /Y /D
                 xcopy "D:\HTC\avboit\The-Forge\Examples_3\Unit_Tests\PC Visual Studio 2019\..\..\..\Common_3\Graphics\ThirdParty\OpenSource\VulkanSDK\bin\Win32\*.json" "D:\HTC\avboit\The-Forge\Examples_3\Unit_Tests\PC Visual Studio 2019\x64\Release\06_MaterialPlayground\" /S /Y /D
                 xcopy "D:\HTC\avboit\The-Forge\Examples_3\Unit_Tests\PC Visual Studio 2019\..\..\..\Common_3\Graphics\ThirdParty\OpenSource\ags\ags_lib\lib\amd_ags_x64.dll" "D:\HTC\avboit\The-Forge\Examples_3\Unit_Tests\PC Visual Studio 2019\x64\Release\06_MaterialPlayground\amd_ags_x64.dll"* /S /Y /D
                 xcopy "D:\HTC\avboit\The-Forge\Examples_3\Unit_Tests\PC Visual Studio 2019\..\..\..\Common_3\Graphics\ThirdParty\OpenSource\DirectXShaderCompiler\bin\x64\dxcompiler.dll" "D:\HTC\avboit\The-Forge\Examples_3\Unit_Tests\PC Visual Studio 2019\x64\Release\06_MaterialPlayground\dxcompiler.dll"* /S /Y /D
                 xcopy "D:\HTC\avboit\The-Forge\Examples_3\Unit_Tests\PC Visual Studio 2019\..\..\..\Common_3\Graphics\ThirdParty\OpenSource\Direct3d12Agility\bin\x64\*.dll" "D:\HTC\avboit\The-Forge\Examples_3\Unit_Tests\PC Visual Studio 2019\x64\Release\06_MaterialPlayground\"* /S /Y /D
                 xcopy "D:\HTC\avboit\The-Forge\Examples_3\Unit_Tests\PC Visual Studio 2019\..\..\..\Common_3\OS\ThirdParty\OpenSource\winpixeventruntime\bin\WinPixEventRuntime.dll" "D:\HTC\avboit\The-Forge\Examples_3\Unit_Tests\PC Visual Studio 2019\x64\Release\06_MaterialPlayground\WinPixEventRunTime.dll"* /S /Y /D
                 
                :: Copy Art files
         set ART=D:\HTC\avboit\The-Forge\Examples_3\Unit_Tests\PC Visual Studio 2019\..\..\..\Art\
         xcopy /Y /S /D "%ART%\PBR\dds\*.tex" "D:\HTC\avboit\The-Forge\Examples_3\Unit_Tests\PC Visual Studio 2019\x64\Release\06_MaterialPlayground\Textures\PBR\"
         xcopy /Y /S /D "%ART%\Particles\Textures\dds\*.tex" "D:\HTC\avboit\The-Forge\Examples_3\Unit_Tests\PC Visual Studio 2019\x64\Release\06_MaterialPlayground\Textures\"
         
         xcopy /Y /S /D "%ART%\UnitTestResources\Meshes\*.bin" "D:\HTC\avboit\The-Forge\Examples_3\Unit_Tests\PC Visual Studio 2019\x64\Release\06_MaterialPlayground\Meshes\"
         xcopy /Y /S /D "%ART%\UnitTestResources\Hair\*.bin" "D:\HTC\avboit\The-Forge\Examples_3\Unit_Tests\PC Visual Studio 2019\x64\Release\06_MaterialPlayground\Meshes\Hair\"
         xcopy /Y /S /D "%ART%\UnitTestResources\Animation\*.ozz" "D:\HTC\avboit\The-Forge\Examples_3\Unit_Tests\PC Visual Studio 2019\x64\Release\06_MaterialPlayground\Animation\"
         xcopy /Y /S /D "%ART%\UnitTestResources\Textures\dds\Skybox_*.tex" "D:\HTC\avboit\The-Forge\Examples_3\Unit_Tests\PC Visual Studio 2019\x64\Release\06_MaterialPlayground\Textures\"
         xcopy /Y /S /D "%ART%\UnitTestResources\Textures\dds\circlepad.tex" "D:\HTC\avboit\The-Forge\Examples_3\Unit_Tests\PC Visual Studio 2019\x64\Release\06_MaterialPlayground\Textures\"
         xcopy /Y /S /D "%ART%\UnitTestResources\Textures\dds\LA_Helipad3D.tex" "D:\HTC\avboit\The-Forge\Examples_3\Unit_Tests\PC Visual Studio 2019\x64\Release\06_MaterialPlayground\Textures\"
         xcopy /Y /S /D "%ART%\UnitTestResources\Fonts\*.ttf" "D:\HTC\avboit\The-Forge\Examples_3\Unit_Tests\PC Visual Studio 2019\x64\Release\06_MaterialPlayground\Fonts\"
         xcopy /Y /S /D "%ART%\UnitTestResources\Fonts\*.otf" "D:\HTC\avboit\The-Forge\Examples_3\Unit_Tests\PC Visual Studio 2019\x64\Release\06_MaterialPlayground\Fonts\"
         
         xcopy /Y /S /D /E "D:\HTC\avboit\The-Forge\Examples_3\Unit_Tests\PC Visual Studio 2019\x64\Release\06_MaterialPlayground\..\OS\Shaders" "D:\HTC\avboit\The-Forge\Examples_3\Unit_Tests\PC Visual Studio 2019\x64\Release\06_MaterialPlayground\Shaders"
         xcopy /Y /S /D /E "D:\HTC\avboit\The-Forge\Examples_3\Unit_Tests\PC Visual Studio 2019\x64\Release\06_MaterialPlayground\..\OS\CompiledShaders" "D:\HTC\avboit\The-Forge\Examples_3\Unit_Tests\PC Visual Studio 2019\x64\Release\06_MaterialPlayground\CompiledShaders"
         
         xcopy /Y /S /D "D:\HTC\avboit\The-Forge\Examples_3\Unit_Tests\PC Visual Studio 2019\..\src\06_MaterialPlayground\Scripts\*.lua" "D:\HTC\avboit\The-Forge\Examples_3\Unit_Tests\PC Visual Studio 2019\x64\Release\06_MaterialPlayground\Scripts\"
         xcopy /Y /S /D "%ART%\UnitTestResources\Scripts\*.lua" "D:\HTC\avboit\The-Forge\Examples_3\Unit_Tests\PC Visual Studio 2019\x64\Release\06_MaterialPlayground\Scripts\"
         
         xcopy "D:\HTC\avboit\The-Forge\Common_3\OS\Windows\pc_gpu.data" "D:\HTC\avboit\The-Forge\Examples_3\Unit_Tests\PC Visual Studio 2019\x64\Release\06_MaterialPlayground\GPUCfg\gpu.data*" /Y /D
         xcopy "D:\HTC\avboit\The-Forge\Examples_3\Unit_Tests\src\06_MaterialPlayground\GPUCfg\gpu.cfg" "D:\HTC\avboit\The-Forge\Examples_3\Unit_Tests\PC Visual Studio 2019\x64\Release\06_MaterialPlayground\GPUCfg\gpu.cfg*" /Y /D
         
         "D:\HTC\avboit\The-Forge\Examples_3\Unit_Tests\PC Visual Studio 2019\..\src\06_MaterialPlayground\compile_materials.bat" "D:\HTC\avboit\The-Forge\Examples_3\Unit_Tests\PC Visual Studio 2019\..\..\..\" "D:\HTC\avboit\The-Forge\Examples_3\Unit_Tests\PC Visual Studio 2019\..\src\06_MaterialPlayground\Materials" "D:\HTC\avboit\The-Forge\Examples_3\Unit_Tests\PC Visual Studio 2019\x64\Release\06_MaterialPlayground\CompiledMaterials"
         
         :VCEnd
    47>PostBuildEvent:
         0 File(s) copied
         0 File(s) copied
         0 File(s) copied
         File not found - *.lua
         0 File(s) copied
    54>PostBuildEvent:
         0 File(s) copied
    47>PostBuildEvent:
         0 File(s) copied
       FinalizeBuildStatus:
         ??????“D:\HTC\avboit\The-Forge\Examples_3\Unit_Tests\PC Visual Studio 2019\\x64\Release\Intermediate\15_Transparency\15_Transparency.tlog\unsuccessfulbuild”?
    54>PostBuildEvent:
         0 File(s) copied
    47>FinalizeBuildStatus:
         ???“D:\HTC\avboit\The-Forge\Examples_3\Unit_Tests\PC Visual Studio 2019\\x64\Release\Intermediate\15_Transparency\15_Transparency.tlog\15_Transparency.lastbuildstate”?? Touch ???
    47>???????“D:\HTC\avboit\The-Forge\Examples_3\Unit_Tests\PC Visual Studio 2019\15_Transparency.vcxproj”(????)????
    10>???????“D:\HTC\avboit\The-Forge\Examples_3\Unit_Tests\PC Visual Studio 2019\15_Transparency.vcxproj.metaproj”(????)????
    54>PostBuildEvent:
         0 File(s) copied
         0 File(s) copied
         0 File(s) copied
         0 File(s) copied
         D:\HTC\avboit\The-Forge\Examples_3\Unit_Tests\PC Visual Studio 2019\..\..\..\Art\\PBR\dds\Metallic_off.tex
         D:\HTC\avboit\The-Forge\Examples_3\Unit_Tests\PC Visual Studio 2019\..\..\..\Art\\PBR\dds\Metallic_on.tex
         D:\HTC\avboit\The-Forge\Examples_3\Unit_Tests\PC Visual Studio 2019\..\..\..\Art\\PBR\dds\blue_tiles_01\1K\Albedo.tex
         D:\HTC\avboit\The-Forge\Examples_3\Unit_Tests\PC Visual Studio 2019\..\..\..\Art\\PBR\dds\blue_tiles_01\1K\AO.tex
         D:\HTC\avboit\The-Forge\Examples_3\Unit_Tests\PC Visual Studio 2019\..\..\..\Art\\PBR\dds\blue_tiles_01\1K\Height.tex
         D:\HTC\avboit\The-Forge\Examples_3\Unit_Tests\PC Visual Studio 2019\..\..\..\Art\\PBR\dds\blue_tiles_01\1K\Normal.tex
         D:\HTC\avboit\The-Forge\Examples_3\Unit_Tests\PC Visual Studio 2019\..\..\..\Art\\PBR\dds\blue_tiles_01\1K\Roughness.tex
         D:\HTC\avboit\The-Forge\Examples_3\Unit_Tests\PC Visual Studio 2019\..\..\..\Art\\PBR\dds\blue_tiles_01\2K\Albedo.tex
         D:\HTC\avboit\The-Forge\Examples_3\Unit_Tests\PC Visual Studio 2019\..\..\..\Art\\PBR\dds\blue_tiles_01\2K\AO.tex
         D:\HTC\avboit\The-Forge\Examples_3\Unit_Tests\PC Visual Studio 2019\..\..\..\Art\\PBR\dds\blue_tiles_01\2K\Height.tex
         D:\HTC\avboit\The-Forge\Examples_3\Unit_Tests\PC Visual Studio 2019\..\..\..\Art\\PBR\dds\blue_tiles_01\2K\Normal.tex
         D:\HTC\avboit\The-Forge\Examples_3\Unit_Tests\PC Visual Studio 2019\..\..\..\Art\\PBR\dds\blue_tiles_01\2K\Roughness.tex
         D:\HTC\avboit\The-Forge\Examples_3\Unit_Tests\PC Visual Studio 2019\..\..\..\Art\\PBR\dds\blue_tiles_01\2K\vMF\Normal.tex
         D:\HTC\avboit\The-Forge\Examples_3\Unit_Tests\PC Visual Studio 2019\..\..\..\Art\\PBR\dds\bronze_01\1K\Albedo.tex
         D:\HTC\avboit\The-Forge\Examples_3\Unit_Tests\PC Visual Studio 2019\..\..\..\Art\\PBR\dds\bronze_01\1K\Height.tex
         D:\HTC\avboit\The-Forge\Examples_3\Unit_Tests\PC Visual Studio 2019\..\..\..\Art\\PBR\dds\bronze_01\1K\Metallic.tex
         D:\HTC\avboit\The-Forge\Examples_3\Unit_Tests\PC Visual Studio 2019\..\..\..\Art\\PBR\dds\bronze_01\1K\Normal.tex
         D:\HTC\avboit\The-Forge\Examples_3\Unit_Tests\PC Visual Studio 2019\..\..\..\Art\\PBR\dds\bronze_01\1K\Roughness.tex
         D:\HTC\avboit\The-Forge\Examples_3\Unit_Tests\PC Visual Studio 2019\..\..\..\Art\\PBR\dds\bronze_01\2K\Albedo.tex
         D:\HTC\avboit\The-Forge\Examples_3\Unit_Tests\PC Visual Studio 2019\..\..\..\Art\\PBR\dds\bronze_01\2K\Height.tex
         D:\HTC\avboit\The-Forge\Examples_3\Unit_Tests\PC Visual Studio 2019\..\..\..\Art\\PBR\dds\bronze_01\2K\Metallic.tex
         D:\HTC\avboit\The-Forge\Examples_3\Unit_Tests\PC Visual Studio 2019\..\..\..\Art\\PBR\dds\bronze_01\2K\Normal.tex
         D:\HTC\avboit\The-Forge\Examples_3\Unit_Tests\PC Visual Studio 2019\..\..\..\Art\\PBR\dds\bronze_01\2K\Roughness.tex
         D:\HTC\avboit\The-Forge\Examples_3\Unit_Tests\PC Visual Studio 2019\..\..\..\Art\\PBR\dds\bronze_01\2K\vMF\Normal.tex
         D:\HTC\avboit\The-Forge\Examples_3\Unit_Tests\PC Visual Studio 2019\..\..\..\Art\\PBR\dds\brushed_iron_01\1K\Albedo.tex
         D:\HTC\avboit\The-Forge\Examples_3\Unit_Tests\PC Visual Studio 2019\..\..\..\Art\\PBR\dds\brushed_iron_01\1K\Height.tex
         D:\HTC\avboit\The-Forge\Examples_3\Unit_Tests\PC Visual Studio 2019\..\..\..\Art\\PBR\dds\brushed_iron_01\1K\Metallic.tex
         D:\HTC\avboit\The-Forge\Examples_3\Unit_Tests\PC Visual Studio 2019\..\..\..\Art\\PBR\dds\brushed_iron_01\1K\Normal.tex
         D:\HTC\avboit\The-Forge\Examples_3\Unit_Tests\PC Visual Studio 2019\..\..\..\Art\\PBR\dds\brushed_iron_01\1K\Roughness.tex
         D:\HTC\avboit\The-Forge\Examples_3\Unit_Tests\PC Visual Studio 2019\..\..\..\Art\\PBR\dds\brushed_iron_01\2K\Albedo.tex
         D:\HTC\avboit\The-Forge\Examples_3\Unit_Tests\PC Visual Studio 2019\..\..\..\Art\\PBR\dds\brushed_iron_01\2K\Height.tex
         D:\HTC\avboit\The-Forge\Examples_3\Unit_Tests\PC Visual Studio 2019\..\..\..\Art\\PBR\dds\brushed_iron_01\2K\Metallic.tex
         D:\HTC\avboit\The-Forge\Examples_3\Unit_Tests\PC Visual Studio 2019\..\..\..\Art\\PBR\dds\brushed_iron_01\2K\Normal.tex
         D:\HTC\avboit\The-Forge\Examples_3\Unit_Tests\PC Visual Studio 2019\..\..\..\Art\\PBR\dds\brushed_iron_01\2K\Roughness.tex
         D:\HTC\avboit\The-Forge\Examples_3\Unit_Tests\PC Visual Studio 2019\..\..\..\Art\\PBR\dds\brushed_iron_01\2K\vMF\Normal.tex
         D:\HTC\avboit\The-Forge\Examples_3\Unit_Tests\PC Visual Studio 2019\..\..\..\Art\\PBR\dds\copper_tiles_01\1K\Albedo.tex
         D:\HTC\avboit\The-Forge\Examples_3\Unit_Tests\PC Visual Studio 2019\..\..\..\Art\\PBR\dds\copper_tiles_01\1K\AO.tex
         D:\HTC\avboit\The-Forge\Examples_3\Unit_Tests\PC Visual Studio 2019\..\..\..\Art\\PBR\dds\copper_tiles_01\1K\Height.tex
         D:\HTC\avboit\The-Forge\Examples_3\Unit_Tests\PC Visual Studio 2019\..\..\..\Art\\PBR\dds\copper_tiles_01\1K\Normal.tex
         D:\HTC\avboit\The-Forge\Examples_3\Unit_Tests\PC Visual Studio 2019\..\..\..\Art\\PBR\dds\copper_tiles_01\1K\Roughness.tex
         D:\HTC\avboit\The-Forge\Examples_3\Unit_Tests\PC Visual Studio 2019\..\..\..\Art\\PBR\dds\copper_tiles_01\2K\Albedo.tex
         D:\HTC\avboit\The-Forge\Examples_3\Unit_Tests\PC Visual Studio 2019\..\..\..\Art\\PBR\dds\copper_tiles_01\2K\AO.tex
    48>ClCompile:
         ?????????
    54>PostBuildEvent:
         D:\HTC\avboit\The-Forge\Examples_3\Unit_Tests\PC Visual Studio 2019\..\..\..\Art\\PBR\dds\copper_tiles_01\2K\Height.tex
         D:\HTC\avboit\The-Forge\Examples_3\Unit_Tests\PC Visual Studio 2019\..\..\..\Art\\PBR\dds\copper_tiles_01\2K\Metallic.tex
         D:\HTC\avboit\The-Forge\Examples_3\Unit_Tests\PC Visual Studio 2019\..\..\..\Art\\PBR\dds\copper_tiles_01\2K\Normal.tex
         D:\HTC\avboit\The-Forge\Examples_3\Unit_Tests\PC Visual Studio 2019\..\..\..\Art\\PBR\dds\copper_tiles_01\2K\Roughness.tex
         D:\HTC\avboit\The-Forge\Examples_3\Unit_Tests\PC Visual Studio 2019\..\..\..\Art\\PBR\dds\copper_tiles_01\2K\vMF\Normal.tex
    48>Link:
         ?????????
         10_ScreenSpaceReflections.vcxproj -> D:\HTC\avboit\The-Forge\Examples_3\Unit_Tests\PC Visual Studio 2019\x64\Release\10_ScreenSpaceReflections\10_ScreenSpaceReflections.exe
       CustomBuildStep:
       ??????“CustomBuildStep”,????????
    54>PostBuildEvent:
         D:\HTC\avboit\The-Forge\Examples_3\Unit_Tests\PC Visual Studio 2019\..\..\..\Art\\PBR\dds\metal_tiles_01\1K\Albedo.tex
         D:\HTC\avboit\The-Forge\Examples_3\Unit_Tests\PC Visual Studio 2019\..\..\..\Art\\PBR\dds\metal_tiles_01\1K\AO.tex
         D:\HTC\avboit\The-Forge\Examples_3\Unit_Tests\PC Visual Studio 2019\..\..\..\Art\\PBR\dds\metal_tiles_01\1K\Height.tex
         D:\HTC\avboit\The-Forge\Examples_3\Unit_Tests\PC Visual Studio 2019\..\..\..\Art\\PBR\dds\metal_tiles_01\1K\Normal.tex
         D:\HTC\avboit\The-Forge\Examples_3\Unit_Tests\PC Visual Studio 2019\..\..\..\Art\\PBR\dds\metal_tiles_01\1K\Roughness.tex
    48>CustomBuildStep:
       ??????“CustomBuildStep”,????????
    54>PostBuildEvent:
         D:\HTC\avboit\The-Forge\Examples_3\Unit_Tests\PC Visual Studio 2019\..\..\..\Art\\PBR\dds\metal_tiles_01\2K\Albedo.tex
    48>PostBuildEvent:
         
                 xcopy "D:\HTC\avboit\The-Forge\Examples_3\Unit_Tests\PC Visual Studio 2019\..\..\..\Common_3\Graphics\ThirdParty\OpenSource\VulkanSDK\bin\Win32\*.dll" "D:\HTC\avboit\The-Forge\Examples_3\Unit_Tests\PC Visual Studio 2019\x64\Release\10_ScreenSpaceReflections\" /S /Y /D
                 xcopy "D:\HTC\avboit\The-Forge\Examples_3\Unit_Tests\PC Visual Studio 2019\..\..\..\Common_3\Graphics\ThirdParty\OpenSource\VulkanSDK\bin\Win32\*.json" "D:\HTC\avboit\The-Forge\Examples_3\Unit_Tests\PC Visual Studio 2019\x64\Release\10_ScreenSpaceReflections\" /S /Y /D
                 xcopy "D:\HTC\avboit\The-Forge\Examples_3\Unit_Tests\PC Visual Studio 2019\..\..\..\Common_3\Graphics\ThirdParty\OpenSource\ags\ags_lib\lib\amd_ags_x64.dll" "D:\HTC\avboit\The-Forge\Examples_3\Unit_Tests\PC Visual Studio 2019\x64\Release\10_ScreenSpaceReflections\amd_ags_x64.dll"* /S /Y /D
                 xcopy "D:\HTC\avboit\The-Forge\Examples_3\Unit_Tests\PC Visual Studio 2019\..\..\..\Common_3\Graphics\ThirdParty\OpenSource\DirectXShaderCompiler\bin\x64\dxcompiler.dll" "D:\HTC\avboit\The-Forge\Examples_3\Unit_Tests\PC Visual Studio 2019\x64\Release\10_ScreenSpaceReflections\dxcompiler.dll"* /S /Y /D
                 xcopy "D:\HTC\avboit\The-Forge\Examples_3\Unit_Tests\PC Visual Studio 2019\..\..\..\Common_3\Graphics\ThirdParty\OpenSource\Direct3d12Agility\bin\x64\*.dll" "D:\HTC\avboit\The-Forge\Examples_3\Unit_Tests\PC Visual Studio 2019\x64\Release\10_ScreenSpaceReflections\"* /S /Y /D
                 xcopy "D:\HTC\avboit\The-Forge\Examples_3\Unit_Tests\PC Visual Studio 2019\..\..\..\Common_3\OS\ThirdParty\OpenSource\winpixeventruntime\bin\WinPixEventRuntime.dll" "D:\HTC\avboit\The-Forge\Examples_3\Unit_Tests\PC Visual Studio 2019\x64\Release\10_ScreenSpaceReflections\WinPixEventRunTime.dll"* /S /Y /D
                 
                :: Copy Art files
         
                 xcopy "D:\HTC\avboit\The-Forge\Examples_3\Unit_Tests\PC Visual Studio 2019\..\..\..\Common_3\Graphics\ThirdParty\OpenSource\VulkanSDK\bin\Win32\*.dll" "D:\HTC\avboit\The-Forge\Examples_3\Unit_Tests\PC Visual Studio 2019\x64\Release\10_ScreenSpaceReflections\" /S /Y /D
                 xcopy "D:\HTC\avboit\The-Forge\Examples_3\Unit_Tests\PC Visual Studio 2019\..\..\..\Common_3\Graphics\ThirdParty\OpenSource\VulkanSDK\bin\Win32\*.json" "D:\HTC\avboit\The-Forge\Examples_3\Unit_Tests\PC Visual Studio 2019\x64\Release\10_ScreenSpaceReflections\" /S /Y /D
                 xcopy "D:\HTC\avboit\The-Forge\Examples_3\Unit_Tests\PC Visual Studio 2019\..\..\..\Common_3\Graphics\ThirdParty\OpenSource\ags\ags_lib\lib\amd_ags_x64.dll" "D:\HTC\avboit\The-Forge\Examples_3\Unit_Tests\PC Visual Studio 2019\x64\Release\10_ScreenSpaceReflections\amd_ags_x64.dll"* /S /Y /D
                 xcopy "D:\HTC\avboit\The-Forge\Examples_3\Unit_Tests\PC Visual Studio 2019\..\..\..\Common_3\Graphics\ThirdParty\OpenSource\DirectXShaderCompiler\bin\x64\dxcompiler.dll" "D:\HTC\avboit\The-Forge\Examples_3\Unit_Tests\PC Visual Studio 2019\x64\Release\10_ScreenSpaceReflections\dxcompiler.dll"* /S /Y /D
                 xcopy "D:\HTC\avboit\The-Forge\Examples_3\Unit_Tests\PC Visual Studio 2019\..\..\..\Common_3\Graphics\ThirdParty\OpenSource\Direct3d12Agility\bin\x64\*.dll" "D:\HTC\avboit\The-Forge\Examples_3\Unit_Tests\PC Visual Studio 2019\x64\Release\10_ScreenSpaceReflections\"* /S /Y /D
                 xcopy "D:\HTC\avboit\The-Forge\Examples_3\Unit_Tests\PC Visual Studio 2019\..\..\..\Common_3\OS\ThirdParty\OpenSource\winpixeventruntime\bin\WinPixEventRuntime.dll" "D:\HTC\avboit\The-Forge\Examples_3\Unit_Tests\PC Visual Studio 2019\x64\Release\10_ScreenSpaceReflections\WinPixEventRunTime.dll"* /S /Y /D
                 
                set ART=D:\HTC\avboit\The-Forge\Examples_3\Unit_Tests\PC Visual Studio 2019\..\..\..\Art\
         
         xcopy /Y /S /D "%ART%\SanMiguel_3\Meshes\*" "D:\HTC\avboit\The-Forge\Examples_3\Unit_Tests\PC Visual Studio 2019\x64\Release\10_ScreenSpaceReflections\Meshes\"
         xcopy /Y /S /D "%ART%\SanMiguel_3\Textures\dds\*.tex" "D:\HTC\avboit\The-Forge\Examples_3\Unit_Tests\PC Visual Studio 2019\x64\Release\10_ScreenSpaceReflections\Textures\"
         
         xcopy /Y /S /D "%ART%\UnitTestResources\Textures\dds\LA_Helipad3D.tex" "D:\HTC\avboit\The-Forge\Examples_3\Unit_Tests\PC Visual Studio 2019\x64\Release\10_ScreenSpaceReflections\Textures\"
         xcopy /Y /S /D "%ART%\UnitTestResources\Textures\ktx\HDRI\*.tex" "D:\HTC\avboit\The-Forge\Examples_3\Unit_Tests\PC Visual Studio 2019\x64\Release\10_ScreenSpaceReflections\Textures\"
         xcopy /Y /S /D "%ART%\UnitTestResources\Fonts\*.ttf" "D:\HTC\avboit\The-Forge\Examples_3\Unit_Tests\PC Visual Studio 2019\x64\Release\10_ScreenSpaceReflections\Fonts\"
         xcopy /Y /S /D "%ART%\UnitTestResources\Fonts\*.otf" "D:\HTC\avboit\The-Forge\Examples_3\Unit_Tests\PC Visual Studio 2019\x64\Release\10_ScreenSpaceReflections\Fonts\"
         
         xcopy /Y /S /D /E "D:\HTC\avboit\The-Forge\Examples_3\Unit_Tests\PC Visual Studio 2019\x64\Release\10_ScreenSpaceReflections\..\OS\Shaders" "D:\HTC\avboit\The-Forge\Examples_3\Unit_Tests\PC Visual Studio 2019\x64\Release\10_ScreenSpaceReflections\Shaders"
         xcopy /Y /S /D /E "D:\HTC\avboit\The-Forge\Examples_3\Unit_Tests\PC Visual Studio 2019\x64\Release\10_ScreenSpaceReflections\..\OS\CompiledShaders" "D:\HTC\avboit\The-Forge\Examples_3\Unit_Tests\PC Visual Studio 2019\x64\Release\10_ScreenSpaceReflections\CompiledShaders"
         
         xcopy /Y /S /D "D:\HTC\avboit\The-Forge\Examples_3\Unit_Tests\PC Visual Studio 2019\..\src\10_ScreenSpaceReflections\Scripts\*.lua" "D:\HTC\avboit\The-Forge\Examples_3\Unit_Tests\PC Visual Studio 2019\x64\Release\10_ScreenSpaceReflections\Scripts\"
         xcopy /Y /S /D "%ART%\UnitTestResources\Scripts\*.lua" "D:\HTC\avboit\The-Forge\Examples_3\Unit_Tests\PC Visual Studio 2019\x64\Release\10_ScreenSpaceReflections\Scripts\"
         
         xcopy "D:\HTC\avboit\The-Forge\Common_3\OS\Windows\pc_gpu.data" "D:\HTC\avboit\The-Forge\Examples_3\Unit_Tests\PC Visual Studio 2019\x64\Release\10_ScreenSpaceReflections\GPUCfg\gpu.data*" /Y /D
         xcopy "D:\HTC\avboit\The-Forge\Examples_3\Unit_Tests\src\10_ScreenSpaceReflections\GPUCfg\gpu.cfg" "D:\HTC\avboit\The-Forge\Examples_3\Unit_Tests\PC Visual Studio 2019\x64\Release\10_ScreenSpaceReflections\GPUCfg\gpu.cfg*" /Y /D
         
         :VCEnd
    54>PostBuildEvent:
         D:\HTC\avboit\The-Forge\Examples_3\Unit_Tests\PC Visual Studio 2019\..\..\..\Art\\PBR\dds\metal_tiles_01\2K\AO.tex
         D:\HTC\avboit\The-Forge\Examples_3\Unit_Tests\PC Visual Studio 2019\..\..\..\Art\\PBR\dds\metal_tiles_01\2K\Height.tex
         D:\HTC\avboit\The-Forge\Examples_3\Unit_Tests\PC Visual Studio 2019\..\..\..\Art\\PBR\dds\metal_tiles_01\2K\Normal.tex
         D:\HTC\avboit\The-Forge\Examples_3\Unit_Tests\PC Visual Studio 2019\..\..\..\Art\\PBR\dds\metal_tiles_01\2K\Roughness.tex
         D:\HTC\avboit\The-Forge\Examples_3\Unit_Tests\PC Visual Studio 2019\..\..\..\Art\\PBR\dds\metal_tiles_01\2K\vMF\Normal.tex
         D:\HTC\avboit\The-Forge\Examples_3\Unit_Tests\PC Visual Studio 2019\..\..\..\Art\\PBR\dds\metal_tiles_03\1K\Albedo.tex
         D:\HTC\avboit\The-Forge\Examples_3\Unit_Tests\PC Visual Studio 2019\..\..\..\Art\\PBR\dds\metal_tiles_03\1K\AO.tex
         D:\HTC\avboit\The-Forge\Examples_3\Unit_Tests\PC Visual Studio 2019\..\..\..\Art\\PBR\dds\metal_tiles_03\1K\Height.tex
         D:\HTC\avboit\The-Forge\Examples_3\Unit_Tests\PC Visual Studio 2019\..\..\..\Art\\PBR\dds\metal_tiles_03\1K\Metallic.tex
         D:\HTC\avboit\The-Forge\Examples_3\Unit_Tests\PC Visual Studio 2019\..\..\..\Art\\PBR\dds\metal_tiles_03\1K\Normal.tex
         D:\HTC\avboit\The-Forge\Examples_3\Unit_Tests\PC Visual Studio 2019\..\..\..\Art\\PBR\dds\metal_tiles_03\1K\Roughness.tex
         D:\HTC\avboit\The-Forge\Examples_3\Unit_Tests\PC Visual Studio 2019\..\..\..\Art\\PBR\dds\metal_tiles_03\2K\Albedo.tex
         D:\HTC\avboit\The-Forge\Examples_3\Unit_Tests\PC Visual Studio 2019\..\..\..\Art\\PBR\dds\metal_tiles_03\2K\AO.tex
         D:\HTC\avboit\The-Forge\Examples_3\Unit_Tests\PC Visual Studio 2019\..\..\..\Art\\PBR\dds\metal_tiles_03\2K\Height.tex
         D:\HTC\avboit\The-Forge\Examples_3\Unit_Tests\PC Visual Studio 2019\..\..\..\Art\\PBR\dds\metal_tiles_03\2K\Metallic.tex
         D:\HTC\avboit\The-Forge\Examples_3\Unit_Tests\PC Visual Studio 2019\..\..\..\Art\\PBR\dds\metal_tiles_03\2K\Normal.tex
         D:\HTC\avboit\The-Forge\Examples_3\Unit_Tests\PC Visual Studio 2019\..\..\..\Art\\PBR\dds\metal_tiles_03\2K\Roughness.tex
         D:\HTC\avboit\The-Forge\Examples_3\Unit_Tests\PC Visual Studio 2019\..\..\..\Art\\PBR\dds\metal_tiles_03\2K\vMF\Normal.tex
         D:\HTC\avboit\The-Forge\Examples_3\Unit_Tests\PC Visual Studio 2019\..\..\..\Art\\PBR\dds\old_iron_01\1K\Albedo.tex
         D:\HTC\avboit\The-Forge\Examples_3\Unit_Tests\PC Visual Studio 2019\..\..\..\Art\\PBR\dds\old_iron_01\1K\Height.tex
         D:\HTC\avboit\The-Forge\Examples_3\Unit_Tests\PC Visual Studio 2019\..\..\..\Art\\PBR\dds\old_iron_01\1K\Metallic.tex
         D:\HTC\avboit\The-Forge\Examples_3\Unit_Tests\PC Visual Studio 2019\..\..\..\Art\\PBR\dds\old_iron_01\1K\Normal.tex
         D:\HTC\avboit\The-Forge\Examples_3\Unit_Tests\PC Visual Studio 2019\..\..\..\Art\\PBR\dds\old_iron_01\1K\Roughness.tex
         D:\HTC\avboit\The-Forge\Examples_3\Unit_Tests\PC Visual Studio 2019\..\..\..\Art\\PBR\dds\old_iron_01\2K\Albedo.tex
         D:\HTC\avboit\The-Forge\Examples_3\Unit_Tests\PC Visual Studio 2019\..\..\..\Art\\PBR\dds\old_iron_01\2K\Height.tex
         D:\HTC\avboit\The-Forge\Examples_3\Unit_Tests\PC Visual Studio 2019\..\..\..\Art\\PBR\dds\old_iron_01\2K\Metallic.tex
         D:\HTC\avboit\The-Forge\Examples_3\Unit_Tests\PC Visual Studio 2019\..\..\..\Art\\PBR\dds\old_iron_01\2K\Normal.tex
         D:\HTC\avboit\The-Forge\Examples_3\Unit_Tests\PC Visual Studio 2019\..\..\..\Art\\PBR\dds\old_iron_01\2K\Roughness.tex
         D:\HTC\avboit\The-Forge\Examples_3\Unit_Tests\PC Visual Studio 2019\..\..\..\Art\\PBR\dds\old_iron_01\2K\vMF\Normal.tex
    48>PostBuildEvent:
         0 File(s) copied
    54>PostBuildEvent:
         D:\HTC\avboit\The-Forge\Examples_3\Unit_Tests\PC Visual Studio 2019\..\..\..\Art\\PBR\dds\painted_metal_02\1K\Albedo.tex
         D:\HTC\avboit\The-Forge\Examples_3\Unit_Tests\PC Visual Studio 2019\..\..\..\Art\\PBR\dds\painted_metal_02\1K\AO.tex
         D:\HTC\avboit\The-Forge\Examples_3\Unit_Tests\PC Visual Studio 2019\..\..\..\Art\\PBR\dds\painted_metal_02\1K\Height.tex
         D:\HTC\avboit\The-Forge\Examples_3\Unit_Tests\PC Visual Studio 2019\..\..\..\Art\\PBR\dds\painted_metal_02\1K\Metallic.tex
         D:\HTC\avboit\The-Forge\Examples_3\Unit_Tests\PC Visual Studio 2019\..\..\..\Art\\PBR\dds\painted_metal_02\1K\Normal.tex
         D:\HTC\avboit\The-Forge\Examples_3\Unit_Tests\PC Visual Studio 2019\..\..\..\Art\\PBR\dds\painted_metal_02\1K\Roughness.tex
         D:\HTC\avboit\The-Forge\Examples_3\Unit_Tests\PC Visual Studio 2019\..\..\..\Art\\PBR\dds\painted_metal_02\2K\Albedo.tex
         D:\HTC\avboit\The-Forge\Examples_3\Unit_Tests\PC Visual Studio 2019\..\..\..\Art\\PBR\dds\painted_metal_02\2K\AO.tex
         D:\HTC\avboit\The-Forge\Examples_3\Unit_Tests\PC Visual Studio 2019\..\..\..\Art\\PBR\dds\painted_metal_02\2K\Height.tex
    48>PostBuildEvent:
         0 File(s) copied
    54>PostBuildEvent:
         D:\HTC\avboit\The-Forge\Examples_3\Unit_Tests\PC Visual Studio 2019\..\..\..\Art\\PBR\dds\painted_metal_02\2K\Metallic.tex
         D:\HTC\avboit\The-Forge\Examples_3\Unit_Tests\PC Visual Studio 2019\..\..\..\Art\\PBR\dds\painted_metal_02\2K\Normal.tex
         D:\HTC\avboit\The-Forge\Examples_3\Unit_Tests\PC Visual Studio 2019\..\..\..\Art\\PBR\dds\painted_metal_02\2K\Roughness.tex
         D:\HTC\avboit\The-Forge\Examples_3\Unit_Tests\PC Visual Studio 2019\..\..\..\Art\\PBR\dds\painted_metal_02\2K\vMF\Normal.tex
         D:\HTC\avboit\The-Forge\Examples_3\Unit_Tests\PC Visual Studio 2019\..\..\..\Art\\PBR\dds\raisins_01\2K\Albedo.tex
         D:\HTC\avboit\The-Forge\Examples_3\Unit_Tests\PC Visual Studio 2019\..\..\..\Art\\PBR\dds\raisins_01\2K\AO.tex
    48>PostBuildEvent:
         0 File(s) copied
    54>PostBuildEvent:
         D:\HTC\avboit\The-Forge\Examples_3\Unit_Tests\PC Visual Studio 2019\..\..\..\Art\\PBR\dds\raisins_01\2K\Height.tex
         D:\HTC\avboit\The-Forge\Examples_3\Unit_Tests\PC Visual Studio 2019\..\..\..\Art\\PBR\dds\raisins_01\2K\Metallic.tex
         D:\HTC\avboit\The-Forge\Examples_3\Unit_Tests\PC Visual Studio 2019\..\..\..\Art\\PBR\dds\raisins_01\2K\Normal.tex
         D:\HTC\avboit\The-Forge\Examples_3\Unit_Tests\PC Visual Studio 2019\..\..\..\Art\\PBR\dds\raisins_01\2K\Roughness.tex
         D:\HTC\avboit\The-Forge\Examples_3\Unit_Tests\PC Visual Studio 2019\..\..\..\Art\\PBR\dds\raisins_01\2K\vMF\Normal.tex
         D:\HTC\avboit\The-Forge\Examples_3\Unit_Tests\PC Visual Studio 2019\..\..\..\Art\\PBR\dds\round_aluminum_panel_01\1K\Albedo.tex
         D:\HTC\avboit\The-Forge\Examples_3\Unit_Tests\PC Visual Studio 2019\..\..\..\Art\\PBR\dds\round_aluminum_panel_01\1K\AO.tex
         D:\HTC\avboit\The-Forge\Examples_3\Unit_Tests\PC Visual Studio 2019\..\..\..\Art\\PBR\dds\round_aluminum_panel_01\1K\Height.tex
         D:\HTC\avboit\The-Forge\Examples_3\Unit_Tests\PC Visual Studio 2019\..\..\..\Art\\PBR\dds\round_aluminum_panel_01\1K\Normal.tex
         D:\HTC\avboit\The-Forge\Examples_3\Unit_Tests\PC Visual Studio 2019\..\..\..\Art\\PBR\dds\round_aluminum_panel_01\1K\Roughness.tex
    48>PostBuildEvent:
         0 File(s) copied
    54>PostBuildEvent:
         D:\HTC\avboit\The-Forge\Examples_3\Unit_Tests\PC Visual Studio 2019\..\..\..\Art\\PBR\dds\round_aluminum_panel_01\2K\Albedo.tex
         D:\HTC\avboit\The-Forge\Examples_3\Unit_Tests\PC Visual Studio 2019\..\..\..\Art\\PBR\dds\round_aluminum_panel_01\2K\AO.tex
         D:\HTC\avboit\The-Forge\Examples_3\Unit_Tests\PC Visual Studio 2019\..\..\..\Art\\PBR\dds\round_aluminum_panel_01\2K\Height.tex
         D:\HTC\avboit\The-Forge\Examples_3\Unit_Tests\PC Visual Studio 2019\..\..\..\Art\\PBR\dds\round_aluminum_panel_01\2K\Normal.tex
         D:\HTC\avboit\The-Forge\Examples_3\Unit_Tests\PC Visual Studio 2019\..\..\..\Art\\PBR\dds\round_aluminum_panel_01\2K\Roughness.tex
         D:\HTC\avboit\The-Forge\Examples_3\Unit_Tests\PC Visual Studio 2019\..\..\..\Art\\PBR\dds\round_aluminum_panel_01\2K\vMF\Normal.tex
    48>PostBuildEvent:
         0 File(s) copied
    54>PostBuildEvent:
         D:\HTC\avboit\The-Forge\Examples_3\Unit_Tests\PC Visual Studio 2019\..\..\..\Art\\PBR\dds\round_metal_tiles_01\2K\vMF\Normal.tex
         D:\HTC\avboit\The-Forge\Examples_3\Unit_Tests\PC Visual Studio 2019\..\..\..\Art\\PBR\dds\round_metal_tiles_01\3K\Albedo.tex
         D:\HTC\avboit\The-Forge\Examples_3\Unit_Tests\PC Visual Studio 2019\..\..\..\Art\\PBR\dds\round_metal_tiles_01\3K\AO.tex
         D:\HTC\avboit\The-Forge\Examples_3\Unit_Tests\PC Visual Studio 2019\..\..\..\Art\\PBR\dds\round_metal_tiles_01\3K\Height.tex
         D:\HTC\avboit\The-Forge\Examples_3\Unit_Tests\PC Visual Studio 2019\..\..\..\Art\\PBR\dds\round_metal_tiles_01\3K\Metallic.tex
         D:\HTC\avboit\The-Forge\Examples_3\Unit_Tests\PC Visual Studio 2019\..\..\..\Art\\PBR\dds\round_metal_tiles_01\3K\Normal.tex
    48>PostBuildEvent:
         0 File(s) copied
    54>PostBuildEvent:
         D:\HTC\avboit\The-Forge\Examples_3\Unit_Tests\PC Visual Studio 2019\..\..\..\Art\\PBR\dds\round_metal_tiles_01\3K\Roughness.tex
         D:\HTC\avboit\The-Forge\Examples_3\Unit_Tests\PC Visual Studio 2019\..\..\..\Art\\PBR\dds\rusty_metal_panel_01\2K\Albedo.tex
         D:\HTC\avboit\The-Forge\Examples_3\Unit_Tests\PC Visual Studio 2019\..\..\..\Art\\PBR\dds\rusty_metal_panel_01\2K\AO.tex
         D:\HTC\avboit\The-Forge\Examples_3\Unit_Tests\PC Visual Studio 2019\..\..\..\Art\\PBR\dds\rusty_metal_panel_01\2K\Height.tex
         D:\HTC\avboit\The-Forge\Examples_3\Unit_Tests\PC Visual Studio 2019\..\..\..\Art\\PBR\dds\rusty_metal_panel_01\2K\Metallic.tex
         D:\HTC\avboit\The-Forge\Examples_3\Unit_Tests\PC Visual Studio 2019\..\..\..\Art\\PBR\dds\rusty_metal_panel_01\2K\Normal.tex
         D:\HTC\avboit\The-Forge\Examples_3\Unit_Tests\PC Visual Studio 2019\..\..\..\Art\\PBR\dds\rusty_metal_panel_01\2K\Roughness.tex
    48>PostBuildEvent:
         0 File(s) copied
    54>PostBuildEvent:
         D:\HTC\avboit\The-Forge\Examples_3\Unit_Tests\PC Visual Studio 2019\..\..\..\Art\\PBR\dds\rusty_metal_panel_01\2K\vMF\Normal.tex
         D:\HTC\avboit\The-Forge\Examples_3\Unit_Tests\PC Visual Studio 2019\..\..\..\Art\\PBR\dds\scratched_gold_01\1K\Albedo.tex
         D:\HTC\avboit\The-Forge\Examples_3\Unit_Tests\PC Visual Studio 2019\..\..\..\Art\\PBR\dds\scratched_gold_01\1K\AO.tex
         D:\HTC\avboit\The-Forge\Examples_3\Unit_Tests\PC Visual Studio 2019\..\..\..\Art\\PBR\dds\scratched_gold_01\1K\Height.tex
         D:\HTC\avboit\The-Forge\Examples_3\Unit_Tests\PC Visual Studio 2019\..\..\..\Art\\PBR\dds\scratched_gold_01\1K\Normal.tex
         D:\HTC\avboit\The-Forge\Examples_3\Unit_Tests\PC Visual Studio 2019\..\..\..\Art\\PBR\dds\scratched_gold_01\1K\Roughness.tex
         D:\HTC\avboit\The-Forge\Examples_3\Unit_Tests\PC Visual Studio 2019\..\..\..\Art\\PBR\dds\scratched_gold_01\2K\Albedo.tex
    44>ClCompile:
         ?????????
    48>PostBuildEvent:
         0 File(s) copied
    54>PostBuildEvent:
         D:\HTC\avboit\The-Forge\Examples_3\Unit_Tests\PC Visual Studio 2019\..\..\..\Art\\PBR\dds\scratched_gold_01\2K\AO.tex
         D:\HTC\avboit\The-Forge\Examples_3\Unit_Tests\PC Visual Studio 2019\..\..\..\Art\\PBR\dds\scratched_gold_01\2K\Height.tex
         D:\HTC\avboit\The-Forge\Examples_3\Unit_Tests\PC Visual Studio 2019\..\..\..\Art\\PBR\dds\scratched_gold_01\2K\Normal.tex
         D:\HTC\avboit\The-Forge\Examples_3\Unit_Tests\PC Visual Studio 2019\..\..\..\Art\\PBR\dds\scratched_gold_01\2K\Roughness.tex
         D:\HTC\avboit\The-Forge\Examples_3\Unit_Tests\PC Visual Studio 2019\..\..\..\Art\\PBR\dds\scratched_gold_01\2K\vMF\Normal.tex
    44>Link:
         ?????????
         34_Input.vcxproj -> D:\HTC\avboit\The-Forge\Examples_3\Unit_Tests\PC Visual Studio 2019\x64\Release\34_Input\34_Input.exe
    54>PostBuildEvent:
         D:\HTC\avboit\The-Forge\Examples_3\Unit_Tests\PC Visual Studio 2019\..\..\..\Art\\PBR\dds\snow_white_tiles_02\1K\Albedo.tex
    48>PostBuildEvent:
         0 File(s) copied
    54>PostBuildEvent:
         D:\HTC\avboit\The-Forge\Examples_3\Unit_Tests\PC Visual Studio 2019\..\..\..\Art\\PBR\dds\snow_white_tiles_02\1K\AO.tex
    44>CustomBuildStep:
       ??????“CustomBuildStep”,????????
    54>PostBuildEvent:
         D:\HTC\avboit\The-Forge\Examples_3\Unit_Tests\PC Visual Studio 2019\..\..\..\Art\\PBR\dds\snow_white_tiles_02\1K\Height.tex
         D:\HTC\avboit\The-Forge\Examples_3\Unit_Tests\PC Visual Studio 2019\..\..\..\Art\\PBR\dds\snow_white_tiles_02\1K\Normal.tex
         D:\HTC\avboit\The-Forge\Examples_3\Unit_Tests\PC Visual Studio 2019\..\..\..\Art\\PBR\dds\snow_white_tiles_02\1K\Roughness.tex
         D:\HTC\avboit\The-Forge\Examples_3\Unit_Tests\PC Visual Studio 2019\..\..\..\Art\\PBR\dds\snow_white_tiles_02\2K\Albedo.tex
         D:\HTC\avboit\The-Forge\Examples_3\Unit_Tests\PC Visual Studio 2019\..\..\..\Art\\PBR\dds\snow_white_tiles_02\2K\AO.tex
         D:\HTC\avboit\The-Forge\Examples_3\Unit_Tests\PC Visual Studio 2019\..\..\..\Art\\PBR\dds\snow_white_tiles_02\2K\Height.tex
    44>CustomBuildStep:
       ??????“CustomBuildStep”,????????
       PostBuildEvent:
         
                 xcopy "D:\HTC\avboit\The-Forge\Examples_3\Unit_Tests\PC Visual Studio 2019\..\..\..\Common_3\Graphics\ThirdParty\OpenSource\VulkanSDK\bin\Win32\*.dll" "D:\HTC\avboit\The-Forge\Examples_3\Unit_Tests\PC Visual Studio 2019\x64\Release\34_Input\" /S /Y /D
                 xcopy "D:\HTC\avboit\The-Forge\Examples_3\Unit_Tests\PC Visual Studio 2019\..\..\..\Common_3\Graphics\ThirdParty\OpenSource\VulkanSDK\bin\Win32\*.json" "D:\HTC\avboit\The-Forge\Examples_3\Unit_Tests\PC Visual Studio 2019\x64\Release\34_Input\" /S /Y /D
                 xcopy "D:\HTC\avboit\The-Forge\Examples_3\Unit_Tests\PC Visual Studio 2019\..\..\..\Common_3\Graphics\ThirdParty\OpenSource\ags\ags_lib\lib\amd_ags_x64.dll" "D:\HTC\avboit\The-Forge\Examples_3\Unit_Tests\PC Visual Studio 2019\x64\Release\34_Input\amd_ags_x64.dll"* /S /Y /D
                 xcopy "D:\HTC\avboit\The-Forge\Examples_3\Unit_Tests\PC Visual Studio 2019\..\..\..\Common_3\Graphics\ThirdParty\OpenSource\DirectXShaderCompiler\bin\x64\dxcompiler.dll" "D:\HTC\avboit\The-Forge\Examples_3\Unit_Tests\PC Visual Studio 2019\x64\Release\34_Input\dxcompiler.dll"* /S /Y /D
                 xcopy "D:\HTC\avboit\The-Forge\Examples_3\Unit_Tests\PC Visual Studio 2019\..\..\..\Common_3\Graphics\ThirdParty\OpenSource\Direct3d12Agility\bin\x64\*.dll" "D:\HTC\avboit\The-Forge\Examples_3\Unit_Tests\PC Visual Studio 2019\x64\Release\34_Input\"* /S /Y /D
                 xcopy "D:\HTC\avboit\The-Forge\Examples_3\Unit_Tests\PC Visual Studio 2019\..\..\..\Common_3\OS\ThirdParty\OpenSource\winpixeventruntime\bin\WinPixEventRuntime.dll" "D:\HTC\avboit\The-Forge\Examples_3\Unit_Tests\PC Visual Studio 2019\x64\Release\34_Input\WinPixEventRunTime.dll"* /S /Y /D
                 
                set ART=D:\HTC\avboit\The-Forge\Examples_3\Unit_Tests\PC Visual Studio 2019\..\..\..\Art\
         xcopy /Y /S /D "%ART%\UnitTestResources\Textures\dds\input\*.tex" "D:\HTC\avboit\The-Forge\Examples_3\Unit_Tests\PC Visual Studio 2019\x64\Release\34_Input\Textures\"
         xcopy /Y /S /D "%ART%\UnitTestResources\Fonts\*.ttf" "D:\HTC\avboit\The-Forge\Examples_3\Unit_Tests\PC Visual Studio 2019\x64\Release\34_Input\Fonts\"
         xcopy /Y /S /D "%ART%\UnitTestResources\Fonts\*.otf" "D:\HTC\avboit\The-Forge\Examples_3\Unit_Tests\PC Visual Studio 2019\x64\Release\34_Input\Fonts\"
         
         xcopy /Y /S /D /E "D:\HTC\avboit\The-Forge\Examples_3\Unit_Tests\PC Visual Studio 2019\x64\Release\34_Input\..\OS\Shaders" "D:\HTC\avboit\The-Forge\Examples_3\Unit_Tests\PC Visual Studio 2019\x64\Release\34_Input\Shaders"
         xcopy /Y /S /D /E "D:\HTC\avboit\The-Forge\Examples_3\Unit_Tests\PC Visual Studio 2019\x64\Release\34_Input\..\OS\CompiledShaders" "D:\HTC\avboit\The-Forge\Examples_3\Unit_Tests\PC Visual Studio 2019\x64\Release\34_Input\CompiledShaders"
         
         xcopy /Y /S /D "%ART%\UnitTestResources\Scripts\*.lua" "D:\HTC\avboit\The-Forge\Examples_3\Unit_Tests\PC Visual Studio 2019\x64\Release\34_Input\Scripts\"
         
         xcopy "D:\HTC\avboit\The-Forge\Common_3\OS\Windows\pc_gpu.data" "D:\HTC\avboit\The-Forge\Examples_3\Unit_Tests\PC Visual Studio 2019\x64\Release\34_Input\GPUCfg\gpu.data*" /Y /D
         xcopy "D:\HTC\avboit\The-Forge\Examples_3\Unit_Tests\src\34_Input\GPUCfg\gpu.cfg" "D:\HTC\avboit\The-Forge\Examples_3\Unit_Tests\PC Visual Studio 2019\x64\Release\34_Input\GPUCfg\gpu.cfg*" /Y /D
         
         :VCEnd
    54>PostBuildEvent:
         D:\HTC\avboit\The-Forge\Examples_3\Unit_Tests\PC Visual Studio 2019\..\..\..\Art\\PBR\dds\snow_white_tiles_02\2K\Normal.tex
         D:\HTC\avboit\The-Forge\Examples_3\Unit_Tests\PC Visual Studio 2019\..\..\..\Art\\PBR\dds\snow_white_tiles_02\2K\Roughness.tex
    48>PostBuildEvent:
         0 File(s) copied
    54>PostBuildEvent:
         D:\HTC\avboit\The-Forge\Examples_3\Unit_Tests\PC Visual Studio 2019\..\..\..\Art\\PBR\dds\snow_white_tiles_02\2K\Roughness2.tex
         D:\HTC\avboit\The-Forge\Examples_3\Unit_Tests\PC Visual Studio 2019\..\..\..\Art\\PBR\dds\snow_white_tiles_02\2K\vMF\Normal.tex
         D:\HTC\avboit\The-Forge\Examples_3\Unit_Tests\PC Visual Studio 2019\..\..\..\Art\\PBR\dds\wooden_planks_05\1K\Albedo.tex
         D:\HTC\avboit\The-Forge\Examples_3\Unit_Tests\PC Visual Studio 2019\..\..\..\Art\\PBR\dds\wooden_planks_05\1K\AO.tex
         D:\HTC\avboit\The-Forge\Examples_3\Unit_Tests\PC Visual Studio 2019\..\..\..\Art\\PBR\dds\wooden_planks_05\1K\Height.tex
         D:\HTC\avboit\The-Forge\Examples_3\Unit_Tests\PC Visual Studio 2019\..\..\..\Art\\PBR\dds\wooden_planks_05\1K\Metallic.tex
         D:\HTC\avboit\The-Forge\Examples_3\Unit_Tests\PC Visual Studio 2019\..\..\..\Art\\PBR\dds\wooden_planks_05\1K\Normal.tex
    48>PostBuildEvent:
         0 File(s) copied
    54>PostBuildEvent:
         D:\HTC\avboit\The-Forge\Examples_3\Unit_Tests\PC Visual Studio 2019\..\..\..\Art\\PBR\dds\wooden_planks_05\1K\Roughness.tex
         D:\HTC\avboit\The-Forge\Examples_3\Unit_Tests\PC Visual Studio 2019\..\..\..\Art\\PBR\dds\wooden_planks_05\2K\Albedo.tex
         D:\HTC\avboit\The-Forge\Examples_3\Unit_Tests\PC Visual Studio 2019\..\..\..\Art\\PBR\dds\wooden_planks_05\2K\AO.tex
         D:\HTC\avboit\The-Forge\Examples_3\Unit_Tests\PC Visual Studio 2019\..\..\..\Art\\PBR\dds\wooden_planks_05\2K\Height.tex
         D:\HTC\avboit\The-Forge\Examples_3\Unit_Tests\PC Visual Studio 2019\..\..\..\Art\\PBR\dds\wooden_planks_05\2K\Metallic.tex
         D:\HTC\avboit\The-Forge\Examples_3\Unit_Tests\PC Visual Studio 2019\..\..\..\Art\\PBR\dds\wooden_planks_05\2K\Normal.tex
         D:\HTC\avboit\The-Forge\Examples_3\Unit_Tests\PC Visual Studio 2019\..\..\..\Art\\PBR\dds\wooden_planks_05\2K\Roughness.tex
    48>PostBuildEvent:
         0 File(s) copied
    54>PostBuildEvent:
         D:\HTC\avboit\The-Forge\Examples_3\Unit_Tests\PC Visual Studio 2019\..\..\..\Art\\PBR\dds\wooden_planks_05\2K\vMF\Normal.tex
         D:\HTC\avboit\The-Forge\Examples_3\Unit_Tests\PC Visual Studio 2019\..\..\..\Art\\PBR\dds\wooden_planks_05\3K\Albedo.tex
         D:\HTC\avboit\The-Forge\Examples_3\Unit_Tests\PC Visual Studio 2019\..\..\..\Art\\PBR\dds\wooden_planks_05\3K\AO.tex
         D:\HTC\avboit\The-Forge\Examples_3\Unit_Tests\PC Visual Studio 2019\..\..\..\Art\\PBR\dds\wooden_planks_05\3K\Height.tex
         D:\HTC\avboit\The-Forge\Examples_3\Unit_Tests\PC Visual Studio 2019\..\..\..\Art\\PBR\dds\wooden_planks_05\3K\Metallic.tex
         D:\HTC\avboit\The-Forge\Examples_3\Unit_Tests\PC Visual Studio 2019\..\..\..\Art\\PBR\dds\wooden_planks_05\3K\Normal.tex
    48>PostBuildEvent:
         D:\HTC\avboit\The-Forge\Examples_3\Unit_Tests\PC Visual Studio 2019\..\..\..\Art\\SanMiguel_3\Meshes\SanMiguel.bin
    54>PostBuildEvent:
         D:\HTC\avboit\The-Forge\Examples_3\Unit_Tests\PC Visual Studio 2019\..\..\..\Art\\PBR\dds\wooden_planks_05\3K\Roughness.tex
         D:\HTC\avboit\The-Forge\Examples_3\Unit_Tests\PC Visual Studio 2019\..\..\..\Art\\PBR\dds\wooden_planks_06\1K\Albedo.tex
    44>PostBuildEvent:
         0 File(s) copied
    54>PostBuildEvent:
         D:\HTC\avboit\The-Forge\Examples_3\Unit_Tests\PC Visual Studio 2019\..\..\..\Art\\PBR\dds\wooden_planks_06\1K\AO.tex
         D:\HTC\avboit\The-Forge\Examples_3\Unit_Tests\PC Visual Studio 2019\..\..\..\Art\\PBR\dds\wooden_planks_06\1K\Height.tex
         D:\HTC\avboit\The-Forge\Examples_3\Unit_Tests\PC Visual Studio 2019\..\..\..\Art\\PBR\dds\wooden_planks_06\1K\Metallic.tex
         D:\HTC\avboit\The-Forge\Examples_3\Unit_Tests\PC Visual Studio 2019\..\..\..\Art\\PBR\dds\wooden_planks_06\1K\Normal.tex
         D:\HTC\avboit\The-Forge\Examples_3\Unit_Tests\PC Visual Studio 2019\..\..\..\Art\\PBR\dds\wooden_planks_06\1K\Roughness.tex
         D:\HTC\avboit\The-Forge\Examples_3\Unit_Tests\PC Visual Studio 2019\..\..\..\Art\\PBR\dds\wooden_planks_06\2K\Albedo.tex
         D:\HTC\avboit\The-Forge\Examples_3\Unit_Tests\PC Visual Studio 2019\..\..\..\Art\\PBR\dds\wooden_planks_06\2K\AO.tex
         D:\HTC\avboit\The-Forge\Examples_3\Unit_Tests\PC Visual Studio 2019\..\..\..\Art\\PBR\dds\wooden_planks_06\2K\Height.tex
         D:\HTC\avboit\The-Forge\Examples_3\Unit_Tests\PC Visual Studio 2019\..\..\..\Art\\PBR\dds\wooden_planks_06\2K\Metallic.tex
         D:\HTC\avboit\The-Forge\Examples_3\Unit_Tests\PC Visual Studio 2019\..\..\..\Art\\PBR\dds\wooden_planks_06\2K\Normal.tex
    44>PostBuildEvent:
         0 File(s) copied
    54>PostBuildEvent:
         D:\HTC\avboit\The-Forge\Examples_3\Unit_Tests\PC Visual Studio 2019\..\..\..\Art\\PBR\dds\wooden_planks_06\2K\Roughness.tex
         D:\HTC\avboit\The-Forge\Examples_3\Unit_Tests\PC Visual Studio 2019\..\..\..\Art\\PBR\dds\wooden_planks_06\2K\vMF\Normal.tex
         D:\HTC\avboit\The-Forge\Examples_3\Unit_Tests\PC Visual Studio 2019\..\..\..\Art\\PBR\dds\wooden_planks_06\3K\Albedo.tex
    48>PostBuildEvent:
         D:\HTC\avboit\The-Forge\Examples_3\Unit_Tests\PC Visual Studio 2019\..\..\..\Art\\SanMiguel_3\Meshes\SanMiguel_AlphaTested.bin
    54>PostBuildEvent:
         D:\HTC\avboit\The-Forge\Examples_3\Unit_Tests\PC Visual Studio 2019\..\..\..\Art\\PBR\dds\wooden_planks_06\3K\AO.tex
         D:\HTC\avboit\The-Forge\Examples_3\Unit_Tests\PC Visual Studio 2019\..\..\..\Art\\PBR\dds\wooden_planks_06\3K\Height.tex
    44>PostBuildEvent:
         0 File(s) copied
    54>PostBuildEvent:
         D:\HTC\avboit\The-Forge\Examples_3\Unit_Tests\PC Visual Studio 2019\..\..\..\Art\\PBR\dds\wooden_planks_06\3K\Metallic.tex
         D:\HTC\avboit\The-Forge\Examples_3\Unit_Tests\PC Visual Studio 2019\..\..\..\Art\\PBR\dds\wooden_planks_06\3K\Normal.tex
         D:\HTC\avboit\The-Forge\Examples_3\Unit_Tests\PC Visual Studio 2019\..\..\..\Art\\PBR\dds\wooden_planks_06\3K\Roughness.tex
         D:\HTC\avboit\The-Forge\Examples_3\Unit_Tests\PC Visual Studio 2019\..\..\..\Art\\PBR\dds\wood_#03\1K\Albedo.tex
         D:\HTC\avboit\The-Forge\Examples_3\Unit_Tests\PC Visual Studio 2019\..\..\..\Art\\PBR\dds\wood_#03\1K\AO.tex
         D:\HTC\avboit\The-Forge\Examples_3\Unit_Tests\PC Visual Studio 2019\..\..\..\Art\\PBR\dds\wood_#03\1K\Height.tex
         D:\HTC\avboit\The-Forge\Examples_3\Unit_Tests\PC Visual Studio 2019\..\..\..\Art\\PBR\dds\wood_#03\1K\Metallic.tex
         D:\HTC\avboit\The-Forge\Examples_3\Unit_Tests\PC Visual Studio 2019\..\..\..\Art\\PBR\dds\wood_#03\1K\Normal.tex
         D:\HTC\avboit\The-Forge\Examples_3\Unit_Tests\PC Visual Studio 2019\..\..\..\Art\\PBR\dds\wood_#03\1K\Roughness.tex
    44>PostBuildEvent:
         0 File(s) copied
    54>PostBuildEvent:
         D:\HTC\avboit\The-Forge\Examples_3\Unit_Tests\PC Visual Studio 2019\..\..\..\Art\\PBR\dds\wood_#03\2K\Albedo.tex
    48>PostBuildEvent:
         D:\HTC\avboit\The-Forge\Examples_3\Unit_Tests\PC Visual Studio 2019\..\..\..\Art\\SanMiguel_3\Meshes\SanMiguel_Flags.bin
    54>PostBuildEvent:
         D:\HTC\avboit\The-Forge\Examples_3\Unit_Tests\PC Visual Studio 2019\..\..\..\Art\\PBR\dds\wood_#03\2K\AO.tex
    48>PostBuildEvent:
         D:\HTC\avboit\The-Forge\Examples_3\Unit_Tests\PC Visual Studio 2019\..\..\..\Art\\SanMiguel_3\Meshes\SanMiguel_Opaque.bin
    54>PostBuildEvent:
         D:\HTC\avboit\The-Forge\Examples_3\Unit_Tests\PC Visual Studio 2019\..\..\..\Art\\PBR\dds\wood_#03\2K\Height.tex
         D:\HTC\avboit\The-Forge\Examples_3\Unit_Tests\PC Visual Studio 2019\..\..\..\Art\\PBR\dds\wood_#03\2K\Metallic.tex
         D:\HTC\avboit\The-Forge\Examples_3\Unit_Tests\PC Visual Studio 2019\..\..\..\Art\\PBR\dds\wood_#03\2K\Normal.tex
         D:\HTC\avboit\The-Forge\Examples_3\Unit_Tests\PC Visual Studio 2019\..\..\..\Art\\PBR\dds\wood_#03\2K\Roughness.tex
    48>PostBuildEvent:
         D:\HTC\avboit\The-Forge\Examples_3\Unit_Tests\PC Visual Studio 2019\..\..\..\Art\\SanMiguel_3\Meshes\sun.bin
         5 File(s) copied
    54>PostBuildEvent:
         D:\HTC\avboit\The-Forge\Examples_3\Unit_Tests\PC Visual Studio 2019\..\..\..\Art\\PBR\dds\wood_#03\2K\vMF\Normal.tex
    44>PostBuildEvent:
         0 File(s) copied
    54>PostBuildEvent:
         D:\HTC\avboit\The-Forge\Examples_3\Unit_Tests\PC Visual Studio 2019\..\..\..\Art\\PBR\dds\wood_#08\1K\Albedo.tex
         D:\HTC\avboit\The-Forge\Examples_3\Unit_Tests\PC Visual Studio 2019\..\..\..\Art\\PBR\dds\wood_#08\1K\AO.tex
         D:\HTC\avboit\The-Forge\Examples_3\Unit_Tests\PC Visual Studio 2019\..\..\..\Art\\PBR\dds\wood_#08\1K\Height.tex
         D:\HTC\avboit\The-Forge\Examples_3\Unit_Tests\PC Visual Studio 2019\..\..\..\Art\\PBR\dds\wood_#08\1K\Metallic.tex
         D:\HTC\avboit\The-Forge\Examples_3\Unit_Tests\PC Visual Studio 2019\..\..\..\Art\\PBR\dds\wood_#08\1K\Normal.tex
         D:\HTC\avboit\The-Forge\Examples_3\Unit_Tests\PC Visual Studio 2019\..\..\..\Art\\PBR\dds\wood_#08\1K\Roughness.tex
         D:\HTC\avboit\The-Forge\Examples_3\Unit_Tests\PC Visual Studio 2019\..\..\..\Art\\PBR\dds\wood_#08\2K\Albedo.tex
         D:\HTC\avboit\The-Forge\Examples_3\Unit_Tests\PC Visual Studio 2019\..\..\..\Art\\PBR\dds\wood_#08\2K\AO.tex
         D:\HTC\avboit\The-Forge\Examples_3\Unit_Tests\PC Visual Studio 2019\..\..\..\Art\\PBR\dds\wood_#08\2K\Height.tex
    48>PostBuildEvent:
         D:\HTC\avboit\The-Forge\Examples_3\Unit_Tests\PC Visual Studio 2019\..\..\..\Art\\SanMiguel_3\Textures\dds\0001_carros.tex
    54>PostBuildEvent:
         D:\HTC\avboit\The-Forge\Examples_3\Unit_Tests\PC Visual Studio 2019\..\..\..\Art\\PBR\dds\wood_#08\2K\Metallic.tex
         D:\HTC\avboit\The-Forge\Examples_3\Unit_Tests\PC Visual Studio 2019\..\..\..\Art\\PBR\dds\wood_#08\2K\Normal.tex
    48>PostBuildEvent:
         D:\HTC\avboit\The-Forge\Examples_3\Unit_Tests\PC Visual Studio 2019\..\..\..\Art\\SanMiguel_3\Textures\dds\052terresable.tex
         D:\HTC\avboit\The-Forge\Examples_3\Unit_Tests\PC Visual Studio 2019\..\..\..\Art\\SanMiguel_3\Textures\dds\052terresable_NRM.tex
    54>PostBuildEvent:
         D:\HTC\avboit\The-Forge\Examples_3\Unit_Tests\PC Visual Studio 2019\..\..\..\Art\\PBR\dds\wood_#08\2K\Roughness.tex
    48>PostBuildEvent:
         D:\HTC\avboit\The-Forge\Examples_3\Unit_Tests\PC Visual Studio 2019\..\..\..\Art\\SanMiguel_3\Textures\dds\052terresable_SPEC.tex
         D:\HTC\avboit\The-Forge\Examples_3\Unit_Tests\PC Visual Studio 2019\..\..\..\Art\\SanMiguel_3\Textures\dds\06-30-1997.tex
         D:\HTC\avboit\The-Forge\Examples_3\Unit_Tests\PC Visual Studio 2019\..\..\..\Art\\SanMiguel_3\Textures\dds\aglaonema_bark.tex
    44>PostBuildEvent:
         0 File(s) copied
    54>PostBuildEvent:
         D:\HTC\avboit\The-Forge\Examples_3\Unit_Tests\PC Visual Studio 2019\..\..\..\Art\\PBR\dds\wood_#08\2K\vMF\Normal.tex
    48>PostBuildEvent:
         D:\HTC\avboit\The-Forge\Examples_3\Unit_Tests\PC Visual Studio 2019\..\..\..\Art\\SanMiguel_3\Textures\dds\aglaonema_leaf.tex
         D:\HTC\avboit\The-Forge\Examples_3\Unit_Tests\PC Visual Studio 2019\..\..\..\Art\\SanMiguel_3\Textures\dds\aglaonema_leaf_SPEC.tex
         D:\HTC\avboit\The-Forge\Examples_3\Unit_Tests\PC Visual Studio 2019\..\..\..\Art\\SanMiguel_3\Textures\dds\ampelopsis_brevipedunculata_bark.tex
         D:\HTC\avboit\The-Forge\Examples_3\Unit_Tests\PC Visual Studio 2019\..\..\..\Art\\SanMiguel_3\Textures\dds\arcos_lisos_2_color.tex
         D:\HTC\avboit\The-Forge\Examples_3\Unit_Tests\PC Visual Studio 2019\..\..\..\Art\\SanMiguel_3\Textures\dds\arcos_lisos_2_color_NRM.tex
    54>PostBuildEvent:
         D:\HTC\avboit\The-Forge\Examples_3\Unit_Tests\PC Visual Studio 2019\..\..\..\Art\\PBR\dds\wood_#16\1K\Albedo.tex
    48>PostBuildEvent:
         D:\HTC\avboit\The-Forge\Examples_3\Unit_Tests\PC Visual Studio 2019\..\..\..\Art\\SanMiguel_3\Textures\dds\arcos_lisos_2_color_SPEC.tex
    54>PostBuildEvent:
         D:\HTC\avboit\The-Forge\Examples_3\Unit_Tests\PC Visual Studio 2019\..\..\..\Art\\PBR\dds\wood_#16\1K\AO.tex
    48>PostBuildEvent:
         D:\HTC\avboit\The-Forge\Examples_3\Unit_Tests\PC Visual Studio 2019\..\..\..\Art\\SanMiguel_3\Textures\dds\arcos_lisos_3_color_1.tex
    54>PostBuildEvent:
         D:\HTC\avboit\The-Forge\Examples_3\Unit_Tests\PC Visual Studio 2019\..\..\..\Art\\PBR\dds\wood_#16\1K\Height.tex
    48>PostBuildEvent:
         D:\HTC\avboit\The-Forge\Examples_3\Unit_Tests\PC Visual Studio 2019\..\..\..\Art\\SanMiguel_3\Textures\dds\arcos_lisos_3_color_1_NRM.tex
    54>PostBuildEvent:
         D:\HTC\avboit\The-Forge\Examples_3\Unit_Tests\PC Visual Studio 2019\..\..\..\Art\\PBR\dds\wood_#16\1K\Metallic.tex
    48>PostBuildEvent:
         D:\HTC\avboit\The-Forge\Examples_3\Unit_Tests\PC Visual Studio 2019\..\..\..\Art\\SanMiguel_3\Textures\dds\arcos_lisos_3_color_1_SPEC.tex
    54>PostBuildEvent:
         D:\HTC\avboit\The-Forge\Examples_3\Unit_Tests\PC Visual Studio 2019\..\..\..\Art\\PBR\dds\wood_#16\1K\Normal.tex
    48>PostBuildEvent:
         D:\HTC\avboit\The-Forge\Examples_3\Unit_Tests\PC Visual Studio 2019\..\..\..\Art\\SanMiguel_3\Textures\dds\arco_frente.tex
    54>PostBuildEvent:
         D:\HTC\avboit\The-Forge\Examples_3\Unit_Tests\PC Visual Studio 2019\..\..\..\Art\\PBR\dds\wood_#16\1K\Roughness.tex
    48>PostBuildEvent:
         D:\HTC\avboit\The-Forge\Examples_3\Unit_Tests\PC Visual Studio 2019\..\..\..\Art\\SanMiguel_3\Textures\dds\arco_frente_NRM.tex
         D:\HTC\avboit\The-Forge\Examples_3\Unit_Tests\PC Visual Studio 2019\..\..\..\Art\\SanMiguel_3\Textures\dds\arco_frente_SPEC.tex
         D:\HTC\avboit\The-Forge\Examples_3\Unit_Tests\PC Visual Studio 2019\..\..\..\Art\\SanMiguel_3\Textures\dds\balconi2nd.tex
    54>PostBuildEvent:
         D:\HTC\avboit\The-Forge\Examples_3\Unit_Tests\PC Visual Studio 2019\..\..\..\Art\\PBR\dds\wood_#16\2K\Albedo.tex
    48>PostBuildEvent:
         D:\HTC\avboit\The-Forge\Examples_3\Unit_Tests\PC Visual Studio 2019\..\..\..\Art\\SanMiguel_3\Textures\dds\balconi2nd_NRM.tex
         D:\HTC\avboit\The-Forge\Examples_3\Unit_Tests\PC Visual Studio 2019\..\..\..\Art\\SanMiguel_3\Textures\dds\balconi2nd_SPEC.tex
    54>PostBuildEvent:
         D:\HTC\avboit\The-Forge\Examples_3\Unit_Tests\PC Visual Studio 2019\..\..\..\Art\\PBR\dds\wood_#16\2K\AO.tex
         D:\HTC\avboit\The-Forge\Examples_3\Unit_Tests\PC Visual Studio 2019\..\..\..\Art\\PBR\dds\wood_#16\2K\Height.tex
    48>PostBuildEvent:
         D:\HTC\avboit\The-Forge\Examples_3\Unit_Tests\PC Visual Studio 2019\..\..\..\Art\\SanMiguel_3\Textures\dds\bark06mi.tex
    44>PostBuildEvent:
         0 File(s) copied
    48>PostBuildEvent:
         D:\HTC\avboit\The-Forge\Examples_3\Unit_Tests\PC Visual Studio 2019\..\..\..\Art\\SanMiguel_3\Textures\dds\bark06mi_NRM.tex
         D:\HTC\avboit\The-Forge\Examples_3\Unit_Tests\PC Visual Studio 2019\..\..\..\Art\\SanMiguel_3\Textures\dds\Barro_2.tex
    54>PostBuildEvent:
         D:\HTC\avboit\The-Forge\Examples_3\Unit_Tests\PC Visual Studio 2019\..\..\..\Art\\PBR\dds\wood_#16\2K\Metallic.tex
    48>PostBuildEvent:
         D:\HTC\avboit\The-Forge\Examples_3\Unit_Tests\PC Visual Studio 2019\..\..\..\Art\\SanMiguel_3\Textures\dds\Barro_2_NRM.tex
    54>PostBuildEvent:
         D:\HTC\avboit\The-Forge\Examples_3\Unit_Tests\PC Visual Studio 2019\..\..\..\Art\\PBR\dds\wood_#16\2K\Normal.tex
    48>PostBuildEvent:
         D:\HTC\avboit\The-Forge\Examples_3\Unit_Tests\PC Visual Studio 2019\..\..\..\Art\\SanMiguel_3\Textures\dds\Barro_2_SPEC.tex
         D:\HTC\avboit\The-Forge\Examples_3\Unit_Tests\PC Visual Studio 2019\..\..\..\Art\\SanMiguel_3\Textures\dds\brushedMetal.tex
    54>PostBuildEvent:
         D:\HTC\avboit\The-Forge\Examples_3\Unit_Tests\PC Visual Studio 2019\..\..\..\Art\\PBR\dds\wood_#16\2K\Roughness.tex
    48>PostBuildEvent:
         D:\HTC\avboit\The-Forge\Examples_3\Unit_Tests\PC Visual Studio 2019\..\..\..\Art\\SanMiguel_3\Textures\dds\brushedMetal_NRM.tex
         D:\HTC\avboit\The-Forge\Examples_3\Unit_Tests\PC Visual Studio 2019\..\..\..\Art\\SanMiguel_3\Textures\dds\brushedMetal_SPEC.tex
    54>PostBuildEvent:
         D:\HTC\avboit\The-Forge\Examples_3\Unit_Tests\PC Visual Studio 2019\..\..\..\Art\\PBR\dds\wood_#16\2K\vMF\Normal.tex
    48>PostBuildEvent:
         D:\HTC\avboit\The-Forge\Examples_3\Unit_Tests\PC Visual Studio 2019\..\..\..\Art\\SanMiguel_3\Textures\dds\BWK_1024.tex
         D:\HTC\avboit\The-Forge\Examples_3\Unit_Tests\PC Visual Studio 2019\..\..\..\Art\\SanMiguel_3\Textures\dds\BWK_1024_NRM.tex
         D:\HTC\avboit\The-Forge\Examples_3\Unit_Tests\PC Visual Studio 2019\..\..\..\Art\\SanMiguel_3\Textures\dds\BWK_1024_SPEC.tex
         D:\HTC\avboit\The-Forge\Examples_3\Unit_Tests\PC Visual Studio 2019\..\..\..\Art\\SanMiguel_3\Textures\dds\candil_madera.tex
    54>PostBuildEvent:
         D:\HTC\avboit\The-Forge\Examples_3\Unit_Tests\PC Visual Studio 2019\..\..\..\Art\\PBR\dds\wood_#18\1K\Albedo.tex
    48>PostBuildEvent:
         D:\HTC\avboit\The-Forge\Examples_3\Unit_Tests\PC Visual Studio 2019\..\..\..\Art\\SanMiguel_3\Textures\dds\candil_madera_NRM.tex
    54>PostBuildEvent:
         D:\HTC\avboit\The-Forge\Examples_3\Unit_Tests\PC Visual Studio 2019\..\..\..\Art\\PBR\dds\wood_#18\1K\AO.tex
    48>PostBuildEvent:
         D:\HTC\avboit\The-Forge\Examples_3\Unit_Tests\PC Visual Studio 2019\..\..\..\Art\\SanMiguel_3\Textures\dds\candil_madera_SPEC.tex
    54>PostBuildEvent:
         D:\HTC\avboit\The-Forge\Examples_3\Unit_Tests\PC Visual Studio 2019\..\..\..\Art\\PBR\dds\wood_#18\1K\Height.tex
    48>PostBuildEvent:
         D:\HTC\avboit\The-Forge\Examples_3\Unit_Tests\PC Visual Studio 2019\..\..\..\Art\\SanMiguel_3\Textures\dds\cantera_naranja_liso.tex
    54>PostBuildEvent:
         D:\HTC\avboit\The-Forge\Examples_3\Unit_Tests\PC Visual Studio 2019\..\..\..\Art\\PBR\dds\wood_#18\1K\Metallic.tex
         D:\HTC\avboit\The-Forge\Examples_3\Unit_Tests\PC Visual Studio 2019\..\..\..\Art\\PBR\dds\wood_#18\1K\Normal.tex
    48>PostBuildEvent:
         D:\HTC\avboit\The-Forge\Examples_3\Unit_Tests\PC Visual Studio 2019\..\..\..\Art\\SanMiguel_3\Textures\dds\cantera_naranja_liso_NRM.tex
         D:\HTC\avboit\The-Forge\Examples_3\Unit_Tests\PC Visual Studio 2019\..\..\..\Art\\SanMiguel_3\Textures\dds\cantera_naranja_liso_SPEC.tex
    54>PostBuildEvent:
         D:\HTC\avboit\The-Forge\Examples_3\Unit_Tests\PC Visual Studio 2019\..\..\..\Art\\PBR\dds\wood_#18\1K\Roughness.tex
    48>PostBuildEvent:
         D:\HTC\avboit\The-Forge\Examples_3\Unit_Tests\PC Visual Studio 2019\..\..\..\Art\\SanMiguel_3\Textures\dds\cenicero.tex
    54>PostBuildEvent:
         D:\HTC\avboit\The-Forge\Examples_3\Unit_Tests\PC Visual Studio 2019\..\..\..\Art\\PBR\dds\wood_#18\2K\Albedo.tex
    48>PostBuildEvent:
         D:\HTC\avboit\The-Forge\Examples_3\Unit_Tests\PC Visual Studio 2019\..\..\..\Art\\SanMiguel_3\Textures\dds\cenicero_NRM.tex
    44>PostBuildEvent:
         File not found - *.ttf
    48>PostBuildEvent:
         D:\HTC\avboit\The-Forge\Examples_3\Unit_Tests\PC Visual Studio 2019\..\..\..\Art\\SanMiguel_3\Textures\dds\cenicero_SPEC.tex
    44>PostBuildEvent:
         0 File(s) copied
    54>PostBuildEvent:
         D:\HTC\avboit\The-Forge\Examples_3\Unit_Tests\PC Visual Studio 2019\..\..\..\Art\\PBR\dds\wood_#18\2K\AO.tex
         D:\HTC\avboit\The-Forge\Examples_3\Unit_Tests\PC Visual Studio 2019\..\..\..\Art\\PBR\dds\wood_#18\2K\Height.tex
    48>PostBuildEvent:
         D:\HTC\avboit\The-Forge\Examples_3\Unit_Tests\PC Visual Studio 2019\..\..\..\Art\\SanMiguel_3\Textures\dds\ceramic_tile.tex
         D:\HTC\avboit\The-Forge\Examples_3\Unit_Tests\PC Visual Studio 2019\..\..\..\Art\\SanMiguel_3\Textures\dds\ceramic_tile_NRM.tex
    54>PostBuildEvent:
         D:\HTC\avboit\The-Forge\Examples_3\Unit_Tests\PC Visual Studio 2019\..\..\..\Art\\PBR\dds\wood_#18\2K\Metallic.tex
    48>PostBuildEvent:
         D:\HTC\avboit\The-Forge\Examples_3\Unit_Tests\PC Visual Studio 2019\..\..\..\Art\\SanMiguel_3\Textures\dds\ceramic_tile_SPEC.tex
    54>PostBuildEvent:
         D:\HTC\avboit\The-Forge\Examples_3\Unit_Tests\PC Visual Studio 2019\..\..\..\Art\\PBR\dds\wood_#18\2K\Normal.tex
    48>PostBuildEvent:
         D:\HTC\avboit\The-Forge\Examples_3\Unit_Tests\PC Visual Studio 2019\..\..\..\Art\\SanMiguel_3\Textures\dds\citrus_limon_leaf.tex
         D:\HTC\avboit\The-Forge\Examples_3\Unit_Tests\PC Visual Studio 2019\..\..\..\Art\\SanMiguel_3\Textures\dds\citrus_limon_leaf_NRM.tex
         D:\HTC\avboit\The-Forge\Examples_3\Unit_Tests\PC Visual Studio 2019\..\..\..\Art\\SanMiguel_3\Textures\dds\citrus_limon_leaf_SPEC.tex
    54>PostBuildEvent:
         D:\HTC\avboit\The-Forge\Examples_3\Unit_Tests\PC Visual Studio 2019\..\..\..\Art\\PBR\dds\wood_#18\2K\Roughness.tex
    48>PostBuildEvent:
         D:\HTC\avboit\The-Forge\Examples_3\Unit_Tests\PC Visual Studio 2019\..\..\..\Art\\SanMiguel_3\Textures\dds\concrete.tex
         D:\HTC\avboit\The-Forge\Examples_3\Unit_Tests\PC Visual Studio 2019\..\..\..\Art\\SanMiguel_3\Textures\dds\concrete_NRM.tex
    54>PostBuildEvent:
         D:\HTC\avboit\The-Forge\Examples_3\Unit_Tests\PC Visual Studio 2019\..\..\..\Art\\PBR\dds\wood_#18\2K\vMF\Normal.tex
    48>PostBuildEvent:
         D:\HTC\avboit\The-Forge\Examples_3\Unit_Tests\PC Visual Studio 2019\..\..\..\Art\\SanMiguel_3\Textures\dds\concrete_SPEC.tex
         D:\HTC\avboit\The-Forge\Examples_3\Unit_Tests\PC Visual Studio 2019\..\..\..\Art\\SanMiguel_3\Textures\dds\concreto_01.tex
         D:\HTC\avboit\The-Forge\Examples_3\Unit_Tests\PC Visual Studio 2019\..\..\..\Art\\SanMiguel_3\Textures\dds\concreto_01_NRM.tex
    54>PostBuildEvent:
         D:\HTC\avboit\The-Forge\Examples_3\Unit_Tests\PC Visual Studio 2019\..\..\..\Art\\PBR\dds\wood_01\1K\Albedo.tex
    48>PostBuildEvent:
         D:\HTC\avboit\The-Forge\Examples_3\Unit_Tests\PC Visual Studio 2019\..\..\..\Art\\SanMiguel_3\Textures\dds\concreto_01_SPEC.tex
    54>PostBuildEvent:
         D:\HTC\avboit\The-Forge\Examples_3\Unit_Tests\PC Visual Studio 2019\..\..\..\Art\\PBR\dds\wood_01\1K\AO.tex
    48>PostBuildEvent:
         D:\HTC\avboit\The-Forge\Examples_3\Unit_Tests\PC Visual Studio 2019\..\..\..\Art\\SanMiguel_3\Textures\dds\concreto_02.tex
    54>PostBuildEvent:
         D:\HTC\avboit\The-Forge\Examples_3\Unit_Tests\PC Visual Studio 2019\..\..\..\Art\\PBR\dds\wood_01\1K\Height.tex
    48>PostBuildEvent:
         D:\HTC\avboit\The-Forge\Examples_3\Unit_Tests\PC Visual Studio 2019\..\..\..\Art\\SanMiguel_3\Textures\dds\concreto_02_NRM.tex
    54>PostBuildEvent:
         D:\HTC\avboit\The-Forge\Examples_3\Unit_Tests\PC Visual Studio 2019\..\..\..\Art\\PBR\dds\wood_01\1K\Metallic.tex
         D:\HTC\avboit\The-Forge\Examples_3\Unit_Tests\PC Visual Studio 2019\..\..\..\Art\\PBR\dds\wood_01\1K\Normal.tex
    48>PostBuildEvent:
         D:\HTC\avboit\The-Forge\Examples_3\Unit_Tests\PC Visual Studio 2019\..\..\..\Art\\SanMiguel_3\Textures\dds\concreto_02_SPEC.tex
         D:\HTC\avboit\The-Forge\Examples_3\Unit_Tests\PC Visual Studio 2019\..\..\..\Art\\SanMiguel_3\Textures\dds\D30_Smiguel_2003_7758.tex
    54>PostBuildEvent:
         D:\HTC\avboit\The-Forge\Examples_3\Unit_Tests\PC Visual Studio 2019\..\..\..\Art\\PBR\dds\wood_01\1K\Roughness.tex
    48>PostBuildEvent:
         D:\HTC\avboit\The-Forge\Examples_3\Unit_Tests\PC Visual Studio 2019\..\..\..\Art\\SanMiguel_3\Textures\dds\D30_Smiguel_2003_7768.tex
         D:\HTC\avboit\The-Forge\Examples_3\Unit_Tests\PC Visual Studio 2019\..\..\..\Art\\SanMiguel_3\Textures\dds\D30_Smiguel_2003_7785.tex
    54>PostBuildEvent:
         D:\HTC\avboit\The-Forge\Examples_3\Unit_Tests\PC Visual Studio 2019\..\..\..\Art\\PBR\dds\wood_01\2K\Albedo.tex
    48>PostBuildEvent:
         D:\HTC\avboit\The-Forge\Examples_3\Unit_Tests\PC Visual Studio 2019\..\..\..\Art\\SanMiguel_3\Textures\dds\D30_Smiguel_2003_7812.tex
    44>PostBuildEvent:
         0 File(s) copied
    48>PostBuildEvent:
         D:\HTC\avboit\The-Forge\Examples_3\Unit_Tests\PC Visual Studio 2019\..\..\..\Art\\SanMiguel_3\Textures\dds\D30_Smiguel_2003_7815.tex
    54>PostBuildEvent:
         D:\HTC\avboit\The-Forge\Examples_3\Unit_Tests\PC Visual Studio 2019\..\..\..\Art\\PBR\dds\wood_01\2K\AO.tex
    48>PostBuildEvent:
         D:\HTC\avboit\The-Forge\Examples_3\Unit_Tests\PC Visual Studio 2019\..\..\..\Art\\SanMiguel_3\Textures\dds\D30_Smiguel_2003_7833.tex
    54>PostBuildEvent:
         D:\HTC\avboit\The-Forge\Examples_3\Unit_Tests\PC Visual Studio 2019\..\..\..\Art\\PBR\dds\wood_01\2K\Height.tex
    48>PostBuildEvent:
         D:\HTC\avboit\The-Forge\Examples_3\Unit_Tests\PC Visual Studio 2019\..\..\..\Art\\SanMiguel_3\Textures\dds\D30_Smiguel_2003_7843.tex
         D:\HTC\avboit\The-Forge\Examples_3\Unit_Tests\PC Visual Studio 2019\..\..\..\Art\\SanMiguel_3\Textures\dds\daytime.tex
    54>PostBuildEvent:
         D:\HTC\avboit\The-Forge\Examples_3\Unit_Tests\PC Visual Studio 2019\..\..\..\Art\\PBR\dds\wood_01\2K\Metallic.tex
         D:\HTC\avboit\The-Forge\Examples_3\Unit_Tests\PC Visual Studio 2019\..\..\..\Art\\PBR\dds\wood_01\2K\Normal.tex
    48>PostBuildEvent:
         D:\HTC\avboit\The-Forge\Examples_3\Unit_Tests\PC Visual Studio 2019\..\..\..\Art\\SanMiguel_3\Textures\dds\daytime_cube.tex
    54>PostBuildEvent:
         D:\HTC\avboit\The-Forge\Examples_3\Unit_Tests\PC Visual Studio 2019\..\..\..\Art\\PBR\dds\wood_01\2K\Roughness.tex
         D:\HTC\avboit\The-Forge\Examples_3\Unit_Tests\PC Visual Studio 2019\..\..\..\Art\\PBR\dds\wood_01\2K\vMF\Normal.tex
    48>PostBuildEvent:
         D:\HTC\avboit\The-Forge\Examples_3\Unit_Tests\PC Visual Studio 2019\..\..\..\Art\\SanMiguel_3\Textures\dds\Default.tex
    54>PostBuildEvent:
         D:\HTC\avboit\The-Forge\Examples_3\Unit_Tests\PC Visual Studio 2019\..\..\..\Art\\PBR\dds\wood_05\1K\Albedo.tex
    48>PostBuildEvent:
         D:\HTC\avboit\The-Forge\Examples_3\Unit_Tests\PC Visual Studio 2019\..\..\..\Art\\SanMiguel_3\Textures\dds\Default_NRM.tex
         D:\HTC\avboit\The-Forge\Examples_3\Unit_Tests\PC Visual Studio 2019\..\..\..\Art\\SanMiguel_3\Textures\dds\Default_SPEC.tex
    54>PostBuildEvent:
         D:\HTC\avboit\The-Forge\Examples_3\Unit_Tests\PC Visual Studio 2019\..\..\..\Art\\PBR\dds\wood_05\1K\AO.tex
    48>PostBuildEvent:
         D:\HTC\avboit\The-Forge\Examples_3\Unit_Tests\PC Visual Studio 2019\..\..\..\Art\\SanMiguel_3\Textures\dds\Default_SPEC_TRANS.tex
    54>PostBuildEvent:
         D:\HTC\avboit\The-Forge\Examples_3\Unit_Tests\PC Visual Studio 2019\..\..\..\Art\\PBR\dds\wood_05\1K\Height.tex
    48>PostBuildEvent:
         D:\HTC\avboit\The-Forge\Examples_3\Unit_Tests\PC Visual Studio 2019\..\..\..\Art\\SanMiguel_3\Textures\dds\detmoldura_06_color.tex
    54>PostBuildEvent:
         D:\HTC\avboit\The-Forge\Examples_3\Unit_Tests\PC Visual Studio 2019\..\..\..\Art\\PBR\dds\wood_05\1K\Metallic.tex
    48>PostBuildEvent:
         D:\HTC\avboit\The-Forge\Examples_3\Unit_Tests\PC Visual Studio 2019\..\..\..\Art\\SanMiguel_3\Textures\dds\detmoldura_06_color_NRM.tex
    54>PostBuildEvent:
         D:\HTC\avboit\The-Forge\Examples_3\Unit_Tests\PC Visual Studio 2019\..\..\..\Art\\PBR\dds\wood_05\1K\Normal.tex
    44>PostBuildEvent:
         0 File(s) copied
    48>PostBuildEvent:
         D:\HTC\avboit\The-Forge\Examples_3\Unit_Tests\PC Visual Studio 2019\..\..\..\Art\\SanMiguel_3\Textures\dds\detmoldura_06_color_SPEC.tex
    54>PostBuildEvent:
         D:\HTC\avboit\The-Forge\Examples_3\Unit_Tests\PC Visual Studio 2019\..\..\..\Art\\PBR\dds\wood_05\1K\Roughness.tex
    48>PostBuildEvent:
         D:\HTC\avboit\The-Forge\Examples_3\Unit_Tests\PC Visual Studio 2019\..\..\..\Art\\SanMiguel_3\Textures\dds\elaeagnus_umbellate_bark.tex
         D:\HTC\avboit\The-Forge\Examples_3\Unit_Tests\PC Visual Studio 2019\..\..\..\Art\\SanMiguel_3\Textures\dds\escalera_color.tex
    54>PostBuildEvent:
         D:\HTC\avboit\The-Forge\Examples_3\Unit_Tests\PC Visual Studio 2019\..\..\..\Art\\PBR\dds\wood_05\2K\Albedo.tex
    48>PostBuildEvent:
         D:\HTC\avboit\The-Forge\Examples_3\Unit_Tests\PC Visual Studio 2019\..\..\..\Art\\SanMiguel_3\Textures\dds\escalera_color_NRM.tex
    54>PostBuildEvent:
         D:\HTC\avboit\The-Forge\Examples_3\Unit_Tests\PC Visual Studio 2019\..\..\..\Art\\PBR\dds\wood_05\2K\AO.tex
         D:\HTC\avboit\The-Forge\Examples_3\Unit_Tests\PC Visual Studio 2019\..\..\..\Art\\PBR\dds\wood_05\2K\Height.tex
    48>PostBuildEvent:
         D:\HTC\avboit\The-Forge\Examples_3\Unit_Tests\PC Visual Studio 2019\..\..\..\Art\\SanMiguel_3\Textures\dds\escalera_color_SPEC.tex
         D:\HTC\avboit\The-Forge\Examples_3\Unit_Tests\PC Visual Studio 2019\..\..\..\Art\\SanMiguel_3\Textures\dds\escurridera_color.tex
    54>PostBuildEvent:
         D:\HTC\avboit\The-Forge\Examples_3\Unit_Tests\PC Visual Studio 2019\..\..\..\Art\\PBR\dds\wood_05\2K\Metallic.tex
         D:\HTC\avboit\The-Forge\Examples_3\Unit_Tests\PC Visual Studio 2019\..\..\..\Art\\PBR\dds\wood_05\2K\Normal.tex
    48>PostBuildEvent:
         D:\HTC\avboit\The-Forge\Examples_3\Unit_Tests\PC Visual Studio 2019\..\..\..\Art\\SanMiguel_3\Textures\dds\escurridera_color_NRM.tex
         D:\HTC\avboit\The-Forge\Examples_3\Unit_Tests\PC Visual Studio 2019\..\..\..\Art\\SanMiguel_3\Textures\dds\escurridera_color_SPEC.tex
         D:\HTC\avboit\The-Forge\Examples_3\Unit_Tests\PC Visual Studio 2019\..\..\..\Art\\SanMiguel_3\Textures\dds\EU15lef.tex
    54>PostBuildEvent:
         D:\HTC\avboit\The-Forge\Examples_3\Unit_Tests\PC Visual Studio 2019\..\..\..\Art\\PBR\dds\wood_05\2K\Roughness.tex
    48>PostBuildEvent:
         D:\HTC\avboit\The-Forge\Examples_3\Unit_Tests\PC Visual Studio 2019\..\..\..\Art\\SanMiguel_3\Textures\dds\EU15lef_SPEC.tex
         D:\HTC\avboit\The-Forge\Examples_3\Unit_Tests\PC Visual Studio 2019\..\..\..\Art\\SanMiguel_3\Textures\dds\Fierro_A.tex
         D:\HTC\avboit\The-Forge\Examples_3\Unit_Tests\PC Visual Studio 2019\..\..\..\Art\\SanMiguel_3\Textures\dds\Fierro_A_NRM.tex
    54>PostBuildEvent:
         D:\HTC\avboit\The-Forge\Examples_3\Unit_Tests\PC Visual Studio 2019\..\..\..\Art\\PBR\dds\wood_05\2K\vMF\Normal.tex
    48>PostBuildEvent:
         D:\HTC\avboit\The-Forge\Examples_3\Unit_Tests\PC Visual Studio 2019\..\..\..\Art\\SanMiguel_3\Textures\dds\Fierro_A_SPEC.tex
         D:\HTC\avboit\The-Forge\Examples_3\Unit_Tests\PC Visual Studio 2019\..\..\..\Art\\SanMiguel_3\Textures\dds\fierro_b.tex
         D:\HTC\avboit\The-Forge\Examples_3\Unit_Tests\PC Visual Studio 2019\..\..\..\Art\\SanMiguel_3\Textures\dds\fierro_b_NRM.tex
    54>PostBuildEvent:
         266 File(s) copied
    48>PostBuildEvent:
         D:\HTC\avboit\The-Forge\Examples_3\Unit_Tests\PC Visual Studio 2019\..\..\..\Art\\SanMiguel_3\Textures\dds\fierro_b_SPEC.tex
         D:\HTC\avboit\The-Forge\Examples_3\Unit_Tests\PC Visual Studio 2019\..\..\..\Art\\SanMiguel_3\Textures\dds\Finishes.Flooring.Carpet.Loop.5.tex
         D:\HTC\avboit\The-Forge\Examples_3\Unit_Tests\PC Visual Studio 2019\..\..\..\Art\\SanMiguel_3\Textures\dds\Finishes.Flooring.Carpet.Loop.5_NRM.tex
         D:\HTC\avboit\The-Forge\Examples_3\Unit_Tests\PC Visual Studio 2019\..\..\..\Art\\SanMiguel_3\Textures\dds\Finishes.Flooring.Carpet.Loop.5_SPEC.tex
         D:\HTC\avboit\The-Forge\Examples_3\Unit_Tests\PC Visual Studio 2019\..\..\..\Art\\SanMiguel_3\Textures\dds\FL13lef1.tex
         D:\HTC\avboit\The-Forge\Examples_3\Unit_Tests\PC Visual Studio 2019\..\..\..\Art\\SanMiguel_3\Textures\dds\FL13lef1_NRM.tex
         D:\HTC\avboit\The-Forge\Examples_3\Unit_Tests\PC Visual Studio 2019\..\..\..\Art\\SanMiguel_3\Textures\dds\FL13lef1_SPEC.tex
    44>PostBuildEvent:
         0 File(s) copied
    48>PostBuildEvent:
         D:\HTC\avboit\The-Forge\Examples_3\Unit_Tests\PC Visual Studio 2019\..\..\..\Art\\SanMiguel_3\Textures\dds\FL13lef4.tex
         D:\HTC\avboit\The-Forge\Examples_3\Unit_Tests\PC Visual Studio 2019\..\..\..\Art\\SanMiguel_3\Textures\dds\FL13lef4_SPEC.tex
         D:\HTC\avboit\The-Forge\Examples_3\Unit_Tests\PC Visual Studio 2019\..\..\..\Art\\SanMiguel_3\Textures\dds\FL13lef5.tex
         D:\HTC\avboit\The-Forge\Examples_3\Unit_Tests\PC Visual Studio 2019\..\..\..\Art\\SanMiguel_3\Textures\dds\FL13lef5_SPEC.tex
         D:\HTC\avboit\The-Forge\Examples_3\Unit_Tests\PC Visual Studio 2019\..\..\..\Art\\SanMiguel_3\Textures\dds\FL13pet1.tex
         D:\HTC\avboit\The-Forge\Examples_3\Unit_Tests\PC Visual Studio 2019\..\..\..\Art\\SanMiguel_3\Textures\dds\FL13pet2.tex
         D:\HTC\avboit\The-Forge\Examples_3\Unit_Tests\PC Visual Studio 2019\..\..\..\Art\\SanMiguel_3\Textures\dds\FL13pet3.tex
         D:\HTC\avboit\The-Forge\Examples_3\Unit_Tests\PC Visual Studio 2019\..\..\..\Art\\SanMiguel_3\Textures\dds\FL13stm.tex
         D:\HTC\avboit\The-Forge\Examples_3\Unit_Tests\PC Visual Studio 2019\..\..\..\Art\\SanMiguel_3\Textures\dds\FL16lef1.tex
         D:\HTC\avboit\The-Forge\Examples_3\Unit_Tests\PC Visual Studio 2019\..\..\..\Art\\SanMiguel_3\Textures\dds\FL16lef1_SPEC.tex
         D:\HTC\avboit\The-Forge\Examples_3\Unit_Tests\PC Visual Studio 2019\..\..\..\Art\\SanMiguel_3\Textures\dds\FL16lef3.tex
         D:\HTC\avboit\The-Forge\Examples_3\Unit_Tests\PC Visual Studio 2019\..\..\..\Art\\SanMiguel_3\Textures\dds\FL16lef3_NRM.tex
    54>PostBuildEvent:
         D:\HTC\avboit\The-Forge\Examples_3\Unit_Tests\PC Visual Studio 2019\..\..\..\Art\\Particles\Textures\dds\circle.tex
    48>PostBuildEvent:
         D:\HTC\avboit\The-Forge\Examples_3\Unit_Tests\PC Visual Studio 2019\..\..\..\Art\\SanMiguel_3\Textures\dds\FL16lef3_SPEC.tex
         D:\HTC\avboit\The-Forge\Examples_3\Unit_Tests\PC Visual Studio 2019\..\..\..\Art\\SanMiguel_3\Textures\dds\FL16pet1.tex
    54>PostBuildEvent:
         D:\HTC\avboit\The-Forge\Examples_3\Unit_Tests\PC Visual Studio 2019\..\..\..\Art\\Particles\Textures\dds\Distortion.tex
    48>PostBuildEvent:
         D:\HTC\avboit\The-Forge\Examples_3\Unit_Tests\PC Visual Studio 2019\..\..\..\Art\\SanMiguel_3\Textures\dds\FL16stm.tex
         D:\HTC\avboit\The-Forge\Examples_3\Unit_Tests\PC Visual Studio 2019\..\..\..\Art\\SanMiguel_3\Textures\dds\FL17cnt.tex
    54>PostBuildEvent:
         D:\HTC\avboit\The-Forge\Examples_3\Unit_Tests\PC Visual Studio 2019\..\..\..\Art\\Particles\Textures\dds\FireflyParticle.tex
    48>PostBuildEvent:
         D:\HTC\avboit\The-Forge\Examples_3\Unit_Tests\PC Visual Studio 2019\..\..\..\Art\\SanMiguel_3\Textures\dds\FL17lef1.tex
    54>PostBuildEvent:
         D:\HTC\avboit\The-Forge\Examples_3\Unit_Tests\PC Visual Studio 2019\..\..\..\Art\\Particles\Textures\dds\FireflyTmp.tex
    48>PostBuildEvent:
         D:\HTC\avboit\The-Forge\Examples_3\Unit_Tests\PC Visual Studio 2019\..\..\..\Art\\SanMiguel_3\Textures\dds\FL17lef2.tex
    54>PostBuildEvent:
         D:\HTC\avboit\The-Forge\Examples_3\Unit_Tests\PC Visual Studio 2019\..\..\..\Art\\Particles\Textures\dds\RainDrop.tex
    48>PostBuildEvent:
         D:\HTC\avboit\The-Forge\Examples_3\Unit_Tests\PC Visual Studio 2019\..\..\..\Art\\SanMiguel_3\Textures\dds\FL17lef2_NRM.tex
    54>PostBuildEvent:
         D:\HTC\avboit\The-Forge\Examples_3\Unit_Tests\PC Visual Studio 2019\..\..\..\Art\\Particles\Textures\dds\RainParticle.tex
    48>PostBuildEvent:
         D:\HTC\avboit\The-Forge\Examples_3\Unit_Tests\PC Visual Studio 2019\..\..\..\Art\\SanMiguel_3\Textures\dds\FL17lef2_SPEC.tex
    54>PostBuildEvent:
         D:\HTC\avboit\The-Forge\Examples_3\Unit_Tests\PC Visual Studio 2019\..\..\..\Art\\Particles\Textures\dds\smoke.tex
    48>PostBuildEvent:
         D:\HTC\avboit\The-Forge\Examples_3\Unit_Tests\PC Visual Studio 2019\..\..\..\Art\\SanMiguel_3\Textures\dds\FL17lef3.tex
    54>PostBuildEvent:
         D:\HTC\avboit\The-Forge\Examples_3\Unit_Tests\PC Visual Studio 2019\..\..\..\Art\\Particles\Textures\dds\smoke_01.tex
    44>PostBuildEvent:
         0 File(s) copied
    48>PostBuildEvent:
         D:\HTC\avboit\The-Forge\Examples_3\Unit_Tests\PC Visual Studio 2019\..\..\..\Art\\SanMiguel_3\Textures\dds\FL17lef5.tex
    44>PostBuildEvent:
         File not found - *.lua
    48>PostBuildEvent:
         D:\HTC\avboit\The-Forge\Examples_3\Unit_Tests\PC Visual Studio 2019\..\..\..\Art\\SanMiguel_3\Textures\dds\FL17lef6.tex
    54>PostBuildEvent:
         D:\HTC\avboit\The-Forge\Examples_3\Unit_Tests\PC Visual Studio 2019\..\..\..\Art\\Particles\Textures\dds\SS_Star.tex
    48>PostBuildEvent:
         D:\HTC\avboit\The-Forge\Examples_3\Unit_Tests\PC Visual Studio 2019\..\..\..\Art\\SanMiguel_3\Textures\dds\FL17pet1.tex
         D:\HTC\avboit\The-Forge\Examples_3\Unit_Tests\PC Visual Studio 2019\..\..\..\Art\\SanMiguel_3\Textures\dds\FL17pet2.tex
    54>PostBuildEvent:
         D:\HTC\avboit\The-Forge\Examples_3\Unit_Tests\PC Visual Studio 2019\..\..\..\Art\\Particles\Textures\dds\star_05.tex
    48>PostBuildEvent:
         D:\HTC\avboit\The-Forge\Examples_3\Unit_Tests\PC Visual Studio 2019\..\..\..\Art\\SanMiguel_3\Textures\dds\FL17pet5.tex
         D:\HTC\avboit\The-Forge\Examples_3\Unit_Tests\PC Visual Studio 2019\..\..\..\Art\\SanMiguel_3\Textures\dds\FL17stm.tex
    54>PostBuildEvent:
         D:\HTC\avboit\The-Forge\Examples_3\Unit_Tests\PC Visual Studio 2019\..\..\..\Art\\Particles\Textures\dds\SwarmParticle.tex
    48>PostBuildEvent:
         D:\HTC\avboit\The-Forge\Examples_3\Unit_Tests\PC Visual Studio 2019\..\..\..\Art\\SanMiguel_3\Textures\dds\FL19lef2.tex
    54>PostBuildEvent:
         D:\HTC\avboit\The-Forge\Examples_3\Unit_Tests\PC Visual Studio 2019\..\..\..\Art\\Particles\Textures\dds\WaterSplash.tex
    48>PostBuildEvent:
         D:\HTC\avboit\The-Forge\Examples_3\Unit_Tests\PC Visual Studio 2019\..\..\..\Art\\SanMiguel_3\Textures\dds\FL19lef2_NRM.tex
         D:\HTC\avboit\The-Forge\Examples_3\Unit_Tests\PC Visual Studio 2019\..\..\..\Art\\SanMiguel_3\Textures\dds\FL19lef2_SPEC.tex
         D:\HTC\avboit\The-Forge\Examples_3\Unit_Tests\PC Visual Studio 2019\..\..\..\Art\\SanMiguel_3\Textures\dds\FL19lef3.tex
         D:\HTC\avboit\The-Forge\Examples_3\Unit_Tests\PC Visual Studio 2019\..\..\..\Art\\SanMiguel_3\Textures\dds\FL19lef3_NRM.tex
         D:\HTC\avboit\The-Forge\Examples_3\Unit_Tests\PC Visual Studio 2019\..\..\..\Art\\SanMiguel_3\Textures\dds\FL19lef3_SPEC.tex
    54>PostBuildEvent:
         D:\HTC\avboit\The-Forge\Examples_3\Unit_Tests\PC Visual Studio 2019\..\..\..\Art\\Particles\Textures\dds\White.tex
    48>PostBuildEvent:
         D:\HTC\avboit\The-Forge\Examples_3\Unit_Tests\PC Visual Studio 2019\..\..\..\Art\\SanMiguel_3\Textures\dds\FL19lef4.tex
    54>PostBuildEvent:
         13 File(s) copied
    48>PostBuildEvent:
         D:\HTC\avboit\The-Forge\Examples_3\Unit_Tests\PC Visual Studio 2019\..\..\..\Art\\SanMiguel_3\Textures\dds\FL19pe13.tex
         D:\HTC\avboit\The-Forge\Examples_3\Unit_Tests\PC Visual Studio 2019\..\..\..\Art\\SanMiguel_3\Textures\dds\FL19pe14.tex
         D:\HTC\avboit\The-Forge\Examples_3\Unit_Tests\PC Visual Studio 2019\..\..\..\Art\\SanMiguel_3\Textures\dds\FL19pe15.tex
         D:\HTC\avboit\The-Forge\Examples_3\Unit_Tests\PC Visual Studio 2019\..\..\..\Art\\SanMiguel_3\Textures\dds\FL19pe16.tex
         D:\HTC\avboit\The-Forge\Examples_3\Unit_Tests\PC Visual Studio 2019\..\..\..\Art\\SanMiguel_3\Textures\dds\FL19stm.tex
         D:\HTC\avboit\The-Forge\Examples_3\Unit_Tests\PC Visual Studio 2019\..\..\..\Art\\SanMiguel_3\Textures\dds\FL24stm.tex
    44>PostBuildEvent:
         0 File(s) copied
    48>PostBuildEvent:
         D:\HTC\avboit\The-Forge\Examples_3\Unit_Tests\PC Visual Studio 2019\..\..\..\Art\\SanMiguel_3\Textures\dds\FL29cnt1.tex
         D:\HTC\avboit\The-Forge\Examples_3\Unit_Tests\PC Visual Studio 2019\..\..\..\Art\\SanMiguel_3\Textures\dds\FL29cnt2.tex
         D:\HTC\avboit\The-Forge\Examples_3\Unit_Tests\PC Visual Studio 2019\..\..\..\Art\\SanMiguel_3\Textures\dds\FL29lef.tex
         D:\HTC\avboit\The-Forge\Examples_3\Unit_Tests\PC Visual Studio 2019\..\..\..\Art\\SanMiguel_3\Textures\dds\FL29lef_NRM.tex
         D:\HTC\avboit\The-Forge\Examples_3\Unit_Tests\PC Visual Studio 2019\..\..\..\Art\\SanMiguel_3\Textures\dds\FL29lef_SPEC.tex
         D:\HTC\avboit\The-Forge\Examples_3\Unit_Tests\PC Visual Studio 2019\..\..\..\Art\\SanMiguel_3\Textures\dds\FL29pet1.tex
         D:\HTC\avboit\The-Forge\Examples_3\Unit_Tests\PC Visual Studio 2019\..\..\..\Art\\SanMiguel_3\Textures\dds\FL29pet1_NRM.tex
         D:\HTC\avboit\The-Forge\Examples_3\Unit_Tests\PC Visual Studio 2019\..\..\..\Art\\SanMiguel_3\Textures\dds\FL29pet1_SPEC.tex
         D:\HTC\avboit\The-Forge\Examples_3\Unit_Tests\PC Visual Studio 2019\..\..\..\Art\\SanMiguel_3\Textures\dds\FL29pet2.tex
         D:\HTC\avboit\The-Forge\Examples_3\Unit_Tests\PC Visual Studio 2019\..\..\..\Art\\SanMiguel_3\Textures\dds\FL29pet2_NRM.tex
         D:\HTC\avboit\The-Forge\Examples_3\Unit_Tests\PC Visual Studio 2019\..\..\..\Art\\SanMiguel_3\Textures\dds\FL29pet2_SPEC.tex
         D:\HTC\avboit\The-Forge\Examples_3\Unit_Tests\PC Visual Studio 2019\..\..\..\Art\\SanMiguel_3\Textures\dds\FL29stm1.tex
         D:\HTC\avboit\The-Forge\Examples_3\Unit_Tests\PC Visual Studio 2019\..\..\..\Art\\SanMiguel_3\Textures\dds\FL29twg.tex
         D:\HTC\avboit\The-Forge\Examples_3\Unit_Tests\PC Visual Studio 2019\..\..\..\Art\\SanMiguel_3\Textures\dds\ForgeFlags.tex
         D:\HTC\avboit\The-Forge\Examples_3\Unit_Tests\PC Visual Studio 2019\..\..\..\Art\\SanMiguel_3\Textures\dds\Forja_Macetas.tex
         D:\HTC\avboit\The-Forge\Examples_3\Unit_Tests\PC Visual Studio 2019\..\..\..\Art\\SanMiguel_3\Textures\dds\Forja_Macetas_NRM.tex
         D:\HTC\avboit\The-Forge\Examples_3\Unit_Tests\PC Visual Studio 2019\..\..\..\Art\\SanMiguel_3\Textures\dds\Forja_Macetas_SPEC.tex
    44>PostBuildEvent:
         0 File(s) copied
    48>PostBuildEvent:
         D:\HTC\avboit\The-Forge\Examples_3\Unit_Tests\PC Visual Studio 2019\..\..\..\Art\\SanMiguel_3\Textures\dds\fuente_piedra_01.tex
         D:\HTC\avboit\The-Forge\Examples_3\Unit_Tests\PC Visual Studio 2019\..\..\..\Art\\SanMiguel_3\Textures\dds\fuente_piedra_01_NRM.tex
         D:\HTC\avboit\The-Forge\Examples_3\Unit_Tests\PC Visual Studio 2019\..\..\..\Art\\SanMiguel_3\Textures\dds\fuente_piedra_01_SPEC.tex
    54>PostBuildEvent:
         0 File(s) copied
    48>PostBuildEvent:
         D:\HTC\avboit\The-Forge\Examples_3\Unit_Tests\PC Visual Studio 2019\..\..\..\Art\\SanMiguel_3\Textures\dds\GCanyon_C_YumaPoint_3k.tex
         D:\HTC\avboit\The-Forge\Examples_3\Unit_Tests\PC Visual Studio 2019\..\..\..\Art\\SanMiguel_3\Textures\dds\HP01lef1.tex
         D:\HTC\avboit\The-Forge\Examples_3\Unit_Tests\PC Visual Studio 2019\..\..\..\Art\\SanMiguel_3\Textures\dds\HP01lef1_SPEC.tex
         D:\HTC\avboit\The-Forge\Examples_3\Unit_Tests\PC Visual Studio 2019\..\..\..\Art\\SanMiguel_3\Textures\dds\HP01lef2.tex
    44>FinalizeBuildStatus:
         ??????“D:\HTC\avboit\The-Forge\Examples_3\Unit_Tests\PC Visual Studio 2019\\x64\Release\Intermediate\34_Input\34_Input.tlog\unsuccessfulbuild”?
         ???“D:\HTC\avboit\The-Forge\Examples_3\Unit_Tests\PC Visual Studio 2019\\x64\Release\Intermediate\34_Input\34_Input.tlog\34_Input.lastbuildstate”?? Touch ???
    48>PostBuildEvent:
         D:\HTC\avboit\The-Forge\Examples_3\Unit_Tests\PC Visual Studio 2019\..\..\..\Art\\SanMiguel_3\Textures\dds\HP01lef2_SPEC.tex
    44>???????“D:\HTC\avboit\The-Forge\Examples_3\Unit_Tests\PC Visual Studio 2019\34_Input.vcxproj”(????)????
    48>PostBuildEvent:
         D:\HTC\avboit\The-Forge\Examples_3\Unit_Tests\PC Visual Studio 2019\..\..\..\Art\\SanMiguel_3\Textures\dds\HP01pet1.tex
         D:\HTC\avboit\The-Forge\Examples_3\Unit_Tests\PC Visual Studio 2019\..\..\..\Art\\SanMiguel_3\Textures\dds\HP01pet3.tex
    16>???????“D:\HTC\avboit\The-Forge\Examples_3\Unit_Tests\PC Visual Studio 2019\34_Input.vcxproj.metaproj”(????)????
    48>PostBuildEvent:
         D:\HTC\avboit\The-Forge\Examples_3\Unit_Tests\PC Visual Studio 2019\..\..\..\Art\\SanMiguel_3\Textures\dds\HP01stm1.tex
         D:\HTC\avboit\The-Forge\Examples_3\Unit_Tests\PC Visual Studio 2019\..\..\..\Art\\SanMiguel_3\Textures\dds\HP01stm2.tex
         D:\HTC\avboit\The-Forge\Examples_3\Unit_Tests\PC Visual Studio 2019\..\..\..\Art\\SanMiguel_3\Textures\dds\HP11lef2.tex
         D:\HTC\avboit\The-Forge\Examples_3\Unit_Tests\PC Visual Studio 2019\..\..\..\Art\\SanMiguel_3\Textures\dds\HP11stm.tex
         D:\HTC\avboit\The-Forge\Examples_3\Unit_Tests\PC Visual Studio 2019\..\..\..\Art\\SanMiguel_3\Textures\dds\HP11stm_NRM.tex
         D:\HTC\avboit\The-Forge\Examples_3\Unit_Tests\PC Visual Studio 2019\..\..\..\Art\\SanMiguel_3\Textures\dds\HP13lef1.tex
         D:\HTC\avboit\The-Forge\Examples_3\Unit_Tests\PC Visual Studio 2019\..\..\..\Art\\SanMiguel_3\Textures\dds\hp13lef1_NRM.tex
         D:\HTC\avboit\The-Forge\Examples_3\Unit_Tests\PC Visual Studio 2019\..\..\..\Art\\SanMiguel_3\Textures\dds\HP13lef1_SPEC.tex
         D:\HTC\avboit\The-Forge\Examples_3\Unit_Tests\PC Visual Studio 2019\..\..\..\Art\\SanMiguel_3\Textures\dds\HP13stm2.tex
         D:\HTC\avboit\The-Forge\Examples_3\Unit_Tests\PC Visual Studio 2019\..\..\..\Art\\SanMiguel_3\Textures\dds\HP17lef1.tex
    54>PostBuildEvent:
         0 File(s) copied
    48>PostBuildEvent:
         D:\HTC\avboit\The-Forge\Examples_3\Unit_Tests\PC Visual Studio 2019\..\..\..\Art\\SanMiguel_3\Textures\dds\HP17lef1_SPEC.tex
         D:\HTC\avboit\The-Forge\Examples_3\Unit_Tests\PC Visual Studio 2019\..\..\..\Art\\SanMiguel_3\Textures\dds\HP17lef2.tex
         D:\HTC\avboit\The-Forge\Examples_3\Unit_Tests\PC Visual Studio 2019\..\..\..\Art\\SanMiguel_3\Textures\dds\HP17lef2_NRM.tex
         D:\HTC\avboit\The-Forge\Examples_3\Unit_Tests\PC Visual Studio 2019\..\..\..\Art\\SanMiguel_3\Textures\dds\HP17lef2_SPEC.tex
         D:\HTC\avboit\The-Forge\Examples_3\Unit_Tests\PC Visual Studio 2019\..\..\..\Art\\SanMiguel_3\Textures\dds\HP19lef2.tex
         D:\HTC\avboit\The-Forge\Examples_3\Unit_Tests\PC Visual Studio 2019\..\..\..\Art\\SanMiguel_3\Textures\dds\HP19lef2_NRM.tex
         D:\HTC\avboit\The-Forge\Examples_3\Unit_Tests\PC Visual Studio 2019\..\..\..\Art\\SanMiguel_3\Textures\dds\HP19lef2_SPEC.tex
         D:\HTC\avboit\The-Forge\Examples_3\Unit_Tests\PC Visual Studio 2019\..\..\..\Art\\SanMiguel_3\Textures\dds\HP19lef3.tex
         D:\HTC\avboit\The-Forge\Examples_3\Unit_Tests\PC Visual Studio 2019\..\..\..\Art\\SanMiguel_3\Textures\dds\HP19lef3_NRM.tex
         D:\HTC\avboit\The-Forge\Examples_3\Unit_Tests\PC Visual Studio 2019\..\..\..\Art\\SanMiguel_3\Textures\dds\HP19lef3_SPEC.tex
         D:\HTC\avboit\The-Forge\Examples_3\Unit_Tests\PC Visual Studio 2019\..\..\..\Art\\SanMiguel_3\Textures\dds\HP19stm1.tex
         D:\HTC\avboit\The-Forge\Examples_3\Unit_Tests\PC Visual Studio 2019\..\..\..\Art\\SanMiguel_3\Textures\dds\HP19stm2.tex
         D:\HTC\avboit\The-Forge\Examples_3\Unit_Tests\PC Visual Studio 2019\..\..\..\Art\\SanMiguel_3\Textures\dds\impatiens_newguinea_hybrids_petal.tex
         D:\HTC\avboit\The-Forge\Examples_3\Unit_Tests\PC Visual Studio 2019\..\..\..\Art\\SanMiguel_3\Textures\dds\individual_b.tex
         D:\HTC\avboit\The-Forge\Examples_3\Unit_Tests\PC Visual Studio 2019\..\..\..\Art\\SanMiguel_3\Textures\dds\individual_b_NRM.tex
         D:\HTC\avboit\The-Forge\Examples_3\Unit_Tests\PC Visual Studio 2019\..\..\..\Art\\SanMiguel_3\Textures\dds\individual_b_SPEC.tex
         D:\HTC\avboit\The-Forge\Examples_3\Unit_Tests\PC Visual Studio 2019\..\..\..\Art\\SanMiguel_3\Textures\dds\indt51m.tex
         D:\HTC\avboit\The-Forge\Examples_3\Unit_Tests\PC Visual Studio 2019\..\..\..\Art\\SanMiguel_3\Textures\dds\jardinera_1_color.tex
         D:\HTC\avboit\The-Forge\Examples_3\Unit_Tests\PC Visual Studio 2019\..\..\..\Art\\SanMiguel_3\Textures\dds\jardinera_1_color_NRM.tex
         D:\HTC\avboit\The-Forge\Examples_3\Unit_Tests\PC Visual Studio 2019\..\..\..\Art\\SanMiguel_3\Textures\dds\jardinera_1_color_SPEC.tex
         D:\HTC\avboit\The-Forge\Examples_3\Unit_Tests\PC Visual Studio 2019\..\..\..\Art\\SanMiguel_3\Textures\dds\jardinera_1_displacement_2_NRM.tex
    54>PostBuildEvent:
         0 File(s) copied
    48>PostBuildEvent:
         D:\HTC\avboit\The-Forge\Examples_3\Unit_Tests\PC Visual Studio 2019\..\..\..\Art\\SanMiguel_3\Textures\dds\l04-upper.tex
         D:\HTC\avboit\The-Forge\Examples_3\Unit_Tests\PC Visual Studio 2019\..\..\..\Art\\SanMiguel_3\Textures\dds\l04-upper_NRM.tex
         D:\HTC\avboit\The-Forge\Examples_3\Unit_Tests\PC Visual Studio 2019\..\..\..\Art\\SanMiguel_3\Textures\dds\l04-upper_SPEC.tex
         D:\HTC\avboit\The-Forge\Examples_3\Unit_Tests\PC Visual Studio 2019\..\..\..\Art\\SanMiguel_3\Textures\dds\l33-upper.tex
         D:\HTC\avboit\The-Forge\Examples_3\Unit_Tests\PC Visual Studio 2019\..\..\..\Art\\SanMiguel_3\Textures\dds\l33-upper_NRM.tex
         D:\HTC\avboit\The-Forge\Examples_3\Unit_Tests\PC Visual Studio 2019\..\..\..\Art\\SanMiguel_3\Textures\dds\l33-upper_SPEC.tex
         D:\HTC\avboit\The-Forge\Examples_3\Unit_Tests\PC Visual Studio 2019\..\..\..\Art\\SanMiguel_3\Textures\dds\l37-upper.tex
         D:\HTC\avboit\The-Forge\Examples_3\Unit_Tests\PC Visual Studio 2019\..\..\..\Art\\SanMiguel_3\Textures\dds\l37-upper_NRM.tex
         D:\HTC\avboit\The-Forge\Examples_3\Unit_Tests\PC Visual Studio 2019\..\..\..\Art\\SanMiguel_3\Textures\dds\l37-upper_SPEC.tex
         D:\HTC\avboit\The-Forge\Examples_3\Unit_Tests\PC Visual Studio 2019\..\..\..\Art\\SanMiguel_3\Textures\dds\LA_Helipad.tex
         D:\HTC\avboit\The-Forge\Examples_3\Unit_Tests\PC Visual Studio 2019\..\..\..\Art\\SanMiguel_3\Textures\dds\losa.tex
         D:\HTC\avboit\The-Forge\Examples_3\Unit_Tests\PC Visual Studio 2019\..\..\..\Art\\SanMiguel_3\Textures\dds\losa_NRM.tex
         D:\HTC\avboit\The-Forge\Examples_3\Unit_Tests\PC Visual Studio 2019\..\..\..\Art\\SanMiguel_3\Textures\dds\losa_SPEC.tex
         D:\HTC\avboit\The-Forge\Examples_3\Unit_Tests\PC Visual Studio 2019\..\..\..\Art\\SanMiguel_3\Textures\dds\m.tex
         D:\HTC\avboit\The-Forge\Examples_3\Unit_Tests\PC Visual Studio 2019\..\..\..\Art\\SanMiguel_3\Textures\dds\Maceta_A2_Color.tex
         D:\HTC\avboit\The-Forge\Examples_3\Unit_Tests\PC Visual Studio 2019\..\..\..\Art\\SanMiguel_3\Textures\dds\Maceta_A_Color.tex
         D:\HTC\avboit\The-Forge\Examples_3\Unit_Tests\PC Visual Studio 2019\..\..\..\Art\\SanMiguel_3\Textures\dds\Maceta_A_Color_NRM.tex
         D:\HTC\avboit\The-Forge\Examples_3\Unit_Tests\PC Visual Studio 2019\..\..\..\Art\\SanMiguel_3\Textures\dds\Maceta_A_Color_SPEC.tex
         D:\HTC\avboit\The-Forge\Examples_3\Unit_Tests\PC Visual Studio 2019\..\..\..\Art\\SanMiguel_3\Textures\dds\Maceta_A_NRM.tex
         D:\HTC\avboit\The-Forge\Examples_3\Unit_Tests\PC Visual Studio 2019\..\..\..\Art\\SanMiguel_3\Textures\dds\Maceta_B2_Color.tex
         D:\HTC\avboit\The-Forge\Examples_3\Unit_Tests\PC Visual Studio 2019\..\..\..\Art\\SanMiguel_3\Textures\dds\Maceta_B_Color.tex
         D:\HTC\avboit\The-Forge\Examples_3\Unit_Tests\PC Visual Studio 2019\..\..\..\Art\\SanMiguel_3\Textures\dds\Maceta_B_NRM.tex
         D:\HTC\avboit\The-Forge\Examples_3\Unit_Tests\PC Visual Studio 2019\..\..\..\Art\\SanMiguel_3\Textures\dds\Maceta_C2_Color.tex
         D:\HTC\avboit\The-Forge\Examples_3\Unit_Tests\PC Visual Studio 2019\..\..\..\Art\\SanMiguel_3\Textures\dds\Maceta_C_Color.tex
         D:\HTC\avboit\The-Forge\Examples_3\Unit_Tests\PC Visual Studio 2019\..\..\..\Art\\SanMiguel_3\Textures\dds\Maceta_C_Color_NRM.tex
         D:\HTC\avboit\The-Forge\Examples_3\Unit_Tests\PC Visual Studio 2019\..\..\..\Art\\SanMiguel_3\Textures\dds\Maceta_C_Color_SPEC.tex
         D:\HTC\avboit\The-Forge\Examples_3\Unit_Tests\PC Visual Studio 2019\..\..\..\Art\\SanMiguel_3\Textures\dds\Maceta_C_NRM.tex
         D:\HTC\avboit\The-Forge\Examples_3\Unit_Tests\PC Visual Studio 2019\..\..\..\Art\\SanMiguel_3\Textures\dds\Maceta_D2_Color_0.tex
         D:\HTC\avboit\The-Forge\Examples_3\Unit_Tests\PC Visual Studio 2019\..\..\..\Art\\SanMiguel_3\Textures\dds\Maceta_D_NRM.tex
         D:\HTC\avboit\The-Forge\Examples_3\Unit_Tests\PC Visual Studio 2019\..\..\..\Art\\SanMiguel_3\Textures\dds\madera_barandal_esc_2.tex
         D:\HTC\avboit\The-Forge\Examples_3\Unit_Tests\PC Visual Studio 2019\..\..\..\Art\\SanMiguel_3\Textures\dds\madera_barandal_esc_2_NRM.tex
         D:\HTC\avboit\The-Forge\Examples_3\Unit_Tests\PC Visual Studio 2019\..\..\..\Art\\SanMiguel_3\Textures\dds\madera_barandal_esc_2_SPEC.tex
         D:\HTC\avboit\The-Forge\Examples_3\Unit_Tests\PC Visual Studio 2019\..\..\..\Art\\SanMiguel_3\Textures\dds\madera_marcos.tex
         D:\HTC\avboit\The-Forge\Examples_3\Unit_Tests\PC Visual Studio 2019\..\..\..\Art\\SanMiguel_3\Textures\dds\madera_marcos_NRM.tex
         D:\HTC\avboit\The-Forge\Examples_3\Unit_Tests\PC Visual Studio 2019\..\..\..\Art\\SanMiguel_3\Textures\dds\madera_marcos_SPEC.tex
         D:\HTC\avboit\The-Forge\Examples_3\Unit_Tests\PC Visual Studio 2019\..\..\..\Art\\SanMiguel_3\Textures\dds\madera_rustica_2.tex
         D:\HTC\avboit\The-Forge\Examples_3\Unit_Tests\PC Visual Studio 2019\..\..\..\Art\\SanMiguel_3\Textures\dds\madera_rustica_2_NRM.tex
         D:\HTC\avboit\The-Forge\Examples_3\Unit_Tests\PC Visual Studio 2019\..\..\..\Art\\SanMiguel_3\Textures\dds\madera_rustica_2_SPEC.tex
         D:\HTC\avboit\The-Forge\Examples_3\Unit_Tests\PC Visual Studio 2019\..\..\..\Art\\SanMiguel_3\Textures\dds\madera_triplay_01.tex
         D:\HTC\avboit\The-Forge\Examples_3\Unit_Tests\PC Visual Studio 2019\..\..\..\Art\\SanMiguel_3\Textures\dds\marco_puerta_1.tex
         D:\HTC\avboit\The-Forge\Examples_3\Unit_Tests\PC Visual Studio 2019\..\..\..\Art\\SanMiguel_3\Textures\dds\marco_puerta_1_NRM.tex
         D:\HTC\avboit\The-Forge\Examples_3\Unit_Tests\PC Visual Studio 2019\..\..\..\Art\\SanMiguel_3\Textures\dds\marco_puerta_1_SPEC.tex
         D:\HTC\avboit\The-Forge\Examples_3\Unit_Tests\PC Visual Studio 2019\..\..\..\Art\\SanMiguel_3\Textures\dds\metal_viejo_2.tex
         D:\HTC\avboit\The-Forge\Examples_3\Unit_Tests\PC Visual Studio 2019\..\..\..\Art\\SanMiguel_3\Textures\dds\metal_viejo_2_NRM.tex
         D:\HTC\avboit\The-Forge\Examples_3\Unit_Tests\PC Visual Studio 2019\..\..\..\Art\\SanMiguel_3\Textures\dds\metal_viejo_2_SPEC.tex
         D:\HTC\avboit\The-Forge\Examples_3\Unit_Tests\PC Visual Studio 2019\..\..\..\Art\\SanMiguel_3\Textures\dds\moldura2piso_color.tex
         D:\HTC\avboit\The-Forge\Examples_3\Unit_Tests\PC Visual Studio 2019\..\..\..\Art\\SanMiguel_3\Textures\dds\moldura2piso_color_NRM.tex
         D:\HTC\avboit\The-Forge\Examples_3\Unit_Tests\PC Visual Studio 2019\..\..\..\Art\\SanMiguel_3\Textures\dds\moldura2piso_color_SPEC.tex
         D:\HTC\avboit\The-Forge\Examples_3\Unit_Tests\PC Visual Studio 2019\..\..\..\Art\\SanMiguel_3\Textures\dds\moldura2piso_NRM.tex
         D:\HTC\avboit\The-Forge\Examples_3\Unit_Tests\PC Visual Studio 2019\..\..\..\Art\\SanMiguel_3\Textures\dds\molduraterraza_NRM.tex
         D:\HTC\avboit\The-Forge\Examples_3\Unit_Tests\PC Visual Studio 2019\..\..\..\Art\\SanMiguel_3\Textures\dds\molduraterraza__color.tex
         D:\HTC\avboit\The-Forge\Examples_3\Unit_Tests\PC Visual Studio 2019\..\..\..\Art\\SanMiguel_3\Textures\dds\molduraterraza__color_NRM.tex
         D:\HTC\avboit\The-Forge\Examples_3\Unit_Tests\PC Visual Studio 2019\..\..\..\Art\\SanMiguel_3\Textures\dds\molduraterraza__color_SPEC.tex
         D:\HTC\avboit\The-Forge\Examples_3\Unit_Tests\PC Visual Studio 2019\..\..\..\Art\\SanMiguel_3\Textures\dds\moldura_techo.tex
         D:\HTC\avboit\The-Forge\Examples_3\Unit_Tests\PC Visual Studio 2019\..\..\..\Art\\SanMiguel_3\Textures\dds\moldura_techo_NRM.tex
         D:\HTC\avboit\The-Forge\Examples_3\Unit_Tests\PC Visual Studio 2019\..\..\..\Art\\SanMiguel_3\Textures\dds\moldura_techo_SPEC.tex
         D:\HTC\avboit\The-Forge\Examples_3\Unit_Tests\PC Visual Studio 2019\..\..\..\Art\\SanMiguel_3\Textures\dds\moldura_volado.tex
         D:\HTC\avboit\The-Forge\Examples_3\Unit_Tests\PC Visual Studio 2019\..\..\..\Art\\SanMiguel_3\Textures\dds\moldura_volado_NRM.tex
         D:\HTC\avboit\The-Forge\Examples_3\Unit_Tests\PC Visual Studio 2019\..\..\..\Art\\SanMiguel_3\Textures\dds\moldura_volado_SPEC.tex
         D:\HTC\avboit\The-Forge\Examples_3\Unit_Tests\PC Visual Studio 2019\..\..\..\Art\\SanMiguel_3\Textures\dds\mold_arco_01.tex
         D:\HTC\avboit\The-Forge\Examples_3\Unit_Tests\PC Visual Studio 2019\..\..\..\Art\\SanMiguel_3\Textures\dds\mold_arco_01_color.tex
         D:\HTC\avboit\The-Forge\Examples_3\Unit_Tests\PC Visual Studio 2019\..\..\..\Art\\SanMiguel_3\Textures\dds\mold_arco_01_color_NRM.tex
         D:\HTC\avboit\The-Forge\Examples_3\Unit_Tests\PC Visual Studio 2019\..\..\..\Art\\SanMiguel_3\Textures\dds\mold_arco_01_color_SPEC.tex
         D:\HTC\avboit\The-Forge\Examples_3\Unit_Tests\PC Visual Studio 2019\..\..\..\Art\\SanMiguel_3\Textures\dds\mold_arco_01_NRM.tex
         D:\HTC\avboit\The-Forge\Examples_3\Unit_Tests\PC Visual Studio 2019\..\..\..\Art\\SanMiguel_3\Textures\dds\muros_a.tex
    54>PostBuildEvent:
         0 File(s) copied
    48>PostBuildEvent:
         D:\HTC\avboit\The-Forge\Examples_3\Unit_Tests\PC Visual Studio 2019\..\..\..\Art\\SanMiguel_3\Textures\dds\muros_a_NRM.tex
         D:\HTC\avboit\The-Forge\Examples_3\Unit_Tests\PC Visual Studio 2019\..\..\..\Art\\SanMiguel_3\Textures\dds\muros_b.tex
         D:\HTC\avboit\The-Forge\Examples_3\Unit_Tests\PC Visual Studio 2019\..\..\..\Art\\SanMiguel_3\Textures\dds\muros_b1.tex
         D:\HTC\avboit\The-Forge\Examples_3\Unit_Tests\PC Visual Studio 2019\..\..\..\Art\\SanMiguel_3\Textures\dds\muros_b1_NRM.tex
         D:\HTC\avboit\The-Forge\Examples_3\Unit_Tests\PC Visual Studio 2019\..\..\..\Art\\SanMiguel_3\Textures\dds\muros_b2.tex
         D:\HTC\avboit\The-Forge\Examples_3\Unit_Tests\PC Visual Studio 2019\..\..\..\Art\\SanMiguel_3\Textures\dds\muros_b2_NRM.tex
         D:\HTC\avboit\The-Forge\Examples_3\Unit_Tests\PC Visual Studio 2019\..\..\..\Art\\SanMiguel_3\Textures\dds\muros_c2.tex
         D:\HTC\avboit\The-Forge\Examples_3\Unit_Tests\PC Visual Studio 2019\..\..\..\Art\\SanMiguel_3\Textures\dds\muros_c2_NRM.tex
         D:\HTC\avboit\The-Forge\Examples_3\Unit_Tests\PC Visual Studio 2019\..\..\..\Art\\SanMiguel_3\Textures\dds\muros_d.tex
         D:\HTC\avboit\The-Forge\Examples_3\Unit_Tests\PC Visual Studio 2019\..\..\..\Art\\SanMiguel_3\Textures\dds\muros_e.tex
         D:\HTC\avboit\The-Forge\Examples_3\Unit_Tests\PC Visual Studio 2019\..\..\..\Art\\SanMiguel_3\Textures\dds\muros_f.tex
         D:\HTC\avboit\The-Forge\Examples_3\Unit_Tests\PC Visual Studio 2019\..\..\..\Art\\SanMiguel_3\Textures\dds\muros_g.tex
         D:\HTC\avboit\The-Forge\Examples_3\Unit_Tests\PC Visual Studio 2019\..\..\..\Art\\SanMiguel_3\Textures\dds\muros_h.tex
         D:\HTC\avboit\The-Forge\Examples_3\Unit_Tests\PC Visual Studio 2019\..\..\..\Art\\SanMiguel_3\Textures\dds\muros_j.tex
         D:\HTC\avboit\The-Forge\Examples_3\Unit_Tests\PC Visual Studio 2019\..\..\..\Art\\SanMiguel_3\Textures\dds\muros_k.tex
         D:\HTC\avboit\The-Forge\Examples_3\Unit_Tests\PC Visual Studio 2019\..\..\..\Art\\SanMiguel_3\Textures\dds\muros_k_NRM.tex
         D:\HTC\avboit\The-Forge\Examples_3\Unit_Tests\PC Visual Studio 2019\..\..\..\Art\\SanMiguel_3\Textures\dds\muros_l.tex
         D:\HTC\avboit\The-Forge\Examples_3\Unit_Tests\PC Visual Studio 2019\..\..\..\Art\\SanMiguel_3\Textures\dds\muros_l_NRM.tex
         D:\HTC\avboit\The-Forge\Examples_3\Unit_Tests\PC Visual Studio 2019\..\..\..\Art\\SanMiguel_3\Textures\dds\muros_l_SPEC.tex
         D:\HTC\avboit\The-Forge\Examples_3\Unit_Tests\PC Visual Studio 2019\..\..\..\Art\\SanMiguel_3\Textures\dds\muros_m.tex
         D:\HTC\avboit\The-Forge\Examples_3\Unit_Tests\PC Visual Studio 2019\..\..\..\Art\\SanMiguel_3\Textures\dds\muros_n.tex
         D:\HTC\avboit\The-Forge\Examples_3\Unit_Tests\PC Visual Studio 2019\..\..\..\Art\\SanMiguel_3\Textures\dds\muros_p_.tex
         D:\HTC\avboit\The-Forge\Examples_3\Unit_Tests\PC Visual Studio 2019\..\..\..\Art\\SanMiguel_3\Textures\dds\muros_q.tex
         D:\HTC\avboit\The-Forge\Examples_3\Unit_Tests\PC Visual Studio 2019\..\..\..\Art\\SanMiguel_3\Textures\dds\muros_q3.tex
         D:\HTC\avboit\The-Forge\Examples_3\Unit_Tests\PC Visual Studio 2019\..\..\..\Art\\SanMiguel_3\Textures\dds\muros_q4.tex
         D:\HTC\avboit\The-Forge\Examples_3\Unit_Tests\PC Visual Studio 2019\..\..\..\Art\\SanMiguel_3\Textures\dds\muros_q4_NRM.tex
         D:\HTC\avboit\The-Forge\Examples_3\Unit_Tests\PC Visual Studio 2019\..\..\..\Art\\SanMiguel_3\Textures\dds\muros_q4_SPEC.tex
         D:\HTC\avboit\The-Forge\Examples_3\Unit_Tests\PC Visual Studio 2019\..\..\..\Art\\SanMiguel_3\Textures\dds\muros_q_patio2.tex
         D:\HTC\avboit\The-Forge\Examples_3\Unit_Tests\PC Visual Studio 2019\..\..\..\Art\\SanMiguel_3\Textures\dds\newWall.tex
         D:\HTC\avboit\The-Forge\Examples_3\Unit_Tests\PC Visual Studio 2019\..\..\..\Art\\SanMiguel_3\Textures\dds\newWall_NRM.tex
         D:\HTC\avboit\The-Forge\Examples_3\Unit_Tests\PC Visual Studio 2019\..\..\..\Art\\SanMiguel_3\Textures\dds\pared_barro_afinado.tex
         D:\HTC\avboit\The-Forge\Examples_3\Unit_Tests\PC Visual Studio 2019\..\..\..\Art\\SanMiguel_3\Textures\dds\pared_calle.tex
         D:\HTC\avboit\The-Forge\Examples_3\Unit_Tests\PC Visual Studio 2019\..\..\..\Art\\SanMiguel_3\Textures\dds\piso_patio_exterior.tex
         D:\HTC\avboit\The-Forge\Examples_3\Unit_Tests\PC Visual Studio 2019\..\..\..\Art\\SanMiguel_3\Textures\dds\piso_patio_exterior_NRM.tex
         D:\HTC\avboit\The-Forge\Examples_3\Unit_Tests\PC Visual Studio 2019\..\..\..\Art\\SanMiguel_3\Textures\dds\piso_patio_exterior_SPEC.tex
         D:\HTC\avboit\The-Forge\Examples_3\Unit_Tests\PC Visual Studio 2019\..\..\..\Art\\SanMiguel_3\Textures\dds\piso_rustico.tex
         D:\HTC\avboit\The-Forge\Examples_3\Unit_Tests\PC Visual Studio 2019\..\..\..\Art\\SanMiguel_3\Textures\dds\piso_rustico_NRM.tex
         D:\HTC\avboit\The-Forge\Examples_3\Unit_Tests\PC Visual Studio 2019\..\..\..\Art\\SanMiguel_3\Textures\dds\piso_rustico_SPEC.tex
         D:\HTC\avboit\The-Forge\Examples_3\Unit_Tests\PC Visual Studio 2019\..\..\..\Art\\SanMiguel_3\Textures\dds\PITTED.tex
         D:\HTC\avboit\The-Forge\Examples_3\Unit_Tests\PC Visual Studio 2019\..\..\..\Art\\SanMiguel_3\Textures\dds\PITTED_NRM.tex
         D:\HTC\avboit\The-Forge\Examples_3\Unit_Tests\PC Visual Studio 2019\..\..\..\Art\\SanMiguel_3\Textures\dds\plato_a.tex
         D:\HTC\avboit\The-Forge\Examples_3\Unit_Tests\PC Visual Studio 2019\..\..\..\Art\\SanMiguel_3\Textures\dds\plato_a_NRM.tex
         D:\HTC\avboit\The-Forge\Examples_3\Unit_Tests\PC Visual Studio 2019\..\..\..\Art\\SanMiguel_3\Textures\dds\plato_a_SPEC.tex
         D:\HTC\avboit\The-Forge\Examples_3\Unit_Tests\PC Visual Studio 2019\..\..\..\Art\\SanMiguel_3\Textures\dds\postes_barandal_color.tex
         D:\HTC\avboit\The-Forge\Examples_3\Unit_Tests\PC Visual Studio 2019\..\..\..\Art\\SanMiguel_3\Textures\dds\postes_barandal_color_NRM.tex
         D:\HTC\avboit\The-Forge\Examples_3\Unit_Tests\PC Visual Studio 2019\..\..\..\Art\\SanMiguel_3\Textures\dds\postes_barandal_color_SPEC.tex
         D:\HTC\avboit\The-Forge\Examples_3\Unit_Tests\PC Visual Studio 2019\..\..\..\Art\\SanMiguel_3\Textures\dds\postes_barandal_NRM.tex
         D:\HTC\avboit\The-Forge\Examples_3\Unit_Tests\PC Visual Studio 2019\..\..\..\Art\\SanMiguel_3\Textures\dds\puerta.tex
         D:\HTC\avboit\The-Forge\Examples_3\Unit_Tests\PC Visual Studio 2019\..\..\..\Art\\SanMiguel_3\Textures\dds\puerta_NRM.tex
         D:\HTC\avboit\The-Forge\Examples_3\Unit_Tests\PC Visual Studio 2019\..\..\..\Art\\SanMiguel_3\Textures\dds\puerta_SPEC.tex
         D:\HTC\avboit\The-Forge\Examples_3\Unit_Tests\PC Visual Studio 2019\..\..\..\Art\\SanMiguel_3\Textures\dds\quercus_rubra_bark.tex
         D:\HTC\avboit\The-Forge\Examples_3\Unit_Tests\PC Visual Studio 2019\..\..\..\Art\\SanMiguel_3\Textures\dds\rust_a1.tex
         D:\HTC\avboit\The-Forge\Examples_3\Unit_Tests\PC Visual Studio 2019\..\..\..\Art\\SanMiguel_3\Textures\dds\rust_a1_NRM.tex
         D:\HTC\avboit\The-Forge\Examples_3\Unit_Tests\PC Visual Studio 2019\..\..\..\Art\\SanMiguel_3\Textures\dds\rust_a1_SPEC.tex
         D:\HTC\avboit\The-Forge\Examples_3\Unit_Tests\PC Visual Studio 2019\..\..\..\Art\\SanMiguel_3\Textures\dds\rust_detalle.tex
    54>PostBuildEvent:
         0 File(s) copied
    48>PostBuildEvent:
         D:\HTC\avboit\The-Forge\Examples_3\Unit_Tests\PC Visual Studio 2019\..\..\..\Art\\SanMiguel_3\Textures\dds\rust_detalle_bump_NRM.tex
         D:\HTC\avboit\The-Forge\Examples_3\Unit_Tests\PC Visual Studio 2019\..\..\..\Art\\SanMiguel_3\Textures\dds\rust_detalle_NRM.tex
         D:\HTC\avboit\The-Forge\Examples_3\Unit_Tests\PC Visual Studio 2019\..\..\..\Art\\SanMiguel_3\Textures\dds\rust_detalle_SPEC.tex
         D:\HTC\avboit\The-Forge\Examples_3\Unit_Tests\PC Visual Studio 2019\..\..\..\Art\\SanMiguel_3\Textures\dds\silla_d_piel.tex
         D:\HTC\avboit\The-Forge\Examples_3\Unit_Tests\PC Visual Studio 2019\..\..\..\Art\\SanMiguel_3\Textures\dds\silla_d_piel_NRM.tex
         D:\HTC\avboit\The-Forge\Examples_3\Unit_Tests\PC Visual Studio 2019\..\..\..\Art\\SanMiguel_3\Textures\dds\silla_d_piel_SPEC.tex
         D:\HTC\avboit\The-Forge\Examples_3\Unit_Tests\PC Visual Studio 2019\..\..\..\Art\\SanMiguel_3\Textures\dds\sm_hoja_c_seca.tex
         D:\HTC\avboit\The-Forge\Examples_3\Unit_Tests\PC Visual Studio 2019\..\..\..\Art\\SanMiguel_3\Textures\dds\sm_hoja_c_seca_NRM.tex
         D:\HTC\avboit\The-Forge\Examples_3\Unit_Tests\PC Visual Studio 2019\..\..\..\Art\\SanMiguel_3\Textures\dds\sm_leaf_02a.tex
         D:\HTC\avboit\The-Forge\Examples_3\Unit_Tests\PC Visual Studio 2019\..\..\..\Art\\SanMiguel_3\Textures\dds\sm_leaf_02a_SPEC.tex
         D:\HTC\avboit\The-Forge\Examples_3\Unit_Tests\PC Visual Studio 2019\..\..\..\Art\\SanMiguel_3\Textures\dds\sm_leaf_02b.tex
         D:\HTC\avboit\The-Forge\Examples_3\Unit_Tests\PC Visual Studio 2019\..\..\..\Art\\SanMiguel_3\Textures\dds\sm_leaf_02b_NRM.tex
         D:\HTC\avboit\The-Forge\Examples_3\Unit_Tests\PC Visual Studio 2019\..\..\..\Art\\SanMiguel_3\Textures\dds\sm_leaf_02b_SPEC.tex
         D:\HTC\avboit\The-Forge\Examples_3\Unit_Tests\PC Visual Studio 2019\..\..\..\Art\\SanMiguel_3\Textures\dds\sm_leaf_02_NRM.tex
         D:\HTC\avboit\The-Forge\Examples_3\Unit_Tests\PC Visual Studio 2019\..\..\..\Art\\SanMiguel_3\Textures\dds\sm_leaf_03a.tex
         D:\HTC\avboit\The-Forge\Examples_3\Unit_Tests\PC Visual Studio 2019\..\..\..\Art\\SanMiguel_3\Textures\dds\sm_leaf_03a_NRM.tex
         D:\HTC\avboit\The-Forge\Examples_3\Unit_Tests\PC Visual Studio 2019\..\..\..\Art\\SanMiguel_3\Textures\dds\sm_leaf_03a_SPEC.tex
         D:\HTC\avboit\The-Forge\Examples_3\Unit_Tests\PC Visual Studio 2019\..\..\..\Art\\SanMiguel_3\Textures\dds\sm_leaf_seca_02b.tex
         D:\HTC\avboit\The-Forge\Examples_3\Unit_Tests\PC Visual Studio 2019\..\..\..\Art\\SanMiguel_3\Textures\dds\sm_tronco.tex
         D:\HTC\avboit\The-Forge\Examples_3\Unit_Tests\PC Visual Studio 2019\..\..\..\Art\\SanMiguel_3\Textures\dds\sm_tronco_NRM.tex
         D:\HTC\avboit\The-Forge\Examples_3\Unit_Tests\PC Visual Studio 2019\..\..\..\Art\\SanMiguel_3\Textures\dds\sunset.tex
         D:\HTC\avboit\The-Forge\Examples_3\Unit_Tests\PC Visual Studio 2019\..\..\..\Art\\SanMiguel_3\Textures\dds\tapa_talabera.tex
         D:\HTC\avboit\The-Forge\Examples_3\Unit_Tests\PC Visual Studio 2019\..\..\..\Art\\SanMiguel_3\Textures\dds\techo.tex
         D:\HTC\avboit\The-Forge\Examples_3\Unit_Tests\PC Visual Studio 2019\..\..\..\Art\\SanMiguel_3\Textures\dds\techo_01.tex
         D:\HTC\avboit\The-Forge\Examples_3\Unit_Tests\PC Visual Studio 2019\..\..\..\Art\\SanMiguel_3\Textures\dds\techo_NRM.tex
         D:\HTC\avboit\The-Forge\Examples_3\Unit_Tests\PC Visual Studio 2019\..\..\..\Art\\SanMiguel_3\Textures\dds\techo_SPEC.tex
         D:\HTC\avboit\The-Forge\Examples_3\Unit_Tests\PC Visual Studio 2019\..\..\..\Art\\SanMiguel_3\Textures\dds\tela_blanca.tex
         D:\HTC\avboit\The-Forge\Examples_3\Unit_Tests\PC Visual Studio 2019\..\..\..\Art\\SanMiguel_3\Textures\dds\tela_blanca_NRM.tex
         D:\HTC\avboit\The-Forge\Examples_3\Unit_Tests\PC Visual Studio 2019\..\..\..\Art\\SanMiguel_3\Textures\dds\tela_blanca_SPEC.tex
         D:\HTC\avboit\The-Forge\Examples_3\Unit_Tests\PC Visual Studio 2019\..\..\..\Art\\SanMiguel_3\Textures\dds\tela_mesa_b.tex
         D:\HTC\avboit\The-Forge\Examples_3\Unit_Tests\PC Visual Studio 2019\..\..\..\Art\\SanMiguel_3\Textures\dds\tela_mesa_d.tex
         D:\HTC\avboit\The-Forge\Examples_3\Unit_Tests\PC Visual Studio 2019\..\..\..\Art\\SanMiguel_3\Textures\dds\tela_mesa_d_SPEC.tex
         D:\HTC\avboit\The-Forge\Examples_3\Unit_Tests\PC Visual Studio 2019\..\..\..\Art\\SanMiguel_3\Textures\dds\tela_silla_b.tex
         D:\HTC\avboit\The-Forge\Examples_3\Unit_Tests\PC Visual Studio 2019\..\..\..\Art\\SanMiguel_3\Textures\dds\tela_silla_b_NRM.tex
         D:\HTC\avboit\The-Forge\Examples_3\Unit_Tests\PC Visual Studio 2019\..\..\..\Art\\SanMiguel_3\Textures\dds\tela_silla_b_SPEC.tex
         D:\HTC\avboit\The-Forge\Examples_3\Unit_Tests\PC Visual Studio 2019\..\..\..\Art\\SanMiguel_3\Textures\dds\TR02lef5.tex
         D:\HTC\avboit\The-Forge\Examples_3\Unit_Tests\PC Visual Studio 2019\..\..\..\Art\\SanMiguel_3\Textures\dds\TR14lef1.tex
         D:\HTC\avboit\The-Forge\Examples_3\Unit_Tests\PC Visual Studio 2019\..\..\..\Art\\SanMiguel_3\Textures\dds\Vigas_A2.tex
         D:\HTC\avboit\The-Forge\Examples_3\Unit_Tests\PC Visual Studio 2019\..\..\..\Art\\SanMiguel_3\Textures\dds\Vigas_A2_NRM.tex
         D:\HTC\avboit\The-Forge\Examples_3\Unit_Tests\PC Visual Studio 2019\..\..\..\Art\\SanMiguel_3\Textures\dds\Vigas_A2_SPEC.tex
         D:\HTC\avboit\The-Forge\Examples_3\Unit_Tests\PC Visual Studio 2019\..\..\..\Art\\SanMiguel_3\Textures\dds\Vigas_B.tex
         D:\HTC\avboit\The-Forge\Examples_3\Unit_Tests\PC Visual Studio 2019\..\..\..\Art\\SanMiguel_3\Textures\dds\Vigas_B_NRM.tex
         D:\HTC\avboit\The-Forge\Examples_3\Unit_Tests\PC Visual Studio 2019\..\..\..\Art\\SanMiguel_3\Textures\dds\Vigas_B_SPEC.tex
         D:\HTC\avboit\The-Forge\Examples_3\Unit_Tests\PC Visual Studio 2019\..\..\..\Art\\SanMiguel_3\Textures\dds\wood.3.Bubinga.tex
         D:\HTC\avboit\The-Forge\Examples_3\Unit_Tests\PC Visual Studio 2019\..\..\..\Art\\SanMiguel_3\Textures\dds\WOOD08.tex
         D:\HTC\avboit\The-Forge\Examples_3\Unit_Tests\PC Visual Studio 2019\..\..\..\Art\\SanMiguel_3\Textures\dds\WOOD08_NRM.tex
         D:\HTC\avboit\The-Forge\Examples_3\Unit_Tests\PC Visual Studio 2019\..\..\..\Art\\SanMiguel_3\Textures\dds\WOOD08_SPEC.tex
         D:\HTC\avboit\The-Forge\Examples_3\Unit_Tests\PC Visual Studio 2019\..\..\..\Art\\SanMiguel_3\Textures\dds\zebrina_pendula_bark.tex
         359 File(s) copied
    54>PostBuildEvent:
         0 File(s) copied
    39>ClCompile:
         ?????????
    54>PostBuildEvent:
         File not found - *.ttf
         0 File(s) copied
    39>Link:
         ?????????
         15a_VisibilityBufferOIT.vcxproj -> D:\HTC\avboit\The-Forge\Examples_3\Unit_Tests\PC Visual Studio 2019\x64\Release\15a_VisibilityBufferOIT\15a_VisibilityBufferOIT.exe
       CustomBuildStep:
       ??????“CustomBuildStep”,????????
    54>PostBuildEvent:
         0 File(s) copied
         0 File(s) copied
    48>PostBuildEvent:
         0 File(s) copied
         0 File(s) copied
    54>PostBuildEvent:
         0 File(s) copied
         0 File(s) copied
    48>PostBuildEvent:
         File not found - *.ttf
         0 File(s) copied
    54>PostBuildEvent:
         File not found - *.lua
         0 File(s) copied
    48>PostBuildEvent:
         0 File(s) copied
    54>PostBuildEvent:
         0 File(s) copied
    48>PostBuildEvent:
         0 File(s) copied
    54>PostBuildEvent:
         0 File(s) copied
    48>PostBuildEvent:
         0 File(s) copied
         0 File(s) copied
         File not found - *.lua
         0 File(s) copied
    54>PostBuildEvent:
         Forge Material Compiler:
           Material Files: 2
           Shaders:  Total=2   Unique=1
           Textures: Total=84   Unique=70
    48>PostBuildEvent:
         0 File(s) copied
    54>FinalizeBuildStatus:
         ??????“D:\HTC\avboit\The-Forge\Examples_3\Unit_Tests\PC Visual Studio 2019\\x64\Release\Intermediate\06_MaterialPlayground\06_Mater.611831C0.tlog\unsuccessfulbuild”?
         ???“D:\HTC\avboit\The-Forge\Examples_3\Unit_Tests\PC Visual Studio 2019\\x64\Release\Intermediate\06_MaterialPlayground\06_Mater.611831C0.tlog\06_MaterialPlayground.lastbuildstate”?? Touch ???
    54>???????“D:\HTC\avboit\The-Forge\Examples_3\Unit_Tests\PC Visual Studio 2019\06_MaterialPlayground.vcxproj”(????)????
     7>???????“D:\HTC\avboit\The-Forge\Examples_3\Unit_Tests\PC Visual Studio 2019\06_MaterialPlayground.vcxproj.metaproj”(????)????
    39>CustomBuildStep:
       ??????“CustomBuildStep”,????????
    51>PostBuildEvent:
         
                 xcopy "D:\HTC\avboit\The-Forge\Examples_3\Unit_Tests\PC Visual Studio 2019\..\..\..\Common_3\Graphics\ThirdParty\OpenSource\VulkanSDK\bin\Win32\*.dll" "D:\HTC\avboit\The-Forge\Examples_3\Unit_Tests\PC Visual Studio 2019\x64\Release\28_Skinning\" /S /Y /D
                 xcopy "D:\HTC\avboit\The-Forge\Examples_3\Unit_Tests\PC Visual Studio 2019\..\..\..\Common_3\Graphics\ThirdParty\OpenSource\VulkanSDK\bin\Win32\*.json" "D:\HTC\avboit\The-Forge\Examples_3\Unit_Tests\PC Visual Studio 2019\x64\Release\28_Skinning\" /S /Y /D
                 xcopy "D:\HTC\avboit\The-Forge\Examples_3\Unit_Tests\PC Visual Studio 2019\..\..\..\Common_3\Graphics\ThirdParty\OpenSource\ags\ags_lib\lib\amd_ags_x64.dll" "D:\HTC\avboit\The-Forge\Examples_3\Unit_Tests\PC Visual Studio 2019\x64\Release\28_Skinning\amd_ags_x64.dll"* /S /Y /D
                 xcopy "D:\HTC\avboit\The-Forge\Examples_3\Unit_Tests\PC Visual Studio 2019\..\..\..\Common_3\Graphics\ThirdParty\OpenSource\DirectXShaderCompiler\bin\x64\dxcompiler.dll" "D:\HTC\avboit\The-Forge\Examples_3\Unit_Tests\PC Visual Studio 2019\x64\Release\28_Skinning\dxcompiler.dll"* /S /Y /D
                 xcopy "D:\HTC\avboit\The-Forge\Examples_3\Unit_Tests\PC Visual Studio 2019\..\..\..\Common_3\Graphics\ThirdParty\OpenSource\Direct3d12Agility\bin\x64\*.dll" "D:\HTC\avboit\The-Forge\Examples_3\Unit_Tests\PC Visual Studio 2019\x64\Release\28_Skinning\"* /S /Y /D
                 xcopy "D:\HTC\avboit\The-Forge\Examples_3\Unit_Tests\PC Visual Studio 2019\..\..\..\Common_3\OS\ThirdParty\OpenSource\winpixeventruntime\bin\WinPixEventRuntime.dll" "D:\HTC\avboit\The-Forge\Examples_3\Unit_Tests\PC Visual Studio 2019\x64\Release\28_Skinning\WinPixEventRunTime.dll"* /S /Y /D
                 
                set ART=D:\HTC\avboit\The-Forge\Examples_3\Unit_Tests\PC Visual Studio 2019\..\..\..\Art\
         xcopy /Y /S /D "%ART%\UnitTestResources\Animation\*.ozz" "D:\HTC\avboit\The-Forge\Examples_3\Unit_Tests\PC Visual Studio 2019\x64\Release\28_Skinning\Animation\"
         xcopy /Y /S /D "%ART%\UnitTestResources\Animation\*.bin" "D:\HTC\avboit\The-Forge\Examples_3\Unit_Tests\PC Visual Studio 2019\x64\Release\28_Skinning\Meshes\"
         xcopy /Y /S /D "%ART%\UnitTestResources\Textures\dds\Stormtrooper_D.tex" "D:\HTC\avboit\The-Forge\Examples_3\Unit_Tests\PC Visual Studio 2019\x64\Release\28_Skinning\Textures\"
         xcopy /Y /S /D "%ART%\UnitTestResources\Fonts\*.ttf" "D:\HTC\avboit\The-Forge\Examples_3\Unit_Tests\PC Visual Studio 2019\x64\Release\28_Skinning\Fonts\"
         xcopy /Y /S /D "%ART%\UnitTestResources\Fonts\*.otf" "D:\HTC\avboit\The-Forge\Examples_3\Unit_Tests\PC Visual Studio 2019\x64\Release\28_Skinning\Fonts\"
         
         xcopy /Y /S /D /E "D:\HTC\avboit\The-Forge\Examples_3\Unit_Tests\PC Visual Studio 2019\x64\Release\28_Skinning\..\OS\Shaders" "D:\HTC\avboit\The-Forge\Examples_3\Unit_Tests\PC Visual Studio 2019\x64\Release\28_Skinning\Shaders"
         xcopy /Y /S /D /E "D:\HTC\avboit\The-Forge\Examples_3\Unit_Tests\PC Visual Studio 2019\x64\Release\28_Skinning\..\OS\CompiledShaders" "D:\HTC\avboit\The-Forge\Examples_3\Unit_Tests\PC Visual Studio 2019\x64\Release\28_Skinning\CompiledShaders"
         
         xcopy /Y /S /D "%ART%\UnitTestResources\Scripts\*.lua" "D:\HTC\avboit\The-Forge\Examples_3\Unit_Tests\PC Visual Studio 2019\x64\Release\28_Skinning\Scripts\"
         
         xcopy "D:\HTC\avboit\The-Forge\Common_3\OS\Windows\pc_gpu.data" "D:\HTC\avboit\The-Forge\Examples_3\Unit_Tests\PC Visual Studio 2019\x64\Release\28_Skinning\GPUCfg\gpu.data*" /Y /D
         xcopy "D:\HTC\avboit\The-Forge\Examples_3\Unit_Tests\src\28_Skinning\GPUCfg\gpu.cfg" "D:\HTC\avboit\The-Forge\Examples_3\Unit_Tests\PC Visual Studio 2019\x64\Release\28_Skinning\GPUCfg\gpu.cfg*" /Y /D
         
         :VCEnd
    39>PostBuildEvent:
         
                 xcopy "D:\HTC\avboit\The-Forge\Examples_3\Unit_Tests\PC Visual Studio 2019\..\..\..\Common_3\Graphics\ThirdParty\OpenSource\VulkanSDK\bin\Win32\*.dll" "D:\HTC\avboit\The-Forge\Examples_3\Unit_Tests\PC Visual Studio 2019\x64\Release\15a_VisibilityBufferOIT\" /S /Y /D
                 xcopy "D:\HTC\avboit\The-Forge\Examples_3\Unit_Tests\PC Visual Studio 2019\..\..\..\Common_3\Graphics\ThirdParty\OpenSource\VulkanSDK\bin\Win32\*.json" "D:\HTC\avboit\The-Forge\Examples_3\Unit_Tests\PC Visual Studio 2019\x64\Release\15a_VisibilityBufferOIT\" /S /Y /D
                 xcopy "D:\HTC\avboit\The-Forge\Examples_3\Unit_Tests\PC Visual Studio 2019\..\..\..\Common_3\Graphics\ThirdParty\OpenSource\ags\ags_lib\lib\amd_ags_x64.dll" "D:\HTC\avboit\The-Forge\Examples_3\Unit_Tests\PC Visual Studio 2019\x64\Release\15a_VisibilityBufferOIT\amd_ags_x64.dll"* /S /Y /D
                 xcopy "D:\HTC\avboit\The-Forge\Examples_3\Unit_Tests\PC Visual Studio 2019\..\..\..\Common_3\Graphics\ThirdParty\OpenSource\DirectXShaderCompiler\bin\x64\dxcompiler.dll" "D:\HTC\avboit\The-Forge\Examples_3\Unit_Tests\PC Visual Studio 2019\x64\Release\15a_VisibilityBufferOIT\dxcompiler.dll"* /S /Y /D
                 xcopy "D:\HTC\avboit\The-Forge\Examples_3\Unit_Tests\PC Visual Studio 2019\..\..\..\Common_3\Graphics\ThirdParty\OpenSource\Direct3d12Agility\bin\x64\*.dll" "D:\HTC\avboit\The-Forge\Examples_3\Unit_Tests\PC Visual Studio 2019\x64\Release\15a_VisibilityBufferOIT\"* /S /Y /D
                 xcopy "D:\HTC\avboit\The-Forge\Examples_3\Unit_Tests\PC Visual Studio 2019\..\..\..\Common_3\OS\ThirdParty\OpenSource\winpixeventruntime\bin\WinPixEventRuntime.dll" "D:\HTC\avboit\The-Forge\Examples_3\Unit_Tests\PC Visual Studio 2019\x64\Release\15a_VisibilityBufferOIT\WinPixEventRunTime.dll"* /S /Y /D
                 
                set ART=D:\HTC\avboit\The-Forge\Examples_3\Unit_Tests\PC Visual Studio 2019\..\..\..\Art\
         
         xcopy /Y /S /D "%ART%\SanMiguel_3\Meshes\*" "D:\HTC\avboit\The-Forge\Examples_3\Unit_Tests\PC Visual Studio 2019\x64\Release\15a_VisibilityBufferOIT\Meshes\"
         xcopy /Y /S /D "%ART%\SanMiguel_3\Textures\dds\*.tex" "D:\HTC\avboit\The-Forge\Examples_3\Unit_Tests\PC Visual Studio 2019\x64\Release\15a_VisibilityBufferOIT\Textures\"
         xcopy /Y /S /D "%ART%\UnitTestResources\cameraPath.bin" "D:\HTC\avboit\The-Forge\Examples_3\Unit_Tests\PC Visual Studio 2019\x64\Release\15a_VisibilityBufferOIT\"
         xcopy /Y /S /D "%ART%\UnitTestResources\Fonts\*" "D:\HTC\avboit\The-Forge\Examples_3\Unit_Tests\PC Visual Studio 2019\x64\Release\15a_VisibilityBufferOIT\Fonts\"
         xcopy /Y /S /D "%ART%\UnitTestResources\Scripts\*.lua" "D:\HTC\avboit\The-Forge\Examples_3\Unit_Tests\PC Visual Studio 2019\x64\Release\15a_VisibilityBufferOIT\Scripts\"
         xcopy /Y /S /D "%ART%\UnitTestResources\Animation\stormtrooper\animations\*" "D:\HTC\avboit\The-Forge\Examples_3\Unit_Tests\PC Visual Studio 2019\x64\Release\15a_VisibilityBufferOIT\\Animations\stormtrooper\"
         xcopy /Y /S /D "%ART%\UnitTestResources\Animation\stormtrooper\skeleton.ozz" "D:\HTC\avboit\The-Forge\Examples_3\Unit_Tests\PC Visual Studio 2019\x64\Release\15a_VisibilityBufferOIT\\Animations\stormtrooper\"
         xcopy /Y /S /D "%ART%\UnitTestResources\Animation\stormtrooper\riggedMesh.bin" "D:\HTC\avboit\The-Forge\Examples_3\Unit_Tests\PC Visual Studio 2019\x64\Release\15a_VisibilityBufferOIT\\Meshes\stormtrooper\"
         xcopy /Y /S /D "%ART%\UnitTestResources\Textures\dds\Stormtrooper_D.tex" "D:\HTC\avboit\The-Forge\Examples_3\Unit_Tests\PC Visual Studio 2019\x64\Release\15a_VisibilityBufferOIT\\Textures\"
         xcopy /Y /S /D "D:\HTC\avboit\The-Forge\Examples_3\Unit_Tests\PC Visual Studio 2019\..\src\15a_VisibilityBufferOIT\Scripts\*.lua" "D:\HTC\avboit\The-Forge\Examples_3\Unit_Tests\PC Visual Studio 2019\x64\Release\15a_VisibilityBufferOIT\Scripts\"
         
         if not exist "D:\HTC\avboit\The-Forge\Examples_3\Unit_Tests\PC Visual Studio 2019\x64\Release\15a_VisibilityBufferOIT\PipelineCaches\VULKAN\" mkdir "D:\HTC\avboit\The-Forge\Examples_3\Unit_Tests\PC Visual Studio 2019\x64\Release\15a_VisibilityBufferOIT\PipelineCaches\VULKAN\"
         if not exist "D:\HTC\avboit\The-Forge\Examples_3\Unit_Tests\PC Visual Studio 2019\x64\Release\15a_VisibilityBufferOIT\PipelineCaches\DIRECT3D12\" mkdir "D:\HTC\avboit\The-Forge\Examples_3\Unit_Tests\PC Visual Studio 2019\x64\Release\15a_VisibilityBufferOIT\PipelineCaches\DIRECT3D12\"
         
         xcopy /Y /S /D /E "D:\HTC\avboit\The-Forge\Examples_3\Unit_Tests\PC Visual Studio 2019\x64\Release\15a_VisibilityBufferOIT\..\OS\Shaders" "D:\HTC\avboit\The-Forge\Examples_3\Unit_Tests\PC Visual Studio 2019\x64\Release\15a_VisibilityBufferOIT\Shaders"
         xcopy /Y /S /D /E "D:\HTC\avboit\The-Forge\Examples_3\Unit_Tests\PC Visual Studio 2019\x64\Release\15a_VisibilityBufferOIT\..\OS\CompiledShaders" "D:\HTC\avboit\The-Forge\Examples_3\Unit_Tests\PC Visual Studio 2019\x64\Release\15a_VisibilityBufferOIT\CompiledShaders"
         
         xcopy "D:\HTC\avboit\The-Forge\Common_3\OS\Windows\pc_gpu.data" "D:\HTC\avboit\The-Forge\Examples_3\Unit_Tests\PC Visual Studio 2019\x64\Release\15a_VisibilityBufferOIT\GPUCfg\gpu.data*" /Y /D
         xcopy "D:\HTC\avboit\The-Forge\Examples_3\Unit_Tests\src\15a_VisibilityBufferOIT\GPUCfg\gpu.cfg" "D:\HTC\avboit\The-Forge\Examples_3\Unit_Tests\PC Visual Studio 2019\x64\Release\15a_VisibilityBufferOIT\GPUCfg\gpu.cfg*" /Y /D
         
         :VCEnd
    48>PostBuildEvent:
         0 File(s) copied
       FinalizeBuildStatus:
         ??????“D:\HTC\avboit\The-Forge\Examples_3\Unit_Tests\PC Visual Studio 2019\\x64\Release\Intermediate\10_ScreenSpaceReflections\10_Scree.DA983663.tlog\unsuccessfulbuild”?
         ???“D:\HTC\avboit\The-Forge\Examples_3\Unit_Tests\PC Visual Studio 2019\\x64\Release\Intermediate\10_ScreenSpaceReflections\10_Scree.DA983663.tlog\10_ScreenSpaceReflections.lastbuildstate”?? Touch ???
    48>???????“D:\HTC\avboit\The-Forge\Examples_3\Unit_Tests\PC Visual Studio 2019\10_ScreenSpaceReflections.vcxproj”(????)????
     8>???????“D:\HTC\avboit\The-Forge\Examples_3\Unit_Tests\PC Visual Studio 2019\10_ScreenSpaceReflections.vcxproj.metaproj”(????)????
    51>PostBuildEvent:
         0 File(s) copied
         0 File(s) copied
    39>PostBuildEvent:
         0 File(s) copied
    51>PostBuildEvent:
         0 File(s) copied
    39>PostBuildEvent:
         0 File(s) copied
    51>PostBuildEvent:
         0 File(s) copied
    39>PostBuildEvent:
         0 File(s) copied
    51>PostBuildEvent:
         0 File(s) copied
    39>PostBuildEvent:
         0 File(s) copied
    51>PostBuildEvent:
         0 File(s) copied
    39>PostBuildEvent:
         0 File(s) copied
    51>PostBuildEvent:
         0 File(s) copied
    39>PostBuildEvent:
         0 File(s) copied
         D:\HTC\avboit\The-Forge\Examples_3\Unit_Tests\PC Visual Studio 2019\..\..\..\Art\\SanMiguel_3\Meshes\SanMiguel.bin
    51>PostBuildEvent:
         D:\HTC\avboit\The-Forge\Examples_3\Unit_Tests\PC Visual Studio 2019\..\..\..\Art\\UnitTestResources\Animation\stormtrooper\riggedMesh.bin
         1 File(s) copied
    55>ClCompile:
         ?????????
    39>PostBuildEvent:
         D:\HTC\avboit\The-Forge\Examples_3\Unit_Tests\PC Visual Studio 2019\..\..\..\Art\\SanMiguel_3\Meshes\SanMiguel_AlphaTested.bin
    55>Link:
         ?????????
         09_LightShadowPlayground.vcxproj -> D:\HTC\avboit\The-Forge\Examples_3\Unit_Tests\PC Visual Studio 2019\x64\Release\09_LightShadowPlayground\09_LightShadowPlayground.exe
       CustomBuildStep:
       ??????“CustomBuildStep”,????????
       CustomBuildStep:
       ??????“CustomBuildStep”,????????
       PostBuildEvent:
         
                 xcopy "D:\HTC\avboit\The-Forge\Examples_3\Unit_Tests\PC Visual Studio 2019\..\..\..\Common_3\Graphics\ThirdParty\OpenSource\VulkanSDK\bin\Win32\*.dll" "D:\HTC\avboit\The-Forge\Examples_3\Unit_Tests\PC Visual Studio 2019\x64\Release\09_LightShadowPlayground\" /S /Y /D
                 xcopy "D:\HTC\avboit\The-Forge\Examples_3\Unit_Tests\PC Visual Studio 2019\..\..\..\Common_3\Graphics\ThirdParty\OpenSource\VulkanSDK\bin\Win32\*.json" "D:\HTC\avboit\The-Forge\Examples_3\Unit_Tests\PC Visual Studio 2019\x64\Release\09_LightShadowPlayground\" /S /Y /D
                 xcopy "D:\HTC\avboit\The-Forge\Examples_3\Unit_Tests\PC Visual Studio 2019\..\..\..\Common_3\Graphics\ThirdParty\OpenSource\ags\ags_lib\lib\amd_ags_x64.dll" "D:\HTC\avboit\The-Forge\Examples_3\Unit_Tests\PC Visual Studio 2019\x64\Release\09_LightShadowPlayground\amd_ags_x64.dll"* /S /Y /D
                 xcopy "D:\HTC\avboit\The-Forge\Examples_3\Unit_Tests\PC Visual Studio 2019\..\..\..\Common_3\Graphics\ThirdParty\OpenSource\DirectXShaderCompiler\bin\x64\dxcompiler.dll" "D:\HTC\avboit\The-Forge\Examples_3\Unit_Tests\PC Visual Studio 2019\x64\Release\09_LightShadowPlayground\dxcompiler.dll"* /S /Y /D
                 xcopy "D:\HTC\avboit\The-Forge\Examples_3\Unit_Tests\PC Visual Studio 2019\..\..\..\Common_3\Graphics\ThirdParty\OpenSource\Direct3d12Agility\bin\x64\*.dll" "D:\HTC\avboit\The-Forge\Examples_3\Unit_Tests\PC Visual Studio 2019\x64\Release\09_LightShadowPlayground\"* /S /Y /D
                 xcopy "D:\HTC\avboit\The-Forge\Examples_3\Unit_Tests\PC Visual Studio 2019\..\..\..\Common_3\OS\ThirdParty\OpenSource\winpixeventruntime\bin\WinPixEventRuntime.dll" "D:\HTC\avboit\The-Forge\Examples_3\Unit_Tests\PC Visual Studio 2019\x64\Release\09_LightShadowPlayground\WinPixEventRunTime.dll"* /S /Y /D
                 
                :: Copy Art files
         set ART=D:\HTC\avboit\The-Forge\Examples_3\Unit_Tests\PC Visual Studio 2019\..\..\..\Art\
         xcopy /Y /S /D "%ART%\SanMiguel_3\Textures\dds\*.tex" "D:\HTC\avboit\The-Forge\Examples_3\Unit_Tests\PC Visual Studio 2019\x64\Release\09_LightShadowPlayground\Textures\"
         xcopy /Y /S /D "%ART%\SanMiguel_3\Meshes\*" "D:\HTC\avboit\The-Forge\Examples_3\Unit_Tests\PC Visual Studio 2019\x64\Release\09_LightShadowPlayground\Meshes\"
         xcopy /Y /S /D "%ART%\SDF\*" "D:\HTC\avboit\The-Forge\Examples_3\Unit_Tests\PC Visual Studio 2019\x64\Release\09_LightShadowPlayground\SDF\"
         
         xcopy /Y /S /D "%ART%\UnitTestResources\Fonts\*.ttf" "D:\HTC\avboit\The-Forge\Examples_3\Unit_Tests\PC Visual Studio 2019\x64\Release\09_LightShadowPlayground\Fonts\"
         xcopy /Y /S /D "%ART%\UnitTestResources\Fonts\*.otf" "D:\HTC\avboit\The-Forge\Examples_3\Unit_Tests\PC Visual Studio 2019\x64\Release\09_LightShadowPlayground\Fonts\"
         
         xcopy /Y /S /D /E "D:\HTC\avboit\The-Forge\Examples_3\Unit_Tests\PC Visual Studio 2019\x64\Release\09_LightShadowPlayground\..\OS\Shaders" "D:\HTC\avboit\The-Forge\Examples_3\Unit_Tests\PC Visual Studio 2019\x64\Release\09_LightShadowPlayground\Shaders"
         xcopy /Y /S /D /E "D:\HTC\avboit\The-Forge\Examples_3\Unit_Tests\PC Visual Studio 2019\x64\Release\09_LightShadowPlayground\..\OS\CompiledShaders" "D:\HTC\avboit\The-Forge\Examples_3\Unit_Tests\PC Visual Studio 2019\x64\Release\09_LightShadowPlayground\CompiledShaders"
         
         xcopy /Y /S /D "D:\HTC\avboit\The-Forge\Examples_3\Unit_Tests\PC Visual Studio 2019\..\src\09_LightShadowPlayground\Scripts\*.lua" "D:\HTC\avboit\The-Forge\Examples_3\Unit_Tests\PC Visual Studio 2019\x64\Release\09_LightShadowPlayground\Scripts\"
         xcopy /Y /S /D "%ART%\UnitTestResources\Scripts\*.lua" "D:\HTC\avboit\The-Forge\Examples_3\Unit_Tests\PC Visual Studio 2019\x64\Release\09_LightShadowPlayground\Scripts\"
         
         xcopy "D:\HTC\avboit\The-Forge\Common_3\OS\Windows\pc_gpu.data" "D:\HTC\avboit\The-Forge\Examples_3\Unit_Tests\PC Visual Studio 2019\x64\Release\09_LightShadowPlayground\GPUCfg\gpu.data*" /Y /D
         xcopy "D:\HTC\avboit\The-Forge\Examples_3\Unit_Tests\src\09_LightShadowPlayground\GPUCfg\gpu.cfg" "D:\HTC\avboit\The-Forge\Examples_3\Unit_Tests\PC Visual Studio 2019\x64\Release\09_LightShadowPlayground\GPUCfg\gpu.cfg*" /Y /D
         
         :VCEnd
    39>PostBuildEvent:
         D:\HTC\avboit\The-Forge\Examples_3\Unit_Tests\PC Visual Studio 2019\..\..\..\Art\\SanMiguel_3\Meshes\SanMiguel_Flags.bin
         D:\HTC\avboit\The-Forge\Examples_3\Unit_Tests\PC Visual Studio 2019\..\..\..\Art\\SanMiguel_3\Meshes\SanMiguel_Opaque.bin
         D:\HTC\avboit\The-Forge\Examples_3\Unit_Tests\PC Visual Studio 2019\..\..\..\Art\\SanMiguel_3\Meshes\sun.bin
         5 File(s) copied
         D:\HTC\avboit\The-Forge\Examples_3\Unit_Tests\PC Visual Studio 2019\..\..\..\Art\\SanMiguel_3\Textures\dds\0001_carros.tex
         D:\HTC\avboit\The-Forge\Examples_3\Unit_Tests\PC Visual Studio 2019\..\..\..\Art\\SanMiguel_3\Textures\dds\052terresable.tex
         D:\HTC\avboit\The-Forge\Examples_3\Unit_Tests\PC Visual Studio 2019\..\..\..\Art\\SanMiguel_3\Textures\dds\052terresable_NRM.tex
         D:\HTC\avboit\The-Forge\Examples_3\Unit_Tests\PC Visual Studio 2019\..\..\..\Art\\SanMiguel_3\Textures\dds\052terresable_SPEC.tex
         D:\HTC\avboit\The-Forge\Examples_3\Unit_Tests\PC Visual Studio 2019\..\..\..\Art\\SanMiguel_3\Textures\dds\06-30-1997.tex
         D:\HTC\avboit\The-Forge\Examples_3\Unit_Tests\PC Visual Studio 2019\..\..\..\Art\\SanMiguel_3\Textures\dds\aglaonema_bark.tex
         D:\HTC\avboit\The-Forge\Examples_3\Unit_Tests\PC Visual Studio 2019\..\..\..\Art\\SanMiguel_3\Textures\dds\aglaonema_leaf.tex
         D:\HTC\avboit\The-Forge\Examples_3\Unit_Tests\PC Visual Studio 2019\..\..\..\Art\\SanMiguel_3\Textures\dds\aglaonema_leaf_SPEC.tex
         D:\HTC\avboit\The-Forge\Examples_3\Unit_Tests\PC Visual Studio 2019\..\..\..\Art\\SanMiguel_3\Textures\dds\ampelopsis_brevipedunculata_bark.tex
         D:\HTC\avboit\The-Forge\Examples_3\Unit_Tests\PC Visual Studio 2019\..\..\..\Art\\SanMiguel_3\Textures\dds\arcos_lisos_2_color.tex
         D:\HTC\avboit\The-Forge\Examples_3\Unit_Tests\PC Visual Studio 2019\..\..\..\Art\\SanMiguel_3\Textures\dds\arcos_lisos_2_color_NRM.tex
         D:\HTC\avboit\The-Forge\Examples_3\Unit_Tests\PC Visual Studio 2019\..\..\..\Art\\SanMiguel_3\Textures\dds\arcos_lisos_2_color_SPEC.tex
    51>PostBuildEvent:
         0 File(s) copied
    39>PostBuildEvent:
         D:\HTC\avboit\The-Forge\Examples_3\Unit_Tests\PC Visual Studio 2019\..\..\..\Art\\SanMiguel_3\Textures\dds\arcos_lisos_3_color_1.tex
         D:\HTC\avboit\The-Forge\Examples_3\Unit_Tests\PC Visual Studio 2019\..\..\..\Art\\SanMiguel_3\Textures\dds\arcos_lisos_3_color_1_NRM.tex
         D:\HTC\avboit\The-Forge\Examples_3\Unit_Tests\PC Visual Studio 2019\..\..\..\Art\\SanMiguel_3\Textures\dds\arcos_lisos_3_color_1_SPEC.tex
         D:\HTC\avboit\The-Forge\Examples_3\Unit_Tests\PC Visual Studio 2019\..\..\..\Art\\SanMiguel_3\Textures\dds\arco_frente.tex
         D:\HTC\avboit\The-Forge\Examples_3\Unit_Tests\PC Visual Studio 2019\..\..\..\Art\\SanMiguel_3\Textures\dds\arco_frente_NRM.tex
         D:\HTC\avboit\The-Forge\Examples_3\Unit_Tests\PC Visual Studio 2019\..\..\..\Art\\SanMiguel_3\Textures\dds\arco_frente_SPEC.tex
         D:\HTC\avboit\The-Forge\Examples_3\Unit_Tests\PC Visual Studio 2019\..\..\..\Art\\SanMiguel_3\Textures\dds\balconi2nd.tex
         D:\HTC\avboit\The-Forge\Examples_3\Unit_Tests\PC Visual Studio 2019\..\..\..\Art\\SanMiguel_3\Textures\dds\balconi2nd_NRM.tex
         D:\HTC\avboit\The-Forge\Examples_3\Unit_Tests\PC Visual Studio 2019\..\..\..\Art\\SanMiguel_3\Textures\dds\balconi2nd_SPEC.tex
         D:\HTC\avboit\The-Forge\Examples_3\Unit_Tests\PC Visual Studio 2019\..\..\..\Art\\SanMiguel_3\Textures\dds\bark06mi.tex
         D:\HTC\avboit\The-Forge\Examples_3\Unit_Tests\PC Visual Studio 2019\..\..\..\Art\\SanMiguel_3\Textures\dds\bark06mi_NRM.tex
         D:\HTC\avboit\The-Forge\Examples_3\Unit_Tests\PC Visual Studio 2019\..\..\..\Art\\SanMiguel_3\Textures\dds\Barro_2.tex
    55>PostBuildEvent:
         0 File(s) copied
    39>PostBuildEvent:
         D:\HTC\avboit\The-Forge\Examples_3\Unit_Tests\PC Visual Studio 2019\..\..\..\Art\\SanMiguel_3\Textures\dds\Barro_2_NRM.tex
         D:\HTC\avboit\The-Forge\Examples_3\Unit_Tests\PC Visual Studio 2019\..\..\..\Art\\SanMiguel_3\Textures\dds\Barro_2_SPEC.tex
         D:\HTC\avboit\The-Forge\Examples_3\Unit_Tests\PC Visual Studio 2019\..\..\..\Art\\SanMiguel_3\Textures\dds\brushedMetal.tex
         D:\HTC\avboit\The-Forge\Examples_3\Unit_Tests\PC Visual Studio 2019\..\..\..\Art\\SanMiguel_3\Textures\dds\brushedMetal_NRM.tex
         D:\HTC\avboit\The-Forge\Examples_3\Unit_Tests\PC Visual Studio 2019\..\..\..\Art\\SanMiguel_3\Textures\dds\brushedMetal_SPEC.tex
         D:\HTC\avboit\The-Forge\Examples_3\Unit_Tests\PC Visual Studio 2019\..\..\..\Art\\SanMiguel_3\Textures\dds\BWK_1024.tex
         D:\HTC\avboit\The-Forge\Examples_3\Unit_Tests\PC Visual Studio 2019\..\..\..\Art\\SanMiguel_3\Textures\dds\BWK_1024_NRM.tex
         D:\HTC\avboit\The-Forge\Examples_3\Unit_Tests\PC Visual Studio 2019\..\..\..\Art\\SanMiguel_3\Textures\dds\BWK_1024_SPEC.tex
         D:\HTC\avboit\The-Forge\Examples_3\Unit_Tests\PC Visual Studio 2019\..\..\..\Art\\SanMiguel_3\Textures\dds\candil_madera.tex
    51>PostBuildEvent:
         File not found - *.ttf
         0 File(s) copied
    39>PostBuildEvent:
         D:\HTC\avboit\The-Forge\Examples_3\Unit_Tests\PC Visual Studio 2019\..\..\..\Art\\SanMiguel_3\Textures\dds\candil_madera_NRM.tex
         D:\HTC\avboit\The-Forge\Examples_3\Unit_Tests\PC Visual Studio 2019\..\..\..\Art\\SanMiguel_3\Textures\dds\candil_madera_SPEC.tex
         D:\HTC\avboit\The-Forge\Examples_3\Unit_Tests\PC Visual Studio 2019\..\..\..\Art\\SanMiguel_3\Textures\dds\cantera_naranja_liso.tex
         D:\HTC\avboit\The-Forge\Examples_3\Unit_Tests\PC Visual Studio 2019\..\..\..\Art\\SanMiguel_3\Textures\dds\cantera_naranja_liso_NRM.tex
         D:\HTC\avboit\The-Forge\Examples_3\Unit_Tests\PC Visual Studio 2019\..\..\..\Art\\SanMiguel_3\Textures\dds\cantera_naranja_liso_SPEC.tex
         D:\HTC\avboit\The-Forge\Examples_3\Unit_Tests\PC Visual Studio 2019\..\..\..\Art\\SanMiguel_3\Textures\dds\cenicero.tex
         D:\HTC\avboit\The-Forge\Examples_3\Unit_Tests\PC Visual Studio 2019\..\..\..\Art\\SanMiguel_3\Textures\dds\cenicero_NRM.tex
         D:\HTC\avboit\The-Forge\Examples_3\Unit_Tests\PC Visual Studio 2019\..\..\..\Art\\SanMiguel_3\Textures\dds\cenicero_SPEC.tex
         D:\HTC\avboit\The-Forge\Examples_3\Unit_Tests\PC Visual Studio 2019\..\..\..\Art\\SanMiguel_3\Textures\dds\ceramic_tile.tex
    55>PostBuildEvent:
         0 File(s) copied
    39>PostBuildEvent:
         D:\HTC\avboit\The-Forge\Examples_3\Unit_Tests\PC Visual Studio 2019\..\..\..\Art\\SanMiguel_3\Textures\dds\ceramic_tile_NRM.tex
         D:\HTC\avboit\The-Forge\Examples_3\Unit_Tests\PC Visual Studio 2019\..\..\..\Art\\SanMiguel_3\Textures\dds\ceramic_tile_SPEC.tex
         D:\HTC\avboit\The-Forge\Examples_3\Unit_Tests\PC Visual Studio 2019\..\..\..\Art\\SanMiguel_3\Textures\dds\citrus_limon_leaf.tex
         D:\HTC\avboit\The-Forge\Examples_3\Unit_Tests\PC Visual Studio 2019\..\..\..\Art\\SanMiguel_3\Textures\dds\citrus_limon_leaf_NRM.tex
         D:\HTC\avboit\The-Forge\Examples_3\Unit_Tests\PC Visual Studio 2019\..\..\..\Art\\SanMiguel_3\Textures\dds\citrus_limon_leaf_SPEC.tex
         D:\HTC\avboit\The-Forge\Examples_3\Unit_Tests\PC Visual Studio 2019\..\..\..\Art\\SanMiguel_3\Textures\dds\concrete.tex
         D:\HTC\avboit\The-Forge\Examples_3\Unit_Tests\PC Visual Studio 2019\..\..\..\Art\\SanMiguel_3\Textures\dds\concrete_NRM.tex
         D:\HTC\avboit\The-Forge\Examples_3\Unit_Tests\PC Visual Studio 2019\..\..\..\Art\\SanMiguel_3\Textures\dds\concrete_SPEC.tex
         D:\HTC\avboit\The-Forge\Examples_3\Unit_Tests\PC Visual Studio 2019\..\..\..\Art\\SanMiguel_3\Textures\dds\concreto_01.tex
         D:\HTC\avboit\The-Forge\Examples_3\Unit_Tests\PC Visual Studio 2019\..\..\..\Art\\SanMiguel_3\Textures\dds\concreto_01_NRM.tex
         D:\HTC\avboit\The-Forge\Examples_3\Unit_Tests\PC Visual Studio 2019\..\..\..\Art\\SanMiguel_3\Textures\dds\concreto_01_SPEC.tex
         D:\HTC\avboit\The-Forge\Examples_3\Unit_Tests\PC Visual Studio 2019\..\..\..\Art\\SanMiguel_3\Textures\dds\concreto_02.tex
    51>PostBuildEvent:
         0 File(s) copied
    39>PostBuildEvent:
         D:\HTC\avboit\The-Forge\Examples_3\Unit_Tests\PC Visual Studio 2019\..\..\..\Art\\SanMiguel_3\Textures\dds\concreto_02_NRM.tex
         D:\HTC\avboit\The-Forge\Examples_3\Unit_Tests\PC Visual Studio 2019\..\..\..\Art\\SanMiguel_3\Textures\dds\concreto_02_SPEC.tex
    55>PostBuildEvent:
         0 File(s) copied
    39>PostBuildEvent:
         D:\HTC\avboit\The-Forge\Examples_3\Unit_Tests\PC Visual Studio 2019\..\..\..\Art\\SanMiguel_3\Textures\dds\D30_Smiguel_2003_7758.tex
         D:\HTC\avboit\The-Forge\Examples_3\Unit_Tests\PC Visual Studio 2019\..\..\..\Art\\SanMiguel_3\Textures\dds\D30_Smiguel_2003_7768.tex
         D:\HTC\avboit\The-Forge\Examples_3\Unit_Tests\PC Visual Studio 2019\..\..\..\Art\\SanMiguel_3\Textures\dds\D30_Smiguel_2003_7785.tex
         D:\HTC\avboit\The-Forge\Examples_3\Unit_Tests\PC Visual Studio 2019\..\..\..\Art\\SanMiguel_3\Textures\dds\D30_Smiguel_2003_7812.tex
         D:\HTC\avboit\The-Forge\Examples_3\Unit_Tests\PC Visual Studio 2019\..\..\..\Art\\SanMiguel_3\Textures\dds\D30_Smiguel_2003_7815.tex
         D:\HTC\avboit\The-Forge\Examples_3\Unit_Tests\PC Visual Studio 2019\..\..\..\Art\\SanMiguel_3\Textures\dds\D30_Smiguel_2003_7833.tex
         D:\HTC\avboit\The-Forge\Examples_3\Unit_Tests\PC Visual Studio 2019\..\..\..\Art\\SanMiguel_3\Textures\dds\D30_Smiguel_2003_7843.tex
         D:\HTC\avboit\The-Forge\Examples_3\Unit_Tests\PC Visual Studio 2019\..\..\..\Art\\SanMiguel_3\Textures\dds\daytime.tex
         D:\HTC\avboit\The-Forge\Examples_3\Unit_Tests\PC Visual Studio 2019\..\..\..\Art\\SanMiguel_3\Textures\dds\daytime_cube.tex
    55>PostBuildEvent:
         0 File(s) copied
    39>PostBuildEvent:
         D:\HTC\avboit\The-Forge\Examples_3\Unit_Tests\PC Visual Studio 2019\..\..\..\Art\\SanMiguel_3\Textures\dds\Default.tex
         D:\HTC\avboit\The-Forge\Examples_3\Unit_Tests\PC Visual Studio 2019\..\..\..\Art\\SanMiguel_3\Textures\dds\Default_NRM.tex
    51>PostBuildEvent:
         0 File(s) copied
    39>PostBuildEvent:
         D:\HTC\avboit\The-Forge\Examples_3\Unit_Tests\PC Visual Studio 2019\..\..\..\Art\\SanMiguel_3\Textures\dds\Default_SPEC.tex
         D:\HTC\avboit\The-Forge\Examples_3\Unit_Tests\PC Visual Studio 2019\..\..\..\Art\\SanMiguel_3\Textures\dds\Default_SPEC_TRANS.tex
         D:\HTC\avboit\The-Forge\Examples_3\Unit_Tests\PC Visual Studio 2019\..\..\..\Art\\SanMiguel_3\Textures\dds\detmoldura_06_color.tex
         D:\HTC\avboit\The-Forge\Examples_3\Unit_Tests\PC Visual Studio 2019\..\..\..\Art\\SanMiguel_3\Textures\dds\detmoldura_06_color_NRM.tex
         D:\HTC\avboit\The-Forge\Examples_3\Unit_Tests\PC Visual Studio 2019\..\..\..\Art\\SanMiguel_3\Textures\dds\detmoldura_06_color_SPEC.tex
         D:\HTC\avboit\The-Forge\Examples_3\Unit_Tests\PC Visual Studio 2019\..\..\..\Art\\SanMiguel_3\Textures\dds\elaeagnus_umbellate_bark.tex
         D:\HTC\avboit\The-Forge\Examples_3\Unit_Tests\PC Visual Studio 2019\..\..\..\Art\\SanMiguel_3\Textures\dds\escalera_color.tex
         D:\HTC\avboit\The-Forge\Examples_3\Unit_Tests\PC Visual Studio 2019\..\..\..\Art\\SanMiguel_3\Textures\dds\escalera_color_NRM.tex
         D:\HTC\avboit\The-Forge\Examples_3\Unit_Tests\PC Visual Studio 2019\..\..\..\Art\\SanMiguel_3\Textures\dds\escalera_color_SPEC.tex
         D:\HTC\avboit\The-Forge\Examples_3\Unit_Tests\PC Visual Studio 2019\..\..\..\Art\\SanMiguel_3\Textures\dds\escurridera_color.tex
         D:\HTC\avboit\The-Forge\Examples_3\Unit_Tests\PC Visual Studio 2019\..\..\..\Art\\SanMiguel_3\Textures\dds\escurridera_color_NRM.tex
         D:\HTC\avboit\The-Forge\Examples_3\Unit_Tests\PC Visual Studio 2019\..\..\..\Art\\SanMiguel_3\Textures\dds\escurridera_color_SPEC.tex
         D:\HTC\avboit\The-Forge\Examples_3\Unit_Tests\PC Visual Studio 2019\..\..\..\Art\\SanMiguel_3\Textures\dds\EU15lef.tex
         D:\HTC\avboit\The-Forge\Examples_3\Unit_Tests\PC Visual Studio 2019\..\..\..\Art\\SanMiguel_3\Textures\dds\EU15lef_SPEC.tex
         D:\HTC\avboit\The-Forge\Examples_3\Unit_Tests\PC Visual Studio 2019\..\..\..\Art\\SanMiguel_3\Textures\dds\Fierro_A.tex
    55>PostBuildEvent:
         0 File(s) copied
    39>PostBuildEvent:
         D:\HTC\avboit\The-Forge\Examples_3\Unit_Tests\PC Visual Studio 2019\..\..\..\Art\\SanMiguel_3\Textures\dds\Fierro_A_NRM.tex
         D:\HTC\avboit\The-Forge\Examples_3\Unit_Tests\PC Visual Studio 2019\..\..\..\Art\\SanMiguel_3\Textures\dds\Fierro_A_SPEC.tex
         D:\HTC\avboit\The-Forge\Examples_3\Unit_Tests\PC Visual Studio 2019\..\..\..\Art\\SanMiguel_3\Textures\dds\fierro_b.tex
         D:\HTC\avboit\The-Forge\Examples_3\Unit_Tests\PC Visual Studio 2019\..\..\..\Art\\SanMiguel_3\Textures\dds\fierro_b_NRM.tex
         D:\HTC\avboit\The-Forge\Examples_3\Unit_Tests\PC Visual Studio 2019\..\..\..\Art\\SanMiguel_3\Textures\dds\fierro_b_SPEC.tex
         D:\HTC\avboit\The-Forge\Examples_3\Unit_Tests\PC Visual Studio 2019\..\..\..\Art\\SanMiguel_3\Textures\dds\Finishes.Flooring.Carpet.Loop.5.tex
         D:\HTC\avboit\The-Forge\Examples_3\Unit_Tests\PC Visual Studio 2019\..\..\..\Art\\SanMiguel_3\Textures\dds\Finishes.Flooring.Carpet.Loop.5_NRM.tex
         D:\HTC\avboit\The-Forge\Examples_3\Unit_Tests\PC Visual Studio 2019\..\..\..\Art\\SanMiguel_3\Textures\dds\Finishes.Flooring.Carpet.Loop.5_SPEC.tex
         D:\HTC\avboit\The-Forge\Examples_3\Unit_Tests\PC Visual Studio 2019\..\..\..\Art\\SanMiguel_3\Textures\dds\FL13lef1.tex
         D:\HTC\avboit\The-Forge\Examples_3\Unit_Tests\PC Visual Studio 2019\..\..\..\Art\\SanMiguel_3\Textures\dds\FL13lef1_NRM.tex
    51>PostBuildEvent:
         0 File(s) copied
    39>PostBuildEvent:
         D:\HTC\avboit\The-Forge\Examples_3\Unit_Tests\PC Visual Studio 2019\..\..\..\Art\\SanMiguel_3\Textures\dds\FL13lef1_SPEC.tex
         D:\HTC\avboit\The-Forge\Examples_3\Unit_Tests\PC Visual Studio 2019\..\..\..\Art\\SanMiguel_3\Textures\dds\FL13lef4.tex
         D:\HTC\avboit\The-Forge\Examples_3\Unit_Tests\PC Visual Studio 2019\..\..\..\Art\\SanMiguel_3\Textures\dds\FL13lef4_SPEC.tex
         D:\HTC\avboit\The-Forge\Examples_3\Unit_Tests\PC Visual Studio 2019\..\..\..\Art\\SanMiguel_3\Textures\dds\FL13lef5.tex
         D:\HTC\avboit\The-Forge\Examples_3\Unit_Tests\PC Visual Studio 2019\..\..\..\Art\\SanMiguel_3\Textures\dds\FL13lef5_SPEC.tex
         D:\HTC\avboit\The-Forge\Examples_3\Unit_Tests\PC Visual Studio 2019\..\..\..\Art\\SanMiguel_3\Textures\dds\FL13pet1.tex
         D:\HTC\avboit\The-Forge\Examples_3\Unit_Tests\PC Visual Studio 2019\..\..\..\Art\\SanMiguel_3\Textures\dds\FL13pet2.tex
         D:\HTC\avboit\The-Forge\Examples_3\Unit_Tests\PC Visual Studio 2019\..\..\..\Art\\SanMiguel_3\Textures\dds\FL13pet3.tex
    55>PostBuildEvent:
         0 File(s) copied
    39>PostBuildEvent:
         D:\HTC\avboit\The-Forge\Examples_3\Unit_Tests\PC Visual Studio 2019\..\..\..\Art\\SanMiguel_3\Textures\dds\FL13stm.tex
         D:\HTC\avboit\The-Forge\Examples_3\Unit_Tests\PC Visual Studio 2019\..\..\..\Art\\SanMiguel_3\Textures\dds\FL16lef1.tex
         D:\HTC\avboit\The-Forge\Examples_3\Unit_Tests\PC Visual Studio 2019\..\..\..\Art\\SanMiguel_3\Textures\dds\FL16lef1_SPEC.tex
         D:\HTC\avboit\The-Forge\Examples_3\Unit_Tests\PC Visual Studio 2019\..\..\..\Art\\SanMiguel_3\Textures\dds\FL16lef3.tex
         D:\HTC\avboit\The-Forge\Examples_3\Unit_Tests\PC Visual Studio 2019\..\..\..\Art\\SanMiguel_3\Textures\dds\FL16lef3_NRM.tex
         D:\HTC\avboit\The-Forge\Examples_3\Unit_Tests\PC Visual Studio 2019\..\..\..\Art\\SanMiguel_3\Textures\dds\FL16lef3_SPEC.tex
         D:\HTC\avboit\The-Forge\Examples_3\Unit_Tests\PC Visual Studio 2019\..\..\..\Art\\SanMiguel_3\Textures\dds\FL16pet1.tex
         D:\HTC\avboit\The-Forge\Examples_3\Unit_Tests\PC Visual Studio 2019\..\..\..\Art\\SanMiguel_3\Textures\dds\FL16stm.tex
         D:\HTC\avboit\The-Forge\Examples_3\Unit_Tests\PC Visual Studio 2019\..\..\..\Art\\SanMiguel_3\Textures\dds\FL17cnt.tex
         D:\HTC\avboit\The-Forge\Examples_3\Unit_Tests\PC Visual Studio 2019\..\..\..\Art\\SanMiguel_3\Textures\dds\FL17lef1.tex
         D:\HTC\avboit\The-Forge\Examples_3\Unit_Tests\PC Visual Studio 2019\..\..\..\Art\\SanMiguel_3\Textures\dds\FL17lef2.tex
    51>PostBuildEvent:
         File not found - *.lua
         0 File(s) copied
    39>PostBuildEvent:
         D:\HTC\avboit\The-Forge\Examples_3\Unit_Tests\PC Visual Studio 2019\..\..\..\Art\\SanMiguel_3\Textures\dds\FL17lef2_NRM.tex
         D:\HTC\avboit\The-Forge\Examples_3\Unit_Tests\PC Visual Studio 2019\..\..\..\Art\\SanMiguel_3\Textures\dds\FL17lef2_SPEC.tex
         D:\HTC\avboit\The-Forge\Examples_3\Unit_Tests\PC Visual Studio 2019\..\..\..\Art\\SanMiguel_3\Textures\dds\FL17lef3.tex
         D:\HTC\avboit\The-Forge\Examples_3\Unit_Tests\PC Visual Studio 2019\..\..\..\Art\\SanMiguel_3\Textures\dds\FL17lef5.tex
         D:\HTC\avboit\The-Forge\Examples_3\Unit_Tests\PC Visual Studio 2019\..\..\..\Art\\SanMiguel_3\Textures\dds\FL17lef6.tex
         D:\HTC\avboit\The-Forge\Examples_3\Unit_Tests\PC Visual Studio 2019\..\..\..\Art\\SanMiguel_3\Textures\dds\FL17pet1.tex
         D:\HTC\avboit\The-Forge\Examples_3\Unit_Tests\PC Visual Studio 2019\..\..\..\Art\\SanMiguel_3\Textures\dds\FL17pet2.tex
         D:\HTC\avboit\The-Forge\Examples_3\Unit_Tests\PC Visual Studio 2019\..\..\..\Art\\SanMiguel_3\Textures\dds\FL17pet5.tex
         D:\HTC\avboit\The-Forge\Examples_3\Unit_Tests\PC Visual Studio 2019\..\..\..\Art\\SanMiguel_3\Textures\dds\FL17stm.tex
    55>PostBuildEvent:
         D:\HTC\avboit\The-Forge\Examples_3\Unit_Tests\PC Visual Studio 2019\..\..\..\Art\\SanMiguel_3\Textures\dds\0001_carros.tex
    39>PostBuildEvent:
         D:\HTC\avboit\The-Forge\Examples_3\Unit_Tests\PC Visual Studio 2019\..\..\..\Art\\SanMiguel_3\Textures\dds\FL19lef2.tex
         D:\HTC\avboit\The-Forge\Examples_3\Unit_Tests\PC Visual Studio 2019\..\..\..\Art\\SanMiguel_3\Textures\dds\FL19lef2_NRM.tex
         D:\HTC\avboit\The-Forge\Examples_3\Unit_Tests\PC Visual Studio 2019\..\..\..\Art\\SanMiguel_3\Textures\dds\FL19lef2_SPEC.tex
         D:\HTC\avboit\The-Forge\Examples_3\Unit_Tests\PC Visual Studio 2019\..\..\..\Art\\SanMiguel_3\Textures\dds\FL19lef3.tex
    55>PostBuildEvent:
         D:\HTC\avboit\The-Forge\Examples_3\Unit_Tests\PC Visual Studio 2019\..\..\..\Art\\SanMiguel_3\Textures\dds\052terresable.tex
    39>PostBuildEvent:
         D:\HTC\avboit\The-Forge\Examples_3\Unit_Tests\PC Visual Studio 2019\..\..\..\Art\\SanMiguel_3\Textures\dds\FL19lef3_NRM.tex
    55>PostBuildEvent:
         D:\HTC\avboit\The-Forge\Examples_3\Unit_Tests\PC Visual Studio 2019\..\..\..\Art\\SanMiguel_3\Textures\dds\052terresable_NRM.tex
    39>PostBuildEvent:
         D:\HTC\avboit\The-Forge\Examples_3\Unit_Tests\PC Visual Studio 2019\..\..\..\Art\\SanMiguel_3\Textures\dds\FL19lef3_SPEC.tex
    55>PostBuildEvent:
         D:\HTC\avboit\The-Forge\Examples_3\Unit_Tests\PC Visual Studio 2019\..\..\..\Art\\SanMiguel_3\Textures\dds\052terresable_SPEC.tex
    39>PostBuildEvent:
         D:\HTC\avboit\The-Forge\Examples_3\Unit_Tests\PC Visual Studio 2019\..\..\..\Art\\SanMiguel_3\Textures\dds\FL19lef4.tex
    55>PostBuildEvent:
         D:\HTC\avboit\The-Forge\Examples_3\Unit_Tests\PC Visual Studio 2019\..\..\..\Art\\SanMiguel_3\Textures\dds\06-30-1997.tex
         D:\HTC\avboit\The-Forge\Examples_3\Unit_Tests\PC Visual Studio 2019\..\..\..\Art\\SanMiguel_3\Textures\dds\aglaonema_bark.tex
    39>PostBuildEvent:
         D:\HTC\avboit\The-Forge\Examples_3\Unit_Tests\PC Visual Studio 2019\..\..\..\Art\\SanMiguel_3\Textures\dds\FL19pe13.tex
         D:\HTC\avboit\The-Forge\Examples_3\Unit_Tests\PC Visual Studio 2019\..\..\..\Art\\SanMiguel_3\Textures\dds\FL19pe14.tex
    55>PostBuildEvent:
         D:\HTC\avboit\The-Forge\Examples_3\Unit_Tests\PC Visual Studio 2019\..\..\..\Art\\SanMiguel_3\Textures\dds\aglaonema_leaf.tex
    39>PostBuildEvent:
         D:\HTC\avboit\The-Forge\Examples_3\Unit_Tests\PC Visual Studio 2019\..\..\..\Art\\SanMiguel_3\Textures\dds\FL19pe15.tex
    55>PostBuildEvent:
         D:\HTC\avboit\The-Forge\Examples_3\Unit_Tests\PC Visual Studio 2019\..\..\..\Art\\SanMiguel_3\Textures\dds\aglaonema_leaf_SPEC.tex
    39>PostBuildEvent:
         D:\HTC\avboit\The-Forge\Examples_3\Unit_Tests\PC Visual Studio 2019\..\..\..\Art\\SanMiguel_3\Textures\dds\FL19pe16.tex
    55>PostBuildEvent:
         D:\HTC\avboit\The-Forge\Examples_3\Unit_Tests\PC Visual Studio 2019\..\..\..\Art\\SanMiguel_3\Textures\dds\ampelopsis_brevipedunculata_bark.tex
    51>PostBuildEvent:
         0 File(s) copied
    39>PostBuildEvent:
         D:\HTC\avboit\The-Forge\Examples_3\Unit_Tests\PC Visual Studio 2019\..\..\..\Art\\SanMiguel_3\Textures\dds\FL19stm.tex
    55>PostBuildEvent:
         D:\HTC\avboit\The-Forge\Examples_3\Unit_Tests\PC Visual Studio 2019\..\..\..\Art\\SanMiguel_3\Textures\dds\arcos_lisos_2_color.tex
         D:\HTC\avboit\The-Forge\Examples_3\Unit_Tests\PC Visual Studio 2019\..\..\..\Art\\SanMiguel_3\Textures\dds\arcos_lisos_2_color_NRM.tex
    39>PostBuildEvent:
         D:\HTC\avboit\The-Forge\Examples_3\Unit_Tests\PC Visual Studio 2019\..\..\..\Art\\SanMiguel_3\Textures\dds\FL24stm.tex
    55>PostBuildEvent:
         D:\HTC\avboit\The-Forge\Examples_3\Unit_Tests\PC Visual Studio 2019\..\..\..\Art\\SanMiguel_3\Textures\dds\arcos_lisos_2_color_SPEC.tex
    39>PostBuildEvent:
         D:\HTC\avboit\The-Forge\Examples_3\Unit_Tests\PC Visual Studio 2019\..\..\..\Art\\SanMiguel_3\Textures\dds\FL29cnt1.tex
    55>PostBuildEvent:
         D:\HTC\avboit\The-Forge\Examples_3\Unit_Tests\PC Visual Studio 2019\..\..\..\Art\\SanMiguel_3\Textures\dds\arcos_lisos_3_color_1.tex
    39>PostBuildEvent:
         D:\HTC\avboit\The-Forge\Examples_3\Unit_Tests\PC Visual Studio 2019\..\..\..\Art\\SanMiguel_3\Textures\dds\FL29cnt2.tex
    55>PostBuildEvent:
         D:\HTC\avboit\The-Forge\Examples_3\Unit_Tests\PC Visual Studio 2019\..\..\..\Art\\SanMiguel_3\Textures\dds\arcos_lisos_3_color_1_NRM.tex
    39>PostBuildEvent:
         D:\HTC\avboit\The-Forge\Examples_3\Unit_Tests\PC Visual Studio 2019\..\..\..\Art\\SanMiguel_3\Textures\dds\FL29lef.tex
    55>PostBuildEvent:
         D:\HTC\avboit\The-Forge\Examples_3\Unit_Tests\PC Visual Studio 2019\..\..\..\Art\\SanMiguel_3\Textures\dds\arcos_lisos_3_color_1_SPEC.tex
    39>PostBuildEvent:
         D:\HTC\avboit\The-Forge\Examples_3\Unit_Tests\PC Visual Studio 2019\..\..\..\Art\\SanMiguel_3\Textures\dds\FL29lef_NRM.tex
         D:\HTC\avboit\The-Forge\Examples_3\Unit_Tests\PC Visual Studio 2019\..\..\..\Art\\SanMiguel_3\Textures\dds\FL29lef_SPEC.tex
    55>PostBuildEvent:
         D:\HTC\avboit\The-Forge\Examples_3\Unit_Tests\PC Visual Studio 2019\..\..\..\Art\\SanMiguel_3\Textures\dds\arco_frente.tex
    39>PostBuildEvent:
         D:\HTC\avboit\The-Forge\Examples_3\Unit_Tests\PC Visual Studio 2019\..\..\..\Art\\SanMiguel_3\Textures\dds\FL29pet1.tex
    55>PostBuildEvent:
         D:\HTC\avboit\The-Forge\Examples_3\Unit_Tests\PC Visual Studio 2019\..\..\..\Art\\SanMiguel_3\Textures\dds\arco_frente_NRM.tex
    39>PostBuildEvent:
         D:\HTC\avboit\The-Forge\Examples_3\Unit_Tests\PC Visual Studio 2019\..\..\..\Art\\SanMiguel_3\Textures\dds\FL29pet1_NRM.tex
    55>PostBuildEvent:
         D:\HTC\avboit\The-Forge\Examples_3\Unit_Tests\PC Visual Studio 2019\..\..\..\Art\\SanMiguel_3\Textures\dds\arco_frente_SPEC.tex
    39>PostBuildEvent:
         D:\HTC\avboit\The-Forge\Examples_3\Unit_Tests\PC Visual Studio 2019\..\..\..\Art\\SanMiguel_3\Textures\dds\FL29pet1_SPEC.tex
    55>PostBuildEvent:
         D:\HTC\avboit\The-Forge\Examples_3\Unit_Tests\PC Visual Studio 2019\..\..\..\Art\\SanMiguel_3\Textures\dds\balconi2nd.tex
    39>PostBuildEvent:
         D:\HTC\avboit\The-Forge\Examples_3\Unit_Tests\PC Visual Studio 2019\..\..\..\Art\\SanMiguel_3\Textures\dds\FL29pet2.tex
    55>PostBuildEvent:
         D:\HTC\avboit\The-Forge\Examples_3\Unit_Tests\PC Visual Studio 2019\..\..\..\Art\\SanMiguel_3\Textures\dds\balconi2nd_NRM.tex
    39>PostBuildEvent:
         D:\HTC\avboit\The-Forge\Examples_3\Unit_Tests\PC Visual Studio 2019\..\..\..\Art\\SanMiguel_3\Textures\dds\FL29pet2_NRM.tex
    55>PostBuildEvent:
         D:\HTC\avboit\The-Forge\Examples_3\Unit_Tests\PC Visual Studio 2019\..\..\..\Art\\SanMiguel_3\Textures\dds\balconi2nd_SPEC.tex
    39>PostBuildEvent:
         D:\HTC\avboit\The-Forge\Examples_3\Unit_Tests\PC Visual Studio 2019\..\..\..\Art\\SanMiguel_3\Textures\dds\FL29pet2_SPEC.tex
    55>PostBuildEvent:
         D:\HTC\avboit\The-Forge\Examples_3\Unit_Tests\PC Visual Studio 2019\..\..\..\Art\\SanMiguel_3\Textures\dds\bark06mi.tex
         D:\HTC\avboit\The-Forge\Examples_3\Unit_Tests\PC Visual Studio 2019\..\..\..\Art\\SanMiguel_3\Textures\dds\bark06mi_NRM.tex
    39>PostBuildEvent:
         D:\HTC\avboit\The-Forge\Examples_3\Unit_Tests\PC Visual Studio 2019\..\..\..\Art\\SanMiguel_3\Textures\dds\FL29stm1.tex
    55>PostBuildEvent:
         D:\HTC\avboit\The-Forge\Examples_3\Unit_Tests\PC Visual Studio 2019\..\..\..\Art\\SanMiguel_3\Textures\dds\Barro_2.tex
    39>PostBuildEvent:
         D:\HTC\avboit\The-Forge\Examples_3\Unit_Tests\PC Visual Studio 2019\..\..\..\Art\\SanMiguel_3\Textures\dds\FL29twg.tex
    55>PostBuildEvent:
         D:\HTC\avboit\The-Forge\Examples_3\Unit_Tests\PC Visual Studio 2019\..\..\..\Art\\SanMiguel_3\Textures\dds\Barro_2_NRM.tex
    39>PostBuildEvent:
         D:\HTC\avboit\The-Forge\Examples_3\Unit_Tests\PC Visual Studio 2019\..\..\..\Art\\SanMiguel_3\Textures\dds\ForgeFlags.tex
    55>PostBuildEvent:
         D:\HTC\avboit\The-Forge\Examples_3\Unit_Tests\PC Visual Studio 2019\..\..\..\Art\\SanMiguel_3\Textures\dds\Barro_2_SPEC.tex
    39>PostBuildEvent:
         D:\HTC\avboit\The-Forge\Examples_3\Unit_Tests\PC Visual Studio 2019\..\..\..\Art\\SanMiguel_3\Textures\dds\Forja_Macetas.tex
    51>PostBuildEvent:
         0 File(s) copied
    39>PostBuildEvent:
         D:\HTC\avboit\The-Forge\Examples_3\Unit_Tests\PC Visual Studio 2019\..\..\..\Art\\SanMiguel_3\Textures\dds\Forja_Macetas_NRM.tex
    55>PostBuildEvent:
         D:\HTC\avboit\The-Forge\Examples_3\Unit_Tests\PC Visual Studio 2019\..\..\..\Art\\SanMiguel_3\Textures\dds\brushedMetal.tex
    39>PostBuildEvent:
         D:\HTC\avboit\The-Forge\Examples_3\Unit_Tests\PC Visual Studio 2019\..\..\..\Art\\SanMiguel_3\Textures\dds\Forja_Macetas_SPEC.tex
    55>PostBuildEvent:
         D:\HTC\avboit\The-Forge\Examples_3\Unit_Tests\PC Visual Studio 2019\..\..\..\Art\\SanMiguel_3\Textures\dds\brushedMetal_NRM.tex
    39>PostBuildEvent:
         D:\HTC\avboit\The-Forge\Examples_3\Unit_Tests\PC Visual Studio 2019\..\..\..\Art\\SanMiguel_3\Textures\dds\fuente_piedra_01.tex
    55>PostBuildEvent:
         D:\HTC\avboit\The-Forge\Examples_3\Unit_Tests\PC Visual Studio 2019\..\..\..\Art\\SanMiguel_3\Textures\dds\brushedMetal_SPEC.tex
    39>PostBuildEvent:
         D:\HTC\avboit\The-Forge\Examples_3\Unit_Tests\PC Visual Studio 2019\..\..\..\Art\\SanMiguel_3\Textures\dds\fuente_piedra_01_NRM.tex
    55>PostBuildEvent:
         D:\HTC\avboit\The-Forge\Examples_3\Unit_Tests\PC Visual Studio 2019\..\..\..\Art\\SanMiguel_3\Textures\dds\BWK_1024.tex
    39>PostBuildEvent:
         D:\HTC\avboit\The-Forge\Examples_3\Unit_Tests\PC Visual Studio 2019\..\..\..\Art\\SanMiguel_3\Textures\dds\fuente_piedra_01_SPEC.tex
    55>PostBuildEvent:
         D:\HTC\avboit\The-Forge\Examples_3\Unit_Tests\PC Visual Studio 2019\..\..\..\Art\\SanMiguel_3\Textures\dds\BWK_1024_NRM.tex
    39>PostBuildEvent:
         D:\HTC\avboit\The-Forge\Examples_3\Unit_Tests\PC Visual Studio 2019\..\..\..\Art\\SanMiguel_3\Textures\dds\GCanyon_C_YumaPoint_3k.tex
    55>PostBuildEvent:
         D:\HTC\avboit\The-Forge\Examples_3\Unit_Tests\PC Visual Studio 2019\..\..\..\Art\\SanMiguel_3\Textures\dds\BWK_1024_SPEC.tex
    51>FinalizeBuildStatus:
         ??????“D:\HTC\avboit\The-Forge\Examples_3\Unit_Tests\PC Visual Studio 2019\\x64\Release\Intermediate\28_Skinning\28_Skinning.tlog\unsuccessfulbuild”?
    55>PostBuildEvent:
         D:\HTC\avboit\The-Forge\Examples_3\Unit_Tests\PC Visual Studio 2019\..\..\..\Art\\SanMiguel_3\Textures\dds\candil_madera.tex
    51>FinalizeBuildStatus:
         ???“D:\HTC\avboit\The-Forge\Examples_3\Unit_Tests\PC Visual Studio 2019\\x64\Release\Intermediate\28_Skinning\28_Skinning.tlog\28_Skinning.lastbuildstate”?? Touch ???
    51>???????“D:\HTC\avboit\The-Forge\Examples_3\Unit_Tests\PC Visual Studio 2019\28_Skinning.vcxproj”(????)????
    55>PostBuildEvent:
         D:\HTC\avboit\The-Forge\Examples_3\Unit_Tests\PC Visual Studio 2019\..\..\..\Art\\SanMiguel_3\Textures\dds\candil_madera_NRM.tex
    39>PostBuildEvent:
         D:\HTC\avboit\The-Forge\Examples_3\Unit_Tests\PC Visual Studio 2019\..\..\..\Art\\SanMiguel_3\Textures\dds\HP01lef1.tex
    14>???????“D:\HTC\avboit\The-Forge\Examples_3\Unit_Tests\PC Visual Studio 2019\28_Skinning.vcxproj.metaproj”(????)????
    39>PostBuildEvent:
         D:\HTC\avboit\The-Forge\Examples_3\Unit_Tests\PC Visual Studio 2019\..\..\..\Art\\SanMiguel_3\Textures\dds\HP01lef1_SPEC.tex
    55>PostBuildEvent:
         D:\HTC\avboit\The-Forge\Examples_3\Unit_Tests\PC Visual Studio 2019\..\..\..\Art\\SanMiguel_3\Textures\dds\candil_madera_SPEC.tex
    39>PostBuildEvent:
         D:\HTC\avboit\The-Forge\Examples_3\Unit_Tests\PC Visual Studio 2019\..\..\..\Art\\SanMiguel_3\Textures\dds\HP01lef2.tex
    55>PostBuildEvent:
         D:\HTC\avboit\The-Forge\Examples_3\Unit_Tests\PC Visual Studio 2019\..\..\..\Art\\SanMiguel_3\Textures\dds\cantera_naranja_liso.tex
    39>PostBuildEvent:
         D:\HTC\avboit\The-Forge\Examples_3\Unit_Tests\PC Visual Studio 2019\..\..\..\Art\\SanMiguel_3\Textures\dds\HP01lef2_SPEC.tex
    55>PostBuildEvent:
         D:\HTC\avboit\The-Forge\Examples_3\Unit_Tests\PC Visual Studio 2019\..\..\..\Art\\SanMiguel_3\Textures\dds\cantera_naranja_liso_NRM.tex
    39>PostBuildEvent:
         D:\HTC\avboit\The-Forge\Examples_3\Unit_Tests\PC Visual Studio 2019\..\..\..\Art\\SanMiguel_3\Textures\dds\HP01pet1.tex
    55>PostBuildEvent:
         D:\HTC\avboit\The-Forge\Examples_3\Unit_Tests\PC Visual Studio 2019\..\..\..\Art\\SanMiguel_3\Textures\dds\cantera_naranja_liso_SPEC.tex
    39>PostBuildEvent:
         D:\HTC\avboit\The-Forge\Examples_3\Unit_Tests\PC Visual Studio 2019\..\..\..\Art\\SanMiguel_3\Textures\dds\HP01pet3.tex
    55>PostBuildEvent:
         D:\HTC\avboit\The-Forge\Examples_3\Unit_Tests\PC Visual Studio 2019\..\..\..\Art\\SanMiguel_3\Textures\dds\cenicero.tex
    39>PostBuildEvent:
         D:\HTC\avboit\The-Forge\Examples_3\Unit_Tests\PC Visual Studio 2019\..\..\..\Art\\SanMiguel_3\Textures\dds\HP01stm1.tex
         D:\HTC\avboit\The-Forge\Examples_3\Unit_Tests\PC Visual Studio 2019\..\..\..\Art\\SanMiguel_3\Textures\dds\HP01stm2.tex
    55>PostBuildEvent:
         D:\HTC\avboit\The-Forge\Examples_3\Unit_Tests\PC Visual Studio 2019\..\..\..\Art\\SanMiguel_3\Textures\dds\cenicero_NRM.tex
    39>PostBuildEvent:
         D:\HTC\avboit\The-Forge\Examples_3\Unit_Tests\PC Visual Studio 2019\..\..\..\Art\\SanMiguel_3\Textures\dds\HP11lef2.tex
    55>PostBuildEvent:
         D:\HTC\avboit\The-Forge\Examples_3\Unit_Tests\PC Visual Studio 2019\..\..\..\Art\\SanMiguel_3\Textures\dds\cenicero_SPEC.tex
    39>PostBuildEvent:
         D:\HTC\avboit\The-Forge\Examples_3\Unit_Tests\PC Visual Studio 2019\..\..\..\Art\\SanMiguel_3\Textures\dds\HP11stm.tex
    55>PostBuildEvent:
         D:\HTC\avboit\The-Forge\Examples_3\Unit_Tests\PC Visual Studio 2019\..\..\..\Art\\SanMiguel_3\Textures\dds\ceramic_tile.tex
    39>PostBuildEvent:
         D:\HTC\avboit\The-Forge\Examples_3\Unit_Tests\PC Visual Studio 2019\..\..\..\Art\\SanMiguel_3\Textures\dds\HP11stm_NRM.tex
    55>PostBuildEvent:
         D:\HTC\avboit\The-Forge\Examples_3\Unit_Tests\PC Visual Studio 2019\..\..\..\Art\\SanMiguel_3\Textures\dds\ceramic_tile_NRM.tex
    39>PostBuildEvent:
         D:\HTC\avboit\The-Forge\Examples_3\Unit_Tests\PC Visual Studio 2019\..\..\..\Art\\SanMiguel_3\Textures\dds\HP13lef1.tex
    55>PostBuildEvent:
         D:\HTC\avboit\The-Forge\Examples_3\Unit_Tests\PC Visual Studio 2019\..\..\..\Art\\SanMiguel_3\Textures\dds\ceramic_tile_SPEC.tex
    39>PostBuildEvent:
         D:\HTC\avboit\The-Forge\Examples_3\Unit_Tests\PC Visual Studio 2019\..\..\..\Art\\SanMiguel_3\Textures\dds\hp13lef1_NRM.tex
    55>PostBuildEvent:
         D:\HTC\avboit\The-Forge\Examples_3\Unit_Tests\PC Visual Studio 2019\..\..\..\Art\\SanMiguel_3\Textures\dds\citrus_limon_leaf.tex
    39>PostBuildEvent:
         D:\HTC\avboit\The-Forge\Examples_3\Unit_Tests\PC Visual Studio 2019\..\..\..\Art\\SanMiguel_3\Textures\dds\HP13lef1_SPEC.tex
    55>PostBuildEvent:
         D:\HTC\avboit\The-Forge\Examples_3\Unit_Tests\PC Visual Studio 2019\..\..\..\Art\\SanMiguel_3\Textures\dds\citrus_limon_leaf_NRM.tex
    39>PostBuildEvent:
         D:\HTC\avboit\The-Forge\Examples_3\Unit_Tests\PC Visual Studio 2019\..\..\..\Art\\SanMiguel_3\Textures\dds\HP13stm2.tex
    55>PostBuildEvent:
         D:\HTC\avboit\The-Forge\Examples_3\Unit_Tests\PC Visual Studio 2019\..\..\..\Art\\SanMiguel_3\Textures\dds\citrus_limon_leaf_SPEC.tex
    39>PostBuildEvent:
         D:\HTC\avboit\The-Forge\Examples_3\Unit_Tests\PC Visual Studio 2019\..\..\..\Art\\SanMiguel_3\Textures\dds\HP17lef1.tex
    55>PostBuildEvent:
         D:\HTC\avboit\The-Forge\Examples_3\Unit_Tests\PC Visual Studio 2019\..\..\..\Art\\SanMiguel_3\Textures\dds\concrete.tex
    39>PostBuildEvent:
         D:\HTC\avboit\The-Forge\Examples_3\Unit_Tests\PC Visual Studio 2019\..\..\..\Art\\SanMiguel_3\Textures\dds\HP17lef1_SPEC.tex
    55>PostBuildEvent:
         D:\HTC\avboit\The-Forge\Examples_3\Unit_Tests\PC Visual Studio 2019\..\..\..\Art\\SanMiguel_3\Textures\dds\concrete_NRM.tex
    39>PostBuildEvent:
         D:\HTC\avboit\The-Forge\Examples_3\Unit_Tests\PC Visual Studio 2019\..\..\..\Art\\SanMiguel_3\Textures\dds\HP17lef2.tex
         D:\HTC\avboit\The-Forge\Examples_3\Unit_Tests\PC Visual Studio 2019\..\..\..\Art\\SanMiguel_3\Textures\dds\HP17lef2_NRM.tex
    55>PostBuildEvent:
         D:\HTC\avboit\The-Forge\Examples_3\Unit_Tests\PC Visual Studio 2019\..\..\..\Art\\SanMiguel_3\Textures\dds\concrete_SPEC.tex
    39>PostBuildEvent:
         D:\HTC\avboit\The-Forge\Examples_3\Unit_Tests\PC Visual Studio 2019\..\..\..\Art\\SanMiguel_3\Textures\dds\HP17lef2_SPEC.tex
    55>PostBuildEvent:
         D:\HTC\avboit\The-Forge\Examples_3\Unit_Tests\PC Visual Studio 2019\..\..\..\Art\\SanMiguel_3\Textures\dds\concreto_01.tex
    39>PostBuildEvent:
         D:\HTC\avboit\The-Forge\Examples_3\Unit_Tests\PC Visual Studio 2019\..\..\..\Art\\SanMiguel_3\Textures\dds\HP19lef2.tex
    55>PostBuildEvent:
         D:\HTC\avboit\The-Forge\Examples_3\Unit_Tests\PC Visual Studio 2019\..\..\..\Art\\SanMiguel_3\Textures\dds\concreto_01_NRM.tex
    39>PostBuildEvent:
         D:\HTC\avboit\The-Forge\Examples_3\Unit_Tests\PC Visual Studio 2019\..\..\..\Art\\SanMiguel_3\Textures\dds\HP19lef2_NRM.tex
         D:\HTC\avboit\The-Forge\Examples_3\Unit_Tests\PC Visual Studio 2019\..\..\..\Art\\SanMiguel_3\Textures\dds\HP19lef2_SPEC.tex
    55>PostBuildEvent:
         D:\HTC\avboit\The-Forge\Examples_3\Unit_Tests\PC Visual Studio 2019\..\..\..\Art\\SanMiguel_3\Textures\dds\concreto_01_SPEC.tex
    39>PostBuildEvent:
         D:\HTC\avboit\The-Forge\Examples_3\Unit_Tests\PC Visual Studio 2019\..\..\..\Art\\SanMiguel_3\Textures\dds\HP19lef3.tex
    55>PostBuildEvent:
         D:\HTC\avboit\The-Forge\Examples_3\Unit_Tests\PC Visual Studio 2019\..\..\..\Art\\SanMiguel_3\Textures\dds\concreto_02.tex
    39>PostBuildEvent:
         D:\HTC\avboit\The-Forge\Examples_3\Unit_Tests\PC Visual Studio 2019\..\..\..\Art\\SanMiguel_3\Textures\dds\HP19lef3_NRM.tex
    55>PostBuildEvent:
         D:\HTC\avboit\The-Forge\Examples_3\Unit_Tests\PC Visual Studio 2019\..\..\..\Art\\SanMiguel_3\Textures\dds\concreto_02_NRM.tex
    39>PostBuildEvent:
         D:\HTC\avboit\The-Forge\Examples_3\Unit_Tests\PC Visual Studio 2019\..\..\..\Art\\SanMiguel_3\Textures\dds\HP19lef3_SPEC.tex
         D:\HTC\avboit\The-Forge\Examples_3\Unit_Tests\PC Visual Studio 2019\..\..\..\Art\\SanMiguel_3\Textures\dds\HP19stm1.tex
    55>PostBuildEvent:
         D:\HTC\avboit\The-Forge\Examples_3\Unit_Tests\PC Visual Studio 2019\..\..\..\Art\\SanMiguel_3\Textures\dds\concreto_02_SPEC.tex
    39>PostBuildEvent:
         D:\HTC\avboit\The-Forge\Examples_3\Unit_Tests\PC Visual Studio 2019\..\..\..\Art\\SanMiguel_3\Textures\dds\HP19stm2.tex
    55>PostBuildEvent:
         D:\HTC\avboit\The-Forge\Examples_3\Unit_Tests\PC Visual Studio 2019\..\..\..\Art\\SanMiguel_3\Textures\dds\D30_Smiguel_2003_7758.tex
    39>PostBuildEvent:
         D:\HTC\avboit\The-Forge\Examples_3\Unit_Tests\PC Visual Studio 2019\..\..\..\Art\\SanMiguel_3\Textures\dds\impatiens_newguinea_hybrids_petal.tex
    55>PostBuildEvent:
         D:\HTC\avboit\The-Forge\Examples_3\Unit_Tests\PC Visual Studio 2019\..\..\..\Art\\SanMiguel_3\Textures\dds\D30_Smiguel_2003_7768.tex
    39>PostBuildEvent:
         D:\HTC\avboit\The-Forge\Examples_3\Unit_Tests\PC Visual Studio 2019\..\..\..\Art\\SanMiguel_3\Textures\dds\individual_b.tex
    55>PostBuildEvent:
         D:\HTC\avboit\The-Forge\Examples_3\Unit_Tests\PC Visual Studio 2019\..\..\..\Art\\SanMiguel_3\Textures\dds\D30_Smiguel_2003_7785.tex
    39>PostBuildEvent:
         D:\HTC\avboit\The-Forge\Examples_3\Unit_Tests\PC Visual Studio 2019\..\..\..\Art\\SanMiguel_3\Textures\dds\individual_b_NRM.tex
    55>PostBuildEvent:
         D:\HTC\avboit\The-Forge\Examples_3\Unit_Tests\PC Visual Studio 2019\..\..\..\Art\\SanMiguel_3\Textures\dds\D30_Smiguel_2003_7812.tex
    39>PostBuildEvent:
         D:\HTC\avboit\The-Forge\Examples_3\Unit_Tests\PC Visual Studio 2019\..\..\..\Art\\SanMiguel_3\Textures\dds\individual_b_SPEC.tex
    55>PostBuildEvent:
         D:\HTC\avboit\The-Forge\Examples_3\Unit_Tests\PC Visual Studio 2019\..\..\..\Art\\SanMiguel_3\Textures\dds\D30_Smiguel_2003_7815.tex
    39>PostBuildEvent:
         D:\HTC\avboit\The-Forge\Examples_3\Unit_Tests\PC Visual Studio 2019\..\..\..\Art\\SanMiguel_3\Textures\dds\indt51m.tex
    55>PostBuildEvent:
         D:\HTC\avboit\The-Forge\Examples_3\Unit_Tests\PC Visual Studio 2019\..\..\..\Art\\SanMiguel_3\Textures\dds\D30_Smiguel_2003_7833.tex
         D:\HTC\avboit\The-Forge\Examples_3\Unit_Tests\PC Visual Studio 2019\..\..\..\Art\\SanMiguel_3\Textures\dds\D30_Smiguel_2003_7843.tex
    39>PostBuildEvent:
         D:\HTC\avboit\The-Forge\Examples_3\Unit_Tests\PC Visual Studio 2019\..\..\..\Art\\SanMiguel_3\Textures\dds\jardinera_1_color.tex
    55>PostBuildEvent:
         D:\HTC\avboit\The-Forge\Examples_3\Unit_Tests\PC Visual Studio 2019\..\..\..\Art\\SanMiguel_3\Textures\dds\daytime.tex
    39>PostBuildEvent:
         D:\HTC\avboit\The-Forge\Examples_3\Unit_Tests\PC Visual Studio 2019\..\..\..\Art\\SanMiguel_3\Textures\dds\jardinera_1_color_NRM.tex
         D:\HTC\avboit\The-Forge\Examples_3\Unit_Tests\PC Visual Studio 2019\..\..\..\Art\\SanMiguel_3\Textures\dds\jardinera_1_color_SPEC.tex
    55>PostBuildEvent:
         D:\HTC\avboit\The-Forge\Examples_3\Unit_Tests\PC Visual Studio 2019\..\..\..\Art\\SanMiguel_3\Textures\dds\daytime_cube.tex
    39>PostBuildEvent:
         D:\HTC\avboit\The-Forge\Examples_3\Unit_Tests\PC Visual Studio 2019\..\..\..\Art\\SanMiguel_3\Textures\dds\jardinera_1_displacement_2_NRM.tex
         D:\HTC\avboit\The-Forge\Examples_3\Unit_Tests\PC Visual Studio 2019\..\..\..\Art\\SanMiguel_3\Textures\dds\l04-upper.tex
         D:\HTC\avboit\The-Forge\Examples_3\Unit_Tests\PC Visual Studio 2019\..\..\..\Art\\SanMiguel_3\Textures\dds\l04-upper_NRM.tex
         D:\HTC\avboit\The-Forge\Examples_3\Unit_Tests\PC Visual Studio 2019\..\..\..\Art\\SanMiguel_3\Textures\dds\l04-upper_SPEC.tex
         D:\HTC\avboit\The-Forge\Examples_3\Unit_Tests\PC Visual Studio 2019\..\..\..\Art\\SanMiguel_3\Textures\dds\l33-upper.tex
         D:\HTC\avboit\The-Forge\Examples_3\Unit_Tests\PC Visual Studio 2019\..\..\..\Art\\SanMiguel_3\Textures\dds\l33-upper_NRM.tex
         D:\HTC\avboit\The-Forge\Examples_3\Unit_Tests\PC Visual Studio 2019\..\..\..\Art\\SanMiguel_3\Textures\dds\l33-upper_SPEC.tex
         D:\HTC\avboit\The-Forge\Examples_3\Unit_Tests\PC Visual Studio 2019\..\..\..\Art\\SanMiguel_3\Textures\dds\l37-upper.tex
         D:\HTC\avboit\The-Forge\Examples_3\Unit_Tests\PC Visual Studio 2019\..\..\..\Art\\SanMiguel_3\Textures\dds\l37-upper_NRM.tex
    55>PostBuildEvent:
         D:\HTC\avboit\The-Forge\Examples_3\Unit_Tests\PC Visual Studio 2019\..\..\..\Art\\SanMiguel_3\Textures\dds\Default.tex
    39>PostBuildEvent:
         D:\HTC\avboit\The-Forge\Examples_3\Unit_Tests\PC Visual Studio 2019\..\..\..\Art\\SanMiguel_3\Textures\dds\l37-upper_SPEC.tex
    55>PostBuildEvent:
         D:\HTC\avboit\The-Forge\Examples_3\Unit_Tests\PC Visual Studio 2019\..\..\..\Art\\SanMiguel_3\Textures\dds\Default_NRM.tex
         D:\HTC\avboit\The-Forge\Examples_3\Unit_Tests\PC Visual Studio 2019\..\..\..\Art\\SanMiguel_3\Textures\dds\Default_SPEC.tex
    39>PostBuildEvent:
         D:\HTC\avboit\The-Forge\Examples_3\Unit_Tests\PC Visual Studio 2019\..\..\..\Art\\SanMiguel_3\Textures\dds\LA_Helipad.tex
    55>PostBuildEvent:
         D:\HTC\avboit\The-Forge\Examples_3\Unit_Tests\PC Visual Studio 2019\..\..\..\Art\\SanMiguel_3\Textures\dds\Default_SPEC_TRANS.tex
         D:\HTC\avboit\The-Forge\Examples_3\Unit_Tests\PC Visual Studio 2019\..\..\..\Art\\SanMiguel_3\Textures\dds\detmoldura_06_color.tex
         D:\HTC\avboit\The-Forge\Examples_3\Unit_Tests\PC Visual Studio 2019\..\..\..\Art\\SanMiguel_3\Textures\dds\detmoldura_06_color_NRM.tex
    39>PostBuildEvent:
         D:\HTC\avboit\The-Forge\Examples_3\Unit_Tests\PC Visual Studio 2019\..\..\..\Art\\SanMiguel_3\Textures\dds\losa.tex
    55>PostBuildEvent:
         D:\HTC\avboit\The-Forge\Examples_3\Unit_Tests\PC Visual Studio 2019\..\..\..\Art\\SanMiguel_3\Textures\dds\detmoldura_06_color_SPEC.tex
    39>PostBuildEvent:
         D:\HTC\avboit\The-Forge\Examples_3\Unit_Tests\PC Visual Studio 2019\..\..\..\Art\\SanMiguel_3\Textures\dds\losa_NRM.tex
    55>PostBuildEvent:
         D:\HTC\avboit\The-Forge\Examples_3\Unit_Tests\PC Visual Studio 2019\..\..\..\Art\\SanMiguel_3\Textures\dds\elaeagnus_umbellate_bark.tex
    39>PostBuildEvent:
         D:\HTC\avboit\The-Forge\Examples_3\Unit_Tests\PC Visual Studio 2019\..\..\..\Art\\SanMiguel_3\Textures\dds\losa_SPEC.tex
    55>PostBuildEvent:
         D:\HTC\avboit\The-Forge\Examples_3\Unit_Tests\PC Visual Studio 2019\..\..\..\Art\\SanMiguel_3\Textures\dds\escalera_color.tex
    39>PostBuildEvent:
         D:\HTC\avboit\The-Forge\Examples_3\Unit_Tests\PC Visual Studio 2019\..\..\..\Art\\SanMiguel_3\Textures\dds\m.tex
    55>PostBuildEvent:
         D:\HTC\avboit\The-Forge\Examples_3\Unit_Tests\PC Visual Studio 2019\..\..\..\Art\\SanMiguel_3\Textures\dds\escalera_color_NRM.tex
    39>PostBuildEvent:
         D:\HTC\avboit\The-Forge\Examples_3\Unit_Tests\PC Visual Studio 2019\..\..\..\Art\\SanMiguel_3\Textures\dds\Maceta_A2_Color.tex
    55>PostBuildEvent:
         D:\HTC\avboit\The-Forge\Examples_3\Unit_Tests\PC Visual Studio 2019\..\..\..\Art\\SanMiguel_3\Textures\dds\escalera_color_SPEC.tex
    39>PostBuildEvent:
         D:\HTC\avboit\The-Forge\Examples_3\Unit_Tests\PC Visual Studio 2019\..\..\..\Art\\SanMiguel_3\Textures\dds\Maceta_A_Color.tex
    55>PostBuildEvent:
         D:\HTC\avboit\The-Forge\Examples_3\Unit_Tests\PC Visual Studio 2019\..\..\..\Art\\SanMiguel_3\Textures\dds\escurridera_color.tex
    39>PostBuildEvent:
         D:\HTC\avboit\The-Forge\Examples_3\Unit_Tests\PC Visual Studio 2019\..\..\..\Art\\SanMiguel_3\Textures\dds\Maceta_A_Color_NRM.tex
    55>PostBuildEvent:
         D:\HTC\avboit\The-Forge\Examples_3\Unit_Tests\PC Visual Studio 2019\..\..\..\Art\\SanMiguel_3\Textures\dds\escurridera_color_NRM.tex
    39>PostBuildEvent:
         D:\HTC\avboit\The-Forge\Examples_3\Unit_Tests\PC Visual Studio 2019\..\..\..\Art\\SanMiguel_3\Textures\dds\Maceta_A_Color_SPEC.tex
    55>PostBuildEvent:
         D:\HTC\avboit\The-Forge\Examples_3\Unit_Tests\PC Visual Studio 2019\..\..\..\Art\\SanMiguel_3\Textures\dds\escurridera_color_SPEC.tex
    39>PostBuildEvent:
         D:\HTC\avboit\The-Forge\Examples_3\Unit_Tests\PC Visual Studio 2019\..\..\..\Art\\SanMiguel_3\Textures\dds\Maceta_A_NRM.tex
    55>PostBuildEvent:
         D:\HTC\avboit\The-Forge\Examples_3\Unit_Tests\PC Visual Studio 2019\..\..\..\Art\\SanMiguel_3\Textures\dds\EU15lef.tex
    39>PostBuildEvent:
         D:\HTC\avboit\The-Forge\Examples_3\Unit_Tests\PC Visual Studio 2019\..\..\..\Art\\SanMiguel_3\Textures\dds\Maceta_B2_Color.tex
    55>PostBuildEvent:
         D:\HTC\avboit\The-Forge\Examples_3\Unit_Tests\PC Visual Studio 2019\..\..\..\Art\\SanMiguel_3\Textures\dds\EU15lef_SPEC.tex
    39>PostBuildEvent:
         D:\HTC\avboit\The-Forge\Examples_3\Unit_Tests\PC Visual Studio 2019\..\..\..\Art\\SanMiguel_3\Textures\dds\Maceta_B_Color.tex
    55>PostBuildEvent:
         D:\HTC\avboit\The-Forge\Examples_3\Unit_Tests\PC Visual Studio 2019\..\..\..\Art\\SanMiguel_3\Textures\dds\Fierro_A.tex
    39>PostBuildEvent:
         D:\HTC\avboit\The-Forge\Examples_3\Unit_Tests\PC Visual Studio 2019\..\..\..\Art\\SanMiguel_3\Textures\dds\Maceta_B_NRM.tex
    55>PostBuildEvent:
         D:\HTC\avboit\The-Forge\Examples_3\Unit_Tests\PC Visual Studio 2019\..\..\..\Art\\SanMiguel_3\Textures\dds\Fierro_A_NRM.tex
    39>PostBuildEvent:
         D:\HTC\avboit\The-Forge\Examples_3\Unit_Tests\PC Visual Studio 2019\..\..\..\Art\\SanMiguel_3\Textures\dds\Maceta_C2_Color.tex
         D:\HTC\avboit\The-Forge\Examples_3\Unit_Tests\PC Visual Studio 2019\..\..\..\Art\\SanMiguel_3\Textures\dds\Maceta_C_Color.tex
    55>PostBuildEvent:
         D:\HTC\avboit\The-Forge\Examples_3\Unit_Tests\PC Visual Studio 2019\..\..\..\Art\\SanMiguel_3\Textures\dds\Fierro_A_SPEC.tex
         D:\HTC\avboit\The-Forge\Examples_3\Unit_Tests\PC Visual Studio 2019\..\..\..\Art\\SanMiguel_3\Textures\dds\fierro_b.tex
    39>PostBuildEvent:
         D:\HTC\avboit\The-Forge\Examples_3\Unit_Tests\PC Visual Studio 2019\..\..\..\Art\\SanMiguel_3\Textures\dds\Maceta_C_Color_NRM.tex
    55>PostBuildEvent:
         D:\HTC\avboit\The-Forge\Examples_3\Unit_Tests\PC Visual Studio 2019\..\..\..\Art\\SanMiguel_3\Textures\dds\fierro_b_NRM.tex
    39>PostBuildEvent:
         D:\HTC\avboit\The-Forge\Examples_3\Unit_Tests\PC Visual Studio 2019\..\..\..\Art\\SanMiguel_3\Textures\dds\Maceta_C_Color_SPEC.tex
         D:\HTC\avboit\The-Forge\Examples_3\Unit_Tests\PC Visual Studio 2019\..\..\..\Art\\SanMiguel_3\Textures\dds\Maceta_C_NRM.tex
    55>PostBuildEvent:
         D:\HTC\avboit\The-Forge\Examples_3\Unit_Tests\PC Visual Studio 2019\..\..\..\Art\\SanMiguel_3\Textures\dds\fierro_b_SPEC.tex
         D:\HTC\avboit\The-Forge\Examples_3\Unit_Tests\PC Visual Studio 2019\..\..\..\Art\\SanMiguel_3\Textures\dds\Finishes.Flooring.Carpet.Loop.5.tex
    39>PostBuildEvent:
         D:\HTC\avboit\The-Forge\Examples_3\Unit_Tests\PC Visual Studio 2019\..\..\..\Art\\SanMiguel_3\Textures\dds\Maceta_D2_Color_0.tex
    55>PostBuildEvent:
         D:\HTC\avboit\The-Forge\Examples_3\Unit_Tests\PC Visual Studio 2019\..\..\..\Art\\SanMiguel_3\Textures\dds\Finishes.Flooring.Carpet.Loop.5_NRM.tex
    39>PostBuildEvent:
         D:\HTC\avboit\The-Forge\Examples_3\Unit_Tests\PC Visual Studio 2019\..\..\..\Art\\SanMiguel_3\Textures\dds\Maceta_D_NRM.tex
    55>PostBuildEvent:
         D:\HTC\avboit\The-Forge\Examples_3\Unit_Tests\PC Visual Studio 2019\..\..\..\Art\\SanMiguel_3\Textures\dds\Finishes.Flooring.Carpet.Loop.5_SPEC.tex
    39>PostBuildEvent:
         D:\HTC\avboit\The-Forge\Examples_3\Unit_Tests\PC Visual Studio 2019\..\..\..\Art\\SanMiguel_3\Textures\dds\madera_barandal_esc_2.tex
    55>PostBuildEvent:
         D:\HTC\avboit\The-Forge\Examples_3\Unit_Tests\PC Visual Studio 2019\..\..\..\Art\\SanMiguel_3\Textures\dds\FL13lef1.tex
    39>PostBuildEvent:
         D:\HTC\avboit\The-Forge\Examples_3\Unit_Tests\PC Visual Studio 2019\..\..\..\Art\\SanMiguel_3\Textures\dds\madera_barandal_esc_2_NRM.tex
    55>PostBuildEvent:
         D:\HTC\avboit\The-Forge\Examples_3\Unit_Tests\PC Visual Studio 2019\..\..\..\Art\\SanMiguel_3\Textures\dds\FL13lef1_NRM.tex
    39>PostBuildEvent:
         D:\HTC\avboit\The-Forge\Examples_3\Unit_Tests\PC Visual Studio 2019\..\..\..\Art\\SanMiguel_3\Textures\dds\madera_barandal_esc_2_SPEC.tex
         D:\HTC\avboit\The-Forge\Examples_3\Unit_Tests\PC Visual Studio 2019\..\..\..\Art\\SanMiguel_3\Textures\dds\madera_marcos.tex
    55>PostBuildEvent:
         D:\HTC\avboit\The-Forge\Examples_3\Unit_Tests\PC Visual Studio 2019\..\..\..\Art\\SanMiguel_3\Textures\dds\FL13lef1_SPEC.tex
         D:\HTC\avboit\The-Forge\Examples_3\Unit_Tests\PC Visual Studio 2019\..\..\..\Art\\SanMiguel_3\Textures\dds\FL13lef4.tex
    39>PostBuildEvent:
         D:\HTC\avboit\The-Forge\Examples_3\Unit_Tests\PC Visual Studio 2019\..\..\..\Art\\SanMiguel_3\Textures\dds\madera_marcos_NRM.tex
         D:\HTC\avboit\The-Forge\Examples_3\Unit_Tests\PC Visual Studio 2019\..\..\..\Art\\SanMiguel_3\Textures\dds\madera_marcos_SPEC.tex
    55>PostBuildEvent:
         D:\HTC\avboit\The-Forge\Examples_3\Unit_Tests\PC Visual Studio 2019\..\..\..\Art\\SanMiguel_3\Textures\dds\FL13lef4_SPEC.tex
    39>PostBuildEvent:
         D:\HTC\avboit\The-Forge\Examples_3\Unit_Tests\PC Visual Studio 2019\..\..\..\Art\\SanMiguel_3\Textures\dds\madera_rustica_2.tex
    55>PostBuildEvent:
         D:\HTC\avboit\The-Forge\Examples_3\Unit_Tests\PC Visual Studio 2019\..\..\..\Art\\SanMiguel_3\Textures\dds\FL13lef5.tex
         D:\HTC\avboit\The-Forge\Examples_3\Unit_Tests\PC Visual Studio 2019\..\..\..\Art\\SanMiguel_3\Textures\dds\FL13lef5_SPEC.tex
         D:\HTC\avboit\The-Forge\Examples_3\Unit_Tests\PC Visual Studio 2019\..\..\..\Art\\SanMiguel_3\Textures\dds\FL13pet1.tex
    39>PostBuildEvent:
         D:\HTC\avboit\The-Forge\Examples_3\Unit_Tests\PC Visual Studio 2019\..\..\..\Art\\SanMiguel_3\Textures\dds\madera_rustica_2_NRM.tex
    55>PostBuildEvent:
         D:\HTC\avboit\The-Forge\Examples_3\Unit_Tests\PC Visual Studio 2019\..\..\..\Art\\SanMiguel_3\Textures\dds\FL13pet2.tex
    39>PostBuildEvent:
         D:\HTC\avboit\The-Forge\Examples_3\Unit_Tests\PC Visual Studio 2019\..\..\..\Art\\SanMiguel_3\Textures\dds\madera_rustica_2_SPEC.tex
    55>PostBuildEvent:
         D:\HTC\avboit\The-Forge\Examples_3\Unit_Tests\PC Visual Studio 2019\..\..\..\Art\\SanMiguel_3\Textures\dds\FL13pet3.tex
    39>PostBuildEvent:
         D:\HTC\avboit\The-Forge\Examples_3\Unit_Tests\PC Visual Studio 2019\..\..\..\Art\\SanMiguel_3\Textures\dds\madera_triplay_01.tex
    55>PostBuildEvent:
         D:\HTC\avboit\The-Forge\Examples_3\Unit_Tests\PC Visual Studio 2019\..\..\..\Art\\SanMiguel_3\Textures\dds\FL13stm.tex
    39>PostBuildEvent:
         D:\HTC\avboit\The-Forge\Examples_3\Unit_Tests\PC Visual Studio 2019\..\..\..\Art\\SanMiguel_3\Textures\dds\marco_puerta_1.tex
    55>PostBuildEvent:
         D:\HTC\avboit\The-Forge\Examples_3\Unit_Tests\PC Visual Studio 2019\..\..\..\Art\\SanMiguel_3\Textures\dds\FL16lef1.tex
         D:\HTC\avboit\The-Forge\Examples_3\Unit_Tests\PC Visual Studio 2019\..\..\..\Art\\SanMiguel_3\Textures\dds\FL16lef1_SPEC.tex
         D:\HTC\avboit\The-Forge\Examples_3\Unit_Tests\PC Visual Studio 2019\..\..\..\Art\\SanMiguel_3\Textures\dds\FL16lef3.tex
         D:\HTC\avboit\The-Forge\Examples_3\Unit_Tests\PC Visual Studio 2019\..\..\..\Art\\SanMiguel_3\Textures\dds\FL16lef3_NRM.tex
         D:\HTC\avboit\The-Forge\Examples_3\Unit_Tests\PC Visual Studio 2019\..\..\..\Art\\SanMiguel_3\Textures\dds\FL16lef3_SPEC.tex
    39>PostBuildEvent:
         D:\HTC\avboit\The-Forge\Examples_3\Unit_Tests\PC Visual Studio 2019\..\..\..\Art\\SanMiguel_3\Textures\dds\marco_puerta_1_NRM.tex
         D:\HTC\avboit\The-Forge\Examples_3\Unit_Tests\PC Visual Studio 2019\..\..\..\Art\\SanMiguel_3\Textures\dds\marco_puerta_1_SPEC.tex
         D:\HTC\avboit\The-Forge\Examples_3\Unit_Tests\PC Visual Studio 2019\..\..\..\Art\\SanMiguel_3\Textures\dds\metal_viejo_2.tex
    55>PostBuildEvent:
         D:\HTC\avboit\The-Forge\Examples_3\Unit_Tests\PC Visual Studio 2019\..\..\..\Art\\SanMiguel_3\Textures\dds\FL16pet1.tex
    39>PostBuildEvent:
         D:\HTC\avboit\The-Forge\Examples_3\Unit_Tests\PC Visual Studio 2019\..\..\..\Art\\SanMiguel_3\Textures\dds\metal_viejo_2_NRM.tex
    55>PostBuildEvent:
         D:\HTC\avboit\The-Forge\Examples_3\Unit_Tests\PC Visual Studio 2019\..\..\..\Art\\SanMiguel_3\Textures\dds\FL16stm.tex
    39>PostBuildEvent:
         D:\HTC\avboit\The-Forge\Examples_3\Unit_Tests\PC Visual Studio 2019\..\..\..\Art\\SanMiguel_3\Textures\dds\metal_viejo_2_SPEC.tex
    55>PostBuildEvent:
         D:\HTC\avboit\The-Forge\Examples_3\Unit_Tests\PC Visual Studio 2019\..\..\..\Art\\SanMiguel_3\Textures\dds\FL17cnt.tex
    39>PostBuildEvent:
         D:\HTC\avboit\The-Forge\Examples_3\Unit_Tests\PC Visual Studio 2019\..\..\..\Art\\SanMiguel_3\Textures\dds\moldura2piso_color.tex
    55>PostBuildEvent:
         D:\HTC\avboit\The-Forge\Examples_3\Unit_Tests\PC Visual Studio 2019\..\..\..\Art\\SanMiguel_3\Textures\dds\FL17lef1.tex
         D:\HTC\avboit\The-Forge\Examples_3\Unit_Tests\PC Visual Studio 2019\..\..\..\Art\\SanMiguel_3\Textures\dds\FL17lef2.tex
    39>PostBuildEvent:
         D:\HTC\avboit\The-Forge\Examples_3\Unit_Tests\PC Visual Studio 2019\..\..\..\Art\\SanMiguel_3\Textures\dds\moldura2piso_color_NRM.tex
    55>PostBuildEvent:
         D:\HTC\avboit\The-Forge\Examples_3\Unit_Tests\PC Visual Studio 2019\..\..\..\Art\\SanMiguel_3\Textures\dds\FL17lef2_NRM.tex
    39>PostBuildEvent:
         D:\HTC\avboit\The-Forge\Examples_3\Unit_Tests\PC Visual Studio 2019\..\..\..\Art\\SanMiguel_3\Textures\dds\moldura2piso_color_SPEC.tex
    55>PostBuildEvent:
         D:\HTC\avboit\The-Forge\Examples_3\Unit_Tests\PC Visual Studio 2019\..\..\..\Art\\SanMiguel_3\Textures\dds\FL17lef2_SPEC.tex
         D:\HTC\avboit\The-Forge\Examples_3\Unit_Tests\PC Visual Studio 2019\..\..\..\Art\\SanMiguel_3\Textures\dds\FL17lef3.tex
    39>PostBuildEvent:
         D:\HTC\avboit\The-Forge\Examples_3\Unit_Tests\PC Visual Studio 2019\..\..\..\Art\\SanMiguel_3\Textures\dds\moldura2piso_NRM.tex
    55>PostBuildEvent:
         D:\HTC\avboit\The-Forge\Examples_3\Unit_Tests\PC Visual Studio 2019\..\..\..\Art\\SanMiguel_3\Textures\dds\FL17lef5.tex
    39>PostBuildEvent:
         D:\HTC\avboit\The-Forge\Examples_3\Unit_Tests\PC Visual Studio 2019\..\..\..\Art\\SanMiguel_3\Textures\dds\molduraterraza_NRM.tex
    55>PostBuildEvent:
         D:\HTC\avboit\The-Forge\Examples_3\Unit_Tests\PC Visual Studio 2019\..\..\..\Art\\SanMiguel_3\Textures\dds\FL17lef6.tex
         D:\HTC\avboit\The-Forge\Examples_3\Unit_Tests\PC Visual Studio 2019\..\..\..\Art\\SanMiguel_3\Textures\dds\FL17pet1.tex
    39>PostBuildEvent:
         D:\HTC\avboit\The-Forge\Examples_3\Unit_Tests\PC Visual Studio 2019\..\..\..\Art\\SanMiguel_3\Textures\dds\molduraterraza__color.tex
    55>PostBuildEvent:
         D:\HTC\avboit\The-Forge\Examples_3\Unit_Tests\PC Visual Studio 2019\..\..\..\Art\\SanMiguel_3\Textures\dds\FL17pet2.tex
    39>PostBuildEvent:
         D:\HTC\avboit\The-Forge\Examples_3\Unit_Tests\PC Visual Studio 2019\..\..\..\Art\\SanMiguel_3\Textures\dds\molduraterraza__color_NRM.tex
    55>PostBuildEvent:
         D:\HTC\avboit\The-Forge\Examples_3\Unit_Tests\PC Visual Studio 2019\..\..\..\Art\\SanMiguel_3\Textures\dds\FL17pet5.tex
    39>PostBuildEvent:
         D:\HTC\avboit\The-Forge\Examples_3\Unit_Tests\PC Visual Studio 2019\..\..\..\Art\\SanMiguel_3\Textures\dds\molduraterraza__color_SPEC.tex
    55>PostBuildEvent:
         D:\HTC\avboit\The-Forge\Examples_3\Unit_Tests\PC Visual Studio 2019\..\..\..\Art\\SanMiguel_3\Textures\dds\FL17stm.tex
         D:\HTC\avboit\The-Forge\Examples_3\Unit_Tests\PC Visual Studio 2019\..\..\..\Art\\SanMiguel_3\Textures\dds\FL19lef2.tex
    39>PostBuildEvent:
         D:\HTC\avboit\The-Forge\Examples_3\Unit_Tests\PC Visual Studio 2019\..\..\..\Art\\SanMiguel_3\Textures\dds\moldura_techo.tex
    55>PostBuildEvent:
         D:\HTC\avboit\The-Forge\Examples_3\Unit_Tests\PC Visual Studio 2019\..\..\..\Art\\SanMiguel_3\Textures\dds\FL19lef2_NRM.tex
    39>PostBuildEvent:
         D:\HTC\avboit\The-Forge\Examples_3\Unit_Tests\PC Visual Studio 2019\..\..\..\Art\\SanMiguel_3\Textures\dds\moldura_techo_NRM.tex
    55>PostBuildEvent:
         D:\HTC\avboit\The-Forge\Examples_3\Unit_Tests\PC Visual Studio 2019\..\..\..\Art\\SanMiguel_3\Textures\dds\FL19lef2_SPEC.tex
         D:\HTC\avboit\The-Forge\Examples_3\Unit_Tests\PC Visual Studio 2019\..\..\..\Art\\SanMiguel_3\Textures\dds\FL19lef3.tex
    39>PostBuildEvent:
         D:\HTC\avboit\The-Forge\Examples_3\Unit_Tests\PC Visual Studio 2019\..\..\..\Art\\SanMiguel_3\Textures\dds\moldura_techo_SPEC.tex
    55>PostBuildEvent:
         D:\HTC\avboit\The-Forge\Examples_3\Unit_Tests\PC Visual Studio 2019\..\..\..\Art\\SanMiguel_3\Textures\dds\FL19lef3_NRM.tex
    39>PostBuildEvent:
         D:\HTC\avboit\The-Forge\Examples_3\Unit_Tests\PC Visual Studio 2019\..\..\..\Art\\SanMiguel_3\Textures\dds\moldura_volado.tex
    55>PostBuildEvent:
         D:\HTC\avboit\The-Forge\Examples_3\Unit_Tests\PC Visual Studio 2019\..\..\..\Art\\SanMiguel_3\Textures\dds\FL19lef3_SPEC.tex
    39>PostBuildEvent:
         D:\HTC\avboit\The-Forge\Examples_3\Unit_Tests\PC Visual Studio 2019\..\..\..\Art\\SanMiguel_3\Textures\dds\moldura_volado_NRM.tex
    55>PostBuildEvent:
         D:\HTC\avboit\The-Forge\Examples_3\Unit_Tests\PC Visual Studio 2019\..\..\..\Art\\SanMiguel_3\Textures\dds\FL19lef4.tex
    39>PostBuildEvent:
         D:\HTC\avboit\The-Forge\Examples_3\Unit_Tests\PC Visual Studio 2019\..\..\..\Art\\SanMiguel_3\Textures\dds\moldura_volado_SPEC.tex
    55>PostBuildEvent:
         D:\HTC\avboit\The-Forge\Examples_3\Unit_Tests\PC Visual Studio 2019\..\..\..\Art\\SanMiguel_3\Textures\dds\FL19pe13.tex
    39>PostBuildEvent:
         D:\HTC\avboit\The-Forge\Examples_3\Unit_Tests\PC Visual Studio 2019\..\..\..\Art\\SanMiguel_3\Textures\dds\mold_arco_01.tex
    55>PostBuildEvent:
         D:\HTC\avboit\The-Forge\Examples_3\Unit_Tests\PC Visual Studio 2019\..\..\..\Art\\SanMiguel_3\Textures\dds\FL19pe14.tex
         D:\HTC\avboit\The-Forge\Examples_3\Unit_Tests\PC Visual Studio 2019\..\..\..\Art\\SanMiguel_3\Textures\dds\FL19pe15.tex
    39>PostBuildEvent:
         D:\HTC\avboit\The-Forge\Examples_3\Unit_Tests\PC Visual Studio 2019\..\..\..\Art\\SanMiguel_3\Textures\dds\mold_arco_01_color.tex
         D:\HTC\avboit\The-Forge\Examples_3\Unit_Tests\PC Visual Studio 2019\..\..\..\Art\\SanMiguel_3\Textures\dds\mold_arco_01_color_NRM.tex
    55>PostBuildEvent:
         D:\HTC\avboit\The-Forge\Examples_3\Unit_Tests\PC Visual Studio 2019\..\..\..\Art\\SanMiguel_3\Textures\dds\FL19pe16.tex
         D:\HTC\avboit\The-Forge\Examples_3\Unit_Tests\PC Visual Studio 2019\..\..\..\Art\\SanMiguel_3\Textures\dds\FL19stm.tex
    39>PostBuildEvent:
         D:\HTC\avboit\The-Forge\Examples_3\Unit_Tests\PC Visual Studio 2019\..\..\..\Art\\SanMiguel_3\Textures\dds\mold_arco_01_color_SPEC.tex
    55>PostBuildEvent:
         D:\HTC\avboit\The-Forge\Examples_3\Unit_Tests\PC Visual Studio 2019\..\..\..\Art\\SanMiguel_3\Textures\dds\FL24stm.tex
    39>PostBuildEvent:
         D:\HTC\avboit\The-Forge\Examples_3\Unit_Tests\PC Visual Studio 2019\..\..\..\Art\\SanMiguel_3\Textures\dds\mold_arco_01_NRM.tex
    55>PostBuildEvent:
         D:\HTC\avboit\The-Forge\Examples_3\Unit_Tests\PC Visual Studio 2019\..\..\..\Art\\SanMiguel_3\Textures\dds\FL29cnt1.tex
    39>PostBuildEvent:
         D:\HTC\avboit\The-Forge\Examples_3\Unit_Tests\PC Visual Studio 2019\..\..\..\Art\\SanMiguel_3\Textures\dds\muros_a.tex
    55>PostBuildEvent:
         D:\HTC\avboit\The-Forge\Examples_3\Unit_Tests\PC Visual Studio 2019\..\..\..\Art\\SanMiguel_3\Textures\dds\FL29cnt2.tex
         D:\HTC\avboit\The-Forge\Examples_3\Unit_Tests\PC Visual Studio 2019\..\..\..\Art\\SanMiguel_3\Textures\dds\FL29lef.tex
         D:\HTC\avboit\The-Forge\Examples_3\Unit_Tests\PC Visual Studio 2019\..\..\..\Art\\SanMiguel_3\Textures\dds\FL29lef_NRM.tex
         D:\HTC\avboit\The-Forge\Examples_3\Unit_Tests\PC Visual Studio 2019\..\..\..\Art\\SanMiguel_3\Textures\dds\FL29lef_SPEC.tex
    39>PostBuildEvent:
         D:\HTC\avboit\The-Forge\Examples_3\Unit_Tests\PC Visual Studio 2019\..\..\..\Art\\SanMiguel_3\Textures\dds\muros_a_NRM.tex
    55>PostBuildEvent:
         D:\HTC\avboit\The-Forge\Examples_3\Unit_Tests\PC Visual Studio 2019\..\..\..\Art\\SanMiguel_3\Textures\dds\FL29pet1.tex
    39>PostBuildEvent:
         D:\HTC\avboit\The-Forge\Examples_3\Unit_Tests\PC Visual Studio 2019\..\..\..\Art\\SanMiguel_3\Textures\dds\muros_b.tex
    55>PostBuildEvent:
         D:\HTC\avboit\The-Forge\Examples_3\Unit_Tests\PC Visual Studio 2019\..\..\..\Art\\SanMiguel_3\Textures\dds\FL29pet1_NRM.tex
    39>PostBuildEvent:
         D:\HTC\avboit\The-Forge\Examples_3\Unit_Tests\PC Visual Studio 2019\..\..\..\Art\\SanMiguel_3\Textures\dds\muros_b1.tex
    55>PostBuildEvent:
         D:\HTC\avboit\The-Forge\Examples_3\Unit_Tests\PC Visual Studio 2019\..\..\..\Art\\SanMiguel_3\Textures\dds\FL29pet1_SPEC.tex
         D:\HTC\avboit\The-Forge\Examples_3\Unit_Tests\PC Visual Studio 2019\..\..\..\Art\\SanMiguel_3\Textures\dds\FL29pet2.tex
         D:\HTC\avboit\The-Forge\Examples_3\Unit_Tests\PC Visual Studio 2019\..\..\..\Art\\SanMiguel_3\Textures\dds\FL29pet2_NRM.tex
    39>PostBuildEvent:
         D:\HTC\avboit\The-Forge\Examples_3\Unit_Tests\PC Visual Studio 2019\..\..\..\Art\\SanMiguel_3\Textures\dds\muros_b1_NRM.tex
    55>PostBuildEvent:
         D:\HTC\avboit\The-Forge\Examples_3\Unit_Tests\PC Visual Studio 2019\..\..\..\Art\\SanMiguel_3\Textures\dds\FL29pet2_SPEC.tex
    39>PostBuildEvent:
         D:\HTC\avboit\The-Forge\Examples_3\Unit_Tests\PC Visual Studio 2019\..\..\..\Art\\SanMiguel_3\Textures\dds\muros_b2.tex
    55>PostBuildEvent:
         D:\HTC\avboit\The-Forge\Examples_3\Unit_Tests\PC Visual Studio 2019\..\..\..\Art\\SanMiguel_3\Textures\dds\FL29stm1.tex
         D:\HTC\avboit\The-Forge\Examples_3\Unit_Tests\PC Visual Studio 2019\..\..\..\Art\\SanMiguel_3\Textures\dds\FL29twg.tex
    39>PostBuildEvent:
         D:\HTC\avboit\The-Forge\Examples_3\Unit_Tests\PC Visual Studio 2019\..\..\..\Art\\SanMiguel_3\Textures\dds\muros_b2_NRM.tex
    55>PostBuildEvent:
         D:\HTC\avboit\The-Forge\Examples_3\Unit_Tests\PC Visual Studio 2019\..\..\..\Art\\SanMiguel_3\Textures\dds\ForgeFlags.tex
    39>PostBuildEvent:
         D:\HTC\avboit\The-Forge\Examples_3\Unit_Tests\PC Visual Studio 2019\..\..\..\Art\\SanMiguel_3\Textures\dds\muros_c2.tex
    55>PostBuildEvent:
         D:\HTC\avboit\The-Forge\Examples_3\Unit_Tests\PC Visual Studio 2019\..\..\..\Art\\SanMiguel_3\Textures\dds\Forja_Macetas.tex
         D:\HTC\avboit\The-Forge\Examples_3\Unit_Tests\PC Visual Studio 2019\..\..\..\Art\\SanMiguel_3\Textures\dds\Forja_Macetas_NRM.tex
    39>PostBuildEvent:
         D:\HTC\avboit\The-Forge\Examples_3\Unit_Tests\PC Visual Studio 2019\..\..\..\Art\\SanMiguel_3\Textures\dds\muros_c2_NRM.tex
    55>PostBuildEvent:
         D:\HTC\avboit\The-Forge\Examples_3\Unit_Tests\PC Visual Studio 2019\..\..\..\Art\\SanMiguel_3\Textures\dds\Forja_Macetas_SPEC.tex
         D:\HTC\avboit\The-Forge\Examples_3\Unit_Tests\PC Visual Studio 2019\..\..\..\Art\\SanMiguel_3\Textures\dds\fuente_piedra_01.tex
    39>PostBuildEvent:
         D:\HTC\avboit\The-Forge\Examples_3\Unit_Tests\PC Visual Studio 2019\..\..\..\Art\\SanMiguel_3\Textures\dds\muros_d.tex
    55>PostBuildEvent:
         D:\HTC\avboit\The-Forge\Examples_3\Unit_Tests\PC Visual Studio 2019\..\..\..\Art\\SanMiguel_3\Textures\dds\fuente_piedra_01_NRM.tex
    39>PostBuildEvent:
         D:\HTC\avboit\The-Forge\Examples_3\Unit_Tests\PC Visual Studio 2019\..\..\..\Art\\SanMiguel_3\Textures\dds\muros_e.tex
    55>PostBuildEvent:
         D:\HTC\avboit\The-Forge\Examples_3\Unit_Tests\PC Visual Studio 2019\..\..\..\Art\\SanMiguel_3\Textures\dds\fuente_piedra_01_SPEC.tex
         D:\HTC\avboit\The-Forge\Examples_3\Unit_Tests\PC Visual Studio 2019\..\..\..\Art\\SanMiguel_3\Textures\dds\GCanyon_C_YumaPoint_3k.tex
    39>PostBuildEvent:
         D:\HTC\avboit\The-Forge\Examples_3\Unit_Tests\PC Visual Studio 2019\..\..\..\Art\\SanMiguel_3\Textures\dds\muros_f.tex
         D:\HTC\avboit\The-Forge\Examples_3\Unit_Tests\PC Visual Studio 2019\..\..\..\Art\\SanMiguel_3\Textures\dds\muros_g.tex
    55>PostBuildEvent:
         D:\HTC\avboit\The-Forge\Examples_3\Unit_Tests\PC Visual Studio 2019\..\..\..\Art\\SanMiguel_3\Textures\dds\HP01lef1.tex
         D:\HTC\avboit\The-Forge\Examples_3\Unit_Tests\PC Visual Studio 2019\..\..\..\Art\\SanMiguel_3\Textures\dds\HP01lef1_SPEC.tex
    39>PostBuildEvent:
         D:\HTC\avboit\The-Forge\Examples_3\Unit_Tests\PC Visual Studio 2019\..\..\..\Art\\SanMiguel_3\Textures\dds\muros_h.tex
    55>PostBuildEvent:
         D:\HTC\avboit\The-Forge\Examples_3\Unit_Tests\PC Visual Studio 2019\..\..\..\Art\\SanMiguel_3\Textures\dds\HP01lef2.tex
         D:\HTC\avboit\The-Forge\Examples_3\Unit_Tests\PC Visual Studio 2019\..\..\..\Art\\SanMiguel_3\Textures\dds\HP01lef2_SPEC.tex
    39>PostBuildEvent:
         D:\HTC\avboit\The-Forge\Examples_3\Unit_Tests\PC Visual Studio 2019\..\..\..\Art\\SanMiguel_3\Textures\dds\muros_j.tex
    55>PostBuildEvent:
         D:\HTC\avboit\The-Forge\Examples_3\Unit_Tests\PC Visual Studio 2019\..\..\..\Art\\SanMiguel_3\Textures\dds\HP01pet1.tex
         D:\HTC\avboit\The-Forge\Examples_3\Unit_Tests\PC Visual Studio 2019\..\..\..\Art\\SanMiguel_3\Textures\dds\HP01pet3.tex
         D:\HTC\avboit\The-Forge\Examples_3\Unit_Tests\PC Visual Studio 2019\..\..\..\Art\\SanMiguel_3\Textures\dds\HP01stm1.tex
    39>PostBuildEvent:
         D:\HTC\avboit\The-Forge\Examples_3\Unit_Tests\PC Visual Studio 2019\..\..\..\Art\\SanMiguel_3\Textures\dds\muros_k.tex
    55>PostBuildEvent:
         D:\HTC\avboit\The-Forge\Examples_3\Unit_Tests\PC Visual Studio 2019\..\..\..\Art\\SanMiguel_3\Textures\dds\HP01stm2.tex
         D:\HTC\avboit\The-Forge\Examples_3\Unit_Tests\PC Visual Studio 2019\..\..\..\Art\\SanMiguel_3\Textures\dds\HP11lef2.tex
    39>PostBuildEvent:
         D:\HTC\avboit\The-Forge\Examples_3\Unit_Tests\PC Visual Studio 2019\..\..\..\Art\\SanMiguel_3\Textures\dds\muros_k_NRM.tex
    55>PostBuildEvent:
         D:\HTC\avboit\The-Forge\Examples_3\Unit_Tests\PC Visual Studio 2019\..\..\..\Art\\SanMiguel_3\Textures\dds\HP11stm.tex
         D:\HTC\avboit\The-Forge\Examples_3\Unit_Tests\PC Visual Studio 2019\..\..\..\Art\\SanMiguel_3\Textures\dds\HP11stm_NRM.tex
    39>PostBuildEvent:
         D:\HTC\avboit\The-Forge\Examples_3\Unit_Tests\PC Visual Studio 2019\..\..\..\Art\\SanMiguel_3\Textures\dds\muros_l.tex
    55>PostBuildEvent:
         D:\HTC\avboit\The-Forge\Examples_3\Unit_Tests\PC Visual Studio 2019\..\..\..\Art\\SanMiguel_3\Textures\dds\HP13lef1.tex
         D:\HTC\avboit\The-Forge\Examples_3\Unit_Tests\PC Visual Studio 2019\..\..\..\Art\\SanMiguel_3\Textures\dds\hp13lef1_NRM.tex
    39>PostBuildEvent:
         D:\HTC\avboit\The-Forge\Examples_3\Unit_Tests\PC Visual Studio 2019\..\..\..\Art\\SanMiguel_3\Textures\dds\muros_l_NRM.tex
    55>PostBuildEvent:
         D:\HTC\avboit\The-Forge\Examples_3\Unit_Tests\PC Visual Studio 2019\..\..\..\Art\\SanMiguel_3\Textures\dds\HP13lef1_SPEC.tex
         D:\HTC\avboit\The-Forge\Examples_3\Unit_Tests\PC Visual Studio 2019\..\..\..\Art\\SanMiguel_3\Textures\dds\HP13stm2.tex
    39>PostBuildEvent:
         D:\HTC\avboit\The-Forge\Examples_3\Unit_Tests\PC Visual Studio 2019\..\..\..\Art\\SanMiguel_3\Textures\dds\muros_l_SPEC.tex
    55>PostBuildEvent:
         D:\HTC\avboit\The-Forge\Examples_3\Unit_Tests\PC Visual Studio 2019\..\..\..\Art\\SanMiguel_3\Textures\dds\HP17lef1.tex
         D:\HTC\avboit\The-Forge\Examples_3\Unit_Tests\PC Visual Studio 2019\..\..\..\Art\\SanMiguel_3\Textures\dds\HP17lef1_SPEC.tex
    39>PostBuildEvent:
         D:\HTC\avboit\The-Forge\Examples_3\Unit_Tests\PC Visual Studio 2019\..\..\..\Art\\SanMiguel_3\Textures\dds\muros_m.tex
    55>PostBuildEvent:
         D:\HTC\avboit\The-Forge\Examples_3\Unit_Tests\PC Visual Studio 2019\..\..\..\Art\\SanMiguel_3\Textures\dds\HP17lef2.tex
         D:\HTC\avboit\The-Forge\Examples_3\Unit_Tests\PC Visual Studio 2019\..\..\..\Art\\SanMiguel_3\Textures\dds\HP17lef2_NRM.tex
         D:\HTC\avboit\The-Forge\Examples_3\Unit_Tests\PC Visual Studio 2019\..\..\..\Art\\SanMiguel_3\Textures\dds\HP17lef2_SPEC.tex
    39>PostBuildEvent:
         D:\HTC\avboit\The-Forge\Examples_3\Unit_Tests\PC Visual Studio 2019\..\..\..\Art\\SanMiguel_3\Textures\dds\muros_n.tex
    55>PostBuildEvent:
         D:\HTC\avboit\The-Forge\Examples_3\Unit_Tests\PC Visual Studio 2019\..\..\..\Art\\SanMiguel_3\Textures\dds\HP19lef2.tex
         D:\HTC\avboit\The-Forge\Examples_3\Unit_Tests\PC Visual Studio 2019\..\..\..\Art\\SanMiguel_3\Textures\dds\HP19lef2_NRM.tex
    39>PostBuildEvent:
         D:\HTC\avboit\The-Forge\Examples_3\Unit_Tests\PC Visual Studio 2019\..\..\..\Art\\SanMiguel_3\Textures\dds\muros_p_.tex
    55>PostBuildEvent:
         D:\HTC\avboit\The-Forge\Examples_3\Unit_Tests\PC Visual Studio 2019\..\..\..\Art\\SanMiguel_3\Textures\dds\HP19lef2_SPEC.tex
         D:\HTC\avboit\The-Forge\Examples_3\Unit_Tests\PC Visual Studio 2019\..\..\..\Art\\SanMiguel_3\Textures\dds\HP19lef3.tex
    39>PostBuildEvent:
         D:\HTC\avboit\The-Forge\Examples_3\Unit_Tests\PC Visual Studio 2019\..\..\..\Art\\SanMiguel_3\Textures\dds\muros_q.tex
    55>PostBuildEvent:
         D:\HTC\avboit\The-Forge\Examples_3\Unit_Tests\PC Visual Studio 2019\..\..\..\Art\\SanMiguel_3\Textures\dds\HP19lef3_NRM.tex
    39>PostBuildEvent:
         D:\HTC\avboit\The-Forge\Examples_3\Unit_Tests\PC Visual Studio 2019\..\..\..\Art\\SanMiguel_3\Textures\dds\muros_q3.tex
    55>PostBuildEvent:
         D:\HTC\avboit\The-Forge\Examples_3\Unit_Tests\PC Visual Studio 2019\..\..\..\Art\\SanMiguel_3\Textures\dds\HP19lef3_SPEC.tex
    39>PostBuildEvent:
         D:\HTC\avboit\The-Forge\Examples_3\Unit_Tests\PC Visual Studio 2019\..\..\..\Art\\SanMiguel_3\Textures\dds\muros_q4.tex
    55>PostBuildEvent:
         D:\HTC\avboit\The-Forge\Examples_3\Unit_Tests\PC Visual Studio 2019\..\..\..\Art\\SanMiguel_3\Textures\dds\HP19stm1.tex
         D:\HTC\avboit\The-Forge\Examples_3\Unit_Tests\PC Visual Studio 2019\..\..\..\Art\\SanMiguel_3\Textures\dds\HP19stm2.tex
    39>PostBuildEvent:
         D:\HTC\avboit\The-Forge\Examples_3\Unit_Tests\PC Visual Studio 2019\..\..\..\Art\\SanMiguel_3\Textures\dds\muros_q4_NRM.tex
    55>PostBuildEvent:
         D:\HTC\avboit\The-Forge\Examples_3\Unit_Tests\PC Visual Studio 2019\..\..\..\Art\\SanMiguel_3\Textures\dds\impatiens_newguinea_hybrids_petal.tex
         D:\HTC\avboit\The-Forge\Examples_3\Unit_Tests\PC Visual Studio 2019\..\..\..\Art\\SanMiguel_3\Textures\dds\individual_b.tex
    39>PostBuildEvent:
         D:\HTC\avboit\The-Forge\Examples_3\Unit_Tests\PC Visual Studio 2019\..\..\..\Art\\SanMiguel_3\Textures\dds\muros_q4_SPEC.tex
    55>PostBuildEvent:
         D:\HTC\avboit\The-Forge\Examples_3\Unit_Tests\PC Visual Studio 2019\..\..\..\Art\\SanMiguel_3\Textures\dds\individual_b_NRM.tex
         D:\HTC\avboit\The-Forge\Examples_3\Unit_Tests\PC Visual Studio 2019\..\..\..\Art\\SanMiguel_3\Textures\dds\individual_b_SPEC.tex
    39>PostBuildEvent:
         D:\HTC\avboit\The-Forge\Examples_3\Unit_Tests\PC Visual Studio 2019\..\..\..\Art\\SanMiguel_3\Textures\dds\muros_q_patio2.tex
    55>PostBuildEvent:
         D:\HTC\avboit\The-Forge\Examples_3\Unit_Tests\PC Visual Studio 2019\..\..\..\Art\\SanMiguel_3\Textures\dds\indt51m.tex
    39>PostBuildEvent:
         D:\HTC\avboit\The-Forge\Examples_3\Unit_Tests\PC Visual Studio 2019\..\..\..\Art\\SanMiguel_3\Textures\dds\newWall.tex
    55>PostBuildEvent:
         D:\HTC\avboit\The-Forge\Examples_3\Unit_Tests\PC Visual Studio 2019\..\..\..\Art\\SanMiguel_3\Textures\dds\jardinera_1_color.tex
    39>PostBuildEvent:
         D:\HTC\avboit\The-Forge\Examples_3\Unit_Tests\PC Visual Studio 2019\..\..\..\Art\\SanMiguel_3\Textures\dds\newWall_NRM.tex
    55>PostBuildEvent:
         D:\HTC\avboit\The-Forge\Examples_3\Unit_Tests\PC Visual Studio 2019\..\..\..\Art\\SanMiguel_3\Textures\dds\jardinera_1_color_NRM.tex
    39>PostBuildEvent:
         D:\HTC\avboit\The-Forge\Examples_3\Unit_Tests\PC Visual Studio 2019\..\..\..\Art\\SanMiguel_3\Textures\dds\pared_barro_afinado.tex
    55>PostBuildEvent:
         D:\HTC\avboit\The-Forge\Examples_3\Unit_Tests\PC Visual Studio 2019\..\..\..\Art\\SanMiguel_3\Textures\dds\jardinera_1_color_SPEC.tex
    39>PostBuildEvent:
         D:\HTC\avboit\The-Forge\Examples_3\Unit_Tests\PC Visual Studio 2019\..\..\..\Art\\SanMiguel_3\Textures\dds\pared_calle.tex
    55>PostBuildEvent:
         D:\HTC\avboit\The-Forge\Examples_3\Unit_Tests\PC Visual Studio 2019\..\..\..\Art\\SanMiguel_3\Textures\dds\jardinera_1_displacement_2_NRM.tex
    39>PostBuildEvent:
         D:\HTC\avboit\The-Forge\Examples_3\Unit_Tests\PC Visual Studio 2019\..\..\..\Art\\SanMiguel_3\Textures\dds\piso_patio_exterior.tex
    55>PostBuildEvent:
         D:\HTC\avboit\The-Forge\Examples_3\Unit_Tests\PC Visual Studio 2019\..\..\..\Art\\SanMiguel_3\Textures\dds\l04-upper.tex
         D:\HTC\avboit\The-Forge\Examples_3\Unit_Tests\PC Visual Studio 2019\..\..\..\Art\\SanMiguel_3\Textures\dds\l04-upper_NRM.tex
    39>PostBuildEvent:
         D:\HTC\avboit\The-Forge\Examples_3\Unit_Tests\PC Visual Studio 2019\..\..\..\Art\\SanMiguel_3\Textures\dds\piso_patio_exterior_NRM.tex
    55>PostBuildEvent:
         D:\HTC\avboit\The-Forge\Examples_3\Unit_Tests\PC Visual Studio 2019\..\..\..\Art\\SanMiguel_3\Textures\dds\l04-upper_SPEC.tex
    39>PostBuildEvent:
         D:\HTC\avboit\The-Forge\Examples_3\Unit_Tests\PC Visual Studio 2019\..\..\..\Art\\SanMiguel_3\Textures\dds\piso_patio_exterior_SPEC.tex
    55>PostBuildEvent:
         D:\HTC\avboit\The-Forge\Examples_3\Unit_Tests\PC Visual Studio 2019\..\..\..\Art\\SanMiguel_3\Textures\dds\l33-upper.tex
         D:\HTC\avboit\The-Forge\Examples_3\Unit_Tests\PC Visual Studio 2019\..\..\..\Art\\SanMiguel_3\Textures\dds\l33-upper_NRM.tex
    39>PostBuildEvent:
         D:\HTC\avboit\The-Forge\Examples_3\Unit_Tests\PC Visual Studio 2019\..\..\..\Art\\SanMiguel_3\Textures\dds\piso_rustico.tex
    55>PostBuildEvent:
         D:\HTC\avboit\The-Forge\Examples_3\Unit_Tests\PC Visual Studio 2019\..\..\..\Art\\SanMiguel_3\Textures\dds\l33-upper_SPEC.tex
    39>PostBuildEvent:
         D:\HTC\avboit\The-Forge\Examples_3\Unit_Tests\PC Visual Studio 2019\..\..\..\Art\\SanMiguel_3\Textures\dds\piso_rustico_NRM.tex
    55>PostBuildEvent:
         D:\HTC\avboit\The-Forge\Examples_3\Unit_Tests\PC Visual Studio 2019\..\..\..\Art\\SanMiguel_3\Textures\dds\l37-upper.tex
    39>PostBuildEvent:
         D:\HTC\avboit\The-Forge\Examples_3\Unit_Tests\PC Visual Studio 2019\..\..\..\Art\\SanMiguel_3\Textures\dds\piso_rustico_SPEC.tex
    55>PostBuildEvent:
         D:\HTC\avboit\The-Forge\Examples_3\Unit_Tests\PC Visual Studio 2019\..\..\..\Art\\SanMiguel_3\Textures\dds\l37-upper_NRM.tex
    39>PostBuildEvent:
         D:\HTC\avboit\The-Forge\Examples_3\Unit_Tests\PC Visual Studio 2019\..\..\..\Art\\SanMiguel_3\Textures\dds\PITTED.tex
    55>PostBuildEvent:
         D:\HTC\avboit\The-Forge\Examples_3\Unit_Tests\PC Visual Studio 2019\..\..\..\Art\\SanMiguel_3\Textures\dds\l37-upper_SPEC.tex
    39>PostBuildEvent:
         D:\HTC\avboit\The-Forge\Examples_3\Unit_Tests\PC Visual Studio 2019\..\..\..\Art\\SanMiguel_3\Textures\dds\PITTED_NRM.tex
    55>PostBuildEvent:
         D:\HTC\avboit\The-Forge\Examples_3\Unit_Tests\PC Visual Studio 2019\..\..\..\Art\\SanMiguel_3\Textures\dds\LA_Helipad.tex
    39>PostBuildEvent:
         D:\HTC\avboit\The-Forge\Examples_3\Unit_Tests\PC Visual Studio 2019\..\..\..\Art\\SanMiguel_3\Textures\dds\plato_a.tex
         D:\HTC\avboit\The-Forge\Examples_3\Unit_Tests\PC Visual Studio 2019\..\..\..\Art\\SanMiguel_3\Textures\dds\plato_a_NRM.tex
    40>ClCompile:
         ?????????
    39>PostBuildEvent:
         D:\HTC\avboit\The-Forge\Examples_3\Unit_Tests\PC Visual Studio 2019\..\..\..\Art\\SanMiguel_3\Textures\dds\plato_a_SPEC.tex
         D:\HTC\avboit\The-Forge\Examples_3\Unit_Tests\PC Visual Studio 2019\..\..\..\Art\\SanMiguel_3\Textures\dds\postes_barandal_color.tex
    55>PostBuildEvent:
         D:\HTC\avboit\The-Forge\Examples_3\Unit_Tests\PC Visual Studio 2019\..\..\..\Art\\SanMiguel_3\Textures\dds\losa.tex
    39>PostBuildEvent:
         D:\HTC\avboit\The-Forge\Examples_3\Unit_Tests\PC Visual Studio 2019\..\..\..\Art\\SanMiguel_3\Textures\dds\postes_barandal_color_NRM.tex
    55>PostBuildEvent:
         D:\HTC\avboit\The-Forge\Examples_3\Unit_Tests\PC Visual Studio 2019\..\..\..\Art\\SanMiguel_3\Textures\dds\losa_NRM.tex
         D:\HTC\avboit\The-Forge\Examples_3\Unit_Tests\PC Visual Studio 2019\..\..\..\Art\\SanMiguel_3\Textures\dds\losa_SPEC.tex
    39>PostBuildEvent:
         D:\HTC\avboit\The-Forge\Examples_3\Unit_Tests\PC Visual Studio 2019\..\..\..\Art\\SanMiguel_3\Textures\dds\postes_barandal_color_SPEC.tex
    55>PostBuildEvent:
         D:\HTC\avboit\The-Forge\Examples_3\Unit_Tests\PC Visual Studio 2019\..\..\..\Art\\SanMiguel_3\Textures\dds\m.tex
    39>PostBuildEvent:
         D:\HTC\avboit\The-Forge\Examples_3\Unit_Tests\PC Visual Studio 2019\..\..\..\Art\\SanMiguel_3\Textures\dds\postes_barandal_NRM.tex
    55>PostBuildEvent:
         D:\HTC\avboit\The-Forge\Examples_3\Unit_Tests\PC Visual Studio 2019\..\..\..\Art\\SanMiguel_3\Textures\dds\Maceta_A2_Color.tex
    39>PostBuildEvent:
         D:\HTC\avboit\The-Forge\Examples_3\Unit_Tests\PC Visual Studio 2019\..\..\..\Art\\SanMiguel_3\Textures\dds\puerta.tex
    55>PostBuildEvent:
         D:\HTC\avboit\The-Forge\Examples_3\Unit_Tests\PC Visual Studio 2019\..\..\..\Art\\SanMiguel_3\Textures\dds\Maceta_A_Color.tex
    39>PostBuildEvent:
         D:\HTC\avboit\The-Forge\Examples_3\Unit_Tests\PC Visual Studio 2019\..\..\..\Art\\SanMiguel_3\Textures\dds\puerta_NRM.tex
    55>PostBuildEvent:
         D:\HTC\avboit\The-Forge\Examples_3\Unit_Tests\PC Visual Studio 2019\..\..\..\Art\\SanMiguel_3\Textures\dds\Maceta_A_Color_NRM.tex
    39>PostBuildEvent:
         D:\HTC\avboit\The-Forge\Examples_3\Unit_Tests\PC Visual Studio 2019\..\..\..\Art\\SanMiguel_3\Textures\dds\puerta_SPEC.tex
    55>PostBuildEvent:
         D:\HTC\avboit\The-Forge\Examples_3\Unit_Tests\PC Visual Studio 2019\..\..\..\Art\\SanMiguel_3\Textures\dds\Maceta_A_Color_SPEC.tex
         D:\HTC\avboit\The-Forge\Examples_3\Unit_Tests\PC Visual Studio 2019\..\..\..\Art\\SanMiguel_3\Textures\dds\Maceta_A_NRM.tex
    39>PostBuildEvent:
         D:\HTC\avboit\The-Forge\Examples_3\Unit_Tests\PC Visual Studio 2019\..\..\..\Art\\SanMiguel_3\Textures\dds\quercus_rubra_bark.tex
    40>Link:
         ?????????
    39>PostBuildEvent:
         D:\HTC\avboit\The-Forge\Examples_3\Unit_Tests\PC Visual Studio 2019\..\..\..\Art\\SanMiguel_3\Textures\dds\rust_a1.tex
    55>PostBuildEvent:
         D:\HTC\avboit\The-Forge\Examples_3\Unit_Tests\PC Visual Studio 2019\..\..\..\Art\\SanMiguel_3\Textures\dds\Maceta_B2_Color.tex
    40>Link:
         21_Animations.vcxproj -> D:\HTC\avboit\The-Forge\Examples_3\Unit_Tests\PC Visual Studio 2019\x64\Release\21_Animations\21_Animations.exe
    55>PostBuildEvent:
         D:\HTC\avboit\The-Forge\Examples_3\Unit_Tests\PC Visual Studio 2019\..\..\..\Art\\SanMiguel_3\Textures\dds\Maceta_B_Color.tex
    39>PostBuildEvent:
         D:\HTC\avboit\The-Forge\Examples_3\Unit_Tests\PC Visual Studio 2019\..\..\..\Art\\SanMiguel_3\Textures\dds\rust_a1_NRM.tex
    55>PostBuildEvent:
         D:\HTC\avboit\The-Forge\Examples_3\Unit_Tests\PC Visual Studio 2019\..\..\..\Art\\SanMiguel_3\Textures\dds\Maceta_B_NRM.tex
    39>PostBuildEvent:
         D:\HTC\avboit\The-Forge\Examples_3\Unit_Tests\PC Visual Studio 2019\..\..\..\Art\\SanMiguel_3\Textures\dds\rust_a1_SPEC.tex
    55>PostBuildEvent:
         D:\HTC\avboit\The-Forge\Examples_3\Unit_Tests\PC Visual Studio 2019\..\..\..\Art\\SanMiguel_3\Textures\dds\Maceta_C2_Color.tex
    39>PostBuildEvent:
         D:\HTC\avboit\The-Forge\Examples_3\Unit_Tests\PC Visual Studio 2019\..\..\..\Art\\SanMiguel_3\Textures\dds\rust_detalle.tex
         D:\HTC\avboit\The-Forge\Examples_3\Unit_Tests\PC Visual Studio 2019\..\..\..\Art\\SanMiguel_3\Textures\dds\rust_detalle_bump_NRM.tex
    55>PostBuildEvent:
         D:\HTC\avboit\The-Forge\Examples_3\Unit_Tests\PC Visual Studio 2019\..\..\..\Art\\SanMiguel_3\Textures\dds\Maceta_C_Color.tex
    39>PostBuildEvent:
         D:\HTC\avboit\The-Forge\Examples_3\Unit_Tests\PC Visual Studio 2019\..\..\..\Art\\SanMiguel_3\Textures\dds\rust_detalle_NRM.tex
    55>PostBuildEvent:
         D:\HTC\avboit\The-Forge\Examples_3\Unit_Tests\PC Visual Studio 2019\..\..\..\Art\\SanMiguel_3\Textures\dds\Maceta_C_Color_NRM.tex
         D:\HTC\avboit\The-Forge\Examples_3\Unit_Tests\PC Visual Studio 2019\..\..\..\Art\\SanMiguel_3\Textures\dds\Maceta_C_Color_SPEC.tex
    39>PostBuildEvent:
         D:\HTC\avboit\The-Forge\Examples_3\Unit_Tests\PC Visual Studio 2019\..\..\..\Art\\SanMiguel_3\Textures\dds\rust_detalle_SPEC.tex
         D:\HTC\avboit\The-Forge\Examples_3\Unit_Tests\PC Visual Studio 2019\..\..\..\Art\\SanMiguel_3\Textures\dds\silla_d_piel.tex
    55>PostBuildEvent:
         D:\HTC\avboit\The-Forge\Examples_3\Unit_Tests\PC Visual Studio 2019\..\..\..\Art\\SanMiguel_3\Textures\dds\Maceta_C_NRM.tex
    39>PostBuildEvent:
         D:\HTC\avboit\The-Forge\Examples_3\Unit_Tests\PC Visual Studio 2019\..\..\..\Art\\SanMiguel_3\Textures\dds\silla_d_piel_NRM.tex
    55>PostBuildEvent:
         D:\HTC\avboit\The-Forge\Examples_3\Unit_Tests\PC Visual Studio 2019\..\..\..\Art\\SanMiguel_3\Textures\dds\Maceta_D2_Color_0.tex
    39>PostBuildEvent:
         D:\HTC\avboit\The-Forge\Examples_3\Unit_Tests\PC Visual Studio 2019\..\..\..\Art\\SanMiguel_3\Textures\dds\silla_d_piel_SPEC.tex
    55>PostBuildEvent:
         D:\HTC\avboit\The-Forge\Examples_3\Unit_Tests\PC Visual Studio 2019\..\..\..\Art\\SanMiguel_3\Textures\dds\Maceta_D_NRM.tex
    39>PostBuildEvent:
         D:\HTC\avboit\The-Forge\Examples_3\Unit_Tests\PC Visual Studio 2019\..\..\..\Art\\SanMiguel_3\Textures\dds\sm_hoja_c_seca.tex
    55>PostBuildEvent:
         D:\HTC\avboit\The-Forge\Examples_3\Unit_Tests\PC Visual Studio 2019\..\..\..\Art\\SanMiguel_3\Textures\dds\madera_barandal_esc_2.tex
         D:\HTC\avboit\The-Forge\Examples_3\Unit_Tests\PC Visual Studio 2019\..\..\..\Art\\SanMiguel_3\Textures\dds\madera_barandal_esc_2_NRM.tex
    39>PostBuildEvent:
         D:\HTC\avboit\The-Forge\Examples_3\Unit_Tests\PC Visual Studio 2019\..\..\..\Art\\SanMiguel_3\Textures\dds\sm_hoja_c_seca_NRM.tex
    55>PostBuildEvent:
         D:\HTC\avboit\The-Forge\Examples_3\Unit_Tests\PC Visual Studio 2019\..\..\..\Art\\SanMiguel_3\Textures\dds\madera_barandal_esc_2_SPEC.tex
    39>PostBuildEvent:
         D:\HTC\avboit\The-Forge\Examples_3\Unit_Tests\PC Visual Studio 2019\..\..\..\Art\\SanMiguel_3\Textures\dds\sm_leaf_02a.tex
         D:\HTC\avboit\The-Forge\Examples_3\Unit_Tests\PC Visual Studio 2019\..\..\..\Art\\SanMiguel_3\Textures\dds\sm_leaf_02a_SPEC.tex
    55>PostBuildEvent:
         D:\HTC\avboit\The-Forge\Examples_3\Unit_Tests\PC Visual Studio 2019\..\..\..\Art\\SanMiguel_3\Textures\dds\madera_marcos.tex
    39>PostBuildEvent:
         D:\HTC\avboit\The-Forge\Examples_3\Unit_Tests\PC Visual Studio 2019\..\..\..\Art\\SanMiguel_3\Textures\dds\sm_leaf_02b.tex
    55>PostBuildEvent:
         D:\HTC\avboit\The-Forge\Examples_3\Unit_Tests\PC Visual Studio 2019\..\..\..\Art\\SanMiguel_3\Textures\dds\madera_marcos_NRM.tex
    39>PostBuildEvent:
         D:\HTC\avboit\The-Forge\Examples_3\Unit_Tests\PC Visual Studio 2019\..\..\..\Art\\SanMiguel_3\Textures\dds\sm_leaf_02b_NRM.tex
    55>PostBuildEvent:
         D:\HTC\avboit\The-Forge\Examples_3\Unit_Tests\PC Visual Studio 2019\..\..\..\Art\\SanMiguel_3\Textures\dds\madera_marcos_SPEC.tex
    39>PostBuildEvent:
         D:\HTC\avboit\The-Forge\Examples_3\Unit_Tests\PC Visual Studio 2019\..\..\..\Art\\SanMiguel_3\Textures\dds\sm_leaf_02b_SPEC.tex
    55>PostBuildEvent:
         D:\HTC\avboit\The-Forge\Examples_3\Unit_Tests\PC Visual Studio 2019\..\..\..\Art\\SanMiguel_3\Textures\dds\madera_rustica_2.tex
    39>PostBuildEvent:
         D:\HTC\avboit\The-Forge\Examples_3\Unit_Tests\PC Visual Studio 2019\..\..\..\Art\\SanMiguel_3\Textures\dds\sm_leaf_02_NRM.tex
    55>PostBuildEvent:
         D:\HTC\avboit\The-Forge\Examples_3\Unit_Tests\PC Visual Studio 2019\..\..\..\Art\\SanMiguel_3\Textures\dds\madera_rustica_2_NRM.tex
    39>PostBuildEvent:
         D:\HTC\avboit\The-Forge\Examples_3\Unit_Tests\PC Visual Studio 2019\..\..\..\Art\\SanMiguel_3\Textures\dds\sm_leaf_03a.tex
         D:\HTC\avboit\The-Forge\Examples_3\Unit_Tests\PC Visual Studio 2019\..\..\..\Art\\SanMiguel_3\Textures\dds\sm_leaf_03a_NRM.tex
    55>PostBuildEvent:
         D:\HTC\avboit\The-Forge\Examples_3\Unit_Tests\PC Visual Studio 2019\..\..\..\Art\\SanMiguel_3\Textures\dds\madera_rustica_2_SPEC.tex
    39>PostBuildEvent:
         D:\HTC\avboit\The-Forge\Examples_3\Unit_Tests\PC Visual Studio 2019\..\..\..\Art\\SanMiguel_3\Textures\dds\sm_leaf_03a_SPEC.tex
    55>PostBuildEvent:
         D:\HTC\avboit\The-Forge\Examples_3\Unit_Tests\PC Visual Studio 2019\..\..\..\Art\\SanMiguel_3\Textures\dds\madera_triplay_01.tex
    39>PostBuildEvent:
         D:\HTC\avboit\The-Forge\Examples_3\Unit_Tests\PC Visual Studio 2019\..\..\..\Art\\SanMiguel_3\Textures\dds\sm_leaf_seca_02b.tex
         D:\HTC\avboit\The-Forge\Examples_3\Unit_Tests\PC Visual Studio 2019\..\..\..\Art\\SanMiguel_3\Textures\dds\sm_tronco.tex
    55>PostBuildEvent:
         D:\HTC\avboit\The-Forge\Examples_3\Unit_Tests\PC Visual Studio 2019\..\..\..\Art\\SanMiguel_3\Textures\dds\marco_puerta_1.tex
    39>PostBuildEvent:
         D:\HTC\avboit\The-Forge\Examples_3\Unit_Tests\PC Visual Studio 2019\..\..\..\Art\\SanMiguel_3\Textures\dds\sm_tronco_NRM.tex
    55>PostBuildEvent:
         D:\HTC\avboit\The-Forge\Examples_3\Unit_Tests\PC Visual Studio 2019\..\..\..\Art\\SanMiguel_3\Textures\dds\marco_puerta_1_NRM.tex
    40>PostBuildEvent:
         
                 xcopy "D:\HTC\avboit\The-Forge\Examples_3\Unit_Tests\PC Visual Studio 2019\..\..\..\Common_3\Graphics\ThirdParty\OpenSource\VulkanSDK\bin\Win32\*.dll" "D:\HTC\avboit\The-Forge\Examples_3\Unit_Tests\PC Visual Studio 2019\x64\Release\21_Animations\" /S /Y /D
                 xcopy "D:\HTC\avboit\The-Forge\Examples_3\Unit_Tests\PC Visual Studio 2019\..\..\..\Common_3\Graphics\ThirdParty\OpenSource\VulkanSDK\bin\Win32\*.json" "D:\HTC\avboit\The-Forge\Examples_3\Unit_Tests\PC Visual Studio 2019\x64\Release\21_Animations\" /S /Y /D
                 xcopy "D:\HTC\avboit\The-Forge\Examples_3\Unit_Tests\PC Visual Studio 2019\..\..\..\Common_3\Graphics\ThirdParty\OpenSource\ags\ags_lib\lib\amd_ags_x64.dll" "D:\HTC\avboit\The-Forge\Examples_3\Unit_Tests\PC Visual Studio 2019\x64\Release\21_Animations\amd_ags_x64.dll"* /S /Y /D
                 xcopy "D:\HTC\avboit\The-Forge\Examples_3\Unit_Tests\PC Visual Studio 2019\..\..\..\Common_3\Graphics\ThirdParty\OpenSource\DirectXShaderCompiler\bin\x64\dxcompiler.dll" "D:\HTC\avboit\The-Forge\Examples_3\Unit_Tests\PC Visual Studio 2019\x64\Release\21_Animations\dxcompiler.dll"* /S /Y /D
                 xcopy "D:\HTC\avboit\The-Forge\Examples_3\Unit_Tests\PC Visual Studio 2019\..\..\..\Common_3\Graphics\ThirdParty\OpenSource\Direct3d12Agility\bin\x64\*.dll" "D:\HTC\avboit\The-Forge\Examples_3\Unit_Tests\PC Visual Studio 2019\x64\Release\21_Animations\"* /S /Y /D
                 xcopy "D:\HTC\avboit\The-Forge\Examples_3\Unit_Tests\PC Visual Studio 2019\..\..\..\Common_3\OS\ThirdParty\OpenSource\winpixeventruntime\bin\WinPixEventRuntime.dll" "D:\HTC\avboit\The-Forge\Examples_3\Unit_Tests\PC Visual Studio 2019\x64\Release\21_Animations\WinPixEventRunTime.dll"* /S /Y /D
                 
                set ART=D:\HTC\avboit\The-Forge\Examples_3\Unit_Tests\PC Visual Studio 2019\..\..\..\Art\
         xcopy /Y /S /D "%ART%\UnitTestResources\Animation\*.ozz" "D:\HTC\avboit\The-Forge\Examples_3\Unit_Tests\PC Visual Studio 2019\x64\Release\21_Animations\Animation\"
         xcopy /Y /S /D "%ART%\UnitTestResources\Fonts\*.ttf" "D:\HTC\avboit\The-Forge\Examples_3\Unit_Tests\PC Visual Studio 2019\x64\Release\21_Animations\Fonts\"
         xcopy /Y /S /D "%ART%\UnitTestResources\Fonts\*.otf" "D:\HTC\avboit\The-Forge\Examples_3\Unit_Tests\PC Visual Studio 2019\x64\Release\21_Animations\Fonts\"
         
         xcopy /Y /S /D /E "D:\HTC\avboit\The-Forge\Examples_3\Unit_Tests\PC Visual Studio 2019\x64\Release\21_Animations\..\OS\Shaders" "D:\HTC\avboit\The-Forge\Examples_3\Unit_Tests\PC Visual Studio 2019\x64\Release\21_Animations\Shaders"
         xcopy /Y /S /D /E "D:\HTC\avboit\The-Forge\Examples_3\Unit_Tests\PC Visual Studio 2019\x64\Release\21_Animations\..\OS\CompiledShaders" "D:\HTC\avboit\The-Forge\Examples_3\Unit_Tests\PC Visual Studio 2019\x64\Release\21_Animations\CompiledShaders"
         xcopy /Y /S /D "D:\HTC\avboit\The-Forge\Examples_3\Unit_Tests\PC Visual Studio 2019\x64\Release\21_Animations\..\OS\Shaders\DIRECT3D11\*.*" "D:\HTC\avboit\The-Forge\Examples_3\Unit_Tests\PC Visual Studio 2019\x64\Release\21_Animations\Shaders\DIRECT3D11\"
         
         xcopy /Y /S /D "D:\HTC\avboit\The-Forge\Examples_3\Unit_Tests\PC Visual Studio 2019\..\src\21_Animations\Scripts\*.lua" "D:\HTC\avboit\The-Forge\Examples_3\Unit_Tests\PC Visual Studio 2019\x64\Release\21_Animations\Scripts\"
         xcopy /Y /S /D "%ART%\UnitTestResources\Scripts\*.lua" "D:\HTC\avboit\The-Forge\Examples_3\Unit_Tests\PC Visual Studio 2019\x64\Release\21_Animations\Scripts\"
         
         xcopy "D:\HTC\avboit\The-Forge\Common_3\OS\Windows\pc_gpu.data" "D:\HTC\avboit\The-Forge\Examples_3\Unit_Tests\PC Visual Studio 2019\x64\Release\21_Animations\GPUCfg\gpu.data*" /Y /D
         xcopy "D:\HTC\avboit\The-Forge\Examples_3\Unit_Tests\src\21_Animations\GPUCfg\gpu.cfg" "D:\HTC\avboit\The-Forge\Examples_3\Unit_Tests\PC Visual Studio 2019\x64\Release\21_Animations\GPUCfg\gpu.cfg*" /Y /D
         
         :VCEnd
    39>PostBuildEvent:
         D:\HTC\avboit\The-Forge\Examples_3\Unit_Tests\PC Visual Studio 2019\..\..\..\Art\\SanMiguel_3\Textures\dds\sunset.tex
    55>PostBuildEvent:
         D:\HTC\avboit\The-Forge\Examples_3\Unit_Tests\PC Visual Studio 2019\..\..\..\Art\\SanMiguel_3\Textures\dds\marco_puerta_1_SPEC.tex
         D:\HTC\avboit\The-Forge\Examples_3\Unit_Tests\PC Visual Studio 2019\..\..\..\Art\\SanMiguel_3\Textures\dds\metal_viejo_2.tex
         D:\HTC\avboit\The-Forge\Examples_3\Unit_Tests\PC Visual Studio 2019\..\..\..\Art\\SanMiguel_3\Textures\dds\metal_viejo_2_NRM.tex
         D:\HTC\avboit\The-Forge\Examples_3\Unit_Tests\PC Visual Studio 2019\..\..\..\Art\\SanMiguel_3\Textures\dds\metal_viejo_2_SPEC.tex
    39>PostBuildEvent:
         D:\HTC\avboit\The-Forge\Examples_3\Unit_Tests\PC Visual Studio 2019\..\..\..\Art\\SanMiguel_3\Textures\dds\tapa_talabera.tex
    55>PostBuildEvent:
         D:\HTC\avboit\The-Forge\Examples_3\Unit_Tests\PC Visual Studio 2019\..\..\..\Art\\SanMiguel_3\Textures\dds\moldura2piso_color.tex
    39>PostBuildEvent:
         D:\HTC\avboit\The-Forge\Examples_3\Unit_Tests\PC Visual Studio 2019\..\..\..\Art\\SanMiguel_3\Textures\dds\techo.tex
    55>PostBuildEvent:
         D:\HTC\avboit\The-Forge\Examples_3\Unit_Tests\PC Visual Studio 2019\..\..\..\Art\\SanMiguel_3\Textures\dds\moldura2piso_color_NRM.tex
    39>PostBuildEvent:
         D:\HTC\avboit\The-Forge\Examples_3\Unit_Tests\PC Visual Studio 2019\..\..\..\Art\\SanMiguel_3\Textures\dds\techo_01.tex
    55>PostBuildEvent:
         D:\HTC\avboit\The-Forge\Examples_3\Unit_Tests\PC Visual Studio 2019\..\..\..\Art\\SanMiguel_3\Textures\dds\moldura2piso_color_SPEC.tex
    39>PostBuildEvent:
         D:\HTC\avboit\The-Forge\Examples_3\Unit_Tests\PC Visual Studio 2019\..\..\..\Art\\SanMiguel_3\Textures\dds\techo_NRM.tex
    55>PostBuildEvent:
         D:\HTC\avboit\The-Forge\Examples_3\Unit_Tests\PC Visual Studio 2019\..\..\..\Art\\SanMiguel_3\Textures\dds\moldura2piso_NRM.tex
    39>PostBuildEvent:
         D:\HTC\avboit\The-Forge\Examples_3\Unit_Tests\PC Visual Studio 2019\..\..\..\Art\\SanMiguel_3\Textures\dds\techo_SPEC.tex
    55>PostBuildEvent:
         D:\HTC\avboit\The-Forge\Examples_3\Unit_Tests\PC Visual Studio 2019\..\..\..\Art\\SanMiguel_3\Textures\dds\molduraterraza_NRM.tex
    39>PostBuildEvent:
         D:\HTC\avboit\The-Forge\Examples_3\Unit_Tests\PC Visual Studio 2019\..\..\..\Art\\SanMiguel_3\Textures\dds\tela_blanca.tex
         D:\HTC\avboit\The-Forge\Examples_3\Unit_Tests\PC Visual Studio 2019\..\..\..\Art\\SanMiguel_3\Textures\dds\tela_blanca_NRM.tex
    55>PostBuildEvent:
         D:\HTC\avboit\The-Forge\Examples_3\Unit_Tests\PC Visual Studio 2019\..\..\..\Art\\SanMiguel_3\Textures\dds\molduraterraza__color.tex
    39>PostBuildEvent:
         D:\HTC\avboit\The-Forge\Examples_3\Unit_Tests\PC Visual Studio 2019\..\..\..\Art\\SanMiguel_3\Textures\dds\tela_blanca_SPEC.tex
    55>PostBuildEvent:
         D:\HTC\avboit\The-Forge\Examples_3\Unit_Tests\PC Visual Studio 2019\..\..\..\Art\\SanMiguel_3\Textures\dds\molduraterraza__color_NRM.tex
    39>PostBuildEvent:
         D:\HTC\avboit\The-Forge\Examples_3\Unit_Tests\PC Visual Studio 2019\..\..\..\Art\\SanMiguel_3\Textures\dds\tela_mesa_b.tex
    55>PostBuildEvent:
         D:\HTC\avboit\The-Forge\Examples_3\Unit_Tests\PC Visual Studio 2019\..\..\..\Art\\SanMiguel_3\Textures\dds\molduraterraza__color_SPEC.tex
    39>PostBuildEvent:
         D:\HTC\avboit\The-Forge\Examples_3\Unit_Tests\PC Visual Studio 2019\..\..\..\Art\\SanMiguel_3\Textures\dds\tela_mesa_d.tex
    55>PostBuildEvent:
         D:\HTC\avboit\The-Forge\Examples_3\Unit_Tests\PC Visual Studio 2019\..\..\..\Art\\SanMiguel_3\Textures\dds\moldura_techo.tex
    39>PostBuildEvent:
         D:\HTC\avboit\The-Forge\Examples_3\Unit_Tests\PC Visual Studio 2019\..\..\..\Art\\SanMiguel_3\Textures\dds\tela_mesa_d_SPEC.tex
    55>PostBuildEvent:
         D:\HTC\avboit\The-Forge\Examples_3\Unit_Tests\PC Visual Studio 2019\..\..\..\Art\\SanMiguel_3\Textures\dds\moldura_techo_NRM.tex
    39>PostBuildEvent:
         D:\HTC\avboit\The-Forge\Examples_3\Unit_Tests\PC Visual Studio 2019\..\..\..\Art\\SanMiguel_3\Textures\dds\tela_silla_b.tex
    55>PostBuildEvent:
         D:\HTC\avboit\The-Forge\Examples_3\Unit_Tests\PC Visual Studio 2019\..\..\..\Art\\SanMiguel_3\Textures\dds\moldura_techo_SPEC.tex
         D:\HTC\avboit\The-Forge\Examples_3\Unit_Tests\PC Visual Studio 2019\..\..\..\Art\\SanMiguel_3\Textures\dds\moldura_volado.tex
    39>PostBuildEvent:
         D:\HTC\avboit\The-Forge\Examples_3\Unit_Tests\PC Visual Studio 2019\..\..\..\Art\\SanMiguel_3\Textures\dds\tela_silla_b_NRM.tex
    55>PostBuildEvent:
         D:\HTC\avboit\The-Forge\Examples_3\Unit_Tests\PC Visual Studio 2019\..\..\..\Art\\SanMiguel_3\Textures\dds\moldura_volado_NRM.tex
    39>PostBuildEvent:
         D:\HTC\avboit\The-Forge\Examples_3\Unit_Tests\PC Visual Studio 2019\..\..\..\Art\\SanMiguel_3\Textures\dds\tela_silla_b_SPEC.tex
    55>PostBuildEvent:
         D:\HTC\avboit\The-Forge\Examples_3\Unit_Tests\PC Visual Studio 2019\..\..\..\Art\\SanMiguel_3\Textures\dds\moldura_volado_SPEC.tex
         D:\HTC\avboit\The-Forge\Examples_3\Unit_Tests\PC Visual Studio 2019\..\..\..\Art\\SanMiguel_3\Textures\dds\mold_arco_01.tex
    39>PostBuildEvent:
         D:\HTC\avboit\The-Forge\Examples_3\Unit_Tests\PC Visual Studio 2019\..\..\..\Art\\SanMiguel_3\Textures\dds\TR02lef5.tex
    55>PostBuildEvent:
         D:\HTC\avboit\The-Forge\Examples_3\Unit_Tests\PC Visual Studio 2019\..\..\..\Art\\SanMiguel_3\Textures\dds\mold_arco_01_color.tex
    39>PostBuildEvent:
         D:\HTC\avboit\The-Forge\Examples_3\Unit_Tests\PC Visual Studio 2019\..\..\..\Art\\SanMiguel_3\Textures\dds\TR14lef1.tex
    55>PostBuildEvent:
         D:\HTC\avboit\The-Forge\Examples_3\Unit_Tests\PC Visual Studio 2019\..\..\..\Art\\SanMiguel_3\Textures\dds\mold_arco_01_color_NRM.tex
    39>PostBuildEvent:
         D:\HTC\avboit\The-Forge\Examples_3\Unit_Tests\PC Visual Studio 2019\..\..\..\Art\\SanMiguel_3\Textures\dds\Vigas_A2.tex
    55>PostBuildEvent:
         D:\HTC\avboit\The-Forge\Examples_3\Unit_Tests\PC Visual Studio 2019\..\..\..\Art\\SanMiguel_3\Textures\dds\mold_arco_01_color_SPEC.tex
    39>PostBuildEvent:
         D:\HTC\avboit\The-Forge\Examples_3\Unit_Tests\PC Visual Studio 2019\..\..\..\Art\\SanMiguel_3\Textures\dds\Vigas_A2_NRM.tex
    55>PostBuildEvent:
         D:\HTC\avboit\The-Forge\Examples_3\Unit_Tests\PC Visual Studio 2019\..\..\..\Art\\SanMiguel_3\Textures\dds\mold_arco_01_NRM.tex
    39>PostBuildEvent:
         D:\HTC\avboit\The-Forge\Examples_3\Unit_Tests\PC Visual Studio 2019\..\..\..\Art\\SanMiguel_3\Textures\dds\Vigas_A2_SPEC.tex
    55>PostBuildEvent:
         D:\HTC\avboit\The-Forge\Examples_3\Unit_Tests\PC Visual Studio 2019\..\..\..\Art\\SanMiguel_3\Textures\dds\muros_a.tex
    39>PostBuildEvent:
         D:\HTC\avboit\The-Forge\Examples_3\Unit_Tests\PC Visual Studio 2019\..\..\..\Art\\SanMiguel_3\Textures\dds\Vigas_B.tex
         D:\HTC\avboit\The-Forge\Examples_3\Unit_Tests\PC Visual Studio 2019\..\..\..\Art\\SanMiguel_3\Textures\dds\Vigas_B_NRM.tex
    55>PostBuildEvent:
         D:\HTC\avboit\The-Forge\Examples_3\Unit_Tests\PC Visual Studio 2019\..\..\..\Art\\SanMiguel_3\Textures\dds\muros_a_NRM.tex
    39>PostBuildEvent:
         D:\HTC\avboit\The-Forge\Examples_3\Unit_Tests\PC Visual Studio 2019\..\..\..\Art\\SanMiguel_3\Textures\dds\Vigas_B_SPEC.tex
    55>PostBuildEvent:
         D:\HTC\avboit\The-Forge\Examples_3\Unit_Tests\PC Visual Studio 2019\..\..\..\Art\\SanMiguel_3\Textures\dds\muros_b.tex
    39>PostBuildEvent:
         D:\HTC\avboit\The-Forge\Examples_3\Unit_Tests\PC Visual Studio 2019\..\..\..\Art\\SanMiguel_3\Textures\dds\wood.3.Bubinga.tex
    55>PostBuildEvent:
         D:\HTC\avboit\The-Forge\Examples_3\Unit_Tests\PC Visual Studio 2019\..\..\..\Art\\SanMiguel_3\Textures\dds\muros_b1.tex
    39>PostBuildEvent:
         D:\HTC\avboit\The-Forge\Examples_3\Unit_Tests\PC Visual Studio 2019\..\..\..\Art\\SanMiguel_3\Textures\dds\WOOD08.tex
         D:\HTC\avboit\The-Forge\Examples_3\Unit_Tests\PC Visual Studio 2019\..\..\..\Art\\SanMiguel_3\Textures\dds\WOOD08_NRM.tex
    55>PostBuildEvent:
         D:\HTC\avboit\The-Forge\Examples_3\Unit_Tests\PC Visual Studio 2019\..\..\..\Art\\SanMiguel_3\Textures\dds\muros_b1_NRM.tex
    39>PostBuildEvent:
         D:\HTC\avboit\The-Forge\Examples_3\Unit_Tests\PC Visual Studio 2019\..\..\..\Art\\SanMiguel_3\Textures\dds\WOOD08_SPEC.tex
    55>PostBuildEvent:
         D:\HTC\avboit\The-Forge\Examples_3\Unit_Tests\PC Visual Studio 2019\..\..\..\Art\\SanMiguel_3\Textures\dds\muros_b2.tex
    39>PostBuildEvent:
         D:\HTC\avboit\The-Forge\Examples_3\Unit_Tests\PC Visual Studio 2019\..\..\..\Art\\SanMiguel_3\Textures\dds\zebrina_pendula_bark.tex
    55>PostBuildEvent:
         D:\HTC\avboit\The-Forge\Examples_3\Unit_Tests\PC Visual Studio 2019\..\..\..\Art\\SanMiguel_3\Textures\dds\muros_b2_NRM.tex
         D:\HTC\avboit\The-Forge\Examples_3\Unit_Tests\PC Visual Studio 2019\..\..\..\Art\\SanMiguel_3\Textures\dds\muros_c2.tex
    39>PostBuildEvent:
         359 File(s) copied
    55>PostBuildEvent:
         D:\HTC\avboit\The-Forge\Examples_3\Unit_Tests\PC Visual Studio 2019\..\..\..\Art\\SanMiguel_3\Textures\dds\muros_c2_NRM.tex
         D:\HTC\avboit\The-Forge\Examples_3\Unit_Tests\PC Visual Studio 2019\..\..\..\Art\\SanMiguel_3\Textures\dds\muros_d.tex
         D:\HTC\avboit\The-Forge\Examples_3\Unit_Tests\PC Visual Studio 2019\..\..\..\Art\\SanMiguel_3\Textures\dds\muros_e.tex
         D:\HTC\avboit\The-Forge\Examples_3\Unit_Tests\PC Visual Studio 2019\..\..\..\Art\\SanMiguel_3\Textures\dds\muros_f.tex
         D:\HTC\avboit\The-Forge\Examples_3\Unit_Tests\PC Visual Studio 2019\..\..\..\Art\\SanMiguel_3\Textures\dds\muros_g.tex
         D:\HTC\avboit\The-Forge\Examples_3\Unit_Tests\PC Visual Studio 2019\..\..\..\Art\\SanMiguel_3\Textures\dds\muros_h.tex
         D:\HTC\avboit\The-Forge\Examples_3\Unit_Tests\PC Visual Studio 2019\..\..\..\Art\\SanMiguel_3\Textures\dds\muros_j.tex
         D:\HTC\avboit\The-Forge\Examples_3\Unit_Tests\PC Visual Studio 2019\..\..\..\Art\\SanMiguel_3\Textures\dds\muros_k.tex
         D:\HTC\avboit\The-Forge\Examples_3\Unit_Tests\PC Visual Studio 2019\..\..\..\Art\\SanMiguel_3\Textures\dds\muros_k_NRM.tex
    39>PostBuildEvent:
         File not found - cameraPath.bin
    55>PostBuildEvent:
         D:\HTC\avboit\The-Forge\Examples_3\Unit_Tests\PC Visual Studio 2019\..\..\..\Art\\SanMiguel_3\Textures\dds\muros_l.tex
    39>PostBuildEvent:
         0 File(s) copied
    55>PostBuildEvent:
         D:\HTC\avboit\The-Forge\Examples_3\Unit_Tests\PC Visual Studio 2019\..\..\..\Art\\SanMiguel_3\Textures\dds\muros_l_NRM.tex
    40>PostBuildEvent:
         0 File(s) copied
    55>PostBuildEvent:
         D:\HTC\avboit\The-Forge\Examples_3\Unit_Tests\PC Visual Studio 2019\..\..\..\Art\\SanMiguel_3\Textures\dds\muros_l_SPEC.tex
         D:\HTC\avboit\The-Forge\Examples_3\Unit_Tests\PC Visual Studio 2019\..\..\..\Art\\SanMiguel_3\Textures\dds\muros_m.tex
         D:\HTC\avboit\The-Forge\Examples_3\Unit_Tests\PC Visual Studio 2019\..\..\..\Art\\SanMiguel_3\Textures\dds\muros_n.tex
         D:\HTC\avboit\The-Forge\Examples_3\Unit_Tests\PC Visual Studio 2019\..\..\..\Art\\SanMiguel_3\Textures\dds\muros_p_.tex
         D:\HTC\avboit\The-Forge\Examples_3\Unit_Tests\PC Visual Studio 2019\..\..\..\Art\\SanMiguel_3\Textures\dds\muros_q.tex
         D:\HTC\avboit\The-Forge\Examples_3\Unit_Tests\PC Visual Studio 2019\..\..\..\Art\\SanMiguel_3\Textures\dds\muros_q3.tex
         D:\HTC\avboit\The-Forge\Examples_3\Unit_Tests\PC Visual Studio 2019\..\..\..\Art\\SanMiguel_3\Textures\dds\muros_q4.tex
         D:\HTC\avboit\The-Forge\Examples_3\Unit_Tests\PC Visual Studio 2019\..\..\..\Art\\SanMiguel_3\Textures\dds\muros_q4_NRM.tex
         D:\HTC\avboit\The-Forge\Examples_3\Unit_Tests\PC Visual Studio 2019\..\..\..\Art\\SanMiguel_3\Textures\dds\muros_q4_SPEC.tex
    40>PostBuildEvent:
         0 File(s) copied
    55>PostBuildEvent:
         D:\HTC\avboit\The-Forge\Examples_3\Unit_Tests\PC Visual Studio 2019\..\..\..\Art\\SanMiguel_3\Textures\dds\muros_q_patio2.tex
    39>PostBuildEvent:
         0 File(s) copied
    55>PostBuildEvent:
         D:\HTC\avboit\The-Forge\Examples_3\Unit_Tests\PC Visual Studio 2019\..\..\..\Art\\SanMiguel_3\Textures\dds\newWall.tex
         D:\HTC\avboit\The-Forge\Examples_3\Unit_Tests\PC Visual Studio 2019\..\..\..\Art\\SanMiguel_3\Textures\dds\newWall_NRM.tex
         D:\HTC\avboit\The-Forge\Examples_3\Unit_Tests\PC Visual Studio 2019\..\..\..\Art\\SanMiguel_3\Textures\dds\pared_barro_afinado.tex
         D:\HTC\avboit\The-Forge\Examples_3\Unit_Tests\PC Visual Studio 2019\..\..\..\Art\\SanMiguel_3\Textures\dds\pared_calle.tex
         D:\HTC\avboit\The-Forge\Examples_3\Unit_Tests\PC Visual Studio 2019\..\..\..\Art\\SanMiguel_3\Textures\dds\piso_patio_exterior.tex
         D:\HTC\avboit\The-Forge\Examples_3\Unit_Tests\PC Visual Studio 2019\..\..\..\Art\\SanMiguel_3\Textures\dds\piso_patio_exterior_NRM.tex
         D:\HTC\avboit\The-Forge\Examples_3\Unit_Tests\PC Visual Studio 2019\..\..\..\Art\\SanMiguel_3\Textures\dds\piso_patio_exterior_SPEC.tex
         D:\HTC\avboit\The-Forge\Examples_3\Unit_Tests\PC Visual Studio 2019\..\..\..\Art\\SanMiguel_3\Textures\dds\piso_rustico.tex
         D:\HTC\avboit\The-Forge\Examples_3\Unit_Tests\PC Visual Studio 2019\..\..\..\Art\\SanMiguel_3\Textures\dds\piso_rustico_NRM.tex
         D:\HTC\avboit\The-Forge\Examples_3\Unit_Tests\PC Visual Studio 2019\..\..\..\Art\\SanMiguel_3\Textures\dds\piso_rustico_SPEC.tex
         D:\HTC\avboit\The-Forge\Examples_3\Unit_Tests\PC Visual Studio 2019\..\..\..\Art\\SanMiguel_3\Textures\dds\PITTED.tex
         D:\HTC\avboit\The-Forge\Examples_3\Unit_Tests\PC Visual Studio 2019\..\..\..\Art\\SanMiguel_3\Textures\dds\PITTED_NRM.tex
         D:\HTC\avboit\The-Forge\Examples_3\Unit_Tests\PC Visual Studio 2019\..\..\..\Art\\SanMiguel_3\Textures\dds\plato_a.tex
         D:\HTC\avboit\The-Forge\Examples_3\Unit_Tests\PC Visual Studio 2019\..\..\..\Art\\SanMiguel_3\Textures\dds\plato_a_NRM.tex
    40>PostBuildEvent:
         0 File(s) copied
    55>PostBuildEvent:
         D:\HTC\avboit\The-Forge\Examples_3\Unit_Tests\PC Visual Studio 2019\..\..\..\Art\\SanMiguel_3\Textures\dds\plato_a_SPEC.tex
    39>PostBuildEvent:
         File not found - *.lua
         0 File(s) copied
    55>PostBuildEvent:
         D:\HTC\avboit\The-Forge\Examples_3\Unit_Tests\PC Visual Studio 2019\..\..\..\Art\\SanMiguel_3\Textures\dds\postes_barandal_color.tex
         D:\HTC\avboit\The-Forge\Examples_3\Unit_Tests\PC Visual Studio 2019\..\..\..\Art\\SanMiguel_3\Textures\dds\postes_barandal_color_NRM.tex
         D:\HTC\avboit\The-Forge\Examples_3\Unit_Tests\PC Visual Studio 2019\..\..\..\Art\\SanMiguel_3\Textures\dds\postes_barandal_color_SPEC.tex
         D:\HTC\avboit\The-Forge\Examples_3\Unit_Tests\PC Visual Studio 2019\..\..\..\Art\\SanMiguel_3\Textures\dds\postes_barandal_NRM.tex
         D:\HTC\avboit\The-Forge\Examples_3\Unit_Tests\PC Visual Studio 2019\..\..\..\Art\\SanMiguel_3\Textures\dds\puerta.tex
         D:\HTC\avboit\The-Forge\Examples_3\Unit_Tests\PC Visual Studio 2019\..\..\..\Art\\SanMiguel_3\Textures\dds\puerta_NRM.tex
         D:\HTC\avboit\The-Forge\Examples_3\Unit_Tests\PC Visual Studio 2019\..\..\..\Art\\SanMiguel_3\Textures\dds\puerta_SPEC.tex
         D:\HTC\avboit\The-Forge\Examples_3\Unit_Tests\PC Visual Studio 2019\..\..\..\Art\\SanMiguel_3\Textures\dds\quercus_rubra_bark.tex
         D:\HTC\avboit\The-Forge\Examples_3\Unit_Tests\PC Visual Studio 2019\..\..\..\Art\\SanMiguel_3\Textures\dds\rust_a1.tex
         D:\HTC\avboit\The-Forge\Examples_3\Unit_Tests\PC Visual Studio 2019\..\..\..\Art\\SanMiguel_3\Textures\dds\rust_a1_NRM.tex
         D:\HTC\avboit\The-Forge\Examples_3\Unit_Tests\PC Visual Studio 2019\..\..\..\Art\\SanMiguel_3\Textures\dds\rust_a1_SPEC.tex
         D:\HTC\avboit\The-Forge\Examples_3\Unit_Tests\PC Visual Studio 2019\..\..\..\Art\\SanMiguel_3\Textures\dds\rust_detalle.tex
         D:\HTC\avboit\The-Forge\Examples_3\Unit_Tests\PC Visual Studio 2019\..\..\..\Art\\SanMiguel_3\Textures\dds\rust_detalle_bump_NRM.tex
    40>PostBuildEvent:
         0 File(s) copied
    55>PostBuildEvent:
         D:\HTC\avboit\The-Forge\Examples_3\Unit_Tests\PC Visual Studio 2019\..\..\..\Art\\SanMiguel_3\Textures\dds\rust_detalle_NRM.tex
    39>PostBuildEvent:
         0 File(s) copied
    55>PostBuildEvent:
         D:\HTC\avboit\The-Forge\Examples_3\Unit_Tests\PC Visual Studio 2019\..\..\..\Art\\SanMiguel_3\Textures\dds\rust_detalle_SPEC.tex
         D:\HTC\avboit\The-Forge\Examples_3\Unit_Tests\PC Visual Studio 2019\..\..\..\Art\\SanMiguel_3\Textures\dds\silla_d_piel.tex
         D:\HTC\avboit\The-Forge\Examples_3\Unit_Tests\PC Visual Studio 2019\..\..\..\Art\\SanMiguel_3\Textures\dds\silla_d_piel_NRM.tex
         D:\HTC\avboit\The-Forge\Examples_3\Unit_Tests\PC Visual Studio 2019\..\..\..\Art\\SanMiguel_3\Textures\dds\silla_d_piel_SPEC.tex
         D:\HTC\avboit\The-Forge\Examples_3\Unit_Tests\PC Visual Studio 2019\..\..\..\Art\\SanMiguel_3\Textures\dds\sm_hoja_c_seca.tex
         D:\HTC\avboit\The-Forge\Examples_3\Unit_Tests\PC Visual Studio 2019\..\..\..\Art\\SanMiguel_3\Textures\dds\sm_hoja_c_seca_NRM.tex
         D:\HTC\avboit\The-Forge\Examples_3\Unit_Tests\PC Visual Studio 2019\..\..\..\Art\\SanMiguel_3\Textures\dds\sm_leaf_02a.tex
         D:\HTC\avboit\The-Forge\Examples_3\Unit_Tests\PC Visual Studio 2019\..\..\..\Art\\SanMiguel_3\Textures\dds\sm_leaf_02a_SPEC.tex
         D:\HTC\avboit\The-Forge\Examples_3\Unit_Tests\PC Visual Studio 2019\..\..\..\Art\\SanMiguel_3\Textures\dds\sm_leaf_02b.tex
         D:\HTC\avboit\The-Forge\Examples_3\Unit_Tests\PC Visual Studio 2019\..\..\..\Art\\SanMiguel_3\Textures\dds\sm_leaf_02b_NRM.tex
         D:\HTC\avboit\The-Forge\Examples_3\Unit_Tests\PC Visual Studio 2019\..\..\..\Art\\SanMiguel_3\Textures\dds\sm_leaf_02b_SPEC.tex
         D:\HTC\avboit\The-Forge\Examples_3\Unit_Tests\PC Visual Studio 2019\..\..\..\Art\\SanMiguel_3\Textures\dds\sm_leaf_02_NRM.tex
         D:\HTC\avboit\The-Forge\Examples_3\Unit_Tests\PC Visual Studio 2019\..\..\..\Art\\SanMiguel_3\Textures\dds\sm_leaf_03a.tex
         D:\HTC\avboit\The-Forge\Examples_3\Unit_Tests\PC Visual Studio 2019\..\..\..\Art\\SanMiguel_3\Textures\dds\sm_leaf_03a_NRM.tex
         D:\HTC\avboit\The-Forge\Examples_3\Unit_Tests\PC Visual Studio 2019\..\..\..\Art\\SanMiguel_3\Textures\dds\sm_leaf_03a_SPEC.tex
         D:\HTC\avboit\The-Forge\Examples_3\Unit_Tests\PC Visual Studio 2019\..\..\..\Art\\SanMiguel_3\Textures\dds\sm_leaf_seca_02b.tex
         D:\HTC\avboit\The-Forge\Examples_3\Unit_Tests\PC Visual Studio 2019\..\..\..\Art\\SanMiguel_3\Textures\dds\sm_tronco.tex
         D:\HTC\avboit\The-Forge\Examples_3\Unit_Tests\PC Visual Studio 2019\..\..\..\Art\\SanMiguel_3\Textures\dds\sm_tronco_NRM.tex
    40>PostBuildEvent:
         0 File(s) copied
    55>PostBuildEvent:
         D:\HTC\avboit\The-Forge\Examples_3\Unit_Tests\PC Visual Studio 2019\..\..\..\Art\\SanMiguel_3\Textures\dds\sunset.tex
    39>PostBuildEvent:
         0 File(s) copied
    55>PostBuildEvent:
         D:\HTC\avboit\The-Forge\Examples_3\Unit_Tests\PC Visual Studio 2019\..\..\..\Art\\SanMiguel_3\Textures\dds\tapa_talabera.tex
         D:\HTC\avboit\The-Forge\Examples_3\Unit_Tests\PC Visual Studio 2019\..\..\..\Art\\SanMiguel_3\Textures\dds\techo.tex
         D:\HTC\avboit\The-Forge\Examples_3\Unit_Tests\PC Visual Studio 2019\..\..\..\Art\\SanMiguel_3\Textures\dds\techo_01.tex
         D:\HTC\avboit\The-Forge\Examples_3\Unit_Tests\PC Visual Studio 2019\..\..\..\Art\\SanMiguel_3\Textures\dds\techo_NRM.tex
         D:\HTC\avboit\The-Forge\Examples_3\Unit_Tests\PC Visual Studio 2019\..\..\..\Art\\SanMiguel_3\Textures\dds\techo_SPEC.tex
         D:\HTC\avboit\The-Forge\Examples_3\Unit_Tests\PC Visual Studio 2019\..\..\..\Art\\SanMiguel_3\Textures\dds\tela_blanca.tex
         D:\HTC\avboit\The-Forge\Examples_3\Unit_Tests\PC Visual Studio 2019\..\..\..\Art\\SanMiguel_3\Textures\dds\tela_blanca_NRM.tex
         D:\HTC\avboit\The-Forge\Examples_3\Unit_Tests\PC Visual Studio 2019\..\..\..\Art\\SanMiguel_3\Textures\dds\tela_blanca_SPEC.tex
         D:\HTC\avboit\The-Forge\Examples_3\Unit_Tests\PC Visual Studio 2019\..\..\..\Art\\SanMiguel_3\Textures\dds\tela_mesa_b.tex
         D:\HTC\avboit\The-Forge\Examples_3\Unit_Tests\PC Visual Studio 2019\..\..\..\Art\\SanMiguel_3\Textures\dds\tela_mesa_d.tex
         D:\HTC\avboit\The-Forge\Examples_3\Unit_Tests\PC Visual Studio 2019\..\..\..\Art\\SanMiguel_3\Textures\dds\tela_mesa_d_SPEC.tex
    40>PostBuildEvent:
         0 File(s) copied
    55>PostBuildEvent:
         D:\HTC\avboit\The-Forge\Examples_3\Unit_Tests\PC Visual Studio 2019\..\..\..\Art\\SanMiguel_3\Textures\dds\tela_silla_b.tex
         D:\HTC\avboit\The-Forge\Examples_3\Unit_Tests\PC Visual Studio 2019\..\..\..\Art\\SanMiguel_3\Textures\dds\tela_silla_b_NRM.tex
         D:\HTC\avboit\The-Forge\Examples_3\Unit_Tests\PC Visual Studio 2019\..\..\..\Art\\SanMiguel_3\Textures\dds\tela_silla_b_SPEC.tex
         D:\HTC\avboit\The-Forge\Examples_3\Unit_Tests\PC Visual Studio 2019\..\..\..\Art\\SanMiguel_3\Textures\dds\TR02lef5.tex
    39>PostBuildEvent:
         D:\HTC\avboit\The-Forge\Examples_3\Unit_Tests\PC Visual Studio 2019\..\..\..\Art\\UnitTestResources\Animation\stormtrooper\riggedMesh.bin
    55>PostBuildEvent:
         D:\HTC\avboit\The-Forge\Examples_3\Unit_Tests\PC Visual Studio 2019\..\..\..\Art\\SanMiguel_3\Textures\dds\TR14lef1.tex
         D:\HTC\avboit\The-Forge\Examples_3\Unit_Tests\PC Visual Studio 2019\..\..\..\Art\\SanMiguel_3\Textures\dds\Vigas_A2.tex
         D:\HTC\avboit\The-Forge\Examples_3\Unit_Tests\PC Visual Studio 2019\..\..\..\Art\\SanMiguel_3\Textures\dds\Vigas_A2_NRM.tex
    39>PostBuildEvent:
         1 File(s) copied
    55>PostBuildEvent:
         D:\HTC\avboit\The-Forge\Examples_3\Unit_Tests\PC Visual Studio 2019\..\..\..\Art\\SanMiguel_3\Textures\dds\Vigas_A2_SPEC.tex
         D:\HTC\avboit\The-Forge\Examples_3\Unit_Tests\PC Visual Studio 2019\..\..\..\Art\\SanMiguel_3\Textures\dds\Vigas_B.tex
         D:\HTC\avboit\The-Forge\Examples_3\Unit_Tests\PC Visual Studio 2019\..\..\..\Art\\SanMiguel_3\Textures\dds\Vigas_B_NRM.tex
         D:\HTC\avboit\The-Forge\Examples_3\Unit_Tests\PC Visual Studio 2019\..\..\..\Art\\SanMiguel_3\Textures\dds\Vigas_B_SPEC.tex
         D:\HTC\avboit\The-Forge\Examples_3\Unit_Tests\PC Visual Studio 2019\..\..\..\Art\\SanMiguel_3\Textures\dds\wood.3.Bubinga.tex
         D:\HTC\avboit\The-Forge\Examples_3\Unit_Tests\PC Visual Studio 2019\..\..\..\Art\\SanMiguel_3\Textures\dds\WOOD08.tex
         D:\HTC\avboit\The-Forge\Examples_3\Unit_Tests\PC Visual Studio 2019\..\..\..\Art\\SanMiguel_3\Textures\dds\WOOD08_NRM.tex
         D:\HTC\avboit\The-Forge\Examples_3\Unit_Tests\PC Visual Studio 2019\..\..\..\Art\\SanMiguel_3\Textures\dds\WOOD08_SPEC.tex
         D:\HTC\avboit\The-Forge\Examples_3\Unit_Tests\PC Visual Studio 2019\..\..\..\Art\\SanMiguel_3\Textures\dds\zebrina_pendula_bark.tex
         359 File(s) copied
    40>PostBuildEvent:
         0 File(s) copied
    55>PostBuildEvent:
         D:\HTC\avboit\The-Forge\Examples_3\Unit_Tests\PC Visual Studio 2019\..\..\..\Art\\SanMiguel_3\Meshes\SanMiguel.bin
    40>PostBuildEvent:
         File not found - *.ttf
         0 File(s) copied
         0 File(s) copied
    55>PostBuildEvent:
         D:\HTC\avboit\The-Forge\Examples_3\Unit_Tests\PC Visual Studio 2019\..\..\..\Art\\SanMiguel_3\Meshes\SanMiguel_AlphaTested.bin
    40>PostBuildEvent:
         0 File(s) copied
    55>PostBuildEvent:
         D:\HTC\avboit\The-Forge\Examples_3\Unit_Tests\PC Visual Studio 2019\..\..\..\Art\\SanMiguel_3\Meshes\SanMiguel_Flags.bin
         D:\HTC\avboit\The-Forge\Examples_3\Unit_Tests\PC Visual Studio 2019\..\..\..\Art\\SanMiguel_3\Meshes\SanMiguel_Opaque.bin
    39>PostBuildEvent:
         0 File(s) copied
    55>PostBuildEvent:
         D:\HTC\avboit\The-Forge\Examples_3\Unit_Tests\PC Visual Studio 2019\..\..\..\Art\\SanMiguel_3\Meshes\sun.bin
         5 File(s) copied
    40>PostBuildEvent:
         0 File(s) copied
    39>PostBuildEvent:
         0 File(s) copied
    55>PostBuildEvent:
         0 File(s) copied
    40>PostBuildEvent:
         0 File(s) copied
    39>PostBuildEvent:
         0 File(s) copied
    55>PostBuildEvent:
         File not found - *.ttf
         0 File(s) copied
    40>PostBuildEvent:
         0 File(s) copied
    39>PostBuildEvent:
         0 File(s) copied
    40>PostBuildEvent:
         File not found - *.lua
         0 File(s) copied
    55>PostBuildEvent:
         0 File(s) copied
    40>PostBuildEvent:
         0 File(s) copied
    39>PostBuildEvent:
         0 File(s) copied
    55>PostBuildEvent:
         0 File(s) copied
    40>PostBuildEvent:
         0 File(s) copied
    39>PostBuildEvent:
         0 File(s) copied
       FinalizeBuildStatus:
         ??????“D:\HTC\avboit\The-Forge\Examples_3\Unit_Tests\PC Visual Studio 2019\\x64\Release\Intermediate\15a_VisibilityBufferOIT\15a_Visi.610C39FA.tlog\unsuccessfulbuild”?
         ???“D:\HTC\avboit\The-Forge\Examples_3\Unit_Tests\PC Visual Studio 2019\\x64\Release\Intermediate\15a_VisibilityBufferOIT\15a_Visi.610C39FA.tlog\15a_VisibilityBufferOIT.lastbuildstate”?? Touch ???
    40>FinalizeBuildStatus:
         ??????“D:\HTC\avboit\The-Forge\Examples_3\Unit_Tests\PC Visual Studio 2019\\x64\Release\Intermediate\21_Animations\21_Animations.tlog\unsuccessfulbuild”?
    39>???????“D:\HTC\avboit\The-Forge\Examples_3\Unit_Tests\PC Visual Studio 2019\15a_VisibilityBufferOIT.vcxproj”(????)????
    40>FinalizeBuildStatus:
         ???“D:\HTC\avboit\The-Forge\Examples_3\Unit_Tests\PC Visual Studio 2019\\x64\Release\Intermediate\21_Animations\21_Animations.tlog\21_Animations.lastbuildstate”?? Touch ???
    40>???????“D:\HTC\avboit\The-Forge\Examples_3\Unit_Tests\PC Visual Studio 2019\21_Animations.vcxproj”(????)????
    18>???????“D:\HTC\avboit\The-Forge\Examples_3\Unit_Tests\PC Visual Studio 2019\15a_VisibilityBufferOIT.vcxproj.metaproj”(????)????
    22>???????“D:\HTC\avboit\The-Forge\Examples_3\Unit_Tests\PC Visual Studio 2019\21_Animations.vcxproj.metaproj”(????)????
    55>PostBuildEvent:
         0 File(s) copied
         0 File(s) copied
         File not found - *.lua
         0 File(s) copied
         0 File(s) copied
         0 File(s) copied
       FinalizeBuildStatus:
         ??????“D:\HTC\avboit\The-Forge\Examples_3\Unit_Tests\PC Visual Studio 2019\\x64\Release\Intermediate\09_LightShadowPlayground\09_Light.57CC1131.tlog\unsuccessfulbuild”?
         ???“D:\HTC\avboit\The-Forge\Examples_3\Unit_Tests\PC Visual Studio 2019\\x64\Release\Intermediate\09_LightShadowPlayground\09_Light.57CC1131.tlog\09_LightShadowPlayground.lastbuildstate”?? Touch ???
    55>???????“D:\HTC\avboit\The-Forge\Examples_3\Unit_Tests\PC Visual Studio 2019\09_LightShadowPlayground.vcxproj”(????)????
     9>???????“D:\HTC\avboit\The-Forge\Examples_3\Unit_Tests\PC Visual Studio 2019\09_LightShadowPlayground.vcxproj.metaproj”(????)????
     1>??“D:\HTC\avboit\The-Forge\Examples_3\Unit_Tests\PC Visual Studio 2019\Unit_Tests.sln”(1)???? 1 ???“D:\HTC\avboit\The-Forge\Common_3\Tools\AssetPipeline\Win64\AssetPipelineCmd.vcxproj.metaproj”(20) (????)?
    20>??“D:\HTC\avboit\The-Forge\Common_3\Tools\AssetPipeline\Win64\AssetPipelineCmd.vcxproj.metaproj”(20)???? 5 ???“D:\HTC\avboit\The-Forge\Common_3\Tools\AssetPipeline\Win64\AssetPipelineCmd.vcxproj”(41) (????)?
    41>PrepareForBuild:
         ???????????????????????????????????,??? https://aka.ms/cpp/structured-output?
       InitializeBuildStatus:
         ????“D:\HTC\avboit\The-Forge\Examples_3\Unit_Tests\PC Visual Studio 2019\\x64\Release\Intermediate\AssetPipelineCmd\AssetPipelineCmd.tlog\unsuccessfulbuild”,?????“AlwaysCreate”?
         ???“D:\HTC\avboit\The-Forge\Examples_3\Unit_Tests\PC Visual Studio 2019\\x64\Release\Intermediate\AssetPipelineCmd\AssetPipelineCmd.tlog\unsuccessfulbuild”?? Touch ???
       ClCompile:
         ?????????
         ?????????
       Link:
         ?????????
         AssetPipelineCmd.vcxproj -> D:\HTC\avboit\The-Forge\Examples_3\Unit_Tests\PC Visual Studio 2019\x64\Release\AssetPipelineCmd.exe
       PostBuildEvent:
         IF EXIST "\bin\Scarlett\xg_xs.dll" C:\WINDOWS\System32\xcopy /Y "\bin\Scarlett\xg_xs.dll" "D:\HTC\avboit\The-Forge\Examples_3\Unit_Tests\PC Visual Studio 2019\x64\Release\"
         :VCEnd
       FinalizeBuildStatus:
         ??????“D:\HTC\avboit\The-Forge\Examples_3\Unit_Tests\PC Visual Studio 2019\\x64\Release\Intermediate\AssetPipelineCmd\AssetPipelineCmd.tlog\unsuccessfulbuild”?
         ???“D:\HTC\avboit\The-Forge\Examples_3\Unit_Tests\PC Visual Studio 2019\\x64\Release\Intermediate\AssetPipelineCmd\AssetPipelineCmd.tlog\AssetPipelineCmd.lastbuildstate”?? Touch ???
    41>???????“D:\HTC\avboit\The-Forge\Common_3\Tools\AssetPipeline\Win64\AssetPipelineCmd.vcxproj”(????)????
    20>???????“D:\HTC\avboit\The-Forge\Common_3\Tools\AssetPipeline\Win64\AssetPipelineCmd.vcxproj.metaproj”(????)????
    38>ClCompile:
         ?????????
       Link:
         ?????????
         39_ParticleSystem.vcxproj -> D:\HTC\avboit\The-Forge\Examples_3\Unit_Tests\PC Visual Studio 2019\x64\Release\39_ParticleSystem\39_ParticleSystem.exe
       CustomBuildStep:
       ??????“CustomBuildStep”,????????
       CustomBuildStep:
       ??????“CustomBuildStep”,????????
       PostBuildEvent:
         
                 xcopy "D:\HTC\avboit\The-Forge\Examples_3\Unit_Tests\PC Visual Studio 2019\..\..\..\Common_3\Graphics\ThirdParty\OpenSource\VulkanSDK\bin\Win32\*.dll" "D:\HTC\avboit\The-Forge\Examples_3\Unit_Tests\PC Visual Studio 2019\x64\Release\39_ParticleSystem\" /S /Y /D
                 xcopy "D:\HTC\avboit\The-Forge\Examples_3\Unit_Tests\PC Visual Studio 2019\..\..\..\Common_3\Graphics\ThirdParty\OpenSource\VulkanSDK\bin\Win32\*.json" "D:\HTC\avboit\The-Forge\Examples_3\Unit_Tests\PC Visual Studio 2019\x64\Release\39_ParticleSystem\" /S /Y /D
                 xcopy "D:\HTC\avboit\The-Forge\Examples_3\Unit_Tests\PC Visual Studio 2019\..\..\..\Common_3\Graphics\ThirdParty\OpenSource\ags\ags_lib\lib\amd_ags_x64.dll" "D:\HTC\avboit\The-Forge\Examples_3\Unit_Tests\PC Visual Studio 2019\x64\Release\39_ParticleSystem\amd_ags_x64.dll"* /S /Y /D
                 xcopy "D:\HTC\avboit\The-Forge\Examples_3\Unit_Tests\PC Visual Studio 2019\..\..\..\Common_3\Graphics\ThirdParty\OpenSource\DirectXShaderCompiler\bin\x64\dxcompiler.dll" "D:\HTC\avboit\The-Forge\Examples_3\Unit_Tests\PC Visual Studio 2019\x64\Release\39_ParticleSystem\dxcompiler.dll"* /S /Y /D
                 xcopy "D:\HTC\avboit\The-Forge\Examples_3\Unit_Tests\PC Visual Studio 2019\..\..\..\Common_3\Graphics\ThirdParty\OpenSource\Direct3d12Agility\bin\x64\*.dll" "D:\HTC\avboit\The-Forge\Examples_3\Unit_Tests\PC Visual Studio 2019\x64\Release\39_ParticleSystem\"* /S /Y /D
                 xcopy "D:\HTC\avboit\The-Forge\Examples_3\Unit_Tests\PC Visual Studio 2019\..\..\..\Common_3\OS\ThirdParty\OpenSource\winpixeventruntime\bin\WinPixEventRuntime.dll" "D:\HTC\avboit\The-Forge\Examples_3\Unit_Tests\PC Visual Studio 2019\x64\Release\39_ParticleSystem\WinPixEventRunTime.dll"* /S /Y /D
                 
                :: Copy Art files
         set ART=D:\HTC\avboit\The-Forge\Examples_3\Unit_Tests\PC Visual Studio 2019\..\..\..\Art\
         xcopy /Y /S /D "%ART%\PBR\dds\*.tex" "D:\HTC\avboit\The-Forge\Examples_3\Unit_Tests\PC Visual Studio 2019\x64\Release\39_ParticleSystem\Textures\PBR\"
         xcopy /Y /S /D "%ART%\Particles\Textures\dds\*.tex" "D:\HTC\avboit\The-Forge\Examples_3\Unit_Tests\PC Visual Studio 2019\x64\Release\39_ParticleSystem\Textures\"
         xcopy /Y /S /D "%ART%\SanMiguel_3\Textures\dds\*.tex" "D:\HTC\avboit\The-Forge\Examples_3\Unit_Tests\PC Visual Studio 2019\x64\Release\39_ParticleSystem\Textures\"
         xcopy /Y /S /D "%ART%\SanMiguel_3\Meshes\*" "D:\HTC\avboit\The-Forge\Examples_3\Unit_Tests\PC Visual Studio 2019\x64\Release\39_ParticleSystem\Meshes\"
         xcopy /Y /S /D "%ART%\UnitTestResources\cameraPath.bin" "D:\HTC\avboit\The-Forge\Examples_3\Unit_Tests\PC Visual Studio 2019\x64\Release\39_ParticleSystem\"
         
         xcopy /Y /S /D "%ART%\UnitTestResources\Fonts\*.ttf" "D:\HTC\avboit\The-Forge\Examples_3\Unit_Tests\PC Visual Studio 2019\x64\Release\39_ParticleSystem\Fonts\"
         xcopy /Y /S /D "%ART%\UnitTestResources\Fonts\*.otf" "D:\HTC\avboit\The-Forge\Examples_3\Unit_Tests\PC Visual Studio 2019\x64\Release\39_ParticleSystem\Fonts\"
         
         xcopy /Y /S /D /E "D:\HTC\avboit\The-Forge\Examples_3\Unit_Tests\PC Visual Studio 2019\x64\Release\39_ParticleSystem\..\OS\Shaders" "D:\HTC\avboit\The-Forge\Examples_3\Unit_Tests\PC Visual Studio 2019\x64\Release\39_ParticleSystem\Shaders"
         xcopy /Y /S /D /E "D:\HTC\avboit\The-Forge\Examples_3\Unit_Tests\PC Visual Studio 2019\x64\Release\39_ParticleSystem\..\OS\CompiledShaders" "D:\HTC\avboit\The-Forge\Examples_3\Unit_Tests\PC Visual Studio 2019\x64\Release\39_ParticleSystem\CompiledShaders"
         
         xcopy /Y /S /D "D:\HTC\avboit\The-Forge\Examples_3\Unit_Tests\PC Visual Studio 2019\..\src\39_ParticleSystem\GPUCfg\*.*" "D:\HTC\avboit\The-Forge\Examples_3\Unit_Tests\PC Visual Studio 2019\x64\Release\39_ParticleSystem\GPUCfg\"
         xcopy /Y /S /D "D:\HTC\avboit\The-Forge\Examples_3\Unit_Tests\PC Visual Studio 2019\..\..\..\Common_3\OS\Windows\pc_gpu.data" "D:\HTC\avboit\The-Forge\Examples_3\Unit_Tests\PC Visual Studio 2019\x64\Release\39_ParticleSystem\GPUCfg\gpu.data*"
         
         xcopy /Y /S /D "D:\HTC\avboit\The-Forge\Examples_3\Unit_Tests\PC Visual Studio 2019\..\src\39_ParticleSystem\Scripts\*.lua" "D:\HTC\avboit\The-Forge\Examples_3\Unit_Tests\PC Visual Studio 2019\x64\Release\39_ParticleSystem\Scripts\"
         xcopy /Y /S /D "%ART%\UnitTestResources\Scripts\*.lua" "D:\HTC\avboit\The-Forge\Examples_3\Unit_Tests\PC Visual Studio 2019\x64\Release\39_ParticleSystem\Scripts\"
         :VCEnd
         0 File(s) copied
         0 File(s) copied
         0 File(s) copied
         0 File(s) copied
         0 File(s) copied
         0 File(s) copied
         D:\HTC\avboit\The-Forge\Examples_3\Unit_Tests\PC Visual Studio 2019\..\..\..\Art\\PBR\dds\Metallic_off.tex
         D:\HTC\avboit\The-Forge\Examples_3\Unit_Tests\PC Visual Studio 2019\..\..\..\Art\\PBR\dds\Metallic_on.tex
         D:\HTC\avboit\The-Forge\Examples_3\Unit_Tests\PC Visual Studio 2019\..\..\..\Art\\PBR\dds\blue_tiles_01\1K\Albedo.tex
         D:\HTC\avboit\The-Forge\Examples_3\Unit_Tests\PC Visual Studio 2019\..\..\..\Art\\PBR\dds\blue_tiles_01\1K\AO.tex
         D:\HTC\avboit\The-Forge\Examples_3\Unit_Tests\PC Visual Studio 2019\..\..\..\Art\\PBR\dds\blue_tiles_01\1K\Height.tex
         D:\HTC\avboit\The-Forge\Examples_3\Unit_Tests\PC Visual Studio 2019\..\..\..\Art\\PBR\dds\blue_tiles_01\1K\Normal.tex
         D:\HTC\avboit\The-Forge\Examples_3\Unit_Tests\PC Visual Studio 2019\..\..\..\Art\\PBR\dds\blue_tiles_01\1K\Roughness.tex
         D:\HTC\avboit\The-Forge\Examples_3\Unit_Tests\PC Visual Studio 2019\..\..\..\Art\\PBR\dds\blue_tiles_01\2K\Albedo.tex
         D:\HTC\avboit\The-Forge\Examples_3\Unit_Tests\PC Visual Studio 2019\..\..\..\Art\\PBR\dds\blue_tiles_01\2K\AO.tex
         D:\HTC\avboit\The-Forge\Examples_3\Unit_Tests\PC Visual Studio 2019\..\..\..\Art\\PBR\dds\blue_tiles_01\2K\Height.tex
         D:\HTC\avboit\The-Forge\Examples_3\Unit_Tests\PC Visual Studio 2019\..\..\..\Art\\PBR\dds\blue_tiles_01\2K\Normal.tex
         D:\HTC\avboit\The-Forge\Examples_3\Unit_Tests\PC Visual Studio 2019\..\..\..\Art\\PBR\dds\blue_tiles_01\2K\Roughness.tex
         D:\HTC\avboit\The-Forge\Examples_3\Unit_Tests\PC Visual Studio 2019\..\..\..\Art\\PBR\dds\blue_tiles_01\2K\vMF\Normal.tex
         D:\HTC\avboit\The-Forge\Examples_3\Unit_Tests\PC Visual Studio 2019\..\..\..\Art\\PBR\dds\bronze_01\1K\Albedo.tex
         D:\HTC\avboit\The-Forge\Examples_3\Unit_Tests\PC Visual Studio 2019\..\..\..\Art\\PBR\dds\bronze_01\1K\Height.tex
         D:\HTC\avboit\The-Forge\Examples_3\Unit_Tests\PC Visual Studio 2019\..\..\..\Art\\PBR\dds\bronze_01\1K\Metallic.tex
         D:\HTC\avboit\The-Forge\Examples_3\Unit_Tests\PC Visual Studio 2019\..\..\..\Art\\PBR\dds\bronze_01\1K\Normal.tex
         D:\HTC\avboit\The-Forge\Examples_3\Unit_Tests\PC Visual Studio 2019\..\..\..\Art\\PBR\dds\bronze_01\1K\Roughness.tex
         D:\HTC\avboit\The-Forge\Examples_3\Unit_Tests\PC Visual Studio 2019\..\..\..\Art\\PBR\dds\bronze_01\2K\Albedo.tex
         D:\HTC\avboit\The-Forge\Examples_3\Unit_Tests\PC Visual Studio 2019\..\..\..\Art\\PBR\dds\bronze_01\2K\Height.tex
         D:\HTC\avboit\The-Forge\Examples_3\Unit_Tests\PC Visual Studio 2019\..\..\..\Art\\PBR\dds\bronze_01\2K\Metallic.tex
         D:\HTC\avboit\The-Forge\Examples_3\Unit_Tests\PC Visual Studio 2019\..\..\..\Art\\PBR\dds\bronze_01\2K\Normal.tex
         D:\HTC\avboit\The-Forge\Examples_3\Unit_Tests\PC Visual Studio 2019\..\..\..\Art\\PBR\dds\bronze_01\2K\Roughness.tex
         D:\HTC\avboit\The-Forge\Examples_3\Unit_Tests\PC Visual Studio 2019\..\..\..\Art\\PBR\dds\bronze_01\2K\vMF\Normal.tex
         D:\HTC\avboit\The-Forge\Examples_3\Unit_Tests\PC Visual Studio 2019\..\..\..\Art\\PBR\dds\brushed_iron_01\1K\Albedo.tex
         D:\HTC\avboit\The-Forge\Examples_3\Unit_Tests\PC Visual Studio 2019\..\..\..\Art\\PBR\dds\brushed_iron_01\1K\Height.tex
         D:\HTC\avboit\The-Forge\Examples_3\Unit_Tests\PC Visual Studio 2019\..\..\..\Art\\PBR\dds\brushed_iron_01\1K\Metallic.tex
         D:\HTC\avboit\The-Forge\Examples_3\Unit_Tests\PC Visual Studio 2019\..\..\..\Art\\PBR\dds\brushed_iron_01\1K\Normal.tex
         D:\HTC\avboit\The-Forge\Examples_3\Unit_Tests\PC Visual Studio 2019\..\..\..\Art\\PBR\dds\brushed_iron_01\1K\Roughness.tex
         D:\HTC\avboit\The-Forge\Examples_3\Unit_Tests\PC Visual Studio 2019\..\..\..\Art\\PBR\dds\brushed_iron_01\2K\Albedo.tex
         D:\HTC\avboit\The-Forge\Examples_3\Unit_Tests\PC Visual Studio 2019\..\..\..\Art\\PBR\dds\brushed_iron_01\2K\Height.tex
         D:\HTC\avboit\The-Forge\Examples_3\Unit_Tests\PC Visual Studio 2019\..\..\..\Art\\PBR\dds\brushed_iron_01\2K\Metallic.tex
         D:\HTC\avboit\The-Forge\Examples_3\Unit_Tests\PC Visual Studio 2019\..\..\..\Art\\PBR\dds\brushed_iron_01\2K\Normal.tex
         D:\HTC\avboit\The-Forge\Examples_3\Unit_Tests\PC Visual Studio 2019\..\..\..\Art\\PBR\dds\brushed_iron_01\2K\Roughness.tex
         D:\HTC\avboit\The-Forge\Examples_3\Unit_Tests\PC Visual Studio 2019\..\..\..\Art\\PBR\dds\brushed_iron_01\2K\vMF\Normal.tex
         D:\HTC\avboit\The-Forge\Examples_3\Unit_Tests\PC Visual Studio 2019\..\..\..\Art\\PBR\dds\copper_tiles_01\1K\Albedo.tex
         D:\HTC\avboit\The-Forge\Examples_3\Unit_Tests\PC Visual Studio 2019\..\..\..\Art\\PBR\dds\copper_tiles_01\1K\AO.tex
         D:\HTC\avboit\The-Forge\Examples_3\Unit_Tests\PC Visual Studio 2019\..\..\..\Art\\PBR\dds\copper_tiles_01\1K\Height.tex
         D:\HTC\avboit\The-Forge\Examples_3\Unit_Tests\PC Visual Studio 2019\..\..\..\Art\\PBR\dds\copper_tiles_01\1K\Normal.tex
         D:\HTC\avboit\The-Forge\Examples_3\Unit_Tests\PC Visual Studio 2019\..\..\..\Art\\PBR\dds\copper_tiles_01\1K\Roughness.tex
         D:\HTC\avboit\The-Forge\Examples_3\Unit_Tests\PC Visual Studio 2019\..\..\..\Art\\PBR\dds\copper_tiles_01\2K\Albedo.tex
         D:\HTC\avboit\The-Forge\Examples_3\Unit_Tests\PC Visual Studio 2019\..\..\..\Art\\PBR\dds\copper_tiles_01\2K\AO.tex
         D:\HTC\avboit\The-Forge\Examples_3\Unit_Tests\PC Visual Studio 2019\..\..\..\Art\\PBR\dds\copper_tiles_01\2K\Height.tex
         D:\HTC\avboit\The-Forge\Examples_3\Unit_Tests\PC Visual Studio 2019\..\..\..\Art\\PBR\dds\copper_tiles_01\2K\Metallic.tex
         D:\HTC\avboit\The-Forge\Examples_3\Unit_Tests\PC Visual Studio 2019\..\..\..\Art\\PBR\dds\copper_tiles_01\2K\Normal.tex
         D:\HTC\avboit\The-Forge\Examples_3\Unit_Tests\PC Visual Studio 2019\..\..\..\Art\\PBR\dds\copper_tiles_01\2K\Roughness.tex
         D:\HTC\avboit\The-Forge\Examples_3\Unit_Tests\PC Visual Studio 2019\..\..\..\Art\\PBR\dds\copper_tiles_01\2K\vMF\Normal.tex
         D:\HTC\avboit\The-Forge\Examples_3\Unit_Tests\PC Visual Studio 2019\..\..\..\Art\\PBR\dds\metal_tiles_01\1K\Albedo.tex
         D:\HTC\avboit\The-Forge\Examples_3\Unit_Tests\PC Visual Studio 2019\..\..\..\Art\\PBR\dds\metal_tiles_01\1K\AO.tex
         D:\HTC\avboit\The-Forge\Examples_3\Unit_Tests\PC Visual Studio 2019\..\..\..\Art\\PBR\dds\metal_tiles_01\1K\Height.tex
         D:\HTC\avboit\The-Forge\Examples_3\Unit_Tests\PC Visual Studio 2019\..\..\..\Art\\PBR\dds\metal_tiles_01\1K\Normal.tex
         D:\HTC\avboit\The-Forge\Examples_3\Unit_Tests\PC Visual Studio 2019\..\..\..\Art\\PBR\dds\metal_tiles_01\1K\Roughness.tex
         D:\HTC\avboit\The-Forge\Examples_3\Unit_Tests\PC Visual Studio 2019\..\..\..\Art\\PBR\dds\metal_tiles_01\2K\Albedo.tex
         D:\HTC\avboit\The-Forge\Examples_3\Unit_Tests\PC Visual Studio 2019\..\..\..\Art\\PBR\dds\metal_tiles_01\2K\AO.tex
         D:\HTC\avboit\The-Forge\Examples_3\Unit_Tests\PC Visual Studio 2019\..\..\..\Art\\PBR\dds\metal_tiles_01\2K\Height.tex
         D:\HTC\avboit\The-Forge\Examples_3\Unit_Tests\PC Visual Studio 2019\..\..\..\Art\\PBR\dds\metal_tiles_01\2K\Normal.tex
         D:\HTC\avboit\The-Forge\Examples_3\Unit_Tests\PC Visual Studio 2019\..\..\..\Art\\PBR\dds\metal_tiles_01\2K\Roughness.tex
         D:\HTC\avboit\The-Forge\Examples_3\Unit_Tests\PC Visual Studio 2019\..\..\..\Art\\PBR\dds\metal_tiles_01\2K\vMF\Normal.tex
         D:\HTC\avboit\The-Forge\Examples_3\Unit_Tests\PC Visual Studio 2019\..\..\..\Art\\PBR\dds\metal_tiles_03\1K\Albedo.tex
         D:\HTC\avboit\The-Forge\Examples_3\Unit_Tests\PC Visual Studio 2019\..\..\..\Art\\PBR\dds\metal_tiles_03\1K\AO.tex
         D:\HTC\avboit\The-Forge\Examples_3\Unit_Tests\PC Visual Studio 2019\..\..\..\Art\\PBR\dds\metal_tiles_03\1K\Height.tex
         D:\HTC\avboit\The-Forge\Examples_3\Unit_Tests\PC Visual Studio 2019\..\..\..\Art\\PBR\dds\metal_tiles_03\1K\Metallic.tex
         D:\HTC\avboit\The-Forge\Examples_3\Unit_Tests\PC Visual Studio 2019\..\..\..\Art\\PBR\dds\metal_tiles_03\1K\Normal.tex
         D:\HTC\avboit\The-Forge\Examples_3\Unit_Tests\PC Visual Studio 2019\..\..\..\Art\\PBR\dds\metal_tiles_03\1K\Roughness.tex
         D:\HTC\avboit\The-Forge\Examples_3\Unit_Tests\PC Visual Studio 2019\..\..\..\Art\\PBR\dds\metal_tiles_03\2K\Albedo.tex
         D:\HTC\avboit\The-Forge\Examples_3\Unit_Tests\PC Visual Studio 2019\..\..\..\Art\\PBR\dds\metal_tiles_03\2K\AO.tex
         D:\HTC\avboit\The-Forge\Examples_3\Unit_Tests\PC Visual Studio 2019\..\..\..\Art\\PBR\dds\metal_tiles_03\2K\Height.tex
         D:\HTC\avboit\The-Forge\Examples_3\Unit_Tests\PC Visual Studio 2019\..\..\..\Art\\PBR\dds\metal_tiles_03\2K\Metallic.tex
         D:\HTC\avboit\The-Forge\Examples_3\Unit_Tests\PC Visual Studio 2019\..\..\..\Art\\PBR\dds\metal_tiles_03\2K\Normal.tex
         D:\HTC\avboit\The-Forge\Examples_3\Unit_Tests\PC Visual Studio 2019\..\..\..\Art\\PBR\dds\metal_tiles_03\2K\Roughness.tex
         D:\HTC\avboit\The-Forge\Examples_3\Unit_Tests\PC Visual Studio 2019\..\..\..\Art\\PBR\dds\metal_tiles_03\2K\vMF\Normal.tex
         D:\HTC\avboit\The-Forge\Examples_3\Unit_Tests\PC Visual Studio 2019\..\..\..\Art\\PBR\dds\old_iron_01\1K\Albedo.tex
         D:\HTC\avboit\The-Forge\Examples_3\Unit_Tests\PC Visual Studio 2019\..\..\..\Art\\PBR\dds\old_iron_01\1K\Height.tex
         D:\HTC\avboit\The-Forge\Examples_3\Unit_Tests\PC Visual Studio 2019\..\..\..\Art\\PBR\dds\old_iron_01\1K\Metallic.tex
         D:\HTC\avboit\The-Forge\Examples_3\Unit_Tests\PC Visual Studio 2019\..\..\..\Art\\PBR\dds\old_iron_01\1K\Normal.tex
         D:\HTC\avboit\The-Forge\Examples_3\Unit_Tests\PC Visual Studio 2019\..\..\..\Art\\PBR\dds\old_iron_01\1K\Roughness.tex
         D:\HTC\avboit\The-Forge\Examples_3\Unit_Tests\PC Visual Studio 2019\..\..\..\Art\\PBR\dds\old_iron_01\2K\Albedo.tex
         D:\HTC\avboit\The-Forge\Examples_3\Unit_Tests\PC Visual Studio 2019\..\..\..\Art\\PBR\dds\old_iron_01\2K\Height.tex
         D:\HTC\avboit\The-Forge\Examples_3\Unit_Tests\PC Visual Studio 2019\..\..\..\Art\\PBR\dds\old_iron_01\2K\Metallic.tex
         D:\HTC\avboit\The-Forge\Examples_3\Unit_Tests\PC Visual Studio 2019\..\..\..\Art\\PBR\dds\old_iron_01\2K\Normal.tex
         D:\HTC\avboit\The-Forge\Examples_3\Unit_Tests\PC Visual Studio 2019\..\..\..\Art\\PBR\dds\old_iron_01\2K\Roughness.tex
         D:\HTC\avboit\The-Forge\Examples_3\Unit_Tests\PC Visual Studio 2019\..\..\..\Art\\PBR\dds\old_iron_01\2K\vMF\Normal.tex
         D:\HTC\avboit\The-Forge\Examples_3\Unit_Tests\PC Visual Studio 2019\..\..\..\Art\\PBR\dds\painted_metal_02\1K\Albedo.tex
         D:\HTC\avboit\The-Forge\Examples_3\Unit_Tests\PC Visual Studio 2019\..\..\..\Art\\PBR\dds\painted_metal_02\1K\AO.tex
         D:\HTC\avboit\The-Forge\Examples_3\Unit_Tests\PC Visual Studio 2019\..\..\..\Art\\PBR\dds\painted_metal_02\1K\Height.tex
         D:\HTC\avboit\The-Forge\Examples_3\Unit_Tests\PC Visual Studio 2019\..\..\..\Art\\PBR\dds\painted_metal_02\1K\Metallic.tex
         D:\HTC\avboit\The-Forge\Examples_3\Unit_Tests\PC Visual Studio 2019\..\..\..\Art\\PBR\dds\painted_metal_02\1K\Normal.tex
         D:\HTC\avboit\The-Forge\Examples_3\Unit_Tests\PC Visual Studio 2019\..\..\..\Art\\PBR\dds\painted_metal_02\1K\Roughness.tex
         D:\HTC\avboit\The-Forge\Examples_3\Unit_Tests\PC Visual Studio 2019\..\..\..\Art\\PBR\dds\painted_metal_02\2K\Albedo.tex
         D:\HTC\avboit\The-Forge\Examples_3\Unit_Tests\PC Visual Studio 2019\..\..\..\Art\\PBR\dds\painted_metal_02\2K\AO.tex
         D:\HTC\avboit\The-Forge\Examples_3\Unit_Tests\PC Visual Studio 2019\..\..\..\Art\\PBR\dds\painted_metal_02\2K\Height.tex
         D:\HTC\avboit\The-Forge\Examples_3\Unit_Tests\PC Visual Studio 2019\..\..\..\Art\\PBR\dds\painted_metal_02\2K\Metallic.tex
         D:\HTC\avboit\The-Forge\Examples_3\Unit_Tests\PC Visual Studio 2019\..\..\..\Art\\PBR\dds\painted_metal_02\2K\Normal.tex
         D:\HTC\avboit\The-Forge\Examples_3\Unit_Tests\PC Visual Studio 2019\..\..\..\Art\\PBR\dds\painted_metal_02\2K\Roughness.tex
         D:\HTC\avboit\The-Forge\Examples_3\Unit_Tests\PC Visual Studio 2019\..\..\..\Art\\PBR\dds\painted_metal_02\2K\vMF\Normal.tex
         D:\HTC\avboit\The-Forge\Examples_3\Unit_Tests\PC Visual Studio 2019\..\..\..\Art\\PBR\dds\raisins_01\2K\Albedo.tex
         D:\HTC\avboit\The-Forge\Examples_3\Unit_Tests\PC Visual Studio 2019\..\..\..\Art\\PBR\dds\raisins_01\2K\AO.tex
         D:\HTC\avboit\The-Forge\Examples_3\Unit_Tests\PC Visual Studio 2019\..\..\..\Art\\PBR\dds\raisins_01\2K\Height.tex
         D:\HTC\avboit\The-Forge\Examples_3\Unit_Tests\PC Visual Studio 2019\..\..\..\Art\\PBR\dds\raisins_01\2K\Metallic.tex
         D:\HTC\avboit\The-Forge\Examples_3\Unit_Tests\PC Visual Studio 2019\..\..\..\Art\\PBR\dds\raisins_01\2K\Normal.tex
         D:\HTC\avboit\The-Forge\Examples_3\Unit_Tests\PC Visual Studio 2019\..\..\..\Art\\PBR\dds\raisins_01\2K\Roughness.tex
         D:\HTC\avboit\The-Forge\Examples_3\Unit_Tests\PC Visual Studio 2019\..\..\..\Art\\PBR\dds\raisins_01\2K\vMF\Normal.tex
         D:\HTC\avboit\The-Forge\Examples_3\Unit_Tests\PC Visual Studio 2019\..\..\..\Art\\PBR\dds\round_aluminum_panel_01\1K\Albedo.tex
         D:\HTC\avboit\The-Forge\Examples_3\Unit_Tests\PC Visual Studio 2019\..\..\..\Art\\PBR\dds\round_aluminum_panel_01\1K\AO.tex
         D:\HTC\avboit\The-Forge\Examples_3\Unit_Tests\PC Visual Studio 2019\..\..\..\Art\\PBR\dds\round_aluminum_panel_01\1K\Height.tex
         D:\HTC\avboit\The-Forge\Examples_3\Unit_Tests\PC Visual Studio 2019\..\..\..\Art\\PBR\dds\round_aluminum_panel_01\1K\Normal.tex
         D:\HTC\avboit\The-Forge\Examples_3\Unit_Tests\PC Visual Studio 2019\..\..\..\Art\\PBR\dds\round_aluminum_panel_01\1K\Roughness.tex
         D:\HTC\avboit\The-Forge\Examples_3\Unit_Tests\PC Visual Studio 2019\..\..\..\Art\\PBR\dds\round_aluminum_panel_01\2K\Albedo.tex
         D:\HTC\avboit\The-Forge\Examples_3\Unit_Tests\PC Visual Studio 2019\..\..\..\Art\\PBR\dds\round_aluminum_panel_01\2K\AO.tex
         D:\HTC\avboit\The-Forge\Examples_3\Unit_Tests\PC Visual Studio 2019\..\..\..\Art\\PBR\dds\round_aluminum_panel_01\2K\Height.tex
         D:\HTC\avboit\The-Forge\Examples_3\Unit_Tests\PC Visual Studio 2019\..\..\..\Art\\PBR\dds\round_aluminum_panel_01\2K\Normal.tex
         D:\HTC\avboit\The-Forge\Examples_3\Unit_Tests\PC Visual Studio 2019\..\..\..\Art\\PBR\dds\round_aluminum_panel_01\2K\Roughness.tex
         D:\HTC\avboit\The-Forge\Examples_3\Unit_Tests\PC Visual Studio 2019\..\..\..\Art\\PBR\dds\round_aluminum_panel_01\2K\vMF\Normal.tex
         D:\HTC\avboit\The-Forge\Examples_3\Unit_Tests\PC Visual Studio 2019\..\..\..\Art\\PBR\dds\round_metal_tiles_01\2K\vMF\Normal.tex
         D:\HTC\avboit\The-Forge\Examples_3\Unit_Tests\PC Visual Studio 2019\..\..\..\Art\\PBR\dds\round_metal_tiles_01\3K\Albedo.tex
         D:\HTC\avboit\The-Forge\Examples_3\Unit_Tests\PC Visual Studio 2019\..\..\..\Art\\PBR\dds\round_metal_tiles_01\3K\AO.tex
         D:\HTC\avboit\The-Forge\Examples_3\Unit_Tests\PC Visual Studio 2019\..\..\..\Art\\PBR\dds\round_metal_tiles_01\3K\Height.tex
         D:\HTC\avboit\The-Forge\Examples_3\Unit_Tests\PC Visual Studio 2019\..\..\..\Art\\PBR\dds\round_metal_tiles_01\3K\Metallic.tex
         D:\HTC\avboit\The-Forge\Examples_3\Unit_Tests\PC Visual Studio 2019\..\..\..\Art\\PBR\dds\round_metal_tiles_01\3K\Normal.tex
         D:\HTC\avboit\The-Forge\Examples_3\Unit_Tests\PC Visual Studio 2019\..\..\..\Art\\PBR\dds\round_metal_tiles_01\3K\Roughness.tex
         D:\HTC\avboit\The-Forge\Examples_3\Unit_Tests\PC Visual Studio 2019\..\..\..\Art\\PBR\dds\rusty_metal_panel_01\2K\Albedo.tex
         D:\HTC\avboit\The-Forge\Examples_3\Unit_Tests\PC Visual Studio 2019\..\..\..\Art\\PBR\dds\rusty_metal_panel_01\2K\AO.tex
         D:\HTC\avboit\The-Forge\Examples_3\Unit_Tests\PC Visual Studio 2019\..\..\..\Art\\PBR\dds\rusty_metal_panel_01\2K\Height.tex
         D:\HTC\avboit\The-Forge\Examples_3\Unit_Tests\PC Visual Studio 2019\..\..\..\Art\\PBR\dds\rusty_metal_panel_01\2K\Metallic.tex
         D:\HTC\avboit\The-Forge\Examples_3\Unit_Tests\PC Visual Studio 2019\..\..\..\Art\\PBR\dds\rusty_metal_panel_01\2K\Normal.tex
         D:\HTC\avboit\The-Forge\Examples_3\Unit_Tests\PC Visual Studio 2019\..\..\..\Art\\PBR\dds\rusty_metal_panel_01\2K\Roughness.tex
         D:\HTC\avboit\The-Forge\Examples_3\Unit_Tests\PC Visual Studio 2019\..\..\..\Art\\PBR\dds\rusty_metal_panel_01\2K\vMF\Normal.tex
         D:\HTC\avboit\The-Forge\Examples_3\Unit_Tests\PC Visual Studio 2019\..\..\..\Art\\PBR\dds\scratched_gold_01\1K\Albedo.tex
         D:\HTC\avboit\The-Forge\Examples_3\Unit_Tests\PC Visual Studio 2019\..\..\..\Art\\PBR\dds\scratched_gold_01\1K\AO.tex
         D:\HTC\avboit\The-Forge\Examples_3\Unit_Tests\PC Visual Studio 2019\..\..\..\Art\\PBR\dds\scratched_gold_01\1K\Height.tex
         D:\HTC\avboit\The-Forge\Examples_3\Unit_Tests\PC Visual Studio 2019\..\..\..\Art\\PBR\dds\scratched_gold_01\1K\Normal.tex
         D:\HTC\avboit\The-Forge\Examples_3\Unit_Tests\PC Visual Studio 2019\..\..\..\Art\\PBR\dds\scratched_gold_01\1K\Roughness.tex
         D:\HTC\avboit\The-Forge\Examples_3\Unit_Tests\PC Visual Studio 2019\..\..\..\Art\\PBR\dds\scratched_gold_01\2K\Albedo.tex
         D:\HTC\avboit\The-Forge\Examples_3\Unit_Tests\PC Visual Studio 2019\..\..\..\Art\\PBR\dds\scratched_gold_01\2K\AO.tex
         D:\HTC\avboit\The-Forge\Examples_3\Unit_Tests\PC Visual Studio 2019\..\..\..\Art\\PBR\dds\scratched_gold_01\2K\Height.tex
         D:\HTC\avboit\The-Forge\Examples_3\Unit_Tests\PC Visual Studio 2019\..\..\..\Art\\PBR\dds\scratched_gold_01\2K\Normal.tex
         D:\HTC\avboit\The-Forge\Examples_3\Unit_Tests\PC Visual Studio 2019\..\..\..\Art\\PBR\dds\scratched_gold_01\2K\Roughness.tex
         D:\HTC\avboit\The-Forge\Examples_3\Unit_Tests\PC Visual Studio 2019\..\..\..\Art\\PBR\dds\scratched_gold_01\2K\vMF\Normal.tex
         D:\HTC\avboit\The-Forge\Examples_3\Unit_Tests\PC Visual Studio 2019\..\..\..\Art\\PBR\dds\snow_white_tiles_02\1K\Albedo.tex
         D:\HTC\avboit\The-Forge\Examples_3\Unit_Tests\PC Visual Studio 2019\..\..\..\Art\\PBR\dds\snow_white_tiles_02\1K\AO.tex
         D:\HTC\avboit\The-Forge\Examples_3\Unit_Tests\PC Visual Studio 2019\..\..\..\Art\\PBR\dds\snow_white_tiles_02\1K\Height.tex
         D:\HTC\avboit\The-Forge\Examples_3\Unit_Tests\PC Visual Studio 2019\..\..\..\Art\\PBR\dds\snow_white_tiles_02\1K\Normal.tex
         D:\HTC\avboit\The-Forge\Examples_3\Unit_Tests\PC Visual Studio 2019\..\..\..\Art\\PBR\dds\snow_white_tiles_02\1K\Roughness.tex
         D:\HTC\avboit\The-Forge\Examples_3\Unit_Tests\PC Visual Studio 2019\..\..\..\Art\\PBR\dds\snow_white_tiles_02\2K\Albedo.tex
         D:\HTC\avboit\The-Forge\Examples_3\Unit_Tests\PC Visual Studio 2019\..\..\..\Art\\PBR\dds\snow_white_tiles_02\2K\AO.tex
         D:\HTC\avboit\The-Forge\Examples_3\Unit_Tests\PC Visual Studio 2019\..\..\..\Art\\PBR\dds\snow_white_tiles_02\2K\Height.tex
         D:\HTC\avboit\The-Forge\Examples_3\Unit_Tests\PC Visual Studio 2019\..\..\..\Art\\PBR\dds\snow_white_tiles_02\2K\Normal.tex
         D:\HTC\avboit\The-Forge\Examples_3\Unit_Tests\PC Visual Studio 2019\..\..\..\Art\\PBR\dds\snow_white_tiles_02\2K\Roughness.tex
         D:\HTC\avboit\The-Forge\Examples_3\Unit_Tests\PC Visual Studio 2019\..\..\..\Art\\PBR\dds\snow_white_tiles_02\2K\Roughness2.tex
         D:\HTC\avboit\The-Forge\Examples_3\Unit_Tests\PC Visual Studio 2019\..\..\..\Art\\PBR\dds\snow_white_tiles_02\2K\vMF\Normal.tex
         D:\HTC\avboit\The-Forge\Examples_3\Unit_Tests\PC Visual Studio 2019\..\..\..\Art\\PBR\dds\wooden_planks_05\1K\Albedo.tex
         D:\HTC\avboit\The-Forge\Examples_3\Unit_Tests\PC Visual Studio 2019\..\..\..\Art\\PBR\dds\wooden_planks_05\1K\AO.tex
         D:\HTC\avboit\The-Forge\Examples_3\Unit_Tests\PC Visual Studio 2019\..\..\..\Art\\PBR\dds\wooden_planks_05\1K\Height.tex
         D:\HTC\avboit\The-Forge\Examples_3\Unit_Tests\PC Visual Studio 2019\..\..\..\Art\\PBR\dds\wooden_planks_05\1K\Metallic.tex
         D:\HTC\avboit\The-Forge\Examples_3\Unit_Tests\PC Visual Studio 2019\..\..\..\Art\\PBR\dds\wooden_planks_05\1K\Normal.tex
         D:\HTC\avboit\The-Forge\Examples_3\Unit_Tests\PC Visual Studio 2019\..\..\..\Art\\PBR\dds\wooden_planks_05\1K\Roughness.tex
         D:\HTC\avboit\The-Forge\Examples_3\Unit_Tests\PC Visual Studio 2019\..\..\..\Art\\PBR\dds\wooden_planks_05\2K\Albedo.tex
         D:\HTC\avboit\The-Forge\Examples_3\Unit_Tests\PC Visual Studio 2019\..\..\..\Art\\PBR\dds\wooden_planks_05\2K\AO.tex
         D:\HTC\avboit\The-Forge\Examples_3\Unit_Tests\PC Visual Studio 2019\..\..\..\Art\\PBR\dds\wooden_planks_05\2K\Height.tex
         D:\HTC\avboit\The-Forge\Examples_3\Unit_Tests\PC Visual Studio 2019\..\..\..\Art\\PBR\dds\wooden_planks_05\2K\Metallic.tex
         D:\HTC\avboit\The-Forge\Examples_3\Unit_Tests\PC Visual Studio 2019\..\..\..\Art\\PBR\dds\wooden_planks_05\2K\Normal.tex
         D:\HTC\avboit\The-Forge\Examples_3\Unit_Tests\PC Visual Studio 2019\..\..\..\Art\\PBR\dds\wooden_planks_05\2K\Roughness.tex
         D:\HTC\avboit\The-Forge\Examples_3\Unit_Tests\PC Visual Studio 2019\..\..\..\Art\\PBR\dds\wooden_planks_05\2K\vMF\Normal.tex
         D:\HTC\avboit\The-Forge\Examples_3\Unit_Tests\PC Visual Studio 2019\..\..\..\Art\\PBR\dds\wooden_planks_05\3K\Albedo.tex
         D:\HTC\avboit\The-Forge\Examples_3\Unit_Tests\PC Visual Studio 2019\..\..\..\Art\\PBR\dds\wooden_planks_05\3K\AO.tex
         D:\HTC\avboit\The-Forge\Examples_3\Unit_Tests\PC Visual Studio 2019\..\..\..\Art\\PBR\dds\wooden_planks_05\3K\Height.tex
         D:\HTC\avboit\The-Forge\Examples_3\Unit_Tests\PC Visual Studio 2019\..\..\..\Art\\PBR\dds\wooden_planks_05\3K\Metallic.tex
         D:\HTC\avboit\The-Forge\Examples_3\Unit_Tests\PC Visual Studio 2019\..\..\..\Art\\PBR\dds\wooden_planks_05\3K\Normal.tex
         D:\HTC\avboit\The-Forge\Examples_3\Unit_Tests\PC Visual Studio 2019\..\..\..\Art\\PBR\dds\wooden_planks_05\3K\Roughness.tex
         D:\HTC\avboit\The-Forge\Examples_3\Unit_Tests\PC Visual Studio 2019\..\..\..\Art\\PBR\dds\wooden_planks_06\1K\Albedo.tex
         D:\HTC\avboit\The-Forge\Examples_3\Unit_Tests\PC Visual Studio 2019\..\..\..\Art\\PBR\dds\wooden_planks_06\1K\AO.tex
         D:\HTC\avboit\The-Forge\Examples_3\Unit_Tests\PC Visual Studio 2019\..\..\..\Art\\PBR\dds\wooden_planks_06\1K\Height.tex
         D:\HTC\avboit\The-Forge\Examples_3\Unit_Tests\PC Visual Studio 2019\..\..\..\Art\\PBR\dds\wooden_planks_06\1K\Metallic.tex
         D:\HTC\avboit\The-Forge\Examples_3\Unit_Tests\PC Visual Studio 2019\..\..\..\Art\\PBR\dds\wooden_planks_06\1K\Normal.tex
         D:\HTC\avboit\The-Forge\Examples_3\Unit_Tests\PC Visual Studio 2019\..\..\..\Art\\PBR\dds\wooden_planks_06\1K\Roughness.tex
         D:\HTC\avboit\The-Forge\Examples_3\Unit_Tests\PC Visual Studio 2019\..\..\..\Art\\PBR\dds\wooden_planks_06\2K\Albedo.tex
         D:\HTC\avboit\The-Forge\Examples_3\Unit_Tests\PC Visual Studio 2019\..\..\..\Art\\PBR\dds\wooden_planks_06\2K\AO.tex
         D:\HTC\avboit\The-Forge\Examples_3\Unit_Tests\PC Visual Studio 2019\..\..\..\Art\\PBR\dds\wooden_planks_06\2K\Height.tex
         D:\HTC\avboit\The-Forge\Examples_3\Unit_Tests\PC Visual Studio 2019\..\..\..\Art\\PBR\dds\wooden_planks_06\2K\Metallic.tex
         D:\HTC\avboit\The-Forge\Examples_3\Unit_Tests\PC Visual Studio 2019\..\..\..\Art\\PBR\dds\wooden_planks_06\2K\Normal.tex
         D:\HTC\avboit\The-Forge\Examples_3\Unit_Tests\PC Visual Studio 2019\..\..\..\Art\\PBR\dds\wooden_planks_06\2K\Roughness.tex
         D:\HTC\avboit\The-Forge\Examples_3\Unit_Tests\PC Visual Studio 2019\..\..\..\Art\\PBR\dds\wooden_planks_06\2K\vMF\Normal.tex
         D:\HTC\avboit\The-Forge\Examples_3\Unit_Tests\PC Visual Studio 2019\..\..\..\Art\\PBR\dds\wooden_planks_06\3K\Albedo.tex
         D:\HTC\avboit\The-Forge\Examples_3\Unit_Tests\PC Visual Studio 2019\..\..\..\Art\\PBR\dds\wooden_planks_06\3K\AO.tex
         D:\HTC\avboit\The-Forge\Examples_3\Unit_Tests\PC Visual Studio 2019\..\..\..\Art\\PBR\dds\wooden_planks_06\3K\Height.tex
         D:\HTC\avboit\The-Forge\Examples_3\Unit_Tests\PC Visual Studio 2019\..\..\..\Art\\PBR\dds\wooden_planks_06\3K\Metallic.tex
         D:\HTC\avboit\The-Forge\Examples_3\Unit_Tests\PC Visual Studio 2019\..\..\..\Art\\PBR\dds\wooden_planks_06\3K\Normal.tex
         D:\HTC\avboit\The-Forge\Examples_3\Unit_Tests\PC Visual Studio 2019\..\..\..\Art\\PBR\dds\wooden_planks_06\3K\Roughness.tex
         D:\HTC\avboit\The-Forge\Examples_3\Unit_Tests\PC Visual Studio 2019\..\..\..\Art\\PBR\dds\wood_#03\1K\Albedo.tex
         D:\HTC\avboit\The-Forge\Examples_3\Unit_Tests\PC Visual Studio 2019\..\..\..\Art\\PBR\dds\wood_#03\1K\AO.tex
         D:\HTC\avboit\The-Forge\Examples_3\Unit_Tests\PC Visual Studio 2019\..\..\..\Art\\PBR\dds\wood_#03\1K\Height.tex
         D:\HTC\avboit\The-Forge\Examples_3\Unit_Tests\PC Visual Studio 2019\..\..\..\Art\\PBR\dds\wood_#03\1K\Metallic.tex
         D:\HTC\avboit\The-Forge\Examples_3\Unit_Tests\PC Visual Studio 2019\..\..\..\Art\\PBR\dds\wood_#03\1K\Normal.tex
         D:\HTC\avboit\The-Forge\Examples_3\Unit_Tests\PC Visual Studio 2019\..\..\..\Art\\PBR\dds\wood_#03\1K\Roughness.tex
         D:\HTC\avboit\The-Forge\Examples_3\Unit_Tests\PC Visual Studio 2019\..\..\..\Art\\PBR\dds\wood_#03\2K\Albedo.tex
         D:\HTC\avboit\The-Forge\Examples_3\Unit_Tests\PC Visual Studio 2019\..\..\..\Art\\PBR\dds\wood_#03\2K\AO.tex
         D:\HTC\avboit\The-Forge\Examples_3\Unit_Tests\PC Visual Studio 2019\..\..\..\Art\\PBR\dds\wood_#03\2K\Height.tex
         D:\HTC\avboit\The-Forge\Examples_3\Unit_Tests\PC Visual Studio 2019\..\..\..\Art\\PBR\dds\wood_#03\2K\Metallic.tex
         D:\HTC\avboit\The-Forge\Examples_3\Unit_Tests\PC Visual Studio 2019\..\..\..\Art\\PBR\dds\wood_#03\2K\Normal.tex
         D:\HTC\avboit\The-Forge\Examples_3\Unit_Tests\PC Visual Studio 2019\..\..\..\Art\\PBR\dds\wood_#03\2K\Roughness.tex
         D:\HTC\avboit\The-Forge\Examples_3\Unit_Tests\PC Visual Studio 2019\..\..\..\Art\\PBR\dds\wood_#03\2K\vMF\Normal.tex
         D:\HTC\avboit\The-Forge\Examples_3\Unit_Tests\PC Visual Studio 2019\..\..\..\Art\\PBR\dds\wood_#08\1K\Albedo.tex
         D:\HTC\avboit\The-Forge\Examples_3\Unit_Tests\PC Visual Studio 2019\..\..\..\Art\\PBR\dds\wood_#08\1K\AO.tex
         D:\HTC\avboit\The-Forge\Examples_3\Unit_Tests\PC Visual Studio 2019\..\..\..\Art\\PBR\dds\wood_#08\1K\Height.tex
         D:\HTC\avboit\The-Forge\Examples_3\Unit_Tests\PC Visual Studio 2019\..\..\..\Art\\PBR\dds\wood_#08\1K\Metallic.tex
         D:\HTC\avboit\The-Forge\Examples_3\Unit_Tests\PC Visual Studio 2019\..\..\..\Art\\PBR\dds\wood_#08\1K\Normal.tex
         D:\HTC\avboit\The-Forge\Examples_3\Unit_Tests\PC Visual Studio 2019\..\..\..\Art\\PBR\dds\wood_#08\1K\Roughness.tex
         D:\HTC\avboit\The-Forge\Examples_3\Unit_Tests\PC Visual Studio 2019\..\..\..\Art\\PBR\dds\wood_#08\2K\Albedo.tex
         D:\HTC\avboit\The-Forge\Examples_3\Unit_Tests\PC Visual Studio 2019\..\..\..\Art\\PBR\dds\wood_#08\2K\AO.tex
         D:\HTC\avboit\The-Forge\Examples_3\Unit_Tests\PC Visual Studio 2019\..\..\..\Art\\PBR\dds\wood_#08\2K\Height.tex
         D:\HTC\avboit\The-Forge\Examples_3\Unit_Tests\PC Visual Studio 2019\..\..\..\Art\\PBR\dds\wood_#08\2K\Metallic.tex
         D:\HTC\avboit\The-Forge\Examples_3\Unit_Tests\PC Visual Studio 2019\..\..\..\Art\\PBR\dds\wood_#08\2K\Normal.tex
         D:\HTC\avboit\The-Forge\Examples_3\Unit_Tests\PC Visual Studio 2019\..\..\..\Art\\PBR\dds\wood_#08\2K\Roughness.tex
         D:\HTC\avboit\The-Forge\Examples_3\Unit_Tests\PC Visual Studio 2019\..\..\..\Art\\PBR\dds\wood_#08\2K\vMF\Normal.tex
         D:\HTC\avboit\The-Forge\Examples_3\Unit_Tests\PC Visual Studio 2019\..\..\..\Art\\PBR\dds\wood_#16\1K\Albedo.tex
         D:\HTC\avboit\The-Forge\Examples_3\Unit_Tests\PC Visual Studio 2019\..\..\..\Art\\PBR\dds\wood_#16\1K\AO.tex
         D:\HTC\avboit\The-Forge\Examples_3\Unit_Tests\PC Visual Studio 2019\..\..\..\Art\\PBR\dds\wood_#16\1K\Height.tex
         D:\HTC\avboit\The-Forge\Examples_3\Unit_Tests\PC Visual Studio 2019\..\..\..\Art\\PBR\dds\wood_#16\1K\Metallic.tex
         D:\HTC\avboit\The-Forge\Examples_3\Unit_Tests\PC Visual Studio 2019\..\..\..\Art\\PBR\dds\wood_#16\1K\Normal.tex
         D:\HTC\avboit\The-Forge\Examples_3\Unit_Tests\PC Visual Studio 2019\..\..\..\Art\\PBR\dds\wood_#16\1K\Roughness.tex
         D:\HTC\avboit\The-Forge\Examples_3\Unit_Tests\PC Visual Studio 2019\..\..\..\Art\\PBR\dds\wood_#16\2K\Albedo.tex
         D:\HTC\avboit\The-Forge\Examples_3\Unit_Tests\PC Visual Studio 2019\..\..\..\Art\\PBR\dds\wood_#16\2K\AO.tex
         D:\HTC\avboit\The-Forge\Examples_3\Unit_Tests\PC Visual Studio 2019\..\..\..\Art\\PBR\dds\wood_#16\2K\Height.tex
         D:\HTC\avboit\The-Forge\Examples_3\Unit_Tests\PC Visual Studio 2019\..\..\..\Art\\PBR\dds\wood_#16\2K\Metallic.tex
         D:\HTC\avboit\The-Forge\Examples_3\Unit_Tests\PC Visual Studio 2019\..\..\..\Art\\PBR\dds\wood_#16\2K\Normal.tex
         D:\HTC\avboit\The-Forge\Examples_3\Unit_Tests\PC Visual Studio 2019\..\..\..\Art\\PBR\dds\wood_#16\2K\Roughness.tex
         D:\HTC\avboit\The-Forge\Examples_3\Unit_Tests\PC Visual Studio 2019\..\..\..\Art\\PBR\dds\wood_#16\2K\vMF\Normal.tex
         D:\HTC\avboit\The-Forge\Examples_3\Unit_Tests\PC Visual Studio 2019\..\..\..\Art\\PBR\dds\wood_#18\1K\Albedo.tex
         D:\HTC\avboit\The-Forge\Examples_3\Unit_Tests\PC Visual Studio 2019\..\..\..\Art\\PBR\dds\wood_#18\1K\AO.tex
         D:\HTC\avboit\The-Forge\Examples_3\Unit_Tests\PC Visual Studio 2019\..\..\..\Art\\PBR\dds\wood_#18\1K\Height.tex
         D:\HTC\avboit\The-Forge\Examples_3\Unit_Tests\PC Visual Studio 2019\..\..\..\Art\\PBR\dds\wood_#18\1K\Metallic.tex
         D:\HTC\avboit\The-Forge\Examples_3\Unit_Tests\PC Visual Studio 2019\..\..\..\Art\\PBR\dds\wood_#18\1K\Normal.tex
         D:\HTC\avboit\The-Forge\Examples_3\Unit_Tests\PC Visual Studio 2019\..\..\..\Art\\PBR\dds\wood_#18\1K\Roughness.tex
         D:\HTC\avboit\The-Forge\Examples_3\Unit_Tests\PC Visual Studio 2019\..\..\..\Art\\PBR\dds\wood_#18\2K\Albedo.tex
         D:\HTC\avboit\The-Forge\Examples_3\Unit_Tests\PC Visual Studio 2019\..\..\..\Art\\PBR\dds\wood_#18\2K\AO.tex
         D:\HTC\avboit\The-Forge\Examples_3\Unit_Tests\PC Visual Studio 2019\..\..\..\Art\\PBR\dds\wood_#18\2K\Height.tex
         D:\HTC\avboit\The-Forge\Examples_3\Unit_Tests\PC Visual Studio 2019\..\..\..\Art\\PBR\dds\wood_#18\2K\Metallic.tex
         D:\HTC\avboit\The-Forge\Examples_3\Unit_Tests\PC Visual Studio 2019\..\..\..\Art\\PBR\dds\wood_#18\2K\Normal.tex
         D:\HTC\avboit\The-Forge\Examples_3\Unit_Tests\PC Visual Studio 2019\..\..\..\Art\\PBR\dds\wood_#18\2K\Roughness.tex
         D:\HTC\avboit\The-Forge\Examples_3\Unit_Tests\PC Visual Studio 2019\..\..\..\Art\\PBR\dds\wood_#18\2K\vMF\Normal.tex
         D:\HTC\avboit\The-Forge\Examples_3\Unit_Tests\PC Visual Studio 2019\..\..\..\Art\\PBR\dds\wood_01\1K\Albedo.tex
         D:\HTC\avboit\The-Forge\Examples_3\Unit_Tests\PC Visual Studio 2019\..\..\..\Art\\PBR\dds\wood_01\1K\AO.tex
         D:\HTC\avboit\The-Forge\Examples_3\Unit_Tests\PC Visual Studio 2019\..\..\..\Art\\PBR\dds\wood_01\1K\Height.tex
         D:\HTC\avboit\The-Forge\Examples_3\Unit_Tests\PC Visual Studio 2019\..\..\..\Art\\PBR\dds\wood_01\1K\Metallic.tex
         D:\HTC\avboit\The-Forge\Examples_3\Unit_Tests\PC Visual Studio 2019\..\..\..\Art\\PBR\dds\wood_01\1K\Normal.tex
         D:\HTC\avboit\The-Forge\Examples_3\Unit_Tests\PC Visual Studio 2019\..\..\..\Art\\PBR\dds\wood_01\1K\Roughness.tex
         D:\HTC\avboit\The-Forge\Examples_3\Unit_Tests\PC Visual Studio 2019\..\..\..\Art\\PBR\dds\wood_01\2K\Albedo.tex
         D:\HTC\avboit\The-Forge\Examples_3\Unit_Tests\PC Visual Studio 2019\..\..\..\Art\\PBR\dds\wood_01\2K\AO.tex
         D:\HTC\avboit\The-Forge\Examples_3\Unit_Tests\PC Visual Studio 2019\..\..\..\Art\\PBR\dds\wood_01\2K\Height.tex
         D:\HTC\avboit\The-Forge\Examples_3\Unit_Tests\PC Visual Studio 2019\..\..\..\Art\\PBR\dds\wood_01\2K\Metallic.tex
         D:\HTC\avboit\The-Forge\Examples_3\Unit_Tests\PC Visual Studio 2019\..\..\..\Art\\PBR\dds\wood_01\2K\Normal.tex
         D:\HTC\avboit\The-Forge\Examples_3\Unit_Tests\PC Visual Studio 2019\..\..\..\Art\\PBR\dds\wood_01\2K\Roughness.tex
         D:\HTC\avboit\The-Forge\Examples_3\Unit_Tests\PC Visual Studio 2019\..\..\..\Art\\PBR\dds\wood_01\2K\vMF\Normal.tex
         D:\HTC\avboit\The-Forge\Examples_3\Unit_Tests\PC Visual Studio 2019\..\..\..\Art\\PBR\dds\wood_05\1K\Albedo.tex
         D:\HTC\avboit\The-Forge\Examples_3\Unit_Tests\PC Visual Studio 2019\..\..\..\Art\\PBR\dds\wood_05\1K\AO.tex
         D:\HTC\avboit\The-Forge\Examples_3\Unit_Tests\PC Visual Studio 2019\..\..\..\Art\\PBR\dds\wood_05\1K\Height.tex
         D:\HTC\avboit\The-Forge\Examples_3\Unit_Tests\PC Visual Studio 2019\..\..\..\Art\\PBR\dds\wood_05\1K\Metallic.tex
         D:\HTC\avboit\The-Forge\Examples_3\Unit_Tests\PC Visual Studio 2019\..\..\..\Art\\PBR\dds\wood_05\1K\Normal.tex
         D:\HTC\avboit\The-Forge\Examples_3\Unit_Tests\PC Visual Studio 2019\..\..\..\Art\\PBR\dds\wood_05\1K\Roughness.tex
         D:\HTC\avboit\The-Forge\Examples_3\Unit_Tests\PC Visual Studio 2019\..\..\..\Art\\PBR\dds\wood_05\2K\Albedo.tex
         D:\HTC\avboit\The-Forge\Examples_3\Unit_Tests\PC Visual Studio 2019\..\..\..\Art\\PBR\dds\wood_05\2K\AO.tex
         D:\HTC\avboit\The-Forge\Examples_3\Unit_Tests\PC Visual Studio 2019\..\..\..\Art\\PBR\dds\wood_05\2K\Height.tex
         D:\HTC\avboit\The-Forge\Examples_3\Unit_Tests\PC Visual Studio 2019\..\..\..\Art\\PBR\dds\wood_05\2K\Metallic.tex
         D:\HTC\avboit\The-Forge\Examples_3\Unit_Tests\PC Visual Studio 2019\..\..\..\Art\\PBR\dds\wood_05\2K\Normal.tex
         D:\HTC\avboit\The-Forge\Examples_3\Unit_Tests\PC Visual Studio 2019\..\..\..\Art\\PBR\dds\wood_05\2K\Roughness.tex
         D:\HTC\avboit\The-Forge\Examples_3\Unit_Tests\PC Visual Studio 2019\..\..\..\Art\\PBR\dds\wood_05\2K\vMF\Normal.tex
         266 File(s) copied
         D:\HTC\avboit\The-Forge\Examples_3\Unit_Tests\PC Visual Studio 2019\..\..\..\Art\\Particles\Textures\dds\circle.tex
         D:\HTC\avboit\The-Forge\Examples_3\Unit_Tests\PC Visual Studio 2019\..\..\..\Art\\Particles\Textures\dds\Distortion.tex
         D:\HTC\avboit\The-Forge\Examples_3\Unit_Tests\PC Visual Studio 2019\..\..\..\Art\\Particles\Textures\dds\FireflyParticle.tex
         D:\HTC\avboit\The-Forge\Examples_3\Unit_Tests\PC Visual Studio 2019\..\..\..\Art\\Particles\Textures\dds\FireflyTmp.tex
         D:\HTC\avboit\The-Forge\Examples_3\Unit_Tests\PC Visual Studio 2019\..\..\..\Art\\Particles\Textures\dds\RainDrop.tex
         D:\HTC\avboit\The-Forge\Examples_3\Unit_Tests\PC Visual Studio 2019\..\..\..\Art\\Particles\Textures\dds\RainParticle.tex
         D:\HTC\avboit\The-Forge\Examples_3\Unit_Tests\PC Visual Studio 2019\..\..\..\Art\\Particles\Textures\dds\smoke.tex
         D:\HTC\avboit\The-Forge\Examples_3\Unit_Tests\PC Visual Studio 2019\..\..\..\Art\\Particles\Textures\dds\smoke_01.tex
         D:\HTC\avboit\The-Forge\Examples_3\Unit_Tests\PC Visual Studio 2019\..\..\..\Art\\Particles\Textures\dds\SS_Star.tex
         D:\HTC\avboit\The-Forge\Examples_3\Unit_Tests\PC Visual Studio 2019\..\..\..\Art\\Particles\Textures\dds\star_05.tex
         D:\HTC\avboit\The-Forge\Examples_3\Unit_Tests\PC Visual Studio 2019\..\..\..\Art\\Particles\Textures\dds\SwarmParticle.tex
         D:\HTC\avboit\The-Forge\Examples_3\Unit_Tests\PC Visual Studio 2019\..\..\..\Art\\Particles\Textures\dds\WaterSplash.tex
         D:\HTC\avboit\The-Forge\Examples_3\Unit_Tests\PC Visual Studio 2019\..\..\..\Art\\Particles\Textures\dds\White.tex
         13 File(s) copied
         D:\HTC\avboit\The-Forge\Examples_3\Unit_Tests\PC Visual Studio 2019\..\..\..\Art\\SanMiguel_3\Textures\dds\0001_carros.tex
         D:\HTC\avboit\The-Forge\Examples_3\Unit_Tests\PC Visual Studio 2019\..\..\..\Art\\SanMiguel_3\Textures\dds\052terresable.tex
         D:\HTC\avboit\The-Forge\Examples_3\Unit_Tests\PC Visual Studio 2019\..\..\..\Art\\SanMiguel_3\Textures\dds\052terresable_NRM.tex
         D:\HTC\avboit\The-Forge\Examples_3\Unit_Tests\PC Visual Studio 2019\..\..\..\Art\\SanMiguel_3\Textures\dds\052terresable_SPEC.tex
         D:\HTC\avboit\The-Forge\Examples_3\Unit_Tests\PC Visual Studio 2019\..\..\..\Art\\SanMiguel_3\Textures\dds\06-30-1997.tex
         D:\HTC\avboit\The-Forge\Examples_3\Unit_Tests\PC Visual Studio 2019\..\..\..\Art\\SanMiguel_3\Textures\dds\aglaonema_bark.tex
         D:\HTC\avboit\The-Forge\Examples_3\Unit_Tests\PC Visual Studio 2019\..\..\..\Art\\SanMiguel_3\Textures\dds\aglaonema_leaf.tex
         D:\HTC\avboit\The-Forge\Examples_3\Unit_Tests\PC Visual Studio 2019\..\..\..\Art\\SanMiguel_3\Textures\dds\aglaonema_leaf_SPEC.tex
         D:\HTC\avboit\The-Forge\Examples_3\Unit_Tests\PC Visual Studio 2019\..\..\..\Art\\SanMiguel_3\Textures\dds\ampelopsis_brevipedunculata_bark.tex
         D:\HTC\avboit\The-Forge\Examples_3\Unit_Tests\PC Visual Studio 2019\..\..\..\Art\\SanMiguel_3\Textures\dds\arcos_lisos_2_color.tex
         D:\HTC\avboit\The-Forge\Examples_3\Unit_Tests\PC Visual Studio 2019\..\..\..\Art\\SanMiguel_3\Textures\dds\arcos_lisos_2_color_NRM.tex
         D:\HTC\avboit\The-Forge\Examples_3\Unit_Tests\PC Visual Studio 2019\..\..\..\Art\\SanMiguel_3\Textures\dds\arcos_lisos_2_color_SPEC.tex
         D:\HTC\avboit\The-Forge\Examples_3\Unit_Tests\PC Visual Studio 2019\..\..\..\Art\\SanMiguel_3\Textures\dds\arcos_lisos_3_color_1.tex
         D:\HTC\avboit\The-Forge\Examples_3\Unit_Tests\PC Visual Studio 2019\..\..\..\Art\\SanMiguel_3\Textures\dds\arcos_lisos_3_color_1_NRM.tex
         D:\HTC\avboit\The-Forge\Examples_3\Unit_Tests\PC Visual Studio 2019\..\..\..\Art\\SanMiguel_3\Textures\dds\arcos_lisos_3_color_1_SPEC.tex
         D:\HTC\avboit\The-Forge\Examples_3\Unit_Tests\PC Visual Studio 2019\..\..\..\Art\\SanMiguel_3\Textures\dds\arco_frente.tex
         D:\HTC\avboit\The-Forge\Examples_3\Unit_Tests\PC Visual Studio 2019\..\..\..\Art\\SanMiguel_3\Textures\dds\arco_frente_NRM.tex
         D:\HTC\avboit\The-Forge\Examples_3\Unit_Tests\PC Visual Studio 2019\..\..\..\Art\\SanMiguel_3\Textures\dds\arco_frente_SPEC.tex
         D:\HTC\avboit\The-Forge\Examples_3\Unit_Tests\PC Visual Studio 2019\..\..\..\Art\\SanMiguel_3\Textures\dds\balconi2nd.tex
         D:\HTC\avboit\The-Forge\Examples_3\Unit_Tests\PC Visual Studio 2019\..\..\..\Art\\SanMiguel_3\Textures\dds\balconi2nd_NRM.tex
         D:\HTC\avboit\The-Forge\Examples_3\Unit_Tests\PC Visual Studio 2019\..\..\..\Art\\SanMiguel_3\Textures\dds\balconi2nd_SPEC.tex
         D:\HTC\avboit\The-Forge\Examples_3\Unit_Tests\PC Visual Studio 2019\..\..\..\Art\\SanMiguel_3\Textures\dds\bark06mi.tex
         D:\HTC\avboit\The-Forge\Examples_3\Unit_Tests\PC Visual Studio 2019\..\..\..\Art\\SanMiguel_3\Textures\dds\bark06mi_NRM.tex
         D:\HTC\avboit\The-Forge\Examples_3\Unit_Tests\PC Visual Studio 2019\..\..\..\Art\\SanMiguel_3\Textures\dds\Barro_2.tex
         D:\HTC\avboit\The-Forge\Examples_3\Unit_Tests\PC Visual Studio 2019\..\..\..\Art\\SanMiguel_3\Textures\dds\Barro_2_NRM.tex
         D:\HTC\avboit\The-Forge\Examples_3\Unit_Tests\PC Visual Studio 2019\..\..\..\Art\\SanMiguel_3\Textures\dds\Barro_2_SPEC.tex
         D:\HTC\avboit\The-Forge\Examples_3\Unit_Tests\PC Visual Studio 2019\..\..\..\Art\\SanMiguel_3\Textures\dds\brushedMetal.tex
         D:\HTC\avboit\The-Forge\Examples_3\Unit_Tests\PC Visual Studio 2019\..\..\..\Art\\SanMiguel_3\Textures\dds\brushedMetal_NRM.tex
         D:\HTC\avboit\The-Forge\Examples_3\Unit_Tests\PC Visual Studio 2019\..\..\..\Art\\SanMiguel_3\Textures\dds\brushedMetal_SPEC.tex
         D:\HTC\avboit\The-Forge\Examples_3\Unit_Tests\PC Visual Studio 2019\..\..\..\Art\\SanMiguel_3\Textures\dds\BWK_1024.tex
         D:\HTC\avboit\The-Forge\Examples_3\Unit_Tests\PC Visual Studio 2019\..\..\..\Art\\SanMiguel_3\Textures\dds\BWK_1024_NRM.tex
         D:\HTC\avboit\The-Forge\Examples_3\Unit_Tests\PC Visual Studio 2019\..\..\..\Art\\SanMiguel_3\Textures\dds\BWK_1024_SPEC.tex
         D:\HTC\avboit\The-Forge\Examples_3\Unit_Tests\PC Visual Studio 2019\..\..\..\Art\\SanMiguel_3\Textures\dds\candil_madera.tex
         D:\HTC\avboit\The-Forge\Examples_3\Unit_Tests\PC Visual Studio 2019\..\..\..\Art\\SanMiguel_3\Textures\dds\candil_madera_NRM.tex
         D:\HTC\avboit\The-Forge\Examples_3\Unit_Tests\PC Visual Studio 2019\..\..\..\Art\\SanMiguel_3\Textures\dds\candil_madera_SPEC.tex
         D:\HTC\avboit\The-Forge\Examples_3\Unit_Tests\PC Visual Studio 2019\..\..\..\Art\\SanMiguel_3\Textures\dds\cantera_naranja_liso.tex
         D:\HTC\avboit\The-Forge\Examples_3\Unit_Tests\PC Visual Studio 2019\..\..\..\Art\\SanMiguel_3\Textures\dds\cantera_naranja_liso_NRM.tex
         D:\HTC\avboit\The-Forge\Examples_3\Unit_Tests\PC Visual Studio 2019\..\..\..\Art\\SanMiguel_3\Textures\dds\cantera_naranja_liso_SPEC.tex
         D:\HTC\avboit\The-Forge\Examples_3\Unit_Tests\PC Visual Studio 2019\..\..\..\Art\\SanMiguel_3\Textures\dds\cenicero.tex
         D:\HTC\avboit\The-Forge\Examples_3\Unit_Tests\PC Visual Studio 2019\..\..\..\Art\\SanMiguel_3\Textures\dds\cenicero_NRM.tex
         D:\HTC\avboit\The-Forge\Examples_3\Unit_Tests\PC Visual Studio 2019\..\..\..\Art\\SanMiguel_3\Textures\dds\cenicero_SPEC.tex
         D:\HTC\avboit\The-Forge\Examples_3\Unit_Tests\PC Visual Studio 2019\..\..\..\Art\\SanMiguel_3\Textures\dds\ceramic_tile.tex
         D:\HTC\avboit\The-Forge\Examples_3\Unit_Tests\PC Visual Studio 2019\..\..\..\Art\\SanMiguel_3\Textures\dds\ceramic_tile_NRM.tex
         D:\HTC\avboit\The-Forge\Examples_3\Unit_Tests\PC Visual Studio 2019\..\..\..\Art\\SanMiguel_3\Textures\dds\ceramic_tile_SPEC.tex
         D:\HTC\avboit\The-Forge\Examples_3\Unit_Tests\PC Visual Studio 2019\..\..\..\Art\\SanMiguel_3\Textures\dds\citrus_limon_leaf.tex
         D:\HTC\avboit\The-Forge\Examples_3\Unit_Tests\PC Visual Studio 2019\..\..\..\Art\\SanMiguel_3\Textures\dds\citrus_limon_leaf_NRM.tex
         D:\HTC\avboit\The-Forge\Examples_3\Unit_Tests\PC Visual Studio 2019\..\..\..\Art\\SanMiguel_3\Textures\dds\citrus_limon_leaf_SPEC.tex
         D:\HTC\avboit\The-Forge\Examples_3\Unit_Tests\PC Visual Studio 2019\..\..\..\Art\\SanMiguel_3\Textures\dds\concrete.tex
         D:\HTC\avboit\The-Forge\Examples_3\Unit_Tests\PC Visual Studio 2019\..\..\..\Art\\SanMiguel_3\Textures\dds\concrete_NRM.tex
         D:\HTC\avboit\The-Forge\Examples_3\Unit_Tests\PC Visual Studio 2019\..\..\..\Art\\SanMiguel_3\Textures\dds\concrete_SPEC.tex
         D:\HTC\avboit\The-Forge\Examples_3\Unit_Tests\PC Visual Studio 2019\..\..\..\Art\\SanMiguel_3\Textures\dds\concreto_01.tex
         D:\HTC\avboit\The-Forge\Examples_3\Unit_Tests\PC Visual Studio 2019\..\..\..\Art\\SanMiguel_3\Textures\dds\concreto_01_NRM.tex
         D:\HTC\avboit\The-Forge\Examples_3\Unit_Tests\PC Visual Studio 2019\..\..\..\Art\\SanMiguel_3\Textures\dds\concreto_01_SPEC.tex
         D:\HTC\avboit\The-Forge\Examples_3\Unit_Tests\PC Visual Studio 2019\..\..\..\Art\\SanMiguel_3\Textures\dds\concreto_02.tex
         D:\HTC\avboit\The-Forge\Examples_3\Unit_Tests\PC Visual Studio 2019\..\..\..\Art\\SanMiguel_3\Textures\dds\concreto_02_NRM.tex
         D:\HTC\avboit\The-Forge\Examples_3\Unit_Tests\PC Visual Studio 2019\..\..\..\Art\\SanMiguel_3\Textures\dds\concreto_02_SPEC.tex
         D:\HTC\avboit\The-Forge\Examples_3\Unit_Tests\PC Visual Studio 2019\..\..\..\Art\\SanMiguel_3\Textures\dds\D30_Smiguel_2003_7758.tex
         D:\HTC\avboit\The-Forge\Examples_3\Unit_Tests\PC Visual Studio 2019\..\..\..\Art\\SanMiguel_3\Textures\dds\D30_Smiguel_2003_7768.tex
         D:\HTC\avboit\The-Forge\Examples_3\Unit_Tests\PC Visual Studio 2019\..\..\..\Art\\SanMiguel_3\Textures\dds\D30_Smiguel_2003_7785.tex
         D:\HTC\avboit\The-Forge\Examples_3\Unit_Tests\PC Visual Studio 2019\..\..\..\Art\\SanMiguel_3\Textures\dds\D30_Smiguel_2003_7812.tex
         D:\HTC\avboit\The-Forge\Examples_3\Unit_Tests\PC Visual Studio 2019\..\..\..\Art\\SanMiguel_3\Textures\dds\D30_Smiguel_2003_7815.tex
         D:\HTC\avboit\The-Forge\Examples_3\Unit_Tests\PC Visual Studio 2019\..\..\..\Art\\SanMiguel_3\Textures\dds\D30_Smiguel_2003_7833.tex
         D:\HTC\avboit\The-Forge\Examples_3\Unit_Tests\PC Visual Studio 2019\..\..\..\Art\\SanMiguel_3\Textures\dds\D30_Smiguel_2003_7843.tex
         D:\HTC\avboit\The-Forge\Examples_3\Unit_Tests\PC Visual Studio 2019\..\..\..\Art\\SanMiguel_3\Textures\dds\daytime.tex
         D:\HTC\avboit\The-Forge\Examples_3\Unit_Tests\PC Visual Studio 2019\..\..\..\Art\\SanMiguel_3\Textures\dds\daytime_cube.tex
         D:\HTC\avboit\The-Forge\Examples_3\Unit_Tests\PC Visual Studio 2019\..\..\..\Art\\SanMiguel_3\Textures\dds\Default.tex
         D:\HTC\avboit\The-Forge\Examples_3\Unit_Tests\PC Visual Studio 2019\..\..\..\Art\\SanMiguel_3\Textures\dds\Default_NRM.tex
         D:\HTC\avboit\The-Forge\Examples_3\Unit_Tests\PC Visual Studio 2019\..\..\..\Art\\SanMiguel_3\Textures\dds\Default_SPEC.tex
         D:\HTC\avboit\The-Forge\Examples_3\Unit_Tests\PC Visual Studio 2019\..\..\..\Art\\SanMiguel_3\Textures\dds\Default_SPEC_TRANS.tex
         D:\HTC\avboit\The-Forge\Examples_3\Unit_Tests\PC Visual Studio 2019\..\..\..\Art\\SanMiguel_3\Textures\dds\detmoldura_06_color.tex
         D:\HTC\avboit\The-Forge\Examples_3\Unit_Tests\PC Visual Studio 2019\..\..\..\Art\\SanMiguel_3\Textures\dds\detmoldura_06_color_NRM.tex
         D:\HTC\avboit\The-Forge\Examples_3\Unit_Tests\PC Visual Studio 2019\..\..\..\Art\\SanMiguel_3\Textures\dds\detmoldura_06_color_SPEC.tex
         D:\HTC\avboit\The-Forge\Examples_3\Unit_Tests\PC Visual Studio 2019\..\..\..\Art\\SanMiguel_3\Textures\dds\elaeagnus_umbellate_bark.tex
         D:\HTC\avboit\The-Forge\Examples_3\Unit_Tests\PC Visual Studio 2019\..\..\..\Art\\SanMiguel_3\Textures\dds\escalera_color.tex
         D:\HTC\avboit\The-Forge\Examples_3\Unit_Tests\PC Visual Studio 2019\..\..\..\Art\\SanMiguel_3\Textures\dds\escalera_color_NRM.tex
         D:\HTC\avboit\The-Forge\Examples_3\Unit_Tests\PC Visual Studio 2019\..\..\..\Art\\SanMiguel_3\Textures\dds\escalera_color_SPEC.tex
         D:\HTC\avboit\The-Forge\Examples_3\Unit_Tests\PC Visual Studio 2019\..\..\..\Art\\SanMiguel_3\Textures\dds\escurridera_color.tex
         D:\HTC\avboit\The-Forge\Examples_3\Unit_Tests\PC Visual Studio 2019\..\..\..\Art\\SanMiguel_3\Textures\dds\escurridera_color_NRM.tex
         D:\HTC\avboit\The-Forge\Examples_3\Unit_Tests\PC Visual Studio 2019\..\..\..\Art\\SanMiguel_3\Textures\dds\escurridera_color_SPEC.tex
         D:\HTC\avboit\The-Forge\Examples_3\Unit_Tests\PC Visual Studio 2019\..\..\..\Art\\SanMiguel_3\Textures\dds\EU15lef.tex
         D:\HTC\avboit\The-Forge\Examples_3\Unit_Tests\PC Visual Studio 2019\..\..\..\Art\\SanMiguel_3\Textures\dds\EU15lef_SPEC.tex
         D:\HTC\avboit\The-Forge\Examples_3\Unit_Tests\PC Visual Studio 2019\..\..\..\Art\\SanMiguel_3\Textures\dds\Fierro_A.tex
         D:\HTC\avboit\The-Forge\Examples_3\Unit_Tests\PC Visual Studio 2019\..\..\..\Art\\SanMiguel_3\Textures\dds\Fierro_A_NRM.tex
         D:\HTC\avboit\The-Forge\Examples_3\Unit_Tests\PC Visual Studio 2019\..\..\..\Art\\SanMiguel_3\Textures\dds\Fierro_A_SPEC.tex
         D:\HTC\avboit\The-Forge\Examples_3\Unit_Tests\PC Visual Studio 2019\..\..\..\Art\\SanMiguel_3\Textures\dds\fierro_b.tex
         D:\HTC\avboit\The-Forge\Examples_3\Unit_Tests\PC Visual Studio 2019\..\..\..\Art\\SanMiguel_3\Textures\dds\fierro_b_NRM.tex
         D:\HTC\avboit\The-Forge\Examples_3\Unit_Tests\PC Visual Studio 2019\..\..\..\Art\\SanMiguel_3\Textures\dds\fierro_b_SPEC.tex
         D:\HTC\avboit\The-Forge\Examples_3\Unit_Tests\PC Visual Studio 2019\..\..\..\Art\\SanMiguel_3\Textures\dds\Finishes.Flooring.Carpet.Loop.5.tex
         D:\HTC\avboit\The-Forge\Examples_3\Unit_Tests\PC Visual Studio 2019\..\..\..\Art\\SanMiguel_3\Textures\dds\Finishes.Flooring.Carpet.Loop.5_NRM.tex
         D:\HTC\avboit\The-Forge\Examples_3\Unit_Tests\PC Visual Studio 2019\..\..\..\Art\\SanMiguel_3\Textures\dds\Finishes.Flooring.Carpet.Loop.5_SPEC.tex
         D:\HTC\avboit\The-Forge\Examples_3\Unit_Tests\PC Visual Studio 2019\..\..\..\Art\\SanMiguel_3\Textures\dds\FL13lef1.tex
         D:\HTC\avboit\The-Forge\Examples_3\Unit_Tests\PC Visual Studio 2019\..\..\..\Art\\SanMiguel_3\Textures\dds\FL13lef1_NRM.tex
         D:\HTC\avboit\The-Forge\Examples_3\Unit_Tests\PC Visual Studio 2019\..\..\..\Art\\SanMiguel_3\Textures\dds\FL13lef1_SPEC.tex
         D:\HTC\avboit\The-Forge\Examples_3\Unit_Tests\PC Visual Studio 2019\..\..\..\Art\\SanMiguel_3\Textures\dds\FL13lef4.tex
         D:\HTC\avboit\The-Forge\Examples_3\Unit_Tests\PC Visual Studio 2019\..\..\..\Art\\SanMiguel_3\Textures\dds\FL13lef4_SPEC.tex
         D:\HTC\avboit\The-Forge\Examples_3\Unit_Tests\PC Visual Studio 2019\..\..\..\Art\\SanMiguel_3\Textures\dds\FL13lef5.tex
         D:\HTC\avboit\The-Forge\Examples_3\Unit_Tests\PC Visual Studio 2019\..\..\..\Art\\SanMiguel_3\Textures\dds\FL13lef5_SPEC.tex
         D:\HTC\avboit\The-Forge\Examples_3\Unit_Tests\PC Visual Studio 2019\..\..\..\Art\\SanMiguel_3\Textures\dds\FL13pet1.tex
         D:\HTC\avboit\The-Forge\Examples_3\Unit_Tests\PC Visual Studio 2019\..\..\..\Art\\SanMiguel_3\Textures\dds\FL13pet2.tex
         D:\HTC\avboit\The-Forge\Examples_3\Unit_Tests\PC Visual Studio 2019\..\..\..\Art\\SanMiguel_3\Textures\dds\FL13pet3.tex
         D:\HTC\avboit\The-Forge\Examples_3\Unit_Tests\PC Visual Studio 2019\..\..\..\Art\\SanMiguel_3\Textures\dds\FL13stm.tex
         D:\HTC\avboit\The-Forge\Examples_3\Unit_Tests\PC Visual Studio 2019\..\..\..\Art\\SanMiguel_3\Textures\dds\FL16lef1.tex
         D:\HTC\avboit\The-Forge\Examples_3\Unit_Tests\PC Visual Studio 2019\..\..\..\Art\\SanMiguel_3\Textures\dds\FL16lef1_SPEC.tex
         D:\HTC\avboit\The-Forge\Examples_3\Unit_Tests\PC Visual Studio 2019\..\..\..\Art\\SanMiguel_3\Textures\dds\FL16lef3.tex
         D:\HTC\avboit\The-Forge\Examples_3\Unit_Tests\PC Visual Studio 2019\..\..\..\Art\\SanMiguel_3\Textures\dds\FL16lef3_NRM.tex
         D:\HTC\avboit\The-Forge\Examples_3\Unit_Tests\PC Visual Studio 2019\..\..\..\Art\\SanMiguel_3\Textures\dds\FL16lef3_SPEC.tex
         D:\HTC\avboit\The-Forge\Examples_3\Unit_Tests\PC Visual Studio 2019\..\..\..\Art\\SanMiguel_3\Textures\dds\FL16pet1.tex
         D:\HTC\avboit\The-Forge\Examples_3\Unit_Tests\PC Visual Studio 2019\..\..\..\Art\\SanMiguel_3\Textures\dds\FL16stm.tex
         D:\HTC\avboit\The-Forge\Examples_3\Unit_Tests\PC Visual Studio 2019\..\..\..\Art\\SanMiguel_3\Textures\dds\FL17cnt.tex
         D:\HTC\avboit\The-Forge\Examples_3\Unit_Tests\PC Visual Studio 2019\..\..\..\Art\\SanMiguel_3\Textures\dds\FL17lef1.tex
         D:\HTC\avboit\The-Forge\Examples_3\Unit_Tests\PC Visual Studio 2019\..\..\..\Art\\SanMiguel_3\Textures\dds\FL17lef2.tex
         D:\HTC\avboit\The-Forge\Examples_3\Unit_Tests\PC Visual Studio 2019\..\..\..\Art\\SanMiguel_3\Textures\dds\FL17lef2_NRM.tex
         D:\HTC\avboit\The-Forge\Examples_3\Unit_Tests\PC Visual Studio 2019\..\..\..\Art\\SanMiguel_3\Textures\dds\FL17lef2_SPEC.tex
         D:\HTC\avboit\The-Forge\Examples_3\Unit_Tests\PC Visual Studio 2019\..\..\..\Art\\SanMiguel_3\Textures\dds\FL17lef3.tex
         D:\HTC\avboit\The-Forge\Examples_3\Unit_Tests\PC Visual Studio 2019\..\..\..\Art\\SanMiguel_3\Textures\dds\FL17lef5.tex
         D:\HTC\avboit\The-Forge\Examples_3\Unit_Tests\PC Visual Studio 2019\..\..\..\Art\\SanMiguel_3\Textures\dds\FL17lef6.tex
         D:\HTC\avboit\The-Forge\Examples_3\Unit_Tests\PC Visual Studio 2019\..\..\..\Art\\SanMiguel_3\Textures\dds\FL17pet1.tex
         D:\HTC\avboit\The-Forge\Examples_3\Unit_Tests\PC Visual Studio 2019\..\..\..\Art\\SanMiguel_3\Textures\dds\FL17pet2.tex
         D:\HTC\avboit\The-Forge\Examples_3\Unit_Tests\PC Visual Studio 2019\..\..\..\Art\\SanMiguel_3\Textures\dds\FL17pet5.tex
         D:\HTC\avboit\The-Forge\Examples_3\Unit_Tests\PC Visual Studio 2019\..\..\..\Art\\SanMiguel_3\Textures\dds\FL17stm.tex
         D:\HTC\avboit\The-Forge\Examples_3\Unit_Tests\PC Visual Studio 2019\..\..\..\Art\\SanMiguel_3\Textures\dds\FL19lef2.tex
         D:\HTC\avboit\The-Forge\Examples_3\Unit_Tests\PC Visual Studio 2019\..\..\..\Art\\SanMiguel_3\Textures\dds\FL19lef2_NRM.tex
         D:\HTC\avboit\The-Forge\Examples_3\Unit_Tests\PC Visual Studio 2019\..\..\..\Art\\SanMiguel_3\Textures\dds\FL19lef2_SPEC.tex
         D:\HTC\avboit\The-Forge\Examples_3\Unit_Tests\PC Visual Studio 2019\..\..\..\Art\\SanMiguel_3\Textures\dds\FL19lef3.tex
         D:\HTC\avboit\The-Forge\Examples_3\Unit_Tests\PC Visual Studio 2019\..\..\..\Art\\SanMiguel_3\Textures\dds\FL19lef3_NRM.tex
         D:\HTC\avboit\The-Forge\Examples_3\Unit_Tests\PC Visual Studio 2019\..\..\..\Art\\SanMiguel_3\Textures\dds\FL19lef3_SPEC.tex
         D:\HTC\avboit\The-Forge\Examples_3\Unit_Tests\PC Visual Studio 2019\..\..\..\Art\\SanMiguel_3\Textures\dds\FL19lef4.tex
         D:\HTC\avboit\The-Forge\Examples_3\Unit_Tests\PC Visual Studio 2019\..\..\..\Art\\SanMiguel_3\Textures\dds\FL19pe13.tex
         D:\HTC\avboit\The-Forge\Examples_3\Unit_Tests\PC Visual Studio 2019\..\..\..\Art\\SanMiguel_3\Textures\dds\FL19pe14.tex
         D:\HTC\avboit\The-Forge\Examples_3\Unit_Tests\PC Visual Studio 2019\..\..\..\Art\\SanMiguel_3\Textures\dds\FL19pe15.tex
         D:\HTC\avboit\The-Forge\Examples_3\Unit_Tests\PC Visual Studio 2019\..\..\..\Art\\SanMiguel_3\Textures\dds\FL19pe16.tex
         D:\HTC\avboit\The-Forge\Examples_3\Unit_Tests\PC Visual Studio 2019\..\..\..\Art\\SanMiguel_3\Textures\dds\FL19stm.tex
         D:\HTC\avboit\The-Forge\Examples_3\Unit_Tests\PC Visual Studio 2019\..\..\..\Art\\SanMiguel_3\Textures\dds\FL24stm.tex
         D:\HTC\avboit\The-Forge\Examples_3\Unit_Tests\PC Visual Studio 2019\..\..\..\Art\\SanMiguel_3\Textures\dds\FL29cnt1.tex
         D:\HTC\avboit\The-Forge\Examples_3\Unit_Tests\PC Visual Studio 2019\..\..\..\Art\\SanMiguel_3\Textures\dds\FL29cnt2.tex
         D:\HTC\avboit\The-Forge\Examples_3\Unit_Tests\PC Visual Studio 2019\..\..\..\Art\\SanMiguel_3\Textures\dds\FL29lef.tex
         D:\HTC\avboit\The-Forge\Examples_3\Unit_Tests\PC Visual Studio 2019\..\..\..\Art\\SanMiguel_3\Textures\dds\FL29lef_NRM.tex
         D:\HTC\avboit\The-Forge\Examples_3\Unit_Tests\PC Visual Studio 2019\..\..\..\Art\\SanMiguel_3\Textures\dds\FL29lef_SPEC.tex
         D:\HTC\avboit\The-Forge\Examples_3\Unit_Tests\PC Visual Studio 2019\..\..\..\Art\\SanMiguel_3\Textures\dds\FL29pet1.tex
         D:\HTC\avboit\The-Forge\Examples_3\Unit_Tests\PC Visual Studio 2019\..\..\..\Art\\SanMiguel_3\Textures\dds\FL29pet1_NRM.tex
         D:\HTC\avboit\The-Forge\Examples_3\Unit_Tests\PC Visual Studio 2019\..\..\..\Art\\SanMiguel_3\Textures\dds\FL29pet1_SPEC.tex
         D:\HTC\avboit\The-Forge\Examples_3\Unit_Tests\PC Visual Studio 2019\..\..\..\Art\\SanMiguel_3\Textures\dds\FL29pet2.tex
         D:\HTC\avboit\The-Forge\Examples_3\Unit_Tests\PC Visual Studio 2019\..\..\..\Art\\SanMiguel_3\Textures\dds\FL29pet2_NRM.tex
         D:\HTC\avboit\The-Forge\Examples_3\Unit_Tests\PC Visual Studio 2019\..\..\..\Art\\SanMiguel_3\Textures\dds\FL29pet2_SPEC.tex
         D:\HTC\avboit\The-Forge\Examples_3\Unit_Tests\PC Visual Studio 2019\..\..\..\Art\\SanMiguel_3\Textures\dds\FL29stm1.tex
         D:\HTC\avboit\The-Forge\Examples_3\Unit_Tests\PC Visual Studio 2019\..\..\..\Art\\SanMiguel_3\Textures\dds\FL29twg.tex
         D:\HTC\avboit\The-Forge\Examples_3\Unit_Tests\PC Visual Studio 2019\..\..\..\Art\\SanMiguel_3\Textures\dds\ForgeFlags.tex
         D:\HTC\avboit\The-Forge\Examples_3\Unit_Tests\PC Visual Studio 2019\..\..\..\Art\\SanMiguel_3\Textures\dds\Forja_Macetas.tex
         D:\HTC\avboit\The-Forge\Examples_3\Unit_Tests\PC Visual Studio 2019\..\..\..\Art\\SanMiguel_3\Textures\dds\Forja_Macetas_NRM.tex
         D:\HTC\avboit\The-Forge\Examples_3\Unit_Tests\PC Visual Studio 2019\..\..\..\Art\\SanMiguel_3\Textures\dds\Forja_Macetas_SPEC.tex
         D:\HTC\avboit\The-Forge\Examples_3\Unit_Tests\PC Visual Studio 2019\..\..\..\Art\\SanMiguel_3\Textures\dds\fuente_piedra_01.tex
         D:\HTC\avboit\The-Forge\Examples_3\Unit_Tests\PC Visual Studio 2019\..\..\..\Art\\SanMiguel_3\Textures\dds\fuente_piedra_01_NRM.tex
         D:\HTC\avboit\The-Forge\Examples_3\Unit_Tests\PC Visual Studio 2019\..\..\..\Art\\SanMiguel_3\Textures\dds\fuente_piedra_01_SPEC.tex
         D:\HTC\avboit\The-Forge\Examples_3\Unit_Tests\PC Visual Studio 2019\..\..\..\Art\\SanMiguel_3\Textures\dds\GCanyon_C_YumaPoint_3k.tex
         D:\HTC\avboit\The-Forge\Examples_3\Unit_Tests\PC Visual Studio 2019\..\..\..\Art\\SanMiguel_3\Textures\dds\HP01lef1.tex
         D:\HTC\avboit\The-Forge\Examples_3\Unit_Tests\PC Visual Studio 2019\..\..\..\Art\\SanMiguel_3\Textures\dds\HP01lef1_SPEC.tex
         D:\HTC\avboit\The-Forge\Examples_3\Unit_Tests\PC Visual Studio 2019\..\..\..\Art\\SanMiguel_3\Textures\dds\HP01lef2.tex
         D:\HTC\avboit\The-Forge\Examples_3\Unit_Tests\PC Visual Studio 2019\..\..\..\Art\\SanMiguel_3\Textures\dds\HP01lef2_SPEC.tex
         D:\HTC\avboit\The-Forge\Examples_3\Unit_Tests\PC Visual Studio 2019\..\..\..\Art\\SanMiguel_3\Textures\dds\HP01pet1.tex
         D:\HTC\avboit\The-Forge\Examples_3\Unit_Tests\PC Visual Studio 2019\..\..\..\Art\\SanMiguel_3\Textures\dds\HP01pet3.tex
         D:\HTC\avboit\The-Forge\Examples_3\Unit_Tests\PC Visual Studio 2019\..\..\..\Art\\SanMiguel_3\Textures\dds\HP01stm1.tex
         D:\HTC\avboit\The-Forge\Examples_3\Unit_Tests\PC Visual Studio 2019\..\..\..\Art\\SanMiguel_3\Textures\dds\HP01stm2.tex
         D:\HTC\avboit\The-Forge\Examples_3\Unit_Tests\PC Visual Studio 2019\..\..\..\Art\\SanMiguel_3\Textures\dds\HP11lef2.tex
         D:\HTC\avboit\The-Forge\Examples_3\Unit_Tests\PC Visual Studio 2019\..\..\..\Art\\SanMiguel_3\Textures\dds\HP11stm.tex
         D:\HTC\avboit\The-Forge\Examples_3\Unit_Tests\PC Visual Studio 2019\..\..\..\Art\\SanMiguel_3\Textures\dds\HP11stm_NRM.tex
         D:\HTC\avboit\The-Forge\Examples_3\Unit_Tests\PC Visual Studio 2019\..\..\..\Art\\SanMiguel_3\Textures\dds\HP13lef1.tex
         D:\HTC\avboit\The-Forge\Examples_3\Unit_Tests\PC Visual Studio 2019\..\..\..\Art\\SanMiguel_3\Textures\dds\hp13lef1_NRM.tex
         D:\HTC\avboit\The-Forge\Examples_3\Unit_Tests\PC Visual Studio 2019\..\..\..\Art\\SanMiguel_3\Textures\dds\HP13lef1_SPEC.tex
         D:\HTC\avboit\The-Forge\Examples_3\Unit_Tests\PC Visual Studio 2019\..\..\..\Art\\SanMiguel_3\Textures\dds\HP13stm2.tex
         D:\HTC\avboit\The-Forge\Examples_3\Unit_Tests\PC Visual Studio 2019\..\..\..\Art\\SanMiguel_3\Textures\dds\HP17lef1.tex
         D:\HTC\avboit\The-Forge\Examples_3\Unit_Tests\PC Visual Studio 2019\..\..\..\Art\\SanMiguel_3\Textures\dds\HP17lef1_SPEC.tex
         D:\HTC\avboit\The-Forge\Examples_3\Unit_Tests\PC Visual Studio 2019\..\..\..\Art\\SanMiguel_3\Textures\dds\HP17lef2.tex
         D:\HTC\avboit\The-Forge\Examples_3\Unit_Tests\PC Visual Studio 2019\..\..\..\Art\\SanMiguel_3\Textures\dds\HP17lef2_NRM.tex
         D:\HTC\avboit\The-Forge\Examples_3\Unit_Tests\PC Visual Studio 2019\..\..\..\Art\\SanMiguel_3\Textures\dds\HP17lef2_SPEC.tex
         D:\HTC\avboit\The-Forge\Examples_3\Unit_Tests\PC Visual Studio 2019\..\..\..\Art\\SanMiguel_3\Textures\dds\HP19lef2.tex
         D:\HTC\avboit\The-Forge\Examples_3\Unit_Tests\PC Visual Studio 2019\..\..\..\Art\\SanMiguel_3\Textures\dds\HP19lef2_NRM.tex
         D:\HTC\avboit\The-Forge\Examples_3\Unit_Tests\PC Visual Studio 2019\..\..\..\Art\\SanMiguel_3\Textures\dds\HP19lef2_SPEC.tex
         D:\HTC\avboit\The-Forge\Examples_3\Unit_Tests\PC Visual Studio 2019\..\..\..\Art\\SanMiguel_3\Textures\dds\HP19lef3.tex
         D:\HTC\avboit\The-Forge\Examples_3\Unit_Tests\PC Visual Studio 2019\..\..\..\Art\\SanMiguel_3\Textures\dds\HP19lef3_NRM.tex
         D:\HTC\avboit\The-Forge\Examples_3\Unit_Tests\PC Visual Studio 2019\..\..\..\Art\\SanMiguel_3\Textures\dds\HP19lef3_SPEC.tex
         D:\HTC\avboit\The-Forge\Examples_3\Unit_Tests\PC Visual Studio 2019\..\..\..\Art\\SanMiguel_3\Textures\dds\HP19stm1.tex
         D:\HTC\avboit\The-Forge\Examples_3\Unit_Tests\PC Visual Studio 2019\..\..\..\Art\\SanMiguel_3\Textures\dds\HP19stm2.tex
         D:\HTC\avboit\The-Forge\Examples_3\Unit_Tests\PC Visual Studio 2019\..\..\..\Art\\SanMiguel_3\Textures\dds\impatiens_newguinea_hybrids_petal.tex
         D:\HTC\avboit\The-Forge\Examples_3\Unit_Tests\PC Visual Studio 2019\..\..\..\Art\\SanMiguel_3\Textures\dds\individual_b.tex
         D:\HTC\avboit\The-Forge\Examples_3\Unit_Tests\PC Visual Studio 2019\..\..\..\Art\\SanMiguel_3\Textures\dds\individual_b_NRM.tex
         D:\HTC\avboit\The-Forge\Examples_3\Unit_Tests\PC Visual Studio 2019\..\..\..\Art\\SanMiguel_3\Textures\dds\individual_b_SPEC.tex
         D:\HTC\avboit\The-Forge\Examples_3\Unit_Tests\PC Visual Studio 2019\..\..\..\Art\\SanMiguel_3\Textures\dds\indt51m.tex
         D:\HTC\avboit\The-Forge\Examples_3\Unit_Tests\PC Visual Studio 2019\..\..\..\Art\\SanMiguel_3\Textures\dds\jardinera_1_color.tex
         D:\HTC\avboit\The-Forge\Examples_3\Unit_Tests\PC Visual Studio 2019\..\..\..\Art\\SanMiguel_3\Textures\dds\jardinera_1_color_NRM.tex
         D:\HTC\avboit\The-Forge\Examples_3\Unit_Tests\PC Visual Studio 2019\..\..\..\Art\\SanMiguel_3\Textures\dds\jardinera_1_color_SPEC.tex
         D:\HTC\avboit\The-Forge\Examples_3\Unit_Tests\PC Visual Studio 2019\..\..\..\Art\\SanMiguel_3\Textures\dds\jardinera_1_displacement_2_NRM.tex
         D:\HTC\avboit\The-Forge\Examples_3\Unit_Tests\PC Visual Studio 2019\..\..\..\Art\\SanMiguel_3\Textures\dds\l04-upper.tex
         D:\HTC\avboit\The-Forge\Examples_3\Unit_Tests\PC Visual Studio 2019\..\..\..\Art\\SanMiguel_3\Textures\dds\l04-upper_NRM.tex
         D:\HTC\avboit\The-Forge\Examples_3\Unit_Tests\PC Visual Studio 2019\..\..\..\Art\\SanMiguel_3\Textures\dds\l04-upper_SPEC.tex
         D:\HTC\avboit\The-Forge\Examples_3\Unit_Tests\PC Visual Studio 2019\..\..\..\Art\\SanMiguel_3\Textures\dds\l33-upper.tex
         D:\HTC\avboit\The-Forge\Examples_3\Unit_Tests\PC Visual Studio 2019\..\..\..\Art\\SanMiguel_3\Textures\dds\l33-upper_NRM.tex
         D:\HTC\avboit\The-Forge\Examples_3\Unit_Tests\PC Visual Studio 2019\..\..\..\Art\\SanMiguel_3\Textures\dds\l33-upper_SPEC.tex
         D:\HTC\avboit\The-Forge\Examples_3\Unit_Tests\PC Visual Studio 2019\..\..\..\Art\\SanMiguel_3\Textures\dds\l37-upper.tex
         D:\HTC\avboit\The-Forge\Examples_3\Unit_Tests\PC Visual Studio 2019\..\..\..\Art\\SanMiguel_3\Textures\dds\l37-upper_NRM.tex
         D:\HTC\avboit\The-Forge\Examples_3\Unit_Tests\PC Visual Studio 2019\..\..\..\Art\\SanMiguel_3\Textures\dds\l37-upper_SPEC.tex
         D:\HTC\avboit\The-Forge\Examples_3\Unit_Tests\PC Visual Studio 2019\..\..\..\Art\\SanMiguel_3\Textures\dds\LA_Helipad.tex
         D:\HTC\avboit\The-Forge\Examples_3\Unit_Tests\PC Visual Studio 2019\..\..\..\Art\\SanMiguel_3\Textures\dds\losa.tex
         D:\HTC\avboit\The-Forge\Examples_3\Unit_Tests\PC Visual Studio 2019\..\..\..\Art\\SanMiguel_3\Textures\dds\losa_NRM.tex
         D:\HTC\avboit\The-Forge\Examples_3\Unit_Tests\PC Visual Studio 2019\..\..\..\Art\\SanMiguel_3\Textures\dds\losa_SPEC.tex
         D:\HTC\avboit\The-Forge\Examples_3\Unit_Tests\PC Visual Studio 2019\..\..\..\Art\\SanMiguel_3\Textures\dds\m.tex
         D:\HTC\avboit\The-Forge\Examples_3\Unit_Tests\PC Visual Studio 2019\..\..\..\Art\\SanMiguel_3\Textures\dds\Maceta_A2_Color.tex
         D:\HTC\avboit\The-Forge\Examples_3\Unit_Tests\PC Visual Studio 2019\..\..\..\Art\\SanMiguel_3\Textures\dds\Maceta_A_Color.tex
         D:\HTC\avboit\The-Forge\Examples_3\Unit_Tests\PC Visual Studio 2019\..\..\..\Art\\SanMiguel_3\Textures\dds\Maceta_A_Color_NRM.tex
         D:\HTC\avboit\The-Forge\Examples_3\Unit_Tests\PC Visual Studio 2019\..\..\..\Art\\SanMiguel_3\Textures\dds\Maceta_A_Color_SPEC.tex
         D:\HTC\avboit\The-Forge\Examples_3\Unit_Tests\PC Visual Studio 2019\..\..\..\Art\\SanMiguel_3\Textures\dds\Maceta_A_NRM.tex
         D:\HTC\avboit\The-Forge\Examples_3\Unit_Tests\PC Visual Studio 2019\..\..\..\Art\\SanMiguel_3\Textures\dds\Maceta_B2_Color.tex
         D:\HTC\avboit\The-Forge\Examples_3\Unit_Tests\PC Visual Studio 2019\..\..\..\Art\\SanMiguel_3\Textures\dds\Maceta_B_Color.tex
         D:\HTC\avboit\The-Forge\Examples_3\Unit_Tests\PC Visual Studio 2019\..\..\..\Art\\SanMiguel_3\Textures\dds\Maceta_B_NRM.tex
         D:\HTC\avboit\The-Forge\Examples_3\Unit_Tests\PC Visual Studio 2019\..\..\..\Art\\SanMiguel_3\Textures\dds\Maceta_C2_Color.tex
         D:\HTC\avboit\The-Forge\Examples_3\Unit_Tests\PC Visual Studio 2019\..\..\..\Art\\SanMiguel_3\Textures\dds\Maceta_C_Color.tex
         D:\HTC\avboit\The-Forge\Examples_3\Unit_Tests\PC Visual Studio 2019\..\..\..\Art\\SanMiguel_3\Textures\dds\Maceta_C_Color_NRM.tex
         D:\HTC\avboit\The-Forge\Examples_3\Unit_Tests\PC Visual Studio 2019\..\..\..\Art\\SanMiguel_3\Textures\dds\Maceta_C_Color_SPEC.tex
         D:\HTC\avboit\The-Forge\Examples_3\Unit_Tests\PC Visual Studio 2019\..\..\..\Art\\SanMiguel_3\Textures\dds\Maceta_C_NRM.tex
         D:\HTC\avboit\The-Forge\Examples_3\Unit_Tests\PC Visual Studio 2019\..\..\..\Art\\SanMiguel_3\Textures\dds\Maceta_D2_Color_0.tex
         D:\HTC\avboit\The-Forge\Examples_3\Unit_Tests\PC Visual Studio 2019\..\..\..\Art\\SanMiguel_3\Textures\dds\Maceta_D_NRM.tex
         D:\HTC\avboit\The-Forge\Examples_3\Unit_Tests\PC Visual Studio 2019\..\..\..\Art\\SanMiguel_3\Textures\dds\madera_barandal_esc_2.tex
         D:\HTC\avboit\The-Forge\Examples_3\Unit_Tests\PC Visual Studio 2019\..\..\..\Art\\SanMiguel_3\Textures\dds\madera_barandal_esc_2_NRM.tex
         D:\HTC\avboit\The-Forge\Examples_3\Unit_Tests\PC Visual Studio 2019\..\..\..\Art\\SanMiguel_3\Textures\dds\madera_barandal_esc_2_SPEC.tex
         D:\HTC\avboit\The-Forge\Examples_3\Unit_Tests\PC Visual Studio 2019\..\..\..\Art\\SanMiguel_3\Textures\dds\madera_marcos.tex
         D:\HTC\avboit\The-Forge\Examples_3\Unit_Tests\PC Visual Studio 2019\..\..\..\Art\\SanMiguel_3\Textures\dds\madera_marcos_NRM.tex
         D:\HTC\avboit\The-Forge\Examples_3\Unit_Tests\PC Visual Studio 2019\..\..\..\Art\\SanMiguel_3\Textures\dds\madera_marcos_SPEC.tex
         D:\HTC\avboit\The-Forge\Examples_3\Unit_Tests\PC Visual Studio 2019\..\..\..\Art\\SanMiguel_3\Textures\dds\madera_rustica_2.tex
         D:\HTC\avboit\The-Forge\Examples_3\Unit_Tests\PC Visual Studio 2019\..\..\..\Art\\SanMiguel_3\Textures\dds\madera_rustica_2_NRM.tex
         D:\HTC\avboit\The-Forge\Examples_3\Unit_Tests\PC Visual Studio 2019\..\..\..\Art\\SanMiguel_3\Textures\dds\madera_rustica_2_SPEC.tex
         D:\HTC\avboit\The-Forge\Examples_3\Unit_Tests\PC Visual Studio 2019\..\..\..\Art\\SanMiguel_3\Textures\dds\madera_triplay_01.tex
         D:\HTC\avboit\The-Forge\Examples_3\Unit_Tests\PC Visual Studio 2019\..\..\..\Art\\SanMiguel_3\Textures\dds\marco_puerta_1.tex
         D:\HTC\avboit\The-Forge\Examples_3\Unit_Tests\PC Visual Studio 2019\..\..\..\Art\\SanMiguel_3\Textures\dds\marco_puerta_1_NRM.tex
         D:\HTC\avboit\The-Forge\Examples_3\Unit_Tests\PC Visual Studio 2019\..\..\..\Art\\SanMiguel_3\Textures\dds\marco_puerta_1_SPEC.tex
         D:\HTC\avboit\The-Forge\Examples_3\Unit_Tests\PC Visual Studio 2019\..\..\..\Art\\SanMiguel_3\Textures\dds\metal_viejo_2.tex
         D:\HTC\avboit\The-Forge\Examples_3\Unit_Tests\PC Visual Studio 2019\..\..\..\Art\\SanMiguel_3\Textures\dds\metal_viejo_2_NRM.tex
         D:\HTC\avboit\The-Forge\Examples_3\Unit_Tests\PC Visual Studio 2019\..\..\..\Art\\SanMiguel_3\Textures\dds\metal_viejo_2_SPEC.tex
         D:\HTC\avboit\The-Forge\Examples_3\Unit_Tests\PC Visual Studio 2019\..\..\..\Art\\SanMiguel_3\Textures\dds\moldura2piso_color.tex
         D:\HTC\avboit\The-Forge\Examples_3\Unit_Tests\PC Visual Studio 2019\..\..\..\Art\\SanMiguel_3\Textures\dds\moldura2piso_color_NRM.tex
         D:\HTC\avboit\The-Forge\Examples_3\Unit_Tests\PC Visual Studio 2019\..\..\..\Art\\SanMiguel_3\Textures\dds\moldura2piso_color_SPEC.tex
         D:\HTC\avboit\The-Forge\Examples_3\Unit_Tests\PC Visual Studio 2019\..\..\..\Art\\SanMiguel_3\Textures\dds\moldura2piso_NRM.tex
         D:\HTC\avboit\The-Forge\Examples_3\Unit_Tests\PC Visual Studio 2019\..\..\..\Art\\SanMiguel_3\Textures\dds\molduraterraza_NRM.tex
         D:\HTC\avboit\The-Forge\Examples_3\Unit_Tests\PC Visual Studio 2019\..\..\..\Art\\SanMiguel_3\Textures\dds\molduraterraza__color.tex
         D:\HTC\avboit\The-Forge\Examples_3\Unit_Tests\PC Visual Studio 2019\..\..\..\Art\\SanMiguel_3\Textures\dds\molduraterraza__color_NRM.tex
         D:\HTC\avboit\The-Forge\Examples_3\Unit_Tests\PC Visual Studio 2019\..\..\..\Art\\SanMiguel_3\Textures\dds\molduraterraza__color_SPEC.tex
         D:\HTC\avboit\The-Forge\Examples_3\Unit_Tests\PC Visual Studio 2019\..\..\..\Art\\SanMiguel_3\Textures\dds\moldura_techo.tex
         D:\HTC\avboit\The-Forge\Examples_3\Unit_Tests\PC Visual Studio 2019\..\..\..\Art\\SanMiguel_3\Textures\dds\moldura_techo_NRM.tex
         D:\HTC\avboit\The-Forge\Examples_3\Unit_Tests\PC Visual Studio 2019\..\..\..\Art\\SanMiguel_3\Textures\dds\moldura_techo_SPEC.tex
         D:\HTC\avboit\The-Forge\Examples_3\Unit_Tests\PC Visual Studio 2019\..\..\..\Art\\SanMiguel_3\Textures\dds\moldura_volado.tex
         D:\HTC\avboit\The-Forge\Examples_3\Unit_Tests\PC Visual Studio 2019\..\..\..\Art\\SanMiguel_3\Textures\dds\moldura_volado_NRM.tex
         D:\HTC\avboit\The-Forge\Examples_3\Unit_Tests\PC Visual Studio 2019\..\..\..\Art\\SanMiguel_3\Textures\dds\moldura_volado_SPEC.tex
         D:\HTC\avboit\The-Forge\Examples_3\Unit_Tests\PC Visual Studio 2019\..\..\..\Art\\SanMiguel_3\Textures\dds\mold_arco_01.tex
         D:\HTC\avboit\The-Forge\Examples_3\Unit_Tests\PC Visual Studio 2019\..\..\..\Art\\SanMiguel_3\Textures\dds\mold_arco_01_color.tex
         D:\HTC\avboit\The-Forge\Examples_3\Unit_Tests\PC Visual Studio 2019\..\..\..\Art\\SanMiguel_3\Textures\dds\mold_arco_01_color_NRM.tex
         D:\HTC\avboit\The-Forge\Examples_3\Unit_Tests\PC Visual Studio 2019\..\..\..\Art\\SanMiguel_3\Textures\dds\mold_arco_01_color_SPEC.tex
         D:\HTC\avboit\The-Forge\Examples_3\Unit_Tests\PC Visual Studio 2019\..\..\..\Art\\SanMiguel_3\Textures\dds\mold_arco_01_NRM.tex
         D:\HTC\avboit\The-Forge\Examples_3\Unit_Tests\PC Visual Studio 2019\..\..\..\Art\\SanMiguel_3\Textures\dds\muros_a.tex
         D:\HTC\avboit\The-Forge\Examples_3\Unit_Tests\PC Visual Studio 2019\..\..\..\Art\\SanMiguel_3\Textures\dds\muros_a_NRM.tex
         D:\HTC\avboit\The-Forge\Examples_3\Unit_Tests\PC Visual Studio 2019\..\..\..\Art\\SanMiguel_3\Textures\dds\muros_b.tex
         D:\HTC\avboit\The-Forge\Examples_3\Unit_Tests\PC Visual Studio 2019\..\..\..\Art\\SanMiguel_3\Textures\dds\muros_b1.tex
         D:\HTC\avboit\The-Forge\Examples_3\Unit_Tests\PC Visual Studio 2019\..\..\..\Art\\SanMiguel_3\Textures\dds\muros_b1_NRM.tex
         D:\HTC\avboit\The-Forge\Examples_3\Unit_Tests\PC Visual Studio 2019\..\..\..\Art\\SanMiguel_3\Textures\dds\muros_b2.tex
         D:\HTC\avboit\The-Forge\Examples_3\Unit_Tests\PC Visual Studio 2019\..\..\..\Art\\SanMiguel_3\Textures\dds\muros_b2_NRM.tex
         D:\HTC\avboit\The-Forge\Examples_3\Unit_Tests\PC Visual Studio 2019\..\..\..\Art\\SanMiguel_3\Textures\dds\muros_c2.tex
         D:\HTC\avboit\The-Forge\Examples_3\Unit_Tests\PC Visual Studio 2019\..\..\..\Art\\SanMiguel_3\Textures\dds\muros_c2_NRM.tex
         D:\HTC\avboit\The-Forge\Examples_3\Unit_Tests\PC Visual Studio 2019\..\..\..\Art\\SanMiguel_3\Textures\dds\muros_d.tex
         D:\HTC\avboit\The-Forge\Examples_3\Unit_Tests\PC Visual Studio 2019\..\..\..\Art\\SanMiguel_3\Textures\dds\muros_e.tex
         D:\HTC\avboit\The-Forge\Examples_3\Unit_Tests\PC Visual Studio 2019\..\..\..\Art\\SanMiguel_3\Textures\dds\muros_f.tex
         D:\HTC\avboit\The-Forge\Examples_3\Unit_Tests\PC Visual Studio 2019\..\..\..\Art\\SanMiguel_3\Textures\dds\muros_g.tex
         D:\HTC\avboit\The-Forge\Examples_3\Unit_Tests\PC Visual Studio 2019\..\..\..\Art\\SanMiguel_3\Textures\dds\muros_h.tex
         D:\HTC\avboit\The-Forge\Examples_3\Unit_Tests\PC Visual Studio 2019\..\..\..\Art\\SanMiguel_3\Textures\dds\muros_j.tex
         D:\HTC\avboit\The-Forge\Examples_3\Unit_Tests\PC Visual Studio 2019\..\..\..\Art\\SanMiguel_3\Textures\dds\muros_k.tex
         D:\HTC\avboit\The-Forge\Examples_3\Unit_Tests\PC Visual Studio 2019\..\..\..\Art\\SanMiguel_3\Textures\dds\muros_k_NRM.tex
         D:\HTC\avboit\The-Forge\Examples_3\Unit_Tests\PC Visual Studio 2019\..\..\..\Art\\SanMiguel_3\Textures\dds\muros_l.tex
         D:\HTC\avboit\The-Forge\Examples_3\Unit_Tests\PC Visual Studio 2019\..\..\..\Art\\SanMiguel_3\Textures\dds\muros_l_NRM.tex
         D:\HTC\avboit\The-Forge\Examples_3\Unit_Tests\PC Visual Studio 2019\..\..\..\Art\\SanMiguel_3\Textures\dds\muros_l_SPEC.tex
         D:\HTC\avboit\The-Forge\Examples_3\Unit_Tests\PC Visual Studio 2019\..\..\..\Art\\SanMiguel_3\Textures\dds\muros_m.tex
         D:\HTC\avboit\The-Forge\Examples_3\Unit_Tests\PC Visual Studio 2019\..\..\..\Art\\SanMiguel_3\Textures\dds\muros_n.tex
         D:\HTC\avboit\The-Forge\Examples_3\Unit_Tests\PC Visual Studio 2019\..\..\..\Art\\SanMiguel_3\Textures\dds\muros_p_.tex
         D:\HTC\avboit\The-Forge\Examples_3\Unit_Tests\PC Visual Studio 2019\..\..\..\Art\\SanMiguel_3\Textures\dds\muros_q.tex
         D:\HTC\avboit\The-Forge\Examples_3\Unit_Tests\PC Visual Studio 2019\..\..\..\Art\\SanMiguel_3\Textures\dds\muros_q3.tex
         D:\HTC\avboit\The-Forge\Examples_3\Unit_Tests\PC Visual Studio 2019\..\..\..\Art\\SanMiguel_3\Textures\dds\muros_q4.tex
         D:\HTC\avboit\The-Forge\Examples_3\Unit_Tests\PC Visual Studio 2019\..\..\..\Art\\SanMiguel_3\Textures\dds\muros_q4_NRM.tex
         D:\HTC\avboit\The-Forge\Examples_3\Unit_Tests\PC Visual Studio 2019\..\..\..\Art\\SanMiguel_3\Textures\dds\muros_q4_SPEC.tex
         D:\HTC\avboit\The-Forge\Examples_3\Unit_Tests\PC Visual Studio 2019\..\..\..\Art\\SanMiguel_3\Textures\dds\muros_q_patio2.tex
         D:\HTC\avboit\The-Forge\Examples_3\Unit_Tests\PC Visual Studio 2019\..\..\..\Art\\SanMiguel_3\Textures\dds\newWall.tex
         D:\HTC\avboit\The-Forge\Examples_3\Unit_Tests\PC Visual Studio 2019\..\..\..\Art\\SanMiguel_3\Textures\dds\newWall_NRM.tex
         D:\HTC\avboit\The-Forge\Examples_3\Unit_Tests\PC Visual Studio 2019\..\..\..\Art\\SanMiguel_3\Textures\dds\pared_barro_afinado.tex
         D:\HTC\avboit\The-Forge\Examples_3\Unit_Tests\PC Visual Studio 2019\..\..\..\Art\\SanMiguel_3\Textures\dds\pared_calle.tex
         D:\HTC\avboit\The-Forge\Examples_3\Unit_Tests\PC Visual Studio 2019\..\..\..\Art\\SanMiguel_3\Textures\dds\piso_patio_exterior.tex
         D:\HTC\avboit\The-Forge\Examples_3\Unit_Tests\PC Visual Studio 2019\..\..\..\Art\\SanMiguel_3\Textures\dds\piso_patio_exterior_NRM.tex
         D:\HTC\avboit\The-Forge\Examples_3\Unit_Tests\PC Visual Studio 2019\..\..\..\Art\\SanMiguel_3\Textures\dds\piso_patio_exterior_SPEC.tex
         D:\HTC\avboit\The-Forge\Examples_3\Unit_Tests\PC Visual Studio 2019\..\..\..\Art\\SanMiguel_3\Textures\dds\piso_rustico.tex
         D:\HTC\avboit\The-Forge\Examples_3\Unit_Tests\PC Visual Studio 2019\..\..\..\Art\\SanMiguel_3\Textures\dds\piso_rustico_NRM.tex
         D:\HTC\avboit\The-Forge\Examples_3\Unit_Tests\PC Visual Studio 2019\..\..\..\Art\\SanMiguel_3\Textures\dds\piso_rustico_SPEC.tex
         D:\HTC\avboit\The-Forge\Examples_3\Unit_Tests\PC Visual Studio 2019\..\..\..\Art\\SanMiguel_3\Textures\dds\PITTED.tex
         D:\HTC\avboit\The-Forge\Examples_3\Unit_Tests\PC Visual Studio 2019\..\..\..\Art\\SanMiguel_3\Textures\dds\PITTED_NRM.tex
         D:\HTC\avboit\The-Forge\Examples_3\Unit_Tests\PC Visual Studio 2019\..\..\..\Art\\SanMiguel_3\Textures\dds\plato_a.tex
         D:\HTC\avboit\The-Forge\Examples_3\Unit_Tests\PC Visual Studio 2019\..\..\..\Art\\SanMiguel_3\Textures\dds\plato_a_NRM.tex
         D:\HTC\avboit\The-Forge\Examples_3\Unit_Tests\PC Visual Studio 2019\..\..\..\Art\\SanMiguel_3\Textures\dds\plato_a_SPEC.tex
         D:\HTC\avboit\The-Forge\Examples_3\Unit_Tests\PC Visual Studio 2019\..\..\..\Art\\SanMiguel_3\Textures\dds\postes_barandal_color.tex
         D:\HTC\avboit\The-Forge\Examples_3\Unit_Tests\PC Visual Studio 2019\..\..\..\Art\\SanMiguel_3\Textures\dds\postes_barandal_color_NRM.tex
         D:\HTC\avboit\The-Forge\Examples_3\Unit_Tests\PC Visual Studio 2019\..\..\..\Art\\SanMiguel_3\Textures\dds\postes_barandal_color_SPEC.tex
         D:\HTC\avboit\The-Forge\Examples_3\Unit_Tests\PC Visual Studio 2019\..\..\..\Art\\SanMiguel_3\Textures\dds\postes_barandal_NRM.tex
         D:\HTC\avboit\The-Forge\Examples_3\Unit_Tests\PC Visual Studio 2019\..\..\..\Art\\SanMiguel_3\Textures\dds\puerta.tex
         D:\HTC\avboit\The-Forge\Examples_3\Unit_Tests\PC Visual Studio 2019\..\..\..\Art\\SanMiguel_3\Textures\dds\puerta_NRM.tex
         D:\HTC\avboit\The-Forge\Examples_3\Unit_Tests\PC Visual Studio 2019\..\..\..\Art\\SanMiguel_3\Textures\dds\puerta_SPEC.tex
         D:\HTC\avboit\The-Forge\Examples_3\Unit_Tests\PC Visual Studio 2019\..\..\..\Art\\SanMiguel_3\Textures\dds\quercus_rubra_bark.tex
         D:\HTC\avboit\The-Forge\Examples_3\Unit_Tests\PC Visual Studio 2019\..\..\..\Art\\SanMiguel_3\Textures\dds\rust_a1.tex
         D:\HTC\avboit\The-Forge\Examples_3\Unit_Tests\PC Visual Studio 2019\..\..\..\Art\\SanMiguel_3\Textures\dds\rust_a1_NRM.tex
         D:\HTC\avboit\The-Forge\Examples_3\Unit_Tests\PC Visual Studio 2019\..\..\..\Art\\SanMiguel_3\Textures\dds\rust_a1_SPEC.tex
         D:\HTC\avboit\The-Forge\Examples_3\Unit_Tests\PC Visual Studio 2019\..\..\..\Art\\SanMiguel_3\Textures\dds\rust_detalle.tex
         D:\HTC\avboit\The-Forge\Examples_3\Unit_Tests\PC Visual Studio 2019\..\..\..\Art\\SanMiguel_3\Textures\dds\rust_detalle_bump_NRM.tex
         D:\HTC\avboit\The-Forge\Examples_3\Unit_Tests\PC Visual Studio 2019\..\..\..\Art\\SanMiguel_3\Textures\dds\rust_detalle_NRM.tex
         D:\HTC\avboit\The-Forge\Examples_3\Unit_Tests\PC Visual Studio 2019\..\..\..\Art\\SanMiguel_3\Textures\dds\rust_detalle_SPEC.tex
         D:\HTC\avboit\The-Forge\Examples_3\Unit_Tests\PC Visual Studio 2019\..\..\..\Art\\SanMiguel_3\Textures\dds\silla_d_piel.tex
         D:\HTC\avboit\The-Forge\Examples_3\Unit_Tests\PC Visual Studio 2019\..\..\..\Art\\SanMiguel_3\Textures\dds\silla_d_piel_NRM.tex
         D:\HTC\avboit\The-Forge\Examples_3\Unit_Tests\PC Visual Studio 2019\..\..\..\Art\\SanMiguel_3\Textures\dds\silla_d_piel_SPEC.tex
         D:\HTC\avboit\The-Forge\Examples_3\Unit_Tests\PC Visual Studio 2019\..\..\..\Art\\SanMiguel_3\Textures\dds\sm_hoja_c_seca.tex
         D:\HTC\avboit\The-Forge\Examples_3\Unit_Tests\PC Visual Studio 2019\..\..\..\Art\\SanMiguel_3\Textures\dds\sm_hoja_c_seca_NRM.tex
         D:\HTC\avboit\The-Forge\Examples_3\Unit_Tests\PC Visual Studio 2019\..\..\..\Art\\SanMiguel_3\Textures\dds\sm_leaf_02a.tex
         D:\HTC\avboit\The-Forge\Examples_3\Unit_Tests\PC Visual Studio 2019\..\..\..\Art\\SanMiguel_3\Textures\dds\sm_leaf_02a_SPEC.tex
         D:\HTC\avboit\The-Forge\Examples_3\Unit_Tests\PC Visual Studio 2019\..\..\..\Art\\SanMiguel_3\Textures\dds\sm_leaf_02b.tex
         D:\HTC\avboit\The-Forge\Examples_3\Unit_Tests\PC Visual Studio 2019\..\..\..\Art\\SanMiguel_3\Textures\dds\sm_leaf_02b_NRM.tex
         D:\HTC\avboit\The-Forge\Examples_3\Unit_Tests\PC Visual Studio 2019\..\..\..\Art\\SanMiguel_3\Textures\dds\sm_leaf_02b_SPEC.tex
         D:\HTC\avboit\The-Forge\Examples_3\Unit_Tests\PC Visual Studio 2019\..\..\..\Art\\SanMiguel_3\Textures\dds\sm_leaf_02_NRM.tex
         D:\HTC\avboit\The-Forge\Examples_3\Unit_Tests\PC Visual Studio 2019\..\..\..\Art\\SanMiguel_3\Textures\dds\sm_leaf_03a.tex
         D:\HTC\avboit\The-Forge\Examples_3\Unit_Tests\PC Visual Studio 2019\..\..\..\Art\\SanMiguel_3\Textures\dds\sm_leaf_03a_NRM.tex
         D:\HTC\avboit\The-Forge\Examples_3\Unit_Tests\PC Visual Studio 2019\..\..\..\Art\\SanMiguel_3\Textures\dds\sm_leaf_03a_SPEC.tex
         D:\HTC\avboit\The-Forge\Examples_3\Unit_Tests\PC Visual Studio 2019\..\..\..\Art\\SanMiguel_3\Textures\dds\sm_leaf_seca_02b.tex
         D:\HTC\avboit\The-Forge\Examples_3\Unit_Tests\PC Visual Studio 2019\..\..\..\Art\\SanMiguel_3\Textures\dds\sm_tronco.tex
         D:\HTC\avboit\The-Forge\Examples_3\Unit_Tests\PC Visual Studio 2019\..\..\..\Art\\SanMiguel_3\Textures\dds\sm_tronco_NRM.tex
         D:\HTC\avboit\The-Forge\Examples_3\Unit_Tests\PC Visual Studio 2019\..\..\..\Art\\SanMiguel_3\Textures\dds\sunset.tex
         D:\HTC\avboit\The-Forge\Examples_3\Unit_Tests\PC Visual Studio 2019\..\..\..\Art\\SanMiguel_3\Textures\dds\tapa_talabera.tex
         D:\HTC\avboit\The-Forge\Examples_3\Unit_Tests\PC Visual Studio 2019\..\..\..\Art\\SanMiguel_3\Textures\dds\techo.tex
         D:\HTC\avboit\The-Forge\Examples_3\Unit_Tests\PC Visual Studio 2019\..\..\..\Art\\SanMiguel_3\Textures\dds\techo_01.tex
         D:\HTC\avboit\The-Forge\Examples_3\Unit_Tests\PC Visual Studio 2019\..\..\..\Art\\SanMiguel_3\Textures\dds\techo_NRM.tex
         D:\HTC\avboit\The-Forge\Examples_3\Unit_Tests\PC Visual Studio 2019\..\..\..\Art\\SanMiguel_3\Textures\dds\techo_SPEC.tex
         D:\HTC\avboit\The-Forge\Examples_3\Unit_Tests\PC Visual Studio 2019\..\..\..\Art\\SanMiguel_3\Textures\dds\tela_blanca.tex
         D:\HTC\avboit\The-Forge\Examples_3\Unit_Tests\PC Visual Studio 2019\..\..\..\Art\\SanMiguel_3\Textures\dds\tela_blanca_NRM.tex
         D:\HTC\avboit\The-Forge\Examples_3\Unit_Tests\PC Visual Studio 2019\..\..\..\Art\\SanMiguel_3\Textures\dds\tela_blanca_SPEC.tex
         D:\HTC\avboit\The-Forge\Examples_3\Unit_Tests\PC Visual Studio 2019\..\..\..\Art\\SanMiguel_3\Textures\dds\tela_mesa_b.tex
         D:\HTC\avboit\The-Forge\Examples_3\Unit_Tests\PC Visual Studio 2019\..\..\..\Art\\SanMiguel_3\Textures\dds\tela_mesa_d.tex
         D:\HTC\avboit\The-Forge\Examples_3\Unit_Tests\PC Visual Studio 2019\..\..\..\Art\\SanMiguel_3\Textures\dds\tela_mesa_d_SPEC.tex
         D:\HTC\avboit\The-Forge\Examples_3\Unit_Tests\PC Visual Studio 2019\..\..\..\Art\\SanMiguel_3\Textures\dds\tela_silla_b.tex
         D:\HTC\avboit\The-Forge\Examples_3\Unit_Tests\PC Visual Studio 2019\..\..\..\Art\\SanMiguel_3\Textures\dds\tela_silla_b_NRM.tex
         D:\HTC\avboit\The-Forge\Examples_3\Unit_Tests\PC Visual Studio 2019\..\..\..\Art\\SanMiguel_3\Textures\dds\tela_silla_b_SPEC.tex
         D:\HTC\avboit\The-Forge\Examples_3\Unit_Tests\PC Visual Studio 2019\..\..\..\Art\\SanMiguel_3\Textures\dds\TR02lef5.tex
         D:\HTC\avboit\The-Forge\Examples_3\Unit_Tests\PC Visual Studio 2019\..\..\..\Art\\SanMiguel_3\Textures\dds\TR14lef1.tex
         D:\HTC\avboit\The-Forge\Examples_3\Unit_Tests\PC Visual Studio 2019\..\..\..\Art\\SanMiguel_3\Textures\dds\Vigas_A2.tex
         D:\HTC\avboit\The-Forge\Examples_3\Unit_Tests\PC Visual Studio 2019\..\..\..\Art\\SanMiguel_3\Textures\dds\Vigas_A2_NRM.tex
         D:\HTC\avboit\The-Forge\Examples_3\Unit_Tests\PC Visual Studio 2019\..\..\..\Art\\SanMiguel_3\Textures\dds\Vigas_A2_SPEC.tex
         D:\HTC\avboit\The-Forge\Examples_3\Unit_Tests\PC Visual Studio 2019\..\..\..\Art\\SanMiguel_3\Textures\dds\Vigas_B.tex
         D:\HTC\avboit\The-Forge\Examples_3\Unit_Tests\PC Visual Studio 2019\..\..\..\Art\\SanMiguel_3\Textures\dds\Vigas_B_NRM.tex
         D:\HTC\avboit\The-Forge\Examples_3\Unit_Tests\PC Visual Studio 2019\..\..\..\Art\\SanMiguel_3\Textures\dds\Vigas_B_SPEC.tex
         D:\HTC\avboit\The-Forge\Examples_3\Unit_Tests\PC Visual Studio 2019\..\..\..\Art\\SanMiguel_3\Textures\dds\wood.3.Bubinga.tex
         D:\HTC\avboit\The-Forge\Examples_3\Unit_Tests\PC Visual Studio 2019\..\..\..\Art\\SanMiguel_3\Textures\dds\WOOD08.tex
         D:\HTC\avboit\The-Forge\Examples_3\Unit_Tests\PC Visual Studio 2019\..\..\..\Art\\SanMiguel_3\Textures\dds\WOOD08_NRM.tex
         D:\HTC\avboit\The-Forge\Examples_3\Unit_Tests\PC Visual Studio 2019\..\..\..\Art\\SanMiguel_3\Textures\dds\WOOD08_SPEC.tex
         D:\HTC\avboit\The-Forge\Examples_3\Unit_Tests\PC Visual Studio 2019\..\..\..\Art\\SanMiguel_3\Textures\dds\zebrina_pendula_bark.tex
         359 File(s) copied
         D:\HTC\avboit\The-Forge\Examples_3\Unit_Tests\PC Visual Studio 2019\..\..\..\Art\\SanMiguel_3\Meshes\SanMiguel.bin
         D:\HTC\avboit\The-Forge\Examples_3\Unit_Tests\PC Visual Studio 2019\..\..\..\Art\\SanMiguel_3\Meshes\SanMiguel_AlphaTested.bin
         D:\HTC\avboit\The-Forge\Examples_3\Unit_Tests\PC Visual Studio 2019\..\..\..\Art\\SanMiguel_3\Meshes\SanMiguel_Flags.bin
         D:\HTC\avboit\The-Forge\Examples_3\Unit_Tests\PC Visual Studio 2019\..\..\..\Art\\SanMiguel_3\Meshes\SanMiguel_Opaque.bin
         D:\HTC\avboit\The-Forge\Examples_3\Unit_Tests\PC Visual Studio 2019\..\..\..\Art\\SanMiguel_3\Meshes\sun.bin
         5 File(s) copied
         File not found - cameraPath.bin
         0 File(s) copied
         File not found - *.ttf
         0 File(s) copied
         0 File(s) copied
         0 File(s) copied
         0 File(s) copied
         0 File(s) copied
         0 File(s) copied
         File not found - *.lua
         0 File(s) copied
         File not found - *.lua
         0 File(s) copied
    38>E:\tools\Microsoft Visual Studio\2022\Community\MSBuild\Microsoft\VC\v170\Microsoft.CppCommon.targets(166,5): error MSB3073: ??“ [D:\HTC\avboit\The-Forge\Examples_3\Unit_Tests\PC Visual Studio 2019\39_ParticleSystem.vcxproj]
E:\tools\Microsoft Visual Studio\2022\Community\MSBuild\Microsoft\VC\v170\Microsoft.CppCommon.targets(166,5): error MSB3073:         xcopy "D:\HTC\avboit\The-Forge\Examples_3\Unit_Tests\PC Visual Studio 2019\..\..\..\Common_3\Graphics\ThirdParty\OpenSource\VulkanSDK\bin\Win32\*.dll" "D:\HTC\avboit\The-Forge\Examples_3\Unit_Tests\PC Visual Studio 2019\x64\Release\39_ParticleSystem\" /S /Y /D [D:\HTC\avboit\The-Forge\Examples_3\Unit_Tests\PC Visual Studio 2019\39_ParticleSystem.vcxproj]
E:\tools\Microsoft Visual Studio\2022\Community\MSBuild\Microsoft\VC\v170\Microsoft.CppCommon.targets(166,5): error MSB3073:         xcopy "D:\HTC\avboit\The-Forge\Examples_3\Unit_Tests\PC Visual Studio 2019\..\..\..\Common_3\Graphics\ThirdParty\OpenSource\VulkanSDK\bin\Win32\*.json" "D:\HTC\avboit\The-Forge\Examples_3\Unit_Tests\PC Visual Studio 2019\x64\Release\39_ParticleSystem\" /S /Y /D [D:\HTC\avboit\The-Forge\Examples_3\Unit_Tests\PC Visual Studio 2019\39_ParticleSystem.vcxproj]
E:\tools\Microsoft Visual Studio\2022\Community\MSBuild\Microsoft\VC\v170\Microsoft.CppCommon.targets(166,5): error MSB3073:         xcopy "D:\HTC\avboit\The-Forge\Examples_3\Unit_Tests\PC Visual Studio 2019\..\..\..\Common_3\Graphics\ThirdParty\OpenSource\ags\ags_lib\lib\amd_ags_x64.dll" "D:\HTC\avboit\The-Forge\Examples_3\Unit_Tests\PC Visual Studio 2019\x64\Release\39_ParticleSystem\amd_ags_x64.dll"* /S /Y /D [D:\HTC\avboit\The-Forge\Examples_3\Unit_Tests\PC Visual Studio 2019\39_ParticleSystem.vcxproj]
E:\tools\Microsoft Visual Studio\2022\Community\MSBuild\Microsoft\VC\v170\Microsoft.CppCommon.targets(166,5): error MSB3073:         xcopy "D:\HTC\avboit\The-Forge\Examples_3\Unit_Tests\PC Visual Studio 2019\..\..\..\Common_3\Graphics\ThirdParty\OpenSource\DirectXShaderCompiler\bin\x64\dxcompiler.dll" "D:\HTC\avboit\The-Forge\Examples_3\Unit_Tests\PC Visual Studio 2019\x64\Release\39_ParticleSystem\dxcompiler.dll"* /S /Y /D [D:\HTC\avboit\The-Forge\Examples_3\Unit_Tests\PC Visual Studio 2019\39_ParticleSystem.vcxproj]
E:\tools\Microsoft Visual Studio\2022\Community\MSBuild\Microsoft\VC\v170\Microsoft.CppCommon.targets(166,5): error MSB3073:         xcopy "D:\HTC\avboit\The-Forge\Examples_3\Unit_Tests\PC Visual Studio 2019\..\..\..\Common_3\Graphics\ThirdParty\OpenSource\Direct3d12Agility\bin\x64\*.dll" "D:\HTC\avboit\The-Forge\Examples_3\Unit_Tests\PC Visual Studio 2019\x64\Release\39_ParticleSystem\"* /S /Y /D [D:\HTC\avboit\The-Forge\Examples_3\Unit_Tests\PC Visual Studio 2019\39_ParticleSystem.vcxproj]
E:\tools\Microsoft Visual Studio\2022\Community\MSBuild\Microsoft\VC\v170\Microsoft.CppCommon.targets(166,5): error MSB3073:         xcopy "D:\HTC\avboit\The-Forge\Examples_3\Unit_Tests\PC Visual Studio 2019\..\..\..\Common_3\OS\ThirdParty\OpenSource\winpixeventruntime\bin\WinPixEventRuntime.dll" "D:\HTC\avboit\The-Forge\Examples_3\Unit_Tests\PC Visual Studio 2019\x64\Release\39_ParticleSystem\WinPixEventRunTime.dll"* /S /Y /D [D:\HTC\avboit\The-Forge\Examples_3\Unit_Tests\PC Visual Studio 2019\39_ParticleSystem.vcxproj]
E:\tools\Microsoft Visual Studio\2022\Community\MSBuild\Microsoft\VC\v170\Microsoft.CppCommon.targets(166,5): error MSB3073:          [D:\HTC\avboit\The-Forge\Examples_3\Unit_Tests\PC Visual Studio 2019\39_ParticleSystem.vcxproj]
E:\tools\Microsoft Visual Studio\2022\Community\MSBuild\Microsoft\VC\v170\Microsoft.CppCommon.targets(166,5): error MSB3073:        :: Copy Art files [D:\HTC\avboit\The-Forge\Examples_3\Unit_Tests\PC Visual Studio 2019\39_ParticleSystem.vcxproj]
E:\tools\Microsoft Visual Studio\2022\Community\MSBuild\Microsoft\VC\v170\Microsoft.CppCommon.targets(166,5): error MSB3073: set ART=D:\HTC\avboit\The-Forge\Examples_3\Unit_Tests\PC Visual Studio 2019\..\..\..\Art\ [D:\HTC\avboit\The-Forge\Examples_3\Unit_Tests\PC Visual Studio 2019\39_ParticleSystem.vcxproj]
E:\tools\Microsoft Visual Studio\2022\Community\MSBuild\Microsoft\VC\v170\Microsoft.CppCommon.targets(166,5): error MSB3073: xcopy /Y /S /D "%ART%\PBR\dds\*.tex" "D:\HTC\avboit\The-Forge\Examples_3\Unit_Tests\PC Visual Studio 2019\x64\Release\39_ParticleSystem\Textures\PBR\" [D:\HTC\avboit\The-Forge\Examples_3\Unit_Tests\PC Visual Studio 2019\39_ParticleSystem.vcxproj]
E:\tools\Microsoft Visual Studio\2022\Community\MSBuild\Microsoft\VC\v170\Microsoft.CppCommon.targets(166,5): error MSB3073: xcopy /Y /S /D "%ART%\Particles\Textures\dds\*.tex" "D:\HTC\avboit\The-Forge\Examples_3\Unit_Tests\PC Visual Studio 2019\x64\Release\39_ParticleSystem\Textures\" [D:\HTC\avboit\The-Forge\Examples_3\Unit_Tests\PC Visual Studio 2019\39_ParticleSystem.vcxproj]
E:\tools\Microsoft Visual Studio\2022\Community\MSBuild\Microsoft\VC\v170\Microsoft.CppCommon.targets(166,5): error MSB3073: xcopy /Y /S /D "%ART%\SanMiguel_3\Textures\dds\*.tex" "D:\HTC\avboit\The-Forge\Examples_3\Unit_Tests\PC Visual Studio 2019\x64\Release\39_ParticleSystem\Textures\" [D:\HTC\avboit\The-Forge\Examples_3\Unit_Tests\PC Visual Studio 2019\39_ParticleSystem.vcxproj]
E:\tools\Microsoft Visual Studio\2022\Community\MSBuild\Microsoft\VC\v170\Microsoft.CppCommon.targets(166,5): error MSB3073: xcopy /Y /S /D "%ART%\SanMiguel_3\Meshes\*" "D:\HTC\avboit\The-Forge\Examples_3\Unit_Tests\PC Visual Studio 2019\x64\Release\39_ParticleSystem\Meshes\" [D:\HTC\avboit\The-Forge\Examples_3\Unit_Tests\PC Visual Studio 2019\39_ParticleSystem.vcxproj]
E:\tools\Microsoft Visual Studio\2022\Community\MSBuild\Microsoft\VC\v170\Microsoft.CppCommon.targets(166,5): error MSB3073: xcopy /Y /S /D "%ART%\UnitTestResources\cameraPath.bin" "D:\HTC\avboit\The-Forge\Examples_3\Unit_Tests\PC Visual Studio 2019\x64\Release\39_ParticleSystem\" [D:\HTC\avboit\The-Forge\Examples_3\Unit_Tests\PC Visual Studio 2019\39_ParticleSystem.vcxproj]
E:\tools\Microsoft Visual Studio\2022\Community\MSBuild\Microsoft\VC\v170\Microsoft.CppCommon.targets(166,5): error MSB3073:  [D:\HTC\avboit\The-Forge\Examples_3\Unit_Tests\PC Visual Studio 2019\39_ParticleSystem.vcxproj]
E:\tools\Microsoft Visual Studio\2022\Community\MSBuild\Microsoft\VC\v170\Microsoft.CppCommon.targets(166,5): error MSB3073: xcopy /Y /S /D "%ART%\UnitTestResources\Fonts\*.ttf" "D:\HTC\avboit\The-Forge\Examples_3\Unit_Tests\PC Visual Studio 2019\x64\Release\39_ParticleSystem\Fonts\" [D:\HTC\avboit\The-Forge\Examples_3\Unit_Tests\PC Visual Studio 2019\39_ParticleSystem.vcxproj]
E:\tools\Microsoft Visual Studio\2022\Community\MSBuild\Microsoft\VC\v170\Microsoft.CppCommon.targets(166,5): error MSB3073: xcopy /Y /S /D "%ART%\UnitTestResources\Fonts\*.otf" "D:\HTC\avboit\The-Forge\Examples_3\Unit_Tests\PC Visual Studio 2019\x64\Release\39_ParticleSystem\Fonts\" [D:\HTC\avboit\The-Forge\Examples_3\Unit_Tests\PC Visual Studio 2019\39_ParticleSystem.vcxproj]
E:\tools\Microsoft Visual Studio\2022\Community\MSBuild\Microsoft\VC\v170\Microsoft.CppCommon.targets(166,5): error MSB3073:  [D:\HTC\avboit\The-Forge\Examples_3\Unit_Tests\PC Visual Studio 2019\39_ParticleSystem.vcxproj]
E:\tools\Microsoft Visual Studio\2022\Community\MSBuild\Microsoft\VC\v170\Microsoft.CppCommon.targets(166,5): error MSB3073: xcopy /Y /S /D /E "D:\HTC\avboit\The-Forge\Examples_3\Unit_Tests\PC Visual Studio 2019\x64\Release\39_ParticleSystem\..\OS\Shaders" "D:\HTC\avboit\The-Forge\Examples_3\Unit_Tests\PC Visual Studio 2019\x64\Release\39_ParticleSystem\Shaders" [D:\HTC\avboit\The-Forge\Examples_3\Unit_Tests\PC Visual Studio 2019\39_ParticleSystem.vcxproj]
E:\tools\Microsoft Visual Studio\2022\Community\MSBuild\Microsoft\VC\v170\Microsoft.CppCommon.targets(166,5): error MSB3073: xcopy /Y /S /D /E "D:\HTC\avboit\The-Forge\Examples_3\Unit_Tests\PC Visual Studio 2019\x64\Release\39_ParticleSystem\..\OS\CompiledShaders" "D:\HTC\avboit\The-Forge\Examples_3\Unit_Tests\PC Visual Studio 2019\x64\Release\39_ParticleSystem\CompiledShaders" [D:\HTC\avboit\The-Forge\Examples_3\Unit_Tests\PC Visual Studio 2019\39_ParticleSystem.vcxproj]
E:\tools\Microsoft Visual Studio\2022\Community\MSBuild\Microsoft\VC\v170\Microsoft.CppCommon.targets(166,5): error MSB3073:  [D:\HTC\avboit\The-Forge\Examples_3\Unit_Tests\PC Visual Studio 2019\39_ParticleSystem.vcxproj]
E:\tools\Microsoft Visual Studio\2022\Community\MSBuild\Microsoft\VC\v170\Microsoft.CppCommon.targets(166,5): error MSB3073: xcopy /Y /S /D "D:\HTC\avboit\The-Forge\Examples_3\Unit_Tests\PC Visual Studio 2019\..\src\39_ParticleSystem\GPUCfg\*.*" "D:\HTC\avboit\The-Forge\Examples_3\Unit_Tests\PC Visual Studio 2019\x64\Release\39_ParticleSystem\GPUCfg\" [D:\HTC\avboit\The-Forge\Examples_3\Unit_Tests\PC Visual Studio 2019\39_ParticleSystem.vcxproj]
E:\tools\Microsoft Visual Studio\2022\Community\MSBuild\Microsoft\VC\v170\Microsoft.CppCommon.targets(166,5): error MSB3073: xcopy /Y /S /D "D:\HTC\avboit\The-Forge\Examples_3\Unit_Tests\PC Visual Studio 2019\..\..\..\Common_3\OS\Windows\pc_gpu.data" "D:\HTC\avboit\The-Forge\Examples_3\Unit_Tests\PC Visual Studio 2019\x64\Release\39_ParticleSystem\GPUCfg\gpu.data*" [D:\HTC\avboit\The-Forge\Examples_3\Unit_Tests\PC Visual Studio 2019\39_ParticleSystem.vcxproj]
E:\tools\Microsoft Visual Studio\2022\Community\MSBuild\Microsoft\VC\v170\Microsoft.CppCommon.targets(166,5): error MSB3073:  [D:\HTC\avboit\The-Forge\Examples_3\Unit_Tests\PC Visual Studio 2019\39_ParticleSystem.vcxproj]
E:\tools\Microsoft Visual Studio\2022\Community\MSBuild\Microsoft\VC\v170\Microsoft.CppCommon.targets(166,5): error MSB3073: xcopy /Y /S /D "D:\HTC\avboit\The-Forge\Examples_3\Unit_Tests\PC Visual Studio 2019\..\src\39_ParticleSystem\Scripts\*.lua" "D:\HTC\avboit\The-Forge\Examples_3\Unit_Tests\PC Visual Studio 2019\x64\Release\39_ParticleSystem\Scripts\" [D:\HTC\avboit\The-Forge\Examples_3\Unit_Tests\PC Visual Studio 2019\39_ParticleSystem.vcxproj]
E:\tools\Microsoft Visual Studio\2022\Community\MSBuild\Microsoft\VC\v170\Microsoft.CppCommon.targets(166,5): error MSB3073: xcopy /Y /S /D "%ART%\UnitTestResources\Scripts\*.lua" "D:\HTC\avboit\The-Forge\Examples_3\Unit_Tests\PC Visual Studio 2019\x64\Release\39_ParticleSystem\Scripts\" [D:\HTC\avboit\The-Forge\Examples_3\Unit_Tests\PC Visual Studio 2019\39_ParticleSystem.vcxproj]
E:\tools\Microsoft Visual Studio\2022\Community\MSBuild\Microsoft\VC\v170\Microsoft.CppCommon.targets(166,5): error MSB3073: :VCEnd”???,??? 4? [D:\HTC\avboit\The-Forge\Examples_3\Unit_Tests\PC Visual Studio 2019\39_ParticleSystem.vcxproj]
    38>???????“D:\HTC\avboit\The-Forge\Examples_3\Unit_Tests\PC Visual Studio 2019\39_ParticleSystem.vcxproj”(????)??? - ???
    24>???????“D:\HTC\avboit\The-Forge\Examples_3\Unit_Tests\PC Visual Studio 2019\39_ParticleSystem.vcxproj.metaproj”(????)??? - ???
    37>ClCompile:
         ?????????
         ?????????
       Link:
         ?????????
         19_CodeHotReload_Main.vcxproj -> D:\HTC\avboit\The-Forge\Examples_3\Unit_Tests\PC Visual Studio 2019\x64\Release\19_CodeHotReload_Main\19_CodeHotReload_Main.exe
       CustomBuildStep:
       ??????“CustomBuildStep”,????????
       CustomBuildStep:
       ??????“CustomBuildStep”,????????
       PostBuildEvent:
         
                 xcopy "D:\HTC\avboit\The-Forge\Examples_3\Unit_Tests\PC Visual Studio 2019\..\..\..\Common_3\Graphics\ThirdParty\OpenSource\VulkanSDK\bin\Win32\*.dll" "D:\HTC\avboit\The-Forge\Examples_3\Unit_Tests\PC Visual Studio 2019\x64\Release\19_CodeHotReload_Main\" /S /Y /D
                 xcopy "D:\HTC\avboit\The-Forge\Examples_3\Unit_Tests\PC Visual Studio 2019\..\..\..\Common_3\Graphics\ThirdParty\OpenSource\VulkanSDK\bin\Win32\*.json" "D:\HTC\avboit\The-Forge\Examples_3\Unit_Tests\PC Visual Studio 2019\x64\Release\19_CodeHotReload_Main\" /S /Y /D
                 xcopy "D:\HTC\avboit\The-Forge\Examples_3\Unit_Tests\PC Visual Studio 2019\..\..\..\Common_3\Graphics\ThirdParty\OpenSource\ags\ags_lib\lib\amd_ags_x64.dll" "D:\HTC\avboit\The-Forge\Examples_3\Unit_Tests\PC Visual Studio 2019\x64\Release\19_CodeHotReload_Main\amd_ags_x64.dll"* /S /Y /D
                 xcopy "D:\HTC\avboit\The-Forge\Examples_3\Unit_Tests\PC Visual Studio 2019\..\..\..\Common_3\Graphics\ThirdParty\OpenSource\DirectXShaderCompiler\bin\x64\dxcompiler.dll" "D:\HTC\avboit\The-Forge\Examples_3\Unit_Tests\PC Visual Studio 2019\x64\Release\19_CodeHotReload_Main\dxcompiler.dll"* /S /Y /D
                 xcopy "D:\HTC\avboit\The-Forge\Examples_3\Unit_Tests\PC Visual Studio 2019\..\..\..\Common_3\Graphics\ThirdParty\OpenSource\Direct3d12Agility\bin\x64\*.dll" "D:\HTC\avboit\The-Forge\Examples_3\Unit_Tests\PC Visual Studio 2019\x64\Release\19_CodeHotReload_Main\"* /S /Y /D
                 xcopy "D:\HTC\avboit\The-Forge\Examples_3\Unit_Tests\PC Visual Studio 2019\..\..\..\Common_3\OS\ThirdParty\OpenSource\winpixeventruntime\bin\WinPixEventRuntime.dll" "D:\HTC\avboit\The-Forge\Examples_3\Unit_Tests\PC Visual Studio 2019\x64\Release\19_CodeHotReload_Main\WinPixEventRunTime.dll"* /S /Y /D
                 
                set ART=D:\HTC\avboit\The-Forge\Examples_3\Unit_Tests\PC Visual Studio 2019\..\..\..\Art\
         xcopy /Y /S /D "%ART%\UnitTestResources\Textures\dds\sprites.tex" "D:\HTC\avboit\The-Forge\Examples_3\Unit_Tests\PC Visual Studio 2019\x64\Release\19_CodeHotReload_Main\Textures\"
         xcopy /Y /S /D "%ART%\UnitTestResources\Fonts\*.ttf" "D:\HTC\avboit\The-Forge\Examples_3\Unit_Tests\PC Visual Studio 2019\x64\Release\19_CodeHotReload_Main\Fonts\"
         xcopy /Y /S /D "%ART%\UnitTestResources\Fonts\*.otf" "D:\HTC\avboit\The-Forge\Examples_3\Unit_Tests\PC Visual Studio 2019\x64\Release\19_CodeHotReload_Main\Fonts\"
         
         xcopy /Y /S /D /E "D:\HTC\avboit\The-Forge\Examples_3\Unit_Tests\PC Visual Studio 2019\x64\Release\19_CodeHotReload_Main\..\OS\Shaders" "D:\HTC\avboit\The-Forge\Examples_3\Unit_Tests\PC Visual Studio 2019\x64\Release\19_CodeHotReload_Main\Shaders"
         xcopy /Y /S /D /E "D:\HTC\avboit\The-Forge\Examples_3\Unit_Tests\PC Visual Studio 2019\x64\Release\19_CodeHotReload_Main\..\OS\CompiledShaders" "D:\HTC\avboit\The-Forge\Examples_3\Unit_Tests\PC Visual Studio 2019\x64\Release\19_CodeHotReload_Main\CompiledShaders"
         
         xcopy /Y /S /D "D:\HTC\avboit\The-Forge\Examples_3\Unit_Tests\PC Visual Studio 2019\..\src\19_CodeHotReload\Scripts\*.lua" "D:\HTC\avboit\The-Forge\Examples_3\Unit_Tests\PC Visual Studio 2019\x64\Release\19_CodeHotReload_Main\Scripts\"
         xcopy /Y /S /D "%ART%\UnitTestResources\Scripts\*.lua" "D:\HTC\avboit\The-Forge\Examples_3\Unit_Tests\PC Visual Studio 2019\x64\Release\19_CodeHotReload_Main\Scripts\"
         
         xcopy /Y /S /D "D:\HTC\avboit\The-Forge\Examples_3\Unit_Tests\PC Visual Studio 2019\..\src\19_CodeHotReload\vswhere_args.txt" "D:\HTC\avboit\The-Forge\Examples_3\Unit_Tests\PC Visual Studio 2019\x64\Release\19_CodeHotReload_Main\"
         
         xcopy "D:\HTC\avboit\The-Forge\Common_3\OS\Windows\pc_gpu.data" "D:\HTC\avboit\The-Forge\Examples_3\Unit_Tests\PC Visual Studio 2019\x64\Release\19_CodeHotReload_Main\GPUCfg\gpu.data*" /Y /D
         xcopy /Y /S /D "D:\HTC\avboit\The-Forge\Examples_3\Unit_Tests\PC Visual Studio 2019\..\src\19_CodeHotReload\GPUCfg\*.*" "D:\HTC\avboit\The-Forge\Examples_3\Unit_Tests\PC Visual Studio 2019\x64\Release\19_CodeHotReload_Main\GPUCfg\"
         
         :VCEnd
         0 File(s) copied
         0 File(s) copied
         0 File(s) copied
         0 File(s) copied
         0 File(s) copied
         0 File(s) copied
         0 File(s) copied
         File not found - *.ttf
         0 File(s) copied
         0 File(s) copied
         0 File(s) copied
         0 File(s) copied
         0 File(s) copied
         File not found - *.lua
         0 File(s) copied
         0 File(s) copied
         0 File(s) copied
         0 File(s) copied
       FinalizeBuildStatus:
         ??????“D:\HTC\avboit\The-Forge\Examples_3\Unit_Tests\PC Visual Studio 2019\\x64\Release\Intermediate\19_CodeHotReload_Main\19_CodeH.28DEB3EA.tlog\unsuccessfulbuild”?
         ???“D:\HTC\avboit\The-Forge\Examples_3\Unit_Tests\PC Visual Studio 2019\\x64\Release\Intermediate\19_CodeHotReload_Main\19_CodeH.28DEB3EA.tlog\19_CodeHotReload_Main.lastbuildstate”?? Touch ???
    37>???????“D:\HTC\avboit\The-Forge\Examples_3\Unit_Tests\PC Visual Studio 2019\19_CodeHotReload_Main.vcxproj”(????)????
    19>???????“D:\HTC\avboit\The-Forge\Examples_3\Unit_Tests\PC Visual Studio 2019\19_CodeHotReload_Main.vcxproj.metaproj”(????)????
     1>???????“D:\HTC\avboit\The-Forge\Examples_3\Unit_Tests\PC Visual Studio 2019\Unit_Tests.sln”(Build ???)??? - ???

?????

       “D:\HTC\avboit\The-Forge\Examples_3\Unit_Tests\PC Visual Studio 2019\Unit_Tests.sln”(Build ??) (1) ->
       “D:\HTC\avboit\The-Forge\Examples_3\Unit_Tests\PC Visual Studio 2019\36_AlgorithmsAndContainers.vcxproj.metaproj”(????) (21) ->
       “D:\HTC\avboit\The-Forge\Examples_3\Unit_Tests\PC Visual Studio 2019\36_AlgorithmsAndContainers.vcxproj”(????) (42) ->
       (PostBuildEvent ??) -> 
         E:\tools\Microsoft Visual Studio\2022\Community\MSBuild\Microsoft\VC\v170\Microsoft.CppCommon.targets(166,5): error MSB3073: ??“ [D:\HTC\avboit\The-Forge\Examples_3\Unit_Tests\PC Visual Studio 2019\36_AlgorithmsAndContainers.vcxproj]
       E:\tools\Microsoft Visual Studio\2022\Community\MSBuild\Microsoft\VC\v170\Microsoft.CppCommon.targets(166,5): error MSB3073:         xcopy "D:\HTC\avboit\The-Forge\Examples_3\Unit_Tests\PC Visual Studio 2019\..\..\..\Common_3\Graphics\ThirdParty\OpenSource\VulkanSDK\bin\Win32\*.dll" "D:\HTC\avboit\The-Forge\Examples_3\Unit_Tests\PC Visual Studio 2019\x64\Release\36_AlgorithmsAndContainers\" /S /Y /D [D:\HTC\avboit\The-Forge\Examples_3\Unit_Tests\PC Visual Studio 2019\36_AlgorithmsAndContainers.vcxproj]
       E:\tools\Microsoft Visual Studio\2022\Community\MSBuild\Microsoft\VC\v170\Microsoft.CppCommon.targets(166,5): error MSB3073:         xcopy "D:\HTC\avboit\The-Forge\Examples_3\Unit_Tests\PC Visual Studio 2019\..\..\..\Common_3\Graphics\ThirdParty\OpenSource\VulkanSDK\bin\Win32\*.json" "D:\HTC\avboit\The-Forge\Examples_3\Unit_Tests\PC Visual Studio 2019\x64\Release\36_AlgorithmsAndContainers\" /S /Y /D [D:\HTC\avboit\The-Forge\Examples_3\Unit_Tests\PC Visual Studio 2019\36_AlgorithmsAndContainers.vcxproj]
       E:\tools\Microsoft Visual Studio\2022\Community\MSBuild\Microsoft\VC\v170\Microsoft.CppCommon.targets(166,5): error MSB3073:         xcopy "D:\HTC\avboit\The-Forge\Examples_3\Unit_Tests\PC Visual Studio 2019\..\..\..\Common_3\Graphics\ThirdParty\OpenSource\ags\ags_lib\lib\amd_ags_x64.dll" "D:\HTC\avboit\The-Forge\Examples_3\Unit_Tests\PC Visual Studio 2019\x64\Release\36_AlgorithmsAndContainers\amd_ags_x64.dll"* /S /Y /D [D:\HTC\avboit\The-Forge\Examples_3\Unit_Tests\PC Visual Studio 2019\36_AlgorithmsAndContainers.vcxproj]
       E:\tools\Microsoft Visual Studio\2022\Community\MSBuild\Microsoft\VC\v170\Microsoft.CppCommon.targets(166,5): error MSB3073:         xcopy "D:\HTC\avboit\The-Forge\Examples_3\Unit_Tests\PC Visual Studio 2019\..\..\..\Common_3\Graphics\ThirdParty\OpenSource\DirectXShaderCompiler\bin\x64\dxcompiler.dll" "D:\HTC\avboit\The-Forge\Examples_3\Unit_Tests\PC Visual Studio 2019\x64\Release\36_AlgorithmsAndContainers\dxcompiler.dll"* /S /Y /D [D:\HTC\avboit\The-Forge\Examples_3\Unit_Tests\PC Visual Studio 2019\36_AlgorithmsAndContainers.vcxproj]
       E:\tools\Microsoft Visual Studio\2022\Community\MSBuild\Microsoft\VC\v170\Microsoft.CppCommon.targets(166,5): error MSB3073:         xcopy "D:\HTC\avboit\The-Forge\Examples_3\Unit_Tests\PC Visual Studio 2019\..\..\..\Common_3\Graphics\ThirdParty\OpenSource\Direct3d12Agility\bin\x64\*.dll" "D:\HTC\avboit\The-Forge\Examples_3\Unit_Tests\PC Visual Studio 2019\x64\Release\36_AlgorithmsAndContainers\"* /S /Y /D [D:\HTC\avboit\The-Forge\Examples_3\Unit_Tests\PC Visual Studio 2019\36_AlgorithmsAndContainers.vcxproj]
       E:\tools\Microsoft Visual Studio\2022\Community\MSBuild\Microsoft\VC\v170\Microsoft.CppCommon.targets(166,5): error MSB3073:         xcopy "D:\HTC\avboit\The-Forge\Examples_3\Unit_Tests\PC Visual Studio 2019\..\..\..\Common_3\OS\ThirdParty\OpenSource\winpixeventruntime\bin\WinPixEventRuntime.dll" "D:\HTC\avboit\The-Forge\Examples_3\Unit_Tests\PC Visual Studio 2019\x64\Release\36_AlgorithmsAndContainers\WinPixEventRunTime.dll"* /S /Y /D [D:\HTC\avboit\The-Forge\Examples_3\Unit_Tests\PC Visual Studio 2019\36_AlgorithmsAndContainers.vcxproj]
       E:\tools\Microsoft Visual Studio\2022\Community\MSBuild\Microsoft\VC\v170\Microsoft.CppCommon.targets(166,5): error MSB3073:          [D:\HTC\avboit\The-Forge\Examples_3\Unit_Tests\PC Visual Studio 2019\36_AlgorithmsAndContainers.vcxproj]
       E:\tools\Microsoft Visual Studio\2022\Community\MSBuild\Microsoft\VC\v170\Microsoft.CppCommon.targets(166,5): error MSB3073:        [D:\HTC\avboit\The-Forge\Examples_3\Unit_Tests\PC Visual Studio 2019\36_AlgorithmsAndContainers.vcxproj]
       E:\tools\Microsoft Visual Studio\2022\Community\MSBuild\Microsoft\VC\v170\Microsoft.CppCommon.targets(166,5): error MSB3073: xcopy "D:\HTC\avboit\The-Forge\Examples_3\Unit_Tests\PC Visual Studio 2019\..\..\..\Art\UnitTestResources\Scripts\*.*" "D:\HTC\avboit\The-Forge\Examples_3\Unit_Tests\PC Visual Studio 2019\x64\Release\36_AlgorithmsAndContainers\Scripts\" /s /y [D:\HTC\avboit\The-Forge\Examples_3\Unit_Tests\PC Visual Studio 2019\36_AlgorithmsAndContainers.vcxproj]
       E:\tools\Microsoft Visual Studio\2022\Community\MSBuild\Microsoft\VC\v170\Microsoft.CppCommon.targets(166,5): error MSB3073: :VCEnd”???,??? 4? [D:\HTC\avboit\The-Forge\Examples_3\Unit_Tests\PC Visual Studio 2019\36_AlgorithmsAndContainers.vcxproj]


       “D:\HTC\avboit\The-Forge\Examples_3\Unit_Tests\PC Visual Studio 2019\Unit_Tests.sln”(Build ??) (1) ->
       “D:\HTC\avboit\The-Forge\Examples_3\Unit_Tests\PC Visual Studio 2019\39_ParticleSystem.vcxproj.metaproj”(????) (24) ->
       “D:\HTC\avboit\The-Forge\Examples_3\Unit_Tests\PC Visual Studio 2019\39_ParticleSystem.vcxproj”(????) (38) ->
         E:\tools\Microsoft Visual Studio\2022\Community\MSBuild\Microsoft\VC\v170\Microsoft.CppCommon.targets(166,5): error MSB3073: ??“ [D:\HTC\avboit\The-Forge\Examples_3\Unit_Tests\PC Visual Studio 2019\39_ParticleSystem.vcxproj]
       E:\tools\Microsoft Visual Studio\2022\Community\MSBuild\Microsoft\VC\v170\Microsoft.CppCommon.targets(166,5): error MSB3073:         xcopy "D:\HTC\avboit\The-Forge\Examples_3\Unit_Tests\PC Visual Studio 2019\..\..\..\Common_3\Graphics\ThirdParty\OpenSource\VulkanSDK\bin\Win32\*.dll" "D:\HTC\avboit\The-Forge\Examples_3\Unit_Tests\PC Visual Studio 2019\x64\Release\39_ParticleSystem\" /S /Y /D [D:\HTC\avboit\The-Forge\Examples_3\Unit_Tests\PC Visual Studio 2019\39_ParticleSystem.vcxproj]
       E:\tools\Microsoft Visual Studio\2022\Community\MSBuild\Microsoft\VC\v170\Microsoft.CppCommon.targets(166,5): error MSB3073:         xcopy "D:\HTC\avboit\The-Forge\Examples_3\Unit_Tests\PC Visual Studio 2019\..\..\..\Common_3\Graphics\ThirdParty\OpenSource\VulkanSDK\bin\Win32\*.json" "D:\HTC\avboit\The-Forge\Examples_3\Unit_Tests\PC Visual Studio 2019\x64\Release\39_ParticleSystem\" /S /Y /D [D:\HTC\avboit\The-Forge\Examples_3\Unit_Tests\PC Visual Studio 2019\39_ParticleSystem.vcxproj]
       E:\tools\Microsoft Visual Studio\2022\Community\MSBuild\Microsoft\VC\v170\Microsoft.CppCommon.targets(166,5): error MSB3073:         xcopy "D:\HTC\avboit\The-Forge\Examples_3\Unit_Tests\PC Visual Studio 2019\..\..\..\Common_3\Graphics\ThirdParty\OpenSource\ags\ags_lib\lib\amd_ags_x64.dll" "D:\HTC\avboit\The-Forge\Examples_3\Unit_Tests\PC Visual Studio 2019\x64\Release\39_ParticleSystem\amd_ags_x64.dll"* /S /Y /D [D:\HTC\avboit\The-Forge\Examples_3\Unit_Tests\PC Visual Studio 2019\39_ParticleSystem.vcxproj]
       E:\tools\Microsoft Visual Studio\2022\Community\MSBuild\Microsoft\VC\v170\Microsoft.CppCommon.targets(166,5): error MSB3073:         xcopy "D:\HTC\avboit\The-Forge\Examples_3\Unit_Tests\PC Visual Studio 2019\..\..\..\Common_3\Graphics\ThirdParty\OpenSource\DirectXShaderCompiler\bin\x64\dxcompiler.dll" "D:\HTC\avboit\The-Forge\Examples_3\Unit_Tests\PC Visual Studio 2019\x64\Release\39_ParticleSystem\dxcompiler.dll"* /S /Y /D [D:\HTC\avboit\The-Forge\Examples_3\Unit_Tests\PC Visual Studio 2019\39_ParticleSystem.vcxproj]
       E:\tools\Microsoft Visual Studio\2022\Community\MSBuild\Microsoft\VC\v170\Microsoft.CppCommon.targets(166,5): error MSB3073:         xcopy "D:\HTC\avboit\The-Forge\Examples_3\Unit_Tests\PC Visual Studio 2019\..\..\..\Common_3\Graphics\ThirdParty\OpenSource\Direct3d12Agility\bin\x64\*.dll" "D:\HTC\avboit\The-Forge\Examples_3\Unit_Tests\PC Visual Studio 2019\x64\Release\39_ParticleSystem\"* /S /Y /D [D:\HTC\avboit\The-Forge\Examples_3\Unit_Tests\PC Visual Studio 2019\39_ParticleSystem.vcxproj]
       E:\tools\Microsoft Visual Studio\2022\Community\MSBuild\Microsoft\VC\v170\Microsoft.CppCommon.targets(166,5): error MSB3073:         xcopy "D:\HTC\avboit\The-Forge\Examples_3\Unit_Tests\PC Visual Studio 2019\..\..\..\Common_3\OS\ThirdParty\OpenSource\winpixeventruntime\bin\WinPixEventRuntime.dll" "D:\HTC\avboit\The-Forge\Examples_3\Unit_Tests\PC Visual Studio 2019\x64\Release\39_ParticleSystem\WinPixEventRunTime.dll"* /S /Y /D [D:\HTC\avboit\The-Forge\Examples_3\Unit_Tests\PC Visual Studio 2019\39_ParticleSystem.vcxproj]
       E:\tools\Microsoft Visual Studio\2022\Community\MSBuild\Microsoft\VC\v170\Microsoft.CppCommon.targets(166,5): error MSB3073:          [D:\HTC\avboit\The-Forge\Examples_3\Unit_Tests\PC Visual Studio 2019\39_ParticleSystem.vcxproj]
       E:\tools\Microsoft Visual Studio\2022\Community\MSBuild\Microsoft\VC\v170\Microsoft.CppCommon.targets(166,5): error MSB3073:        :: Copy Art files [D:\HTC\avboit\The-Forge\Examples_3\Unit_Tests\PC Visual Studio 2019\39_ParticleSystem.vcxproj]
       E:\tools\Microsoft Visual Studio\2022\Community\MSBuild\Microsoft\VC\v170\Microsoft.CppCommon.targets(166,5): error MSB3073: set ART=D:\HTC\avboit\The-Forge\Examples_3\Unit_Tests\PC Visual Studio 2019\..\..\..\Art\ [D:\HTC\avboit\The-Forge\Examples_3\Unit_Tests\PC Visual Studio 2019\39_ParticleSystem.vcxproj]
       E:\tools\Microsoft Visual Studio\2022\Community\MSBuild\Microsoft\VC\v170\Microsoft.CppCommon.targets(166,5): error MSB3073: xcopy /Y /S /D "%ART%\PBR\dds\*.tex" "D:\HTC\avboit\The-Forge\Examples_3\Unit_Tests\PC Visual Studio 2019\x64\Release\39_ParticleSystem\Textures\PBR\" [D:\HTC\avboit\The-Forge\Examples_3\Unit_Tests\PC Visual Studio 2019\39_ParticleSystem.vcxproj]
       E:\tools\Microsoft Visual Studio\2022\Community\MSBuild\Microsoft\VC\v170\Microsoft.CppCommon.targets(166,5): error MSB3073: xcopy /Y /S /D "%ART%\Particles\Textures\dds\*.tex" "D:\HTC\avboit\The-Forge\Examples_3\Unit_Tests\PC Visual Studio 2019\x64\Release\39_ParticleSystem\Textures\" [D:\HTC\avboit\The-Forge\Examples_3\Unit_Tests\PC Visual Studio 2019\39_ParticleSystem.vcxproj]
       E:\tools\Microsoft Visual Studio\2022\Community\MSBuild\Microsoft\VC\v170\Microsoft.CppCommon.targets(166,5): error MSB3073: xcopy /Y /S /D "%ART%\SanMiguel_3\Textures\dds\*.tex" "D:\HTC\avboit\The-Forge\Examples_3\Unit_Tests\PC Visual Studio 2019\x64\Release\39_ParticleSystem\Textures\" [D:\HTC\avboit\The-Forge\Examples_3\Unit_Tests\PC Visual Studio 2019\39_ParticleSystem.vcxproj]
       E:\tools\Microsoft Visual Studio\2022\Community\MSBuild\Microsoft\VC\v170\Microsoft.CppCommon.targets(166,5): error MSB3073: xcopy /Y /S /D "%ART%\SanMiguel_3\Meshes\*" "D:\HTC\avboit\The-Forge\Examples_3\Unit_Tests\PC Visual Studio 2019\x64\Release\39_ParticleSystem\Meshes\" [D:\HTC\avboit\The-Forge\Examples_3\Unit_Tests\PC Visual Studio 2019\39_ParticleSystem.vcxproj]
       E:\tools\Microsoft Visual Studio\2022\Community\MSBuild\Microsoft\VC\v170\Microsoft.CppCommon.targets(166,5): error MSB3073: xcopy /Y /S /D "%ART%\UnitTestResources\cameraPath.bin" "D:\HTC\avboit\The-Forge\Examples_3\Unit_Tests\PC Visual Studio 2019\x64\Release\39_ParticleSystem\" [D:\HTC\avboit\The-Forge\Examples_3\Unit_Tests\PC Visual Studio 2019\39_ParticleSystem.vcxproj]
       E:\tools\Microsoft Visual Studio\2022\Community\MSBuild\Microsoft\VC\v170\Microsoft.CppCommon.targets(166,5): error MSB3073:  [D:\HTC\avboit\The-Forge\Examples_3\Unit_Tests\PC Visual Studio 2019\39_ParticleSystem.vcxproj]
       E:\tools\Microsoft Visual Studio\2022\Community\MSBuild\Microsoft\VC\v170\Microsoft.CppCommon.targets(166,5): error MSB3073: xcopy /Y /S /D "%ART%\UnitTestResources\Fonts\*.ttf" "D:\HTC\avboit\The-Forge\Examples_3\Unit_Tests\PC Visual Studio 2019\x64\Release\39_ParticleSystem\Fonts\" [D:\HTC\avboit\The-Forge\Examples_3\Unit_Tests\PC Visual Studio 2019\39_ParticleSystem.vcxproj]
       E:\tools\Microsoft Visual Studio\2022\Community\MSBuild\Microsoft\VC\v170\Microsoft.CppCommon.targets(166,5): error MSB3073: xcopy /Y /S /D "%ART%\UnitTestResources\Fonts\*.otf" "D:\HTC\avboit\The-Forge\Examples_3\Unit_Tests\PC Visual Studio 2019\x64\Release\39_ParticleSystem\Fonts\" [D:\HTC\avboit\The-Forge\Examples_3\Unit_Tests\PC Visual Studio 2019\39_ParticleSystem.vcxproj]
       E:\tools\Microsoft Visual Studio\2022\Community\MSBuild\Microsoft\VC\v170\Microsoft.CppCommon.targets(166,5): error MSB3073:  [D:\HTC\avboit\The-Forge\Examples_3\Unit_Tests\PC Visual Studio 2019\39_ParticleSystem.vcxproj]
       E:\tools\Microsoft Visual Studio\2022\Community\MSBuild\Microsoft\VC\v170\Microsoft.CppCommon.targets(166,5): error MSB3073: xcopy /Y /S /D /E "D:\HTC\avboit\The-Forge\Examples_3\Unit_Tests\PC Visual Studio 2019\x64\Release\39_ParticleSystem\..\OS\Shaders" "D:\HTC\avboit\The-Forge\Examples_3\Unit_Tests\PC Visual Studio 2019\x64\Release\39_ParticleSystem\Shaders" [D:\HTC\avboit\The-Forge\Examples_3\Unit_Tests\PC Visual Studio 2019\39_ParticleSystem.vcxproj]
       E:\tools\Microsoft Visual Studio\2022\Community\MSBuild\Microsoft\VC\v170\Microsoft.CppCommon.targets(166,5): error MSB3073: xcopy /Y /S /D /E "D:\HTC\avboit\The-Forge\Examples_3\Unit_Tests\PC Visual Studio 2019\x64\Release\39_ParticleSystem\..\OS\CompiledShaders" "D:\HTC\avboit\The-Forge\Examples_3\Unit_Tests\PC Visual Studio 2019\x64\Release\39_ParticleSystem\CompiledShaders" [D:\HTC\avboit\The-Forge\Examples_3\Unit_Tests\PC Visual Studio 2019\39_ParticleSystem.vcxproj]
       E:\tools\Microsoft Visual Studio\2022\Community\MSBuild\Microsoft\VC\v170\Microsoft.CppCommon.targets(166,5): error MSB3073:  [D:\HTC\avboit\The-Forge\Examples_3\Unit_Tests\PC Visual Studio 2019\39_ParticleSystem.vcxproj]
       E:\tools\Microsoft Visual Studio\2022\Community\MSBuild\Microsoft\VC\v170\Microsoft.CppCommon.targets(166,5): error MSB3073: xcopy /Y /S /D "D:\HTC\avboit\The-Forge\Examples_3\Unit_Tests\PC Visual Studio 2019\..\src\39_ParticleSystem\GPUCfg\*.*" "D:\HTC\avboit\The-Forge\Examples_3\Unit_Tests\PC Visual Studio 2019\x64\Release\39_ParticleSystem\GPUCfg\" [D:\HTC\avboit\The-Forge\Examples_3\Unit_Tests\PC Visual Studio 2019\39_ParticleSystem.vcxproj]
       E:\tools\Microsoft Visual Studio\2022\Community\MSBuild\Microsoft\VC\v170\Microsoft.CppCommon.targets(166,5): error MSB3073: xcopy /Y /S /D "D:\HTC\avboit\The-Forge\Examples_3\Unit_Tests\PC Visual Studio 2019\..\..\..\Common_3\OS\Windows\pc_gpu.data" "D:\HTC\avboit\The-Forge\Examples_3\Unit_Tests\PC Visual Studio 2019\x64\Release\39_ParticleSystem\GPUCfg\gpu.data*" [D:\HTC\avboit\The-Forge\Examples_3\Unit_Tests\PC Visual Studio 2019\39_ParticleSystem.vcxproj]
       E:\tools\Microsoft Visual Studio\2022\Community\MSBuild\Microsoft\VC\v170\Microsoft.CppCommon.targets(166,5): error MSB3073:  [D:\HTC\avboit\The-Forge\Examples_3\Unit_Tests\PC Visual Studio 2019\39_ParticleSystem.vcxproj]
       E:\tools\Microsoft Visual Studio\2022\Community\MSBuild\Microsoft\VC\v170\Microsoft.CppCommon.targets(166,5): error MSB3073: xcopy /Y /S /D "D:\HTC\avboit\The-Forge\Examples_3\Unit_Tests\PC Visual Studio 2019\..\src\39_ParticleSystem\Scripts\*.lua" "D:\HTC\avboit\The-Forge\Examples_3\Unit_Tests\PC Visual Studio 2019\x64\Release\39_ParticleSystem\Scripts\" [D:\HTC\avboit\The-Forge\Examples_3\Unit_Tests\PC Visual Studio 2019\39_ParticleSystem.vcxproj]
       E:\tools\Microsoft Visual Studio\2022\Community\MSBuild\Microsoft\VC\v170\Microsoft.CppCommon.targets(166,5): error MSB3073: xcopy /Y /S /D "%ART%\UnitTestResources\Scripts\*.lua" "D:\HTC\avboit\The-Forge\Examples_3\Unit_Tests\PC Visual Studio 2019\x64\Release\39_ParticleSystem\Scripts\" [D:\HTC\avboit\The-Forge\Examples_3\Unit_Tests\PC Visual Studio 2019\39_ParticleSystem.vcxproj]
       E:\tools\Microsoft Visual Studio\2022\Community\MSBuild\Microsoft\VC\v170\Microsoft.CppCommon.targets(166,5): error MSB3073: :VCEnd”???,??? 4? [D:\HTC\avboit\The-Forge\Examples_3\Unit_Tests\PC Visual Studio 2019\39_ParticleSystem.vcxproj]

    0 ???
    2 ???

???? 00:00:07.81
