??????? 2026/6/20 1:36:34?
???????????: Normal?
     1>??“D:\HTC\avboit\The-Forge\Examples_3\Unit_Tests\PC Visual Studio 2019\Unit_Tests.sln”??? 1 ?(Build ???)?
     1>ValidateSolutionConfiguration:
         ??????????“Release|x64”?
     1>??“D:\HTC\avboit\The-Forge\Examples_3\Unit_Tests\PC Visual Studio 2019\Unit_Tests.sln”(1)???? 7 ???“D:\HTC\avboit\The-Forge\Common_3\Resources\AnimationSystem\ThirdParty\OpenSource\ozz-animation\Win64\src\base\ozz_base.vcxproj”(26) (????)?
    26>PrepareForBuild:
         ???????????????????????????????????,??? https://aka.ms/cpp/structured-output?
     1>??“D:\HTC\avboit\The-Forge\Examples_3\Unit_Tests\PC Visual Studio 2019\Unit_Tests.sln”(1)???? 8 ???“D:\HTC\avboit\The-Forge\Common_3\Tools\ThirdParty\OpenSource\ISPCTextureCompressor\ispc_texcomp\ispc_texcomp.vcxproj”(25) (????)?
    25>PrepareForBuild:
         ???????????????????????????????????,??? https://aka.ms/cpp/structured-output?
     1>??“D:\HTC\avboit\The-Forge\Examples_3\Unit_Tests\PC Visual Studio 2019\Unit_Tests.sln”(1)???? 9 ???“D:\HTC\avboit\The-Forge\Examples_3\Unit_Tests\PC Visual Studio 2019\19a_CodeHotReload_Game.vcxproj”(30) (????)?
    30>PrepareForBuild:
         ???????????????????????????????????,??? https://aka.ms/cpp/structured-output?
     1>??“D:\HTC\avboit\The-Forge\Examples_3\Unit_Tests\PC Visual Studio 2019\Unit_Tests.sln”(1)???? 2 ???“D:\HTC\avboit\The-Forge\Common_3\Application\ThirdParty\OpenSource\gainput\Win64\lib\gainputstatic.vcxproj”(31) (????)?
    31>PrepareForBuild:
         ???????????????????????????????????,??? https://aka.ms/cpp/structured-output?
     1>??“D:\HTC\avboit\The-Forge\Examples_3\Unit_Tests\PC Visual Studio 2019\Unit_Tests.sln”(1)???? 3 ???“D:\HTC\avboit\The-Forge\Common_3\Tools\BunyArchive\VisualStudio\BunyLib.vcxproj”(27) (????)?
    27>PrepareForBuild:
         ???????????????????????????????????,??? https://aka.ms/cpp/structured-output?
     1>??“D:\HTC\avboit\The-Forge\Examples_3\Unit_Tests\PC Visual Studio 2019\Unit_Tests.sln”(1)???? 4 ???“D:\HTC\avboit\The-Forge\Examples_3\Unit_Tests\PC Visual Studio 2019\Libraries\Tools\SpirvCross.vcxproj”(32) (????)?
    32>PrepareForBuild:
         ???????????????????????????????????,??? https://aka.ms/cpp/structured-output?
    25>InitializeBuildStatus:
         ????“D:\HTC\avboit\The-Forge\Examples_3\Unit_Tests\PC Visual Studio 2019\\x64\Release\Intermediate\ispc_texcomp\ispc_texcomp.tlog\unsuccessfulbuild”,?????“AlwaysCreate”?
    26>InitializeBuildStatus:
         ????“D:\HTC\avboit\The-Forge\Examples_3\Unit_Tests\PC Visual Studio 2019\\x64\Release\Intermediate\ozz_base\ozz_base.tlog\unsuccessfulbuild”,?????“AlwaysCreate”?
         ???“D:\HTC\avboit\The-Forge\Examples_3\Unit_Tests\PC Visual Studio 2019\\x64\Release\Intermediate\ozz_base\ozz_base.tlog\unsuccessfulbuild”?? Touch ???
    25>InitializeBuildStatus:
         ???“D:\HTC\avboit\The-Forge\Examples_3\Unit_Tests\PC Visual Studio 2019\\x64\Release\Intermediate\ispc_texcomp\ispc_texcomp.tlog\unsuccessfulbuild”?? Touch ???
    27>InitializeBuildStatus:
         ????“x64\Release\BunyLib.tlog\unsuccessfulbuild”,?????“AlwaysCreate”?
         ???“x64\Release\BunyLib.tlog\unsuccessfulbuild”?? Touch ???
    32>InitializeBuildStatus:
         ????“D:\HTC\avboit\The-Forge\Examples_3\Unit_Tests\PC Visual Studio 2019\\x64\Release\Intermediate\SpirvTools\SpirvTools.tlog\unsuccessfulbuild”,?????“AlwaysCreate”?
         ???“D:\HTC\avboit\The-Forge\Examples_3\Unit_Tests\PC Visual Studio 2019\\x64\Release\Intermediate\SpirvTools\SpirvTools.tlog\unsuccessfulbuild”?? Touch ???
    30>InitializeBuildStatus:
         ????“D:\HTC\avboit\The-Forge\Examples_3\Unit_Tests\PC Visual Studio 2019\\x64\Release\Intermediate\19a_CodeHotReload_Game\19a_Code.EECCBF44.tlog\unsuccessfulbuild”,?????“AlwaysCreate”?
    31>InitializeBuildStatus:
         ????“x64\Release\gainputstatic.tlog\unsuccessfulbuild”,?????“AlwaysCreate”?
         ???“x64\Release\gainputstatic.tlog\unsuccessfulbuild”?? Touch ???
    30>InitializeBuildStatus:
         ???“D:\HTC\avboit\The-Forge\Examples_3\Unit_Tests\PC Visual Studio 2019\\x64\Release\Intermediate\19a_CodeHotReload_Game\19a_Code.EECCBF44.tlog\unsuccessfulbuild”?? Touch ???
    25>CustomBuild:
         ?????????
    26>ClCompile:
         ?????????
    32>ClCompile:
         ?????????
    25>ClCompile:
         ?????????
    30>ClCompile:
         ?????????
    27>ClCompile:
         ?????????
    26>Lib:
         ?????????
    25>Lib:
         ?????????
    32>Lib:
         ?????????
    26>Lib:
         ozz_base.vcxproj -> D:\HTC\avboit\The-Forge\Examples_3\Unit_Tests\PC Visual Studio 2019\x64\Release\ozz_base.lib
    25>Lib:
         ispc_texcomp.vcxproj -> D:\HTC\avboit\The-Forge\Examples_3\Unit_Tests\PC Visual Studio 2019\x64\Release\ispc_texcomp.lib
    32>Lib:
         SpirvCross.vcxproj -> D:\HTC\avboit\The-Forge\Examples_3\Unit_Tests\PC Visual Studio 2019\x64\Release\SpirvTools.lib
    27>Lib:
         ?????????
         BunyLib.vcxproj -> D:\HTC\avboit\The-Forge\Examples_3\Unit_Tests\PC Visual Studio 2019\x64\Release\bunylib.lib
    25>FinalizeBuildStatus:
         ??????“D:\HTC\avboit\The-Forge\Examples_3\Unit_Tests\PC Visual Studio 2019\\x64\Release\Intermediate\ispc_texcomp\ispc_texcomp.tlog\unsuccessfulbuild”?
         ???“D:\HTC\avboit\The-Forge\Examples_3\Unit_Tests\PC Visual Studio 2019\\x64\Release\Intermediate\ispc_texcomp\ispc_texcomp.tlog\ispc_texcomp.lastbuildstate”?? Touch ???
    25>???????“D:\HTC\avboit\The-Forge\Common_3\Tools\ThirdParty\OpenSource\ISPCTextureCompressor\ispc_texcomp\ispc_texcomp.vcxproj”(????)????
    26>FinalizeBuildStatus:
         ??????“D:\HTC\avboit\The-Forge\Examples_3\Unit_Tests\PC Visual Studio 2019\\x64\Release\Intermediate\ozz_base\ozz_base.tlog\unsuccessfulbuild”?
         ???“D:\HTC\avboit\The-Forge\Examples_3\Unit_Tests\PC Visual Studio 2019\\x64\Release\Intermediate\ozz_base\ozz_base.tlog\ozz_base.lastbuildstate”?? Touch ???
    30>Link:
         ?????????
         19a_CodeHotReload_Game.vcxproj -> D:\HTC\avboit\The-Forge\Examples_3\Unit_Tests\PC Visual Studio 2019\x64\Release\19_CodeHotReload_Main\19a_CodeHotReload_Game.dll
    26>???????“D:\HTC\avboit\The-Forge\Common_3\Resources\AnimationSystem\ThirdParty\OpenSource\ozz-animation\Win64\src\base\ozz_base.vcxproj”(????)????
    30>CustomBuildStep:
       ??????“CustomBuildStep”,????????
    32>FinalizeBuildStatus:
         ??????“D:\HTC\avboit\The-Forge\Examples_3\Unit_Tests\PC Visual Studio 2019\\x64\Release\Intermediate\SpirvTools\SpirvTools.tlog\unsuccessfulbuild”?
         ???“D:\HTC\avboit\The-Forge\Examples_3\Unit_Tests\PC Visual Studio 2019\\x64\Release\Intermediate\SpirvTools\SpirvTools.tlog\SpirvTools.lastbuildstate”?? Touch ???
    32>???????“D:\HTC\avboit\The-Forge\Examples_3\Unit_Tests\PC Visual Studio 2019\Libraries\Tools\SpirvCross.vcxproj”(????)????
    31>ClCompile:
         ?????????
    30>CustomBuildStep:
       ??????“CustomBuildStep”,????????
       PostBuildEvent:
          
               
         :VCEnd
     1>??“D:\HTC\avboit\The-Forge\Examples_3\Unit_Tests\PC Visual Studio 2019\Unit_Tests.sln”(1)???? 5 ???“D:\HTC\avboit\The-Forge\Common_3\Resources\AnimationSystem\ThirdParty\OpenSource\ozz-animation\Win64\src\animation\runtime\ozz_animation.vcxproj”(29) (????)?
    29>PrepareForBuild:
         ???????????????????????????????????,??? https://aka.ms/cpp/structured-output?
    27>FinalizeBuildStatus:
         ??????“x64\Release\BunyLib.tlog\unsuccessfulbuild”?
         ???“x64\Release\BunyLib.tlog\BunyLib.lastbuildstate”?? Touch ???
     1>??“D:\HTC\avboit\The-Forge\Examples_3\Unit_Tests\PC Visual Studio 2019\Unit_Tests.sln”(1)???? 6 ???“D:\HTC\avboit\The-Forge\Common_3\Resources\AnimationSystem\ThirdParty\OpenSource\ozz-animation\Win64\src\animation\offline\ozz_animation_offline.vcxproj”(28) (????)?
    28>PrepareForBuild:
         ???????????????????????????????????,??? https://aka.ms/cpp/structured-output?
    27>???????“D:\HTC\avboit\The-Forge\Common_3\Tools\BunyArchive\VisualStudio\BunyLib.vcxproj”(????)????
    31>Lib:
         ?????????
         gainputstatic.vcxproj -> D:\HTC\avboit\The-Forge\Examples_3\Unit_Tests\PC Visual Studio 2019\x64\Release\gainputstatic.lib
    29>InitializeBuildStatus:
         ????“D:\HTC\avboit\The-Forge\Examples_3\Unit_Tests\PC Visual Studio 2019\\x64\Release\Intermediate\ozz_animation\ozz_animation.tlog\unsuccessfulbuild”,?????“AlwaysCreate”?
         ???“D:\HTC\avboit\The-Forge\Examples_3\Unit_Tests\PC Visual Studio 2019\\x64\Release\Intermediate\ozz_animation\ozz_animation.tlog\unsuccessfulbuild”?? Touch ???
    28>InitializeBuildStatus:
         ????“D:\HTC\avboit\The-Forge\Examples_3\Unit_Tests\PC Visual Studio 2019\\x64\Release\Intermediate\ozz_animation_offline\ozz_anim.AC91B515.tlog\unsuccessfulbuild”,?????“AlwaysCreate”?
         ???“D:\HTC\avboit\The-Forge\Examples_3\Unit_Tests\PC Visual Studio 2019\\x64\Release\Intermediate\ozz_animation_offline\ozz_anim.AC91B515.tlog\unsuccessfulbuild”?? Touch ???
    31>FinalizeBuildStatus:
         ??????“x64\Release\gainputstatic.tlog\unsuccessfulbuild”?
         ???“x64\Release\gainputstatic.tlog\gainputstatic.lastbuildstate”?? Touch ???
    31>???????“D:\HTC\avboit\The-Forge\Common_3\Application\ThirdParty\OpenSource\gainput\Win64\lib\gainputstatic.vcxproj”(????)????
    30>FinalizeBuildStatus:
         ??????“D:\HTC\avboit\The-Forge\Examples_3\Unit_Tests\PC Visual Studio 2019\\x64\Release\Intermediate\19a_CodeHotReload_Game\19a_Code.EECCBF44.tlog\unsuccessfulbuild”?
         ???“D:\HTC\avboit\The-Forge\Examples_3\Unit_Tests\PC Visual Studio 2019\\x64\Release\Intermediate\19a_CodeHotReload_Game\19a_Code.EECCBF44.tlog\19a_CodeHotReload_Game.lastbuildstate”?? Touch ???
    30>???????“D:\HTC\avboit\The-Forge\Examples_3\Unit_Tests\PC Visual Studio 2019\19a_CodeHotReload_Game.vcxproj”(????)????
    29>ClCompile:
         ?????????
    28>ClCompile:
         ?????????
       Lib:
         ?????????
    29>Lib:
         ?????????
    28>Lib:
         ozz_animation_offline.vcxproj -> D:\HTC\avboit\The-Forge\Examples_3\Unit_Tests\PC Visual Studio 2019\x64\Release\ozz_animation_offline.lib
    29>Lib:
         ozz_animation.vcxproj -> D:\HTC\avboit\The-Forge\Examples_3\Unit_Tests\PC Visual Studio 2019\x64\Release\ozz_animation.lib
    28>FinalizeBuildStatus:
         ??????“D:\HTC\avboit\The-Forge\Examples_3\Unit_Tests\PC Visual Studio 2019\\x64\Release\Intermediate\ozz_animation_offline\ozz_anim.AC91B515.tlog\unsuccessfulbuild”?
    29>FinalizeBuildStatus:
         ??????“D:\HTC\avboit\The-Forge\Examples_3\Unit_Tests\PC Visual Studio 2019\\x64\Release\Intermediate\ozz_animation\ozz_animation.tlog\unsuccessfulbuild”?
    28>FinalizeBuildStatus:
         ???“D:\HTC\avboit\The-Forge\Examples_3\Unit_Tests\PC Visual Studio 2019\\x64\Release\Intermediate\ozz_animation_offline\ozz_anim.AC91B515.tlog\ozz_animation_offline.lastbuildstate”?? Touch ???
    29>FinalizeBuildStatus:
         ???“D:\HTC\avboit\The-Forge\Examples_3\Unit_Tests\PC Visual Studio 2019\\x64\Release\Intermediate\ozz_animation\ozz_animation.tlog\ozz_animation.lastbuildstate”?? Touch ???
    28>???????“D:\HTC\avboit\The-Forge\Common_3\Resources\AnimationSystem\ThirdParty\OpenSource\ozz-animation\Win64\src\animation\offline\ozz_animation_offline.vcxproj”(????)????
    29>???????“D:\HTC\avboit\The-Forge\Common_3\Resources\AnimationSystem\ThirdParty\OpenSource\ozz-animation\Win64\src\animation\runtime\ozz_animation.vcxproj”(????)????
     1>??“D:\HTC\avboit\The-Forge\Examples_3\Unit_Tests\PC Visual Studio 2019\Unit_Tests.sln”(1)???? 1 ???“D:\HTC\avboit\The-Forge\Examples_3\Unit_Tests\PC Visual Studio 2019\01_Transformations.vcxproj.metaproj”(2) (????)?
     2>??“D:\HTC\avboit\The-Forge\Examples_3\Unit_Tests\PC Visual Studio 2019\01_Transformations.vcxproj.metaproj”(2)???? 1 ???“D:\HTC\avboit\The-Forge\Examples_3\Unit_Tests\PC Visual Studio 2019\Libraries\Renderer\Renderer.vcxproj.metaproj”(4) (????)?
     4>??“D:\HTC\avboit\The-Forge\Examples_3\Unit_Tests\PC Visual Studio 2019\Libraries\Renderer\Renderer.vcxproj.metaproj”(4)???? 1 ???“D:\HTC\avboit\The-Forge\Examples_3\Unit_Tests\PC Visual Studio 2019\Libraries\Renderer\Renderer.vcxproj”(33) (????)?
    33>PrepareForBuild:
         ???????????????????????????????????,??? https://aka.ms/cpp/structured-output?
       InitializeBuildStatus:
         ????“D:\HTC\avboit\The-Forge\Examples_3\Unit_Tests\PC Visual Studio 2019\\x64\Release\Intermediate\Renderer\Renderer.tlog\unsuccessfulbuild”,?????“AlwaysCreate”?
         ???“D:\HTC\avboit\The-Forge\Examples_3\Unit_Tests\PC Visual Studio 2019\\x64\Release\Intermediate\Renderer\Renderer.tlog\unsuccessfulbuild”?? Touch ???
     2>??“D:\HTC\avboit\The-Forge\Examples_3\Unit_Tests\PC Visual Studio 2019\01_Transformations.vcxproj.metaproj”(2)???? 1 ???“D:\HTC\avboit\The-Forge\Examples_3\Unit_Tests\PC Visual Studio 2019\Libraries\OS\OS.vcxproj.metaproj”(3) (????)?
     3>??“D:\HTC\avboit\The-Forge\Examples_3\Unit_Tests\PC Visual Studio 2019\Libraries\OS\OS.vcxproj.metaproj”(3)???? 1 ???“D:\HTC\avboit\The-Forge\Examples_3\Unit_Tests\PC Visual Studio 2019\Libraries\OS\OS.vcxproj”(34) (????)?
    34>PrepareForBuild:
         ???????????????????????????????????,??? https://aka.ms/cpp/structured-output?
       InitializeBuildStatus:
         ????“D:\HTC\avboit\The-Forge\Examples_3\Unit_Tests\PC Visual Studio 2019\\x64\Release\Intermediate\OS\OS.tlog\unsuccessfulbuild”,?????“AlwaysCreate”?
         ???“D:\HTC\avboit\The-Forge\Examples_3\Unit_Tests\PC Visual Studio 2019\\x64\Release\Intermediate\OS\OS.tlog\unsuccessfulbuild”?? Touch ???
    33>ClCompile:
         ?????????
         ?????????
       Lib:
         ?????????
         Renderer.vcxproj -> D:\HTC\avboit\The-Forge\Examples_3\Unit_Tests\PC Visual Studio 2019\x64\Release\Renderer.lib
    34>ClCompile:
         ?????????
         E:\tools\Microsoft Visual Studio\2022\Community\VC\Tools\MSVC\14.38.33130\bin\HostX86\x64\CL.exe /c /I"D:\HTC\avboit\The-Forge\Examples_3\Unit_Tests\PC Visual Studio 2019\Libraries\OS\\..\..\..\..\..\Common_3\Resources\AnimationSystem\ThirdParty\OpenSource\ozz-animation\include" /Z7 /nologo /W4 /WX /diagnostics:column /MP /O2 /Oi /GL /D _CRT_SECURE_NO_WARNINGS /D _CRT_NONSTDC_NO_DEPRECATE /D D3D12_AGILITY_SDK=1 /D D3D12_AGILITY_SDK_VERSION=611 /D _HAS_EXCEPTIONS=0 /D _UNICODE /D UNICODE /Gm- /MD /GS /Gy /fp:precise /Zc:wchar_t /Zc:forScope /Zc:inline /GR- /permissive- /Fo"D:\HTC\avboit\The-Forge\Examples_3\Unit_Tests\PC Visual Studio 2019\\x64\Release\Intermediate\OS\\" /Fd"D:\HTC\avboit\The-Forge\Examples_3\Unit_Tests\PC Visual Studio 2019\x64\Release\OS.pdb" /external:W4 /Gd /TP /wd4201 /wd4324 /wd4127 /FC /errorReport:queue ..\..\..\..\..\Common_3\Application\CameraController.cpp ..\..\..\..\..\Common_3\Application\InputSystem.cpp ..\..\..\..\..\Common_3\Application\Profiler\GpuProfiler.cpp ..\..\..\..\..\Common_3\Application\Profiler\ProfilerBase.cpp ..\..\..\..\..\Common_3\Application\RemoteControl.cpp ..\..\..\..\..\Common_3\Application\Screenshot.cpp ..\..\..\..\..\Common_3\Application\ThirdParty\OpenSource\imgui\imgui.cpp ..\..\..\..\..\Common_3\Application\ThirdParty\OpenSource\imgui\imgui_demo.cpp ..\..\..\..\..\Common_3\Application\ThirdParty\OpenSource\imgui\imgui_draw.cpp ..\..\..\..\..\Common_3\Application\ThirdParty\OpenSource\imgui\imgui_widgets.cpp ..\..\..\..\..\Common_3\Application\ThirdParty\OpenSource\imgui\imgui_tables.cpp ..\..\..\..\..\Common_3\Application\UI\UI.cpp ..\..\..\..\..\Common_3\Game\Scripting\LuaManager.cpp ..\..\..\..\..\Common_3\Game\Scripting\LuaManagerImpl.cpp ..\..\..\..\..\Common_3\Game\Scripting\LuaSystem.cpp ..\..\..\..\..\Common_3\Application\Fonts\FontSystem.cpp ..\..\..\..\..\Common_3\Application\Fonts\stbtt.cpp ..\..\..\..\..\Common_3\OS\CPUConfig.cpp ..\..\..\..\..\Common_3\OS\WindowSystem\WindowSystem.cpp ..\..\..\..\..\Common_3\Utilities\ThirdParty\OpenSource\rmem\src\rmem_get_module_info.cpp ..\..\..\..\..\Common_3\Utilities\ThirdParty\OpenSource\rmem\src\rmem_hook.cpp ..\..\..\..\..\Common_3\Utilities\ThirdParty\OpenSource\rmem\src\rmem_lib.cpp ..\..\..\..\..\Common_3\OS\Windows\WindowsBase.cpp ..\..\..\..\..\Common_3\OS\Windows\WindowsFileSystem.cpp ..\..\..\..\..\Common_3\OS\Windows\WindowsStackTraceDump.cpp ..\..\..\..\..\Common_3\OS\Windows\WindowsWindow.cpp ..\..\..\..\..\Common_3\Resources\AnimationSystem\Animation\AnimatedObject.cpp ..\..\..\..\..\Common_3\Resources\AnimationSystem\Animation\Animation.cpp ..\..\..\..\..\Common_3\Resources\AnimationSystem\Animation\Clip.cpp ..\..\..\..\..\Common_3\Resources\AnimationSystem\Animation\ClipController.cpp ..\..\..\..\..\Common_3\Resources\AnimationSystem\Animation\ClipMask.cpp ..\..\..\..\..\Common_3\Resources\AnimationSystem\Animation\Rig.cpp ..\..\..\..\..\Common_3\Resources\AnimationSystem\Animation\SkeletonBatcher.cpp
    33>PostBuildEvent:
          
               
         :VCEnd
       FinalizeBuildStatus:
         ??????“D:\HTC\avboit\The-Forge\Examples_3\Unit_Tests\PC Visual Studio 2019\\x64\Release\Intermediate\Renderer\Renderer.tlog\unsuccessfulbuild”?
         ???“D:\HTC\avboit\The-Forge\Examples_3\Unit_Tests\PC Visual Studio 2019\\x64\Release\Intermediate\Renderer\Renderer.tlog\Renderer.lastbuildstate”?? Touch ???
    33>???????“D:\HTC\avboit\The-Forge\Examples_3\Unit_Tests\PC Visual Studio 2019\Libraries\Renderer\Renderer.vcxproj”(????)????
     4>???????“D:\HTC\avboit\The-Forge\Examples_3\Unit_Tests\PC Visual Studio 2019\Libraries\Renderer\Renderer.vcxproj.metaproj”(????)????
    34>ClCompile:
         CameraController.cpp
         InputSystem.cpp
         GpuProfiler.cpp
         ProfilerBase.cpp
         RemoteControl.cpp
         Screenshot.cpp
         imgui.cpp
         imgui_demo.cpp
         imgui_draw.cpp
         imgui_widgets.cpp
         imgui_tables.cpp
         UI.cpp
         LuaManager.cpp
         LuaManagerImpl.cpp
         LuaSystem.cpp
         FontSystem.cpp
         stbtt.cpp
         CPUConfig.cpp
         WindowSystem.cpp
         rmem_get_module_info.cpp
         rmem_hook.cpp
         rmem_lib.cpp
         WindowsBase.cpp
         WindowsFileSystem.cpp
         WindowsStackTraceDump.cpp
         WindowsWindow.cpp
         AnimatedObject.cpp
         Animation.cpp
         Clip.cpp
         ClipController.cpp
         ClipMask.cpp
         Rig.cpp
         SkeletonBatcher.cpp
         ?????????
         E:\tools\Microsoft Visual Studio\2022\Community\VC\Tools\MSVC\14.38.33130\bin\HostX86\x64\CL.exe /c /I"D:\HTC\avboit\The-Forge\Examples_3\Unit_Tests\PC Visual Studio 2019\Libraries\OS\\..\..\..\..\..\Common_3\Resources\AnimationSystem\ThirdParty\OpenSource\ozz-animation\include" /Z7 /nologo /W4 /WX /diagnostics:column /MP /O2 /Oi /GL /D _CRT_SECURE_NO_WARNINGS /D _CRT_NONSTDC_NO_DEPRECATE /D D3D12_AGILITY_SDK=1 /D D3D12_AGILITY_SDK_VERSION=611 /D _HAS_EXCEPTIONS=0 /D _UNICODE /D UNICODE /Gm- /MD /GS /Gy /fp:precise /Zc:wchar_t /Zc:forScope /Zc:inline /GR- /permissive- /Fo"D:\HTC\avboit\The-Forge\Examples_3\Unit_Tests\PC Visual Studio 2019\\x64\Release\Intermediate\OS\\" /Fd"D:\HTC\avboit\The-Forge\Examples_3\Unit_Tests\PC Visual Studio 2019\x64\Release\OS.pdb" /external:W4 /Gd /TC /wd4201 /wd4324 /wd4127 /FC /errorReport:queue "..\..\..\..\..\Common_3\Game\ThirdParty\OpenSource\lua-5.3.5\src\lapi.c" "..\..\..\..\..\Common_3\Game\ThirdParty\OpenSource\lua-5.3.5\src\lauxlib.c" "..\..\..\..\..\Common_3\Game\ThirdParty\OpenSource\lua-5.3.5\src\lbaselib.c" "..\..\..\..\..\Common_3\Game\ThirdParty\OpenSource\lua-5.3.5\src\lbitlib.c" "..\..\..\..\..\Common_3\Game\ThirdParty\OpenSource\lua-5.3.5\src\lcode.c" "..\..\..\..\..\Common_3\Game\ThirdParty\OpenSource\lua-5.3.5\src\lcorolib.c" "..\..\..\..\..\Common_3\Game\ThirdParty\OpenSource\lua-5.3.5\src\lctype.c" "..\..\..\..\..\Common_3\Game\ThirdParty\OpenSource\lua-5.3.5\src\ldblib.c" "..\..\..\..\..\Common_3\Game\ThirdParty\OpenSource\lua-5.3.5\src\ldebug.c" "..\..\..\..\..\Common_3\Game\ThirdParty\OpenSource\lua-5.3.5\src\ldo.c" "..\..\..\..\..\Common_3\Game\ThirdParty\OpenSource\lua-5.3.5\src\ldump.c" "..\..\..\..\..\Common_3\Game\ThirdParty\OpenSource\lua-5.3.5\src\lfunc.c" "..\..\..\..\..\Common_3\Game\ThirdParty\OpenSource\lua-5.3.5\src\lgc.c" "..\..\..\..\..\Common_3\Game\ThirdParty\OpenSource\lua-5.3.5\src\linit.c" "..\..\..\..\..\Common_3\Game\ThirdParty\OpenSource\lua-5.3.5\src\liolib.c" "..\..\..\..\..\Common_3\Game\ThirdParty\OpenSource\lua-5.3.5\src\llex.c" "..\..\..\..\..\Common_3\Game\ThirdParty\OpenSource\lua-5.3.5\src\lmathlib.c" "..\..\..\..\..\Common_3\Game\ThirdParty\OpenSource\lua-5.3.5\src\lmem.c" "..\..\..\..\..\Common_3\Game\ThirdParty\OpenSource\lua-5.3.5\src\loadlib.c" "..\..\..\..\..\Common_3\Game\ThirdParty\OpenSource\lua-5.3.5\src\lobject.c" "..\..\..\..\..\Common_3\Game\ThirdParty\OpenSource\lua-5.3.5\src\lopcodes.c" "..\..\..\..\..\Common_3\Game\ThirdParty\OpenSource\lua-5.3.5\src\loslib.c" "..\..\..\..\..\Common_3\Game\ThirdParty\OpenSource\lua-5.3.5\src\lparser.c" "..\..\..\..\..\Common_3\Game\ThirdParty\OpenSource\lua-5.3.5\src\lstate.c" "..\..\..\..\..\Common_3\Game\ThirdParty\OpenSource\lua-5.3.5\src\lstring.c" "..\..\..\..\..\Common_3\Game\ThirdParty\OpenSource\lua-5.3.5\src\lstrlib.c" "..\..\..\..\..\Common_3\Game\ThirdParty\OpenSource\lua-5.3.5\src\ltable.c" "..\..\..\..\..\Common_3\Game\ThirdParty\OpenSource\lua-5.3.5\src\ltablib.c" "..\..\..\..\..\Common_3\Game\ThirdParty\OpenSource\lua-5.3.5\src\ltm.c" "..\..\..\..\..\Common_3\Game\ThirdParty\OpenSource\lua-5.3.5\src\lundump.c" "..\..\..\..\..\Common_3\Game\ThirdParty\OpenSource\lua-5.3.5\src\lutf8lib.c" "..\..\..\..\..\Common_3\Game\ThirdParty\OpenSource\lua-5.3.5\src\lvm.c" "..\..\..\..\..\Common_3\Game\ThirdParty\OpenSource\lua-5.3.5\src\lzio.c" ..\..\..\..\..\Common_3\OS\ThirdParty\OpenSource\cpu_features\src\impl_x86_windows.c ..\..\..\..\..\Common_3\Utilities\FileSystem\FileSystem.c ..\..\..\..\..\Common_3\Utilities\FileSystem\SystemRun.c ..\..\..\..\..\Common_3\Utilities\Log\Log.c ..\..\..\..\..\Common_3\Utilities\Math\Algorithms.c ..\..\..\..\..\Common_3\Utilities\Math\StbDs.c ..\..\..\..\..\Common_3\Utilities\MemoryTracking\MemoryTracking.c ..\..\..\..\..\Common_3\Utilities\ThirdParty\OpenSource\bstrlib\bstrlib.c ..\..\..\..\..\Common_3\Utilities\ThirdParty\OpenSource\lz4\lz4.c ..\..\..\..\..\Common_3\Utilities\ThirdParty\OpenSource\zstd\common\debug.c ..\..\..\..\..\Common_3\Utilities\ThirdParty\OpenSource\zstd\common\entropy_common.c ..\..\..\..\..\Common_3\Utilities\ThirdParty\OpenSource\zstd\common\error_private.c ..\..\..\..\..\Common_3\Utilities\ThirdParty\OpenSource\zstd\common\fse_decompress.c ..\..\..\..\..\Common_3\Utilities\ThirdParty\OpenSource\zstd\common\pool.c ..\..\..\..\..\Common_3\Utilities\ThirdParty\OpenSource\zstd\common\threading.c ..\..\..\..\..\Common_3\Utilities\ThirdParty\OpenSource\zstd\common\xxhash.c ..\..\..\..\..\Common_3\Utilities\ThirdParty\OpenSource\zstd\common\zstd_common.c ..\..\..\..\..\Common_3\Utilities\ThirdParty\OpenSource\zstd\decompress\huf_decompress.c ..\..\..\..\..\Common_3\Utilities\ThirdParty\OpenSource\zstd\decompress\zstd_ddict.c ..\..\..\..\..\Common_3\Utilities\ThirdParty\OpenSource\zstd\decompress\zstd_decompress.c ..\..\..\..\..\Common_3\Utilities\ThirdParty\OpenSource\zstd\decompress\zstd_decompress_block.c ..\..\..\..\..\Common_3\Utilities\Threading\ThreadSystem.c ..\..\..\..\..\Common_3\Utilities\Timer.c ..\..\..\..\..\Common_3\OS\Windows\WindowsLog.c ..\..\..\..\..\Common_3\OS\Windows\WindowsThread.c ..\..\..\..\..\Common_3\OS\Windows\WindowsTime.c
         lapi.c
         lauxlib.c
         lbaselib.c
         lbitlib.c
         lcode.c
         lcorolib.c
         lctype.c
         ldblib.c
         ldebug.c
         ldo.c
         ldump.c
         lfunc.c
         lgc.c
         linit.c
         liolib.c
         llex.c
         lmathlib.c
         lmem.c
         loadlib.c
         lobject.c
         lopcodes.c
         loslib.c
         lparser.c
         lstate.c
         lstring.c
         lstrlib.c
         ltable.c
         ltablib.c
         ltm.c
         lundump.c
         lutf8lib.c
         lvm.c
         lzio.c
         impl_x86_windows.c
         FileSystem.c
         SystemRun.c
         Log.c
         Algorithms.c
         StbDs.c
         MemoryTracking.c
         bstrlib.c
         lz4.c
         debug.c
         entropy_common.c
         error_private.c
         fse_decompress.c
         pool.c
         threading.c
         xxhash.c
         zstd_common.c
         huf_decompress.c
         zstd_ddict.c
         zstd_decompress.c
         zstd_decompress_block.c
         ThreadSystem.c
         Timer.c
         WindowsLog.c
         WindowsThread.c
         WindowsTime.c
       Lib:
         E:\tools\Microsoft Visual Studio\2022\Community\VC\Tools\MSVC\14.38.33130\bin\HostX86\x64\Lib.exe /OUT:"D:\HTC\avboit\The-Forge\Examples_3\Unit_Tests\PC Visual Studio 2019\x64\Release\OS.lib" /NOLOGO /MACHINE:X64 /LTCG /ignore:4099 "D:\HTC\avboit\The-Forge\Examples_3\Unit_Tests\PC Visual Studio 2019\\x64\Release\Intermediate\OS\CameraController.obj"
         "D:\HTC\avboit\The-Forge\Examples_3\Unit_Tests\PC Visual Studio 2019\\x64\Release\Intermediate\OS\InputSystem.obj"
         "D:\HTC\avboit\The-Forge\Examples_3\Unit_Tests\PC Visual Studio 2019\\x64\Release\Intermediate\OS\GpuProfiler.obj"
         "D:\HTC\avboit\The-Forge\Examples_3\Unit_Tests\PC Visual Studio 2019\\x64\Release\Intermediate\OS\ProfilerBase.obj"
         "D:\HTC\avboit\The-Forge\Examples_3\Unit_Tests\PC Visual Studio 2019\\x64\Release\Intermediate\OS\RemoteControl.obj"
         "D:\HTC\avboit\The-Forge\Examples_3\Unit_Tests\PC Visual Studio 2019\\x64\Release\Intermediate\OS\Screenshot.obj"
         "D:\HTC\avboit\The-Forge\Examples_3\Unit_Tests\PC Visual Studio 2019\\x64\Release\Intermediate\OS\imgui.obj"
         "D:\HTC\avboit\The-Forge\Examples_3\Unit_Tests\PC Visual Studio 2019\\x64\Release\Intermediate\OS\imgui_demo.obj"
         "D:\HTC\avboit\The-Forge\Examples_3\Unit_Tests\PC Visual Studio 2019\\x64\Release\Intermediate\OS\imgui_draw.obj"
         "D:\HTC\avboit\The-Forge\Examples_3\Unit_Tests\PC Visual Studio 2019\\x64\Release\Intermediate\OS\imgui_widgets.obj"
         "D:\HTC\avboit\The-Forge\Examples_3\Unit_Tests\PC Visual Studio 2019\\x64\Release\Intermediate\OS\imgui_tables.obj"
         "D:\HTC\avboit\The-Forge\Examples_3\Unit_Tests\PC Visual Studio 2019\\x64\Release\Intermediate\OS\UI.obj"
         "D:\HTC\avboit\The-Forge\Examples_3\Unit_Tests\PC Visual Studio 2019\\x64\Release\Intermediate\OS\LuaManager.obj"
         "D:\HTC\avboit\The-Forge\Examples_3\Unit_Tests\PC Visual Studio 2019\\x64\Release\Intermediate\OS\LuaManagerImpl.obj"
         "D:\HTC\avboit\The-Forge\Examples_3\Unit_Tests\PC Visual Studio 2019\\x64\Release\Intermediate\OS\LuaSystem.obj"
         "D:\HTC\avboit\The-Forge\Examples_3\Unit_Tests\PC Visual Studio 2019\\x64\Release\Intermediate\OS\lapi.obj"
         "D:\HTC\avboit\The-Forge\Examples_3\Unit_Tests\PC Visual Studio 2019\\x64\Release\Intermediate\OS\lauxlib.obj"
         "D:\HTC\avboit\The-Forge\Examples_3\Unit_Tests\PC Visual Studio 2019\\x64\Release\Intermediate\OS\lbaselib.obj"
         "D:\HTC\avboit\The-Forge\Examples_3\Unit_Tests\PC Visual Studio 2019\\x64\Release\Intermediate\OS\lbitlib.obj"
         "D:\HTC\avboit\The-Forge\Examples_3\Unit_Tests\PC Visual Studio 2019\\x64\Release\Intermediate\OS\lcode.obj"
         "D:\HTC\avboit\The-Forge\Examples_3\Unit_Tests\PC Visual Studio 2019\\x64\Release\Intermediate\OS\lcorolib.obj"
         "D:\HTC\avboit\The-Forge\Examples_3\Unit_Tests\PC Visual Studio 2019\\x64\Release\Intermediate\OS\lctype.obj"
         "D:\HTC\avboit\The-Forge\Examples_3\Unit_Tests\PC Visual Studio 2019\\x64\Release\Intermediate\OS\ldblib.obj"
         "D:\HTC\avboit\The-Forge\Examples_3\Unit_Tests\PC Visual Studio 2019\\x64\Release\Intermediate\OS\ldebug.obj"
         "D:\HTC\avboit\The-Forge\Examples_3\Unit_Tests\PC Visual Studio 2019\\x64\Release\Intermediate\OS\ldo.obj"
         "D:\HTC\avboit\The-Forge\Examples_3\Unit_Tests\PC Visual Studio 2019\\x64\Release\Intermediate\OS\ldump.obj"
         "D:\HTC\avboit\The-Forge\Examples_3\Unit_Tests\PC Visual Studio 2019\\x64\Release\Intermediate\OS\lfunc.obj"
         "D:\HTC\avboit\The-Forge\Examples_3\Unit_Tests\PC Visual Studio 2019\\x64\Release\Intermediate\OS\lgc.obj"
         "D:\HTC\avboit\The-Forge\Examples_3\Unit_Tests\PC Visual Studio 2019\\x64\Release\Intermediate\OS\linit.obj"
         "D:\HTC\avboit\The-Forge\Examples_3\Unit_Tests\PC Visual Studio 2019\\x64\Release\Intermediate\OS\liolib.obj"
         "D:\HTC\avboit\The-Forge\Examples_3\Unit_Tests\PC Visual Studio 2019\\x64\Release\Intermediate\OS\llex.obj"
         "D:\HTC\avboit\The-Forge\Examples_3\Unit_Tests\PC Visual Studio 2019\\x64\Release\Intermediate\OS\lmathlib.obj"
         "D:\HTC\avboit\The-Forge\Examples_3\Unit_Tests\PC Visual Studio 2019\\x64\Release\Intermediate\OS\lmem.obj"
         "D:\HTC\avboit\The-Forge\Examples_3\Unit_Tests\PC Visual Studio 2019\\x64\Release\Intermediate\OS\loadlib.obj"
         "D:\HTC\avboit\The-Forge\Examples_3\Unit_Tests\PC Visual Studio 2019\\x64\Release\Intermediate\OS\lobject.obj"
         "D:\HTC\avboit\The-Forge\Examples_3\Unit_Tests\PC Visual Studio 2019\\x64\Release\Intermediate\OS\lopcodes.obj"
         "D:\HTC\avboit\The-Forge\Examples_3\Unit_Tests\PC Visual Studio 2019\\x64\Release\Intermediate\OS\loslib.obj"
         "D:\HTC\avboit\The-Forge\Examples_3\Unit_Tests\PC Visual Studio 2019\\x64\Release\Intermediate\OS\lparser.obj"
         "D:\HTC\avboit\The-Forge\Examples_3\Unit_Tests\PC Visual Studio 2019\\x64\Release\Intermediate\OS\lstate.obj"
         "D:\HTC\avboit\The-Forge\Examples_3\Unit_Tests\PC Visual Studio 2019\\x64\Release\Intermediate\OS\lstring.obj"
         "D:\HTC\avboit\The-Forge\Examples_3\Unit_Tests\PC Visual Studio 2019\\x64\Release\Intermediate\OS\lstrlib.obj"
         "D:\HTC\avboit\The-Forge\Examples_3\Unit_Tests\PC Visual Studio 2019\\x64\Release\Intermediate\OS\ltable.obj"
         "D:\HTC\avboit\The-Forge\Examples_3\Unit_Tests\PC Visual Studio 2019\\x64\Release\Intermediate\OS\ltablib.obj"
         "D:\HTC\avboit\The-Forge\Examples_3\Unit_Tests\PC Visual Studio 2019\\x64\Release\Intermediate\OS\ltm.obj"
         "D:\HTC\avboit\The-Forge\Examples_3\Unit_Tests\PC Visual Studio 2019\\x64\Release\Intermediate\OS\lundump.obj"
         "D:\HTC\avboit\The-Forge\Examples_3\Unit_Tests\PC Visual Studio 2019\\x64\Release\Intermediate\OS\lutf8lib.obj"
         "D:\HTC\avboit\The-Forge\Examples_3\Unit_Tests\PC Visual Studio 2019\\x64\Release\Intermediate\OS\lvm.obj"
         "D:\HTC\avboit\The-Forge\Examples_3\Unit_Tests\PC Visual Studio 2019\\x64\Release\Intermediate\OS\lzio.obj"
         "D:\HTC\avboit\The-Forge\Examples_3\Unit_Tests\PC Visual Studio 2019\\x64\Release\Intermediate\OS\FontSystem.obj"
         "D:\HTC\avboit\The-Forge\Examples_3\Unit_Tests\PC Visual Studio 2019\\x64\Release\Intermediate\OS\stbtt.obj"
         "D:\HTC\avboit\The-Forge\Examples_3\Unit_Tests\PC Visual Studio 2019\\x64\Release\Intermediate\OS\CPUConfig.obj"
         "D:\HTC\avboit\The-Forge\Examples_3\Unit_Tests\PC Visual Studio 2019\\x64\Release\Intermediate\OS\impl_x86_windows.obj"
         "D:\HTC\avboit\The-Forge\Examples_3\Unit_Tests\PC Visual Studio 2019\\x64\Release\Intermediate\OS\WindowSystem.obj"
         "D:\HTC\avboit\The-Forge\Examples_3\Unit_Tests\PC Visual Studio 2019\\x64\Release\Intermediate\OS\FileSystem.obj"
         "D:\HTC\avboit\The-Forge\Examples_3\Unit_Tests\PC Visual Studio 2019\\x64\Release\Intermediate\OS\SystemRun.obj"
         "D:\HTC\avboit\The-Forge\Examples_3\Unit_Tests\PC Visual Studio 2019\\x64\Release\Intermediate\OS\Log.obj"
         "D:\HTC\avboit\The-Forge\Examples_3\Unit_Tests\PC Visual Studio 2019\\x64\Release\Intermediate\OS\Algorithms.obj"
         "D:\HTC\avboit\The-Forge\Examples_3\Unit_Tests\PC Visual Studio 2019\\x64\Release\Intermediate\OS\StbDs.obj"
         "D:\HTC\avboit\The-Forge\Examples_3\Unit_Tests\PC Visual Studio 2019\\x64\Release\Intermediate\OS\MemoryTracking.obj"
         "D:\HTC\avboit\The-Forge\Examples_3\Unit_Tests\PC Visual Studio 2019\\x64\Release\Intermediate\OS\bstrlib.obj"
         "D:\HTC\avboit\The-Forge\Examples_3\Unit_Tests\PC Visual Studio 2019\\x64\Release\Intermediate\OS\lz4.obj"
         "D:\HTC\avboit\The-Forge\Examples_3\Unit_Tests\PC Visual Studio 2019\\x64\Release\Intermediate\OS\rmem_get_module_info.obj"
         "D:\HTC\avboit\The-Forge\Examples_3\Unit_Tests\PC Visual Studio 2019\\x64\Release\Intermediate\OS\rmem_hook.obj"
         "D:\HTC\avboit\The-Forge\Examples_3\Unit_Tests\PC Visual Studio 2019\\x64\Release\Intermediate\OS\rmem_lib.obj"
         "D:\HTC\avboit\The-Forge\Examples_3\Unit_Tests\PC Visual Studio 2019\\x64\Release\Intermediate\OS\debug.obj"
         "D:\HTC\avboit\The-Forge\Examples_3\Unit_Tests\PC Visual Studio 2019\\x64\Release\Intermediate\OS\entropy_common.obj"
         "D:\HTC\avboit\The-Forge\Examples_3\Unit_Tests\PC Visual Studio 2019\\x64\Release\Intermediate\OS\error_private.obj"
         "D:\HTC\avboit\The-Forge\Examples_3\Unit_Tests\PC Visual Studio 2019\\x64\Release\Intermediate\OS\fse_decompress.obj"
         "D:\HTC\avboit\The-Forge\Examples_3\Unit_Tests\PC Visual Studio 2019\\x64\Release\Intermediate\OS\pool.obj"
         "D:\HTC\avboit\The-Forge\Examples_3\Unit_Tests\PC Visual Studio 2019\\x64\Release\Intermediate\OS\threading.obj"
         "D:\HTC\avboit\The-Forge\Examples_3\Unit_Tests\PC Visual Studio 2019\\x64\Release\Intermediate\OS\xxhash.obj"
         "D:\HTC\avboit\The-Forge\Examples_3\Unit_Tests\PC Visual Studio 2019\\x64\Release\Intermediate\OS\zstd_common.obj"
         "D:\HTC\avboit\The-Forge\Examples_3\Unit_Tests\PC Visual Studio 2019\\x64\Release\Intermediate\OS\huf_decompress.obj"
         "D:\HTC\avboit\The-Forge\Examples_3\Unit_Tests\PC Visual Studio 2019\\x64\Release\Intermediate\OS\zstd_ddict.obj"
         "D:\HTC\avboit\The-Forge\Examples_3\Unit_Tests\PC Visual Studio 2019\\x64\Release\Intermediate\OS\zstd_decompress.obj"
         "D:\HTC\avboit\The-Forge\Examples_3\Unit_Tests\PC Visual Studio 2019\\x64\Release\Intermediate\OS\zstd_decompress_block.obj"
         "D:\HTC\avboit\The-Forge\Examples_3\Unit_Tests\PC Visual Studio 2019\\x64\Release\Intermediate\OS\ThreadSystem.obj"
         "D:\HTC\avboit\The-Forge\Examples_3\Unit_Tests\PC Visual Studio 2019\\x64\Release\Intermediate\OS\Timer.obj"
         "D:\HTC\avboit\The-Forge\Examples_3\Unit_Tests\PC Visual Studio 2019\\x64\Release\Intermediate\OS\WindowsBase.obj"
         "D:\HTC\avboit\The-Forge\Examples_3\Unit_Tests\PC Visual Studio 2019\\x64\Release\Intermediate\OS\WindowsFileSystem.obj"
         "D:\HTC\avboit\The-Forge\Examples_3\Unit_Tests\PC Visual Studio 2019\\x64\Release\Intermediate\OS\WindowsLog.obj"
         "D:\HTC\avboit\The-Forge\Examples_3\Unit_Tests\PC Visual Studio 2019\\x64\Release\Intermediate\OS\WindowsStackTraceDump.obj"
         "D:\HTC\avboit\The-Forge\Examples_3\Unit_Tests\PC Visual Studio 2019\\x64\Release\Intermediate\OS\WindowsThread.obj"
         "D:\HTC\avboit\The-Forge\Examples_3\Unit_Tests\PC Visual Studio 2019\\x64\Release\Intermediate\OS\WindowsTime.obj"
         "D:\HTC\avboit\The-Forge\Examples_3\Unit_Tests\PC Visual Studio 2019\\x64\Release\Intermediate\OS\WindowsWindow.obj"
         "D:\HTC\avboit\The-Forge\Examples_3\Unit_Tests\PC Visual Studio 2019\\x64\Release\Intermediate\OS\AnimatedObject.obj"
         "D:\HTC\avboit\The-Forge\Examples_3\Unit_Tests\PC Visual Studio 2019\\x64\Release\Intermediate\OS\Animation.obj"
         "D:\HTC\avboit\The-Forge\Examples_3\Unit_Tests\PC Visual Studio 2019\\x64\Release\Intermediate\OS\Clip.obj"
         "D:\HTC\avboit\The-Forge\Examples_3\Unit_Tests\PC Visual Studio 2019\\x64\Release\Intermediate\OS\ClipController.obj"
         "D:\HTC\avboit\The-Forge\Examples_3\Unit_Tests\PC Visual Studio 2019\\x64\Release\Intermediate\OS\ClipMask.obj"
         "D:\HTC\avboit\The-Forge\Examples_3\Unit_Tests\PC Visual Studio 2019\\x64\Release\Intermediate\OS\Rig.obj"
         "D:\HTC\avboit\The-Forge\Examples_3\Unit_Tests\PC Visual Studio 2019\\x64\Release\Intermediate\OS\SkeletonBatcher.obj"
         OS.vcxproj -> D:\HTC\avboit\The-Forge\Examples_3\Unit_Tests\PC Visual Studio 2019\x64\Release\OS.lib
       PostBuildEvent:
          
               
         :VCEnd
       FinalizeBuildStatus:
         ??????“D:\HTC\avboit\The-Forge\Examples_3\Unit_Tests\PC Visual Studio 2019\\x64\Release\Intermediate\OS\OS.tlog\unsuccessfulbuild”?
         ???“D:\HTC\avboit\The-Forge\Examples_3\Unit_Tests\PC Visual Studio 2019\\x64\Release\Intermediate\OS\OS.tlog\OS.lastbuildstate”?? Touch ???
    34>???????“D:\HTC\avboit\The-Forge\Examples_3\Unit_Tests\PC Visual Studio 2019\Libraries\OS\OS.vcxproj”(????)????
     3>???????“D:\HTC\avboit\The-Forge\Examples_3\Unit_Tests\PC Visual Studio 2019\Libraries\OS\OS.vcxproj.metaproj”(????)????
     1>??“D:\HTC\avboit\The-Forge\Examples_3\Unit_Tests\PC Visual Studio 2019\Unit_Tests.sln”(1)???? 1 ???“D:\HTC\avboit\The-Forge\Common_3\Tools\BunyArchive\VisualStudio\BunyTool.vcxproj.metaproj”(23) (????)?
    23>??“D:\HTC\avboit\The-Forge\Common_3\Tools\BunyArchive\VisualStudio\BunyTool.vcxproj.metaproj”(23)???? 7 ???“D:\HTC\avboit\The-Forge\Common_3\Tools\BunyArchive\VisualStudio\BunyTool.vcxproj”(39) (????)?
    39>PrepareForBuild:
         ???????????????????????????????????,??? https://aka.ms/cpp/structured-output?
     1>??“D:\HTC\avboit\The-Forge\Examples_3\Unit_Tests\PC Visual Studio 2019\Unit_Tests.sln”(1)???? 1 ???“D:\HTC\avboit\The-Forge\Examples_3\Unit_Tests\PC Visual Studio 2019\03_MultiThread.vcxproj.metaproj”(5) (????)?
     5>??“D:\HTC\avboit\The-Forge\Examples_3\Unit_Tests\PC Visual Studio 2019\03_MultiThread.vcxproj.metaproj”(5)???? 1 ???“D:\HTC\avboit\The-Forge\Examples_3\Unit_Tests\PC Visual Studio 2019\03_MultiThread.vcxproj”(50) (????)?
    50>PrepareForBuild:
         ???????????????????????????????????,??? https://aka.ms/cpp/structured-output?
     1>??“D:\HTC\avboit\The-Forge\Examples_3\Unit_Tests\PC Visual Studio 2019\Unit_Tests.sln”(1)???? 1 ???“D:\HTC\avboit\The-Forge\Examples_3\Unit_Tests\PC Visual Studio 2019\19_CodeHotReload_Main.vcxproj.metaproj”(19) (????)?
    19>??“D:\HTC\avboit\The-Forge\Examples_3\Unit_Tests\PC Visual Studio 2019\19_CodeHotReload_Main.vcxproj.metaproj”(19)???? 3 ???“D:\HTC\avboit\The-Forge\Examples_3\Unit_Tests\PC Visual Studio 2019\19_CodeHotReload_Main.vcxproj”(38) (????)?
    38>PrepareForBuild:
         ???????????????????????????????????,??? https://aka.ms/cpp/structured-output?
     1>??“D:\HTC\avboit\The-Forge\Examples_3\Unit_Tests\PC Visual Studio 2019\Unit_Tests.sln”(1)???? 1 ???“D:\HTC\avboit\The-Forge\Examples_3\Unit_Tests\PC Visual Studio 2019\17_EntityComponentSystem.vcxproj.metaproj”(13) (????)?
    13>??“D:\HTC\avboit\The-Forge\Examples_3\Unit_Tests\PC Visual Studio 2019\17_EntityComponentSystem.vcxproj.metaproj”(13)???? 2 ???“D:\HTC\avboit\The-Forge\Examples_3\Unit_Tests\PC Visual Studio 2019\17_EntityComponentSystem.vcxproj”(46) (????)?
    46>PrepareForBuild:
         ???????????????????????????????????,??? https://aka.ms/cpp/structured-output?
     1>??“D:\HTC\avboit\The-Forge\Examples_3\Unit_Tests\PC Visual Studio 2019\Unit_Tests.sln”(1)???? 1 ???“D:\HTC\avboit\The-Forge\Examples_3\Unit_Tests\PC Visual Studio 2019\14_WaveIntrinsics.vcxproj.metaproj”(11) (????)?
    11>??“D:\HTC\avboit\The-Forge\Examples_3\Unit_Tests\PC Visual Studio 2019\14_WaveIntrinsics.vcxproj.metaproj”(11)???? 9 ???“D:\HTC\avboit\The-Forge\Examples_3\Unit_Tests\PC Visual Studio 2019\14_WaveIntrinsics.vcxproj”(49) (????)?
    49>PrepareForBuild:
         ???????????????????????????????????,??? https://aka.ms/cpp/structured-output?
    39>InitializeBuildStatus:
         ????“D:\HTC\avboit\The-Forge\Examples_3\Unit_Tests\PC Visual Studio 2019\\x64\Release\Intermediate\BunyTool\BunyTool.tlog\unsuccessfulbuild”,?????“AlwaysCreate”?
         ???“D:\HTC\avboit\The-Forge\Examples_3\Unit_Tests\PC Visual Studio 2019\\x64\Release\Intermediate\BunyTool\BunyTool.tlog\unsuccessfulbuild”?? Touch ???
    50>InitializeBuildStatus:
         ????“D:\HTC\avboit\The-Forge\Examples_3\Unit_Tests\PC Visual Studio 2019\\x64\Release\Intermediate\03_MultiThread\03_MultiThread.tlog\unsuccessfulbuild”,?????“AlwaysCreate”?
         ???“D:\HTC\avboit\The-Forge\Examples_3\Unit_Tests\PC Visual Studio 2019\\x64\Release\Intermediate\03_MultiThread\03_MultiThread.tlog\unsuccessfulbuild”?? Touch ???
     1>??“D:\HTC\avboit\The-Forge\Examples_3\Unit_Tests\PC Visual Studio 2019\Unit_Tests.sln”(1)???? 1 ???“D:\HTC\avboit\The-Forge\Examples_3\Unit_Tests\PC Visual Studio 2019\34_Input.vcxproj.metaproj”(16) (????)?
    16>??“D:\HTC\avboit\The-Forge\Examples_3\Unit_Tests\PC Visual Studio 2019\34_Input.vcxproj.metaproj”(16)???? 4 ???“D:\HTC\avboit\The-Forge\Examples_3\Unit_Tests\PC Visual Studio 2019\34_Input.vcxproj”(35) (????)?
    35>PrepareForBuild:
         ???????????????????????????????????,??? https://aka.ms/cpp/structured-output?
    38>InitializeBuildStatus:
         ????“D:\HTC\avboit\The-Forge\Examples_3\Unit_Tests\PC Visual Studio 2019\\x64\Release\Intermediate\19_CodeHotReload_Main\19_CodeH.28DEB3EA.tlog\unsuccessfulbuild”,?????“AlwaysCreate”?
     1>??“D:\HTC\avboit\The-Forge\Examples_3\Unit_Tests\PC Visual Studio 2019\Unit_Tests.sln”(1)???? 1 ???“D:\HTC\avboit\The-Forge\Examples_3\Unit_Tests\PC Visual Studio 2019\11_LinkedMultiGPU.vcxproj.metaproj”(6) (????)?
     6>??“D:\HTC\avboit\The-Forge\Examples_3\Unit_Tests\PC Visual Studio 2019\11_LinkedMultiGPU.vcxproj.metaproj”(6)???? 8 ???“D:\HTC\avboit\The-Forge\Examples_3\Unit_Tests\PC Visual Studio 2019\11_LinkedMultiGPU.vcxproj”(52) (????)?
    52>PrepareForBuild:
         ???????????????????????????????????,??? https://aka.ms/cpp/structured-output?
    38>InitializeBuildStatus:
         ???“D:\HTC\avboit\The-Forge\Examples_3\Unit_Tests\PC Visual Studio 2019\\x64\Release\Intermediate\19_CodeHotReload_Main\19_CodeH.28DEB3EA.tlog\unsuccessfulbuild”?? Touch ???
    49>InitializeBuildStatus:
         ????“D:\HTC\avboit\The-Forge\Examples_3\Unit_Tests\PC Visual Studio 2019\\x64\Release\Intermediate\14_WaveIntrinsics\14_WaveI.A0DFEBA1.tlog\unsuccessfulbuild”,?????“AlwaysCreate”?
         ???“D:\HTC\avboit\The-Forge\Examples_3\Unit_Tests\PC Visual Studio 2019\\x64\Release\Intermediate\14_WaveIntrinsics\14_WaveI.A0DFEBA1.tlog\unsuccessfulbuild”?? Touch ???
    46>InitializeBuildStatus:
         ????“D:\HTC\avboit\The-Forge\Examples_3\Unit_Tests\PC Visual Studio 2019\\x64\Release\Intermediate\17_EntityComponentSystem\17_Entit.A6E3EA66.tlog\unsuccessfulbuild”,?????“AlwaysCreate”?
         ???“D:\HTC\avboit\The-Forge\Examples_3\Unit_Tests\PC Visual Studio 2019\\x64\Release\Intermediate\17_EntityComponentSystem\17_Entit.A6E3EA66.tlog\unsuccessfulbuild”?? Touch ???
    35>InitializeBuildStatus:
         ????“D:\HTC\avboit\The-Forge\Examples_3\Unit_Tests\PC Visual Studio 2019\\x64\Release\Intermediate\34_Input\34_Input.tlog\unsuccessfulbuild”,?????“AlwaysCreate”?
         ???“D:\HTC\avboit\The-Forge\Examples_3\Unit_Tests\PC Visual Studio 2019\\x64\Release\Intermediate\34_Input\34_Input.tlog\unsuccessfulbuild”?? Touch ???
     1>??“D:\HTC\avboit\The-Forge\Examples_3\Unit_Tests\PC Visual Studio 2019\Unit_Tests.sln”(1)???? 1 ???“D:\HTC\avboit\The-Forge\Examples_3\Unit_Tests\PC Visual Studio 2019\09_LightShadowPlayground.vcxproj.metaproj”(9) (????)?
     9>??“D:\HTC\avboit\The-Forge\Examples_3\Unit_Tests\PC Visual Studio 2019\09_LightShadowPlayground.vcxproj.metaproj”(9)???? 11 ???“D:\HTC\avboit\The-Forge\Examples_3\Unit_Tests\PC Visual Studio 2019\09_LightShadowPlayground.vcxproj”(51) (????)?
    51>PrepareForBuild:
         ???????????????????????????????????,??? https://aka.ms/cpp/structured-output?
     1>??“D:\HTC\avboit\The-Forge\Examples_3\Unit_Tests\PC Visual Studio 2019\Unit_Tests.sln”(1)???? 1 ???“D:\HTC\avboit\The-Forge\Examples_3\Unit_Tests\PC Visual Studio 2019\15_Transparency.vcxproj.metaproj”(10) (????)?
    10>??“D:\HTC\avboit\The-Forge\Examples_3\Unit_Tests\PC Visual Studio 2019\15_Transparency.vcxproj.metaproj”(10)???? 10 ???“D:\HTC\avboit\The-Forge\Examples_3\Unit_Tests\PC Visual Studio 2019\15_Transparency.vcxproj”(48) (????)?
    48>PrepareForBuild:
         ???????????????????????????????????,??? https://aka.ms/cpp/structured-output?
    52>InitializeBuildStatus:
         ????“D:\HTC\avboit\The-Forge\Examples_3\Unit_Tests\PC Visual Studio 2019\\x64\Release\Intermediate\11_LinkedMultiGPU\11_Linke.3C4D4A39.tlog\unsuccessfulbuild”,?????“AlwaysCreate”?
         ???“D:\HTC\avboit\The-Forge\Examples_3\Unit_Tests\PC Visual Studio 2019\\x64\Release\Intermediate\11_LinkedMultiGPU\11_Linke.3C4D4A39.tlog\unsuccessfulbuild”?? Touch ???
    51>InitializeBuildStatus:
         ????“D:\HTC\avboit\The-Forge\Examples_3\Unit_Tests\PC Visual Studio 2019\\x64\Release\Intermediate\09_LightShadowPlayground\09_Light.57CC1131.tlog\unsuccessfulbuild”,?????“AlwaysCreate”?
    48>InitializeBuildStatus:
         ???“D:\HTC\avboit\The-Forge\Examples_3\Unit_Tests\PC Visual Studio 2019\\x64\Release\Intermediate\15_Transparency\15_Transparency.tlog\unsuccessfulbuild”?? Touch ???
    51>InitializeBuildStatus:
         ???“D:\HTC\avboit\The-Forge\Examples_3\Unit_Tests\PC Visual Studio 2019\\x64\Release\Intermediate\09_LightShadowPlayground\09_Light.57CC1131.tlog\unsuccessfulbuild”?? Touch ???
     1>??“D:\HTC\avboit\The-Forge\Examples_3\Unit_Tests\PC Visual Studio 2019\Unit_Tests.sln”(1)???? 1 ???“D:\HTC\avboit\The-Forge\Examples_3\Unit_Tests\PC Visual Studio 2019\10_ScreenSpaceReflections.vcxproj.metaproj”(8) (????)?
     8>??“D:\HTC\avboit\The-Forge\Examples_3\Unit_Tests\PC Visual Studio 2019\10_ScreenSpaceReflections.vcxproj.metaproj”(8)???? 6 ???“D:\HTC\avboit\The-Forge\Examples_3\Unit_Tests\PC Visual Studio 2019\10_ScreenSpaceReflections.vcxproj”(53) (????)?
    53>PrepareForBuild:
         ???????????????????????????????????,??? https://aka.ms/cpp/structured-output?
     1>??“D:\HTC\avboit\The-Forge\Examples_3\Unit_Tests\PC Visual Studio 2019\Unit_Tests.sln”(1)???? 1 ???“D:\HTC\avboit\The-Forge\Examples_3\Unit_Tests\PC Visual Studio 2019\39_ParticleSystem.vcxproj.metaproj”(24) (????)?
    24>??“D:\HTC\avboit\The-Forge\Examples_3\Unit_Tests\PC Visual Studio 2019\39_ParticleSystem.vcxproj.metaproj”(24)???? 2 ???“D:\HTC\avboit\The-Forge\Examples_3\Unit_Tests\PC Visual Studio 2019\39_ParticleSystem.vcxproj”(42) (????)?
    42>PrepareForBuild:
         ???????????????????????????????????,??? https://aka.ms/cpp/structured-output?
     2>??“D:\HTC\avboit\The-Forge\Examples_3\Unit_Tests\PC Visual Studio 2019\01_Transformations.vcxproj.metaproj”(2)???? 9 ???“D:\HTC\avboit\The-Forge\Examples_3\Unit_Tests\PC Visual Studio 2019\01_Transformations.vcxproj”(41) (????)?
    41>PrepareForBuild:
         ???????????????????????????????????,??? https://aka.ms/cpp/structured-output?
    53>InitializeBuildStatus:
         ????“D:\HTC\avboit\The-Forge\Examples_3\Unit_Tests\PC Visual Studio 2019\\x64\Release\Intermediate\10_ScreenSpaceReflections\10_Scree.DA983663.tlog\unsuccessfulbuild”,?????“AlwaysCreate”?
     1>??“D:\HTC\avboit\The-Forge\Examples_3\Unit_Tests\PC Visual Studio 2019\Unit_Tests.sln”(1)???? 1 ???“D:\HTC\avboit\The-Forge\Examples_3\Unit_Tests\PC Visual Studio 2019\06_MaterialPlayground.vcxproj.metaproj”(7) (????)?
     7>??“D:\HTC\avboit\The-Forge\Examples_3\Unit_Tests\PC Visual Studio 2019\06_MaterialPlayground.vcxproj.metaproj”(7)???? 5 ???“D:\HTC\avboit\The-Forge\Examples_3\Unit_Tests\PC Visual Studio 2019\06_MaterialPlayground.vcxproj”(54) (????)?
    54>PrepareForBuild:
         ???????????????????????????????????,??? https://aka.ms/cpp/structured-output?
     1>??“D:\HTC\avboit\The-Forge\Examples_3\Unit_Tests\PC Visual Studio 2019\Unit_Tests.sln”(1)???? 1 ???“D:\HTC\avboit\The-Forge\Common_3\Tools\AssetPipeline\Win64\AssetPipelineCmd.vcxproj.metaproj”(20) (????)?
    20>??“D:\HTC\avboit\The-Forge\Common_3\Tools\AssetPipeline\Win64\AssetPipelineCmd.vcxproj.metaproj”(20)???? 8 ???“D:\HTC\avboit\The-Forge\Common_3\Tools\AssetPipeline\Win64\AssetPipelineCmd.vcxproj”(43) (????)?
    43>PrepareForBuild:
         ???????????????????????????????????,??? https://aka.ms/cpp/structured-output?
    53>InitializeBuildStatus:
         ???“D:\HTC\avboit\The-Forge\Examples_3\Unit_Tests\PC Visual Studio 2019\\x64\Release\Intermediate\10_ScreenSpaceReflections\10_Scree.DA983663.tlog\unsuccessfulbuild”?? Touch ???
    41>InitializeBuildStatus:
         ????“D:\HTC\avboit\The-Forge\Examples_3\Unit_Tests\PC Visual Studio 2019\\x64\Release\Intermediate\01_Transformations\01_Trans.5938554B.tlog\unsuccessfulbuild”,?????“AlwaysCreate”?
    42>InitializeBuildStatus:
         ???“D:\HTC\avboit\The-Forge\Examples_3\Unit_Tests\PC Visual Studio 2019\\x64\Release\Intermediate\39_ParticleSystem\39_Parti.C3E55E0E.tlog\unsuccessfulbuild”?? Touch ???
    41>InitializeBuildStatus:
         ???“D:\HTC\avboit\The-Forge\Examples_3\Unit_Tests\PC Visual Studio 2019\\x64\Release\Intermediate\01_Transformations\01_Trans.5938554B.tlog\unsuccessfulbuild”?? Touch ???
    43>InitializeBuildStatus:
         ????“D:\HTC\avboit\The-Forge\Examples_3\Unit_Tests\PC Visual Studio 2019\\x64\Release\Intermediate\AssetPipelineCmd\AssetPipelineCmd.tlog\unsuccessfulbuild”,?????“AlwaysCreate”?
    54>InitializeBuildStatus:
         ????“D:\HTC\avboit\The-Forge\Examples_3\Unit_Tests\PC Visual Studio 2019\\x64\Release\Intermediate\06_MaterialPlayground\06_Mater.611831C0.tlog\unsuccessfulbuild”,?????“AlwaysCreate”?
         ???“D:\HTC\avboit\The-Forge\Examples_3\Unit_Tests\PC Visual Studio 2019\\x64\Release\Intermediate\06_MaterialPlayground\06_Mater.611831C0.tlog\unsuccessfulbuild”?? Touch ???
    43>InitializeBuildStatus:
         ???“D:\HTC\avboit\The-Forge\Examples_3\Unit_Tests\PC Visual Studio 2019\\x64\Release\Intermediate\AssetPipelineCmd\AssetPipelineCmd.tlog\unsuccessfulbuild”?? Touch ???
     1>??“D:\HTC\avboit\The-Forge\Examples_3\Unit_Tests\PC Visual Studio 2019\Unit_Tests.sln”(1)???? 1 ???“D:\HTC\avboit\The-Forge\Examples_3\Unit_Tests\PC Visual Studio 2019\16_Raytracing.vcxproj.metaproj”(12) (????)?
    12>??“D:\HTC\avboit\The-Forge\Examples_3\Unit_Tests\PC Visual Studio 2019\16_Raytracing.vcxproj.metaproj”(12)???? 7 ???“D:\HTC\avboit\The-Forge\Examples_3\Unit_Tests\PC Visual Studio 2019\16_Raytracing.vcxproj”(47) (????)?
    47>PrepareForBuild:
         ???????????????????????????????????,??? https://aka.ms/cpp/structured-output?
       InitializeBuildStatus:
         ????“D:\HTC\avboit\The-Forge\Examples_3\Unit_Tests\PC Visual Studio 2019\\x64\Release\Intermediate\16_Raytracing\16_Raytracing.tlog\unsuccessfulbuild”,?????“AlwaysCreate”?
         ???“D:\HTC\avboit\The-Forge\Examples_3\Unit_Tests\PC Visual Studio 2019\\x64\Release\Intermediate\16_Raytracing\16_Raytracing.tlog\unsuccessfulbuild”?? Touch ???
     1>??“D:\HTC\avboit\The-Forge\Examples_3\Unit_Tests\PC Visual Studio 2019\Unit_Tests.sln”(1)???? 1 ???“D:\HTC\avboit\The-Forge\Examples_3\Unit_Tests\PC Visual Studio 2019\36_AlgorithmsAndContainers.vcxproj.metaproj”(21) (????)?
    21>??“D:\HTC\avboit\The-Forge\Examples_3\Unit_Tests\PC Visual Studio 2019\36_AlgorithmsAndContainers.vcxproj.metaproj”(21)???? 5 ???“D:\HTC\avboit\The-Forge\Examples_3\Unit_Tests\PC Visual Studio 2019\36_AlgorithmsAndContainers.vcxproj”(36) (????)?
    36>PrepareForBuild:
         ???????????????????????????????????,??? https://aka.ms/cpp/structured-output?
       InitializeBuildStatus:
         ???“D:\HTC\avboit\The-Forge\Examples_3\Unit_Tests\PC Visual Studio 2019\\x64\Release\Intermediate\36_AlgorithmsAndContainers\36_Algor.BD99E69F.tlog\unsuccessfulbuild”?? Touch ???
       ClCompile:
         ?????????
         ?????????
       Link:
         E:\tools\Microsoft Visual Studio\2022\Community\VC\Tools\MSVC\14.38.33130\bin\HostX86\x64\link.exe /ERRORREPORT:QUEUE /OUT:"D:\HTC\avboit\The-Forge\Examples_3\Unit_Tests\PC Visual Studio 2019\x64\Release\36_AlgorithmsAndContainers\36_AlgorithmsAndContainers.exe" /INCREMENTAL:NO /NOLOGO Xinput9_1_0.lib ws2_32.lib gainputstatic.lib OS.lib Renderer.lib kernel32.lib user32.lib gdi32.lib winspool.lib comdlg32.lib advapi32.lib shell32.lib ole32.lib oleaut32.lib uuid.lib odbc32.lib odbccp32.lib /MANIFEST /MANIFESTUAC:"level='asInvoker' uiAccess='false'" /manifest:embed /manifestinput:"D:\HTC\avboit\The-Forge\Examples_3\Unit_Tests\PC Visual Studio 2019\dpi-aware.manifest" /DEBUG /PDB:"D:\HTC\avboit\The-Forge\Examples_3\Unit_Tests\PC Visual Studio 2019\x64\Release\36_AlgorithmsAndContainers\36_AlgorithmsAndContainers.pdb" /SUBSYSTEM:WINDOWS /OPT:REF /OPT:ICF /LTCG:incremental /LTCGOUT:"D:\HTC\avboit\The-Forge\Examples_3\Unit_Tests\PC Visual Studio 2019\\x64\Release\Intermediate\36_AlgorithmsAndContainers\36_AlgorithmsAndContainers.iobj" /TLBID:1 /ENTRY:"mainCRTStartup" /DYNAMICBASE /NXCOMPAT /IMPLIB:"D:\HTC\avboit\The-Forge\Examples_3\Unit_Tests\PC Visual Studio 2019\x64\Release\36_AlgorithmsAndContainers\36_AlgorithmsAndContainers.lib" /MACHINE:X64 /ignore:4099 "D:\HTC\avboit\The-Forge\Examples_3\Unit_Tests\PC Visual Studio 2019\\x64\Release\Intermediate\36_AlgorithmsAndContainers\36_AlgorithmsAndContainers.obj"
         "D:\HTC\avboit\The-Forge\Examples_3\Unit_Tests\PC Visual Studio 2019\\x64\Release\Intermediate\36_AlgorithmsAndContainers\AlgorithmsTest.obj"
     1>??“D:\HTC\avboit\The-Forge\Examples_3\Unit_Tests\PC Visual Studio 2019\Unit_Tests.sln”(1)???? 1 ???“D:\HTC\avboit\The-Forge\Examples_3\Unit_Tests\PC Visual Studio 2019\28_Skinning.vcxproj.metaproj”(14) (????)?
    14>??“D:\HTC\avboit\The-Forge\Examples_3\Unit_Tests\PC Visual Studio 2019\28_Skinning.vcxproj.metaproj”(14)???? 12 ???“D:\HTC\avboit\The-Forge\Examples_3\Unit_Tests\PC Visual Studio 2019\28_Skinning.vcxproj”(55) (????)?
    55>PrepareForBuild:
         ???????????????????????????????????,??? https://aka.ms/cpp/structured-output?
       InitializeBuildStatus:
         ????“D:\HTC\avboit\The-Forge\Examples_3\Unit_Tests\PC Visual Studio 2019\\x64\Release\Intermediate\28_Skinning\28_Skinning.tlog\unsuccessfulbuild”,?????“AlwaysCreate”?
         ???“D:\HTC\avboit\The-Forge\Examples_3\Unit_Tests\PC Visual Studio 2019\\x64\Release\Intermediate\28_Skinning\28_Skinning.tlog\unsuccessfulbuild”?? Touch ???
    35>ClCompile:
         ?????????
    46>ClCompile:
         ?????????
         ?????????
    35>Link:
         E:\tools\Microsoft Visual Studio\2022\Community\VC\Tools\MSVC\14.38.33130\bin\HostX86\x64\link.exe /ERRORREPORT:QUEUE /OUT:"D:\HTC\avboit\The-Forge\Examples_3\Unit_Tests\PC Visual Studio 2019\x64\Release\34_Input\34_Input.exe" /INCREMENTAL:NO /NOLOGO Xinput9_1_0.lib ws2_32.lib gainputstatic.lib Renderer.lib OS.lib kernel32.lib user32.lib gdi32.lib winspool.lib comdlg32.lib advapi32.lib shell32.lib ole32.lib oleaut32.lib uuid.lib odbc32.lib odbccp32.lib /MANIFEST /MANIFESTUAC:"level='asInvoker' uiAccess='false'" /manifest:embed /manifestinput:"D:\HTC\avboit\The-Forge\Examples_3\Unit_Tests\PC Visual Studio 2019\dpi-aware.manifest" /DEBUG /PDB:"D:\HTC\avboit\The-Forge\Examples_3\Unit_Tests\PC Visual Studio 2019\x64\Release\34_Input\34_Input.pdb" /SUBSYSTEM:WINDOWS /OPT:REF /OPT:ICF /LTCG:incremental /LTCGOUT:"D:\HTC\avboit\The-Forge\Examples_3\Unit_Tests\PC Visual Studio 2019\\x64\Release\Intermediate\34_Input\34_Input.iobj" /TLBID:1 /ENTRY:"mainCRTStartup" /DYNAMICBASE /NXCOMPAT /IMPLIB:"D:\HTC\avboit\The-Forge\Examples_3\Unit_Tests\PC Visual Studio 2019\x64\Release\34_Input\34_Input.lib" /MACHINE:X64 /ignore:4099 "D:\HTC\avboit\The-Forge\Examples_3\Unit_Tests\PC Visual Studio 2019\\x64\Release\Intermediate\34_Input\34_Input.obj"
         "D:\HTC\avboit\The-Forge\Examples_3\Unit_Tests\PC Visual Studio 2019\x64\Release\gainputstatic.lib"
         "D:\HTC\avboit\The-Forge\Examples_3\Unit_Tests\PC Visual Studio 2019\x64\Release\OS.lib"
    46>Link:
         E:\tools\Microsoft Visual Studio\2022\Community\VC\Tools\MSVC\14.38.33130\bin\HostX86\x64\link.exe /ERRORREPORT:QUEUE /OUT:"D:\HTC\avboit\The-Forge\Examples_3\Unit_Tests\PC Visual Studio 2019\x64\Release\17_EntityComponentSystem\17_EntityComponentSystem.exe" /INCREMENTAL:NO /NOLOGO Xinput9_1_0.lib ws2_32.lib gainputstatic.lib Renderer.lib OS.lib kernel32.lib user32.lib gdi32.lib winspool.lib comdlg32.lib advapi32.lib shell32.lib ole32.lib oleaut32.lib uuid.lib odbc32.lib odbccp32.lib /MANIFEST /MANIFESTUAC:"level='asInvoker' uiAccess='false'" /manifest:embed /manifestinput:"D:\HTC\avboit\The-Forge\Examples_3\Unit_Tests\PC Visual Studio 2019\dpi-aware.manifest" /DEBUG /PDB:"D:\HTC\avboit\The-Forge\Examples_3\Unit_Tests\PC Visual Studio 2019\x64\Release\17_EntityComponentSystem\17_EntityComponentSystem.pdb" /SUBSYSTEM:WINDOWS /OPT:REF /OPT:ICF /LTCG:incremental /LTCGOUT:"D:\HTC\avboit\The-Forge\Examples_3\Unit_Tests\PC Visual Studio 2019\\x64\Release\Intermediate\17_EntityComponentSystem\17_EntityComponentSystem.iobj" /TLBID:1 /ENTRY:"mainCRTStartup" /DYNAMICBASE /NXCOMPAT /IMPLIB:"D:\HTC\avboit\The-Forge\Examples_3\Unit_Tests\PC Visual Studio 2019\x64\Release\17_EntityComponentSystem\17_EntityComponentSystem.lib" /MACHINE:X64 /ignore:4099 "D:\HTC\avboit\The-Forge\Examples_3\Unit_Tests\PC Visual Studio 2019\\x64\Release\Intermediate\17_EntityComponentSystem\flecs.obj"
         "D:\HTC\avboit\The-Forge\Examples_3\Unit_Tests\PC Visual Studio 2019\\x64\Release\Intermediate\17_EntityComponentSystem\17_EntityComponentSystem.obj"
    36>Link:
            Creating library D:\HTC\avboit\The-Forge\Examples_3\Unit_Tests\PC Visual Studio 2019\x64\Release\36_AlgorithmsAndContainers\36_AlgorithmsAndContainers.lib and object D:\HTC\avboit\The-Forge\Examples_3\Unit_Tests\PC Visual Studio 2019\x64\Release\36_AlgorithmsAndContainers\36_AlgorithmsAndContainers.exp
    52>ClCompile:
         ?????????
       Link:
         E:\tools\Microsoft Visual Studio\2022\Community\VC\Tools\MSVC\14.38.33130\bin\HostX86\x64\link.exe /ERRORREPORT:QUEUE /OUT:"D:\HTC\avboit\The-Forge\Examples_3\Unit_Tests\PC Visual Studio 2019\x64\Release\11_LinkedMultiGPU\11_LinkedMultiGPU.exe" /INCREMENTAL:NO /NOLOGO Xinput9_1_0.lib ws2_32.lib gainputstatic.lib Renderer.lib OS.lib kernel32.lib user32.lib gdi32.lib winspool.lib comdlg32.lib advapi32.lib shell32.lib ole32.lib oleaut32.lib uuid.lib odbc32.lib odbccp32.lib /MANIFEST /MANIFESTUAC:"level='asInvoker' uiAccess='false'" /manifest:embed /manifestinput:"D:\HTC\avboit\The-Forge\Examples_3\Unit_Tests\PC Visual Studio 2019\dpi-aware.manifest" /DEBUG /PDB:"D:\HTC\avboit\The-Forge\Examples_3\Unit_Tests\PC Visual Studio 2019\x64\Release\11_LinkedMultiGPU\11_LinkedMultiGPU.pdb" /SUBSYSTEM:WINDOWS /OPT:REF /OPT:ICF /LTCG:incremental /LTCGOUT:"D:\HTC\avboit\The-Forge\Examples_3\Unit_Tests\PC Visual Studio 2019\\x64\Release\Intermediate\11_LinkedMultiGPU\11_LinkedMultiGPU.iobj" /TLBID:1 /ENTRY:"mainCRTStartup" /DYNAMICBASE /NXCOMPAT /IMPLIB:"D:\HTC\avboit\The-Forge\Examples_3\Unit_Tests\PC Visual Studio 2019\x64\Release\11_LinkedMultiGPU\11_LinkedMultiGPU.lib" /MACHINE:X64 /ignore:4099 "D:\HTC\avboit\The-Forge\Examples_3\Unit_Tests\PC Visual Studio 2019\\x64\Release\Intermediate\11_LinkedMultiGPU\Panini.obj"
         "D:\HTC\avboit\The-Forge\Examples_3\Unit_Tests\PC Visual Studio 2019\\x64\Release\Intermediate\11_LinkedMultiGPU\11_MultiGPU.obj"
    36>Link:
         Generating code
    47>ClCompile:
         ?????????
    41>ClCompile:
         ?????????
    50>ClCompile:
         ?????????
    41>Link:
         E:\tools\Microsoft Visual Studio\2022\Community\VC\Tools\MSVC\14.38.33130\bin\HostX86\x64\link.exe /ERRORREPORT:QUEUE /OUT:"D:\HTC\avboit\The-Forge\Examples_3\Unit_Tests\PC Visual Studio 2019\x64\Release\01_Transformations\01_Transformations.exe" /INCREMENTAL:NO /NOLOGO Xinput9_1_0.lib ws2_32.lib gainputstatic.lib Renderer.lib OS.lib kernel32.lib user32.lib gdi32.lib winspool.lib comdlg32.lib advapi32.lib shell32.lib ole32.lib oleaut32.lib uuid.lib odbc32.lib odbccp32.lib /MANIFEST /MANIFESTUAC:"level='asInvoker' uiAccess='false'" /manifest:embed /manifestinput:"D:\HTC\avboit\The-Forge\Examples_3\Unit_Tests\PC Visual Studio 2019\dpi-aware.manifest" /DEBUG /PDB:"D:\HTC\avboit\The-Forge\Examples_3\Unit_Tests\PC Visual Studio 2019\x64\Release\01_Transformations\01_Transformations.pdb" /SUBSYSTEM:WINDOWS /OPT:REF /OPT:ICF /LTCG:incremental /LTCGOUT:"D:\HTC\avboit\The-Forge\Examples_3\Unit_Tests\PC Visual Studio 2019\\x64\Release\Intermediate\01_Transformations\01_Transformations.iobj" /TLBID:1 /ENTRY:"mainCRTStartup" /DYNAMICBASE /NXCOMPAT /IMPLIB:"D:\HTC\avboit\The-Forge\Examples_3\Unit_Tests\PC Visual Studio 2019\x64\Release\01_Transformations\01_Transformations.lib" /MACHINE:X64 /ignore:4099 "D:\HTC\avboit\The-Forge\Examples_3\Unit_Tests\PC Visual Studio 2019\\x64\Release\Intermediate\01_Transformations\01_Transformations.obj"
    47>Link:
         E:\tools\Microsoft Visual Studio\2022\Community\VC\Tools\MSVC\14.38.33130\bin\HostX86\x64\link.exe /ERRORREPORT:QUEUE /OUT:"D:\HTC\avboit\The-Forge\Examples_3\Unit_Tests\PC Visual Studio 2019\x64\Release\16_Raytracing\16_Raytracing.exe" /INCREMENTAL:NO /NOLOGO Xinput9_1_0.lib ws2_32.lib gainputstatic.lib Renderer.lib OS.lib kernel32.lib user32.lib gdi32.lib winspool.lib comdlg32.lib advapi32.lib shell32.lib ole32.lib oleaut32.lib uuid.lib odbc32.lib odbccp32.lib /MANIFEST /MANIFESTUAC:"level='asInvoker' uiAccess='false'" /manifest:embed /manifestinput:"D:\HTC\avboit\The-Forge\Examples_3\Unit_Tests\PC Visual Studio 2019\dpi-aware.manifest" /DEBUG /PDB:"D:\HTC\avboit\The-Forge\Examples_3\Unit_Tests\PC Visual Studio 2019\x64\Release\16_Raytracing\16_Raytracing.pdb" /SUBSYSTEM:WINDOWS /OPT:REF /OPT:ICF /LTCG:incremental /LTCGOUT:"D:\HTC\avboit\The-Forge\Examples_3\Unit_Tests\PC Visual Studio 2019\\x64\Release\Intermediate\16_Raytracing\16_Raytracing.iobj" /TLBID:1 /ENTRY:"mainCRTStartup" /DYNAMICBASE /NXCOMPAT /IMPLIB:"D:\HTC\avboit\The-Forge\Examples_3\Unit_Tests\PC Visual Studio 2019\x64\Release\16_Raytracing\16_Raytracing.lib" /MACHINE:X64 /ignore:4099 "D:\HTC\avboit\The-Forge\Examples_3\Unit_Tests\PC Visual Studio 2019\\x64\Release\Intermediate\16_Raytracing\SanMiguel.obj"
         "D:\HTC\avboit\The-Forge\Examples_3\Unit_Tests\PC Visual Studio 2019\\x64\Release\Intermediate\16_Raytracing\16_Raytracing.obj"
    50>Link:
         E:\tools\Microsoft Visual Studio\2022\Community\VC\Tools\MSVC\14.38.33130\bin\HostX86\x64\link.exe /ERRORREPORT:QUEUE /OUT:"D:\HTC\avboit\The-Forge\Examples_3\Unit_Tests\PC Visual Studio 2019\x64\Release\03_MultiThread\03_MultiThread.exe" /INCREMENTAL:NO /NOLOGO Xinput9_1_0.lib ws2_32.lib gainputstatic.lib Renderer.lib OS.lib kernel32.lib user32.lib gdi32.lib winspool.lib comdlg32.lib advapi32.lib shell32.lib ole32.lib oleaut32.lib uuid.lib odbc32.lib odbccp32.lib /MANIFEST /MANIFESTUAC:"level='asInvoker' uiAccess='false'" /manifest:embed /manifestinput:"D:\HTC\avboit\The-Forge\Examples_3\Unit_Tests\PC Visual Studio 2019\dpi-aware.manifest" /DEBUG /PDB:"D:\HTC\avboit\The-Forge\Examples_3\Unit_Tests\PC Visual Studio 2019\x64\Release\03_MultiThread\03_MultiThread.pdb" /SUBSYSTEM:WINDOWS /OPT:REF /OPT:ICF /LTCG:incremental /LTCGOUT:"D:\HTC\avboit\The-Forge\Examples_3\Unit_Tests\PC Visual Studio 2019\\x64\Release\Intermediate\03_MultiThread\03_MultiThread.iobj" /TLBID:1 /ENTRY:"mainCRTStartup" /DYNAMICBASE /NXCOMPAT /IMPLIB:"D:\HTC\avboit\The-Forge\Examples_3\Unit_Tests\PC Visual Studio 2019\x64\Release\03_MultiThread\03_MultiThread.lib" /MACHINE:X64 /ignore:4099 "D:\HTC\avboit\The-Forge\Examples_3\Unit_Tests\PC Visual Studio 2019\\x64\Release\Intermediate\03_MultiThread\03_MultiThread.obj"
    35>Link:
            Creating library D:\HTC\avboit\The-Forge\Examples_3\Unit_Tests\PC Visual Studio 2019\x64\Release\34_Input\34_Input.lib and object D:\HTC\avboit\The-Forge\Examples_3\Unit_Tests\PC Visual Studio 2019\x64\Release\34_Input\34_Input.exp
    46>Link:
            Creating library D:\HTC\avboit\The-Forge\Examples_3\Unit_Tests\PC Visual Studio 2019\x64\Release\17_EntityComponentSystem\17_EntityComponentSystem.lib and object D:\HTC\avboit\The-Forge\Examples_3\Unit_Tests\PC Visual Studio 2019\x64\Release\17_EntityComponentSystem\17_EntityComponentSystem.exp
    35>Link:
         Generating code
    46>Link:
         Generating code
    52>Link:
            Creating library D:\HTC\avboit\The-Forge\Examples_3\Unit_Tests\PC Visual Studio 2019\x64\Release\11_LinkedMultiGPU\11_LinkedMultiGPU.lib and object D:\HTC\avboit\The-Forge\Examples_3\Unit_Tests\PC Visual Studio 2019\x64\Release\11_LinkedMultiGPU\11_LinkedMultiGPU.exp
         Generating code
    47>Link:
            Creating library D:\HTC\avboit\The-Forge\Examples_3\Unit_Tests\PC Visual Studio 2019\x64\Release\16_Raytracing\16_Raytracing.lib and object D:\HTC\avboit\The-Forge\Examples_3\Unit_Tests\PC Visual Studio 2019\x64\Release\16_Raytracing\16_Raytracing.exp
    41>Link:
            Creating library D:\HTC\avboit\The-Forge\Examples_3\Unit_Tests\PC Visual Studio 2019\x64\Release\01_Transformations\01_Transformations.lib and object D:\HTC\avboit\The-Forge\Examples_3\Unit_Tests\PC Visual Studio 2019\x64\Release\01_Transformations\01_Transformations.exp
    50>Link:
            Creating library D:\HTC\avboit\The-Forge\Examples_3\Unit_Tests\PC Visual Studio 2019\x64\Release\03_MultiThread\03_MultiThread.lib and object D:\HTC\avboit\The-Forge\Examples_3\Unit_Tests\PC Visual Studio 2019\x64\Release\03_MultiThread\03_MultiThread.exp
    47>Link:
         Generating code
    41>Link:
         Generating code
    50>Link:
         Generating code
    36>Link:
         0 of 11144 functions ( 0.0%) were compiled, the rest were copied from previous compilation.
           0 functions were new in current compilation
           0 functions had inline decision re-evaluated but remain unchanged
         Finished generating code
    35>Link:
         0 of 11501 functions ( 0.0%) were compiled, the rest were copied from previous compilation.
           0 functions were new in current compilation
           0 functions had inline decision re-evaluated but remain unchanged
         Finished generating code
    46>Link:
         0 of 12507 functions ( 0.0%) were compiled, the rest were copied from previous compilation.
           0 functions were new in current compilation
           0 functions had inline decision re-evaluated but remain unchanged
    52>Link:
         0 of 11553 functions ( 0.0%) were compiled, the rest were copied from previous compilation.
           0 functions were new in current compilation
           0 functions had inline decision re-evaluated but remain unchanged
    46>Link:
         Finished generating code
    52>Link:
         Finished generating code
    47>Link:
         0 of 11564 functions ( 0.0%) were compiled, the rest were copied from previous compilation.
           0 functions were new in current compilation
           0 functions had inline decision re-evaluated but remain unchanged
    41>Link:
         0 of 11557 functions ( 0.0%) were compiled, the rest were copied from previous compilation.
           0 functions were new in current compilation
           0 functions had inline decision re-evaluated but remain unchanged
    50>Link:
         0 of 11559 functions ( 0.0%) were compiled, the rest were copied from previous compilation.
           0 functions were new in current compilation
           0 functions had inline decision re-evaluated but remain unchanged
    47>Link:
         Finished generating code
    41>Link:
         Finished generating code
    50>Link:
         Finished generating code
    36>Link:
         36_AlgorithmsAndContainers.vcxproj -> D:\HTC\avboit\The-Forge\Examples_3\Unit_Tests\PC Visual Studio 2019\x64\Release\36_AlgorithmsAndContainers\36_AlgorithmsAndContainers.exe
       CustomBuildStep:
       ??????“CustomBuildStep”,????????
       CustomBuildStep:
       ??????“CustomBuildStep”,????????
       PostBuildEvent:
         
                 xcopy "D:\HTC\avboit\The-Forge\Examples_3\Unit_Tests\PC Visual Studio 2019\..\..\..\Common_3\Graphics\ThirdParty\OpenSource\VulkanSDK\bin\Win32\*.dll" "D:\HTC\avboit\The-Forge\Examples_3\Unit_Tests\PC Visual Studio 2019\x64\Release\36_AlgorithmsAndContainers\" /S /Y /D
                 xcopy "D:\HTC\avboit\The-Forge\Examples_3\Unit_Tests\PC Visual Studio 2019\..\..\..\Common_3\Graphics\ThirdParty\OpenSource\VulkanSDK\bin\Win32\*.json" "D:\HTC\avboit\The-Forge\Examples_3\Unit_Tests\PC Visual Studio 2019\x64\Release\36_AlgorithmsAndContainers\" /S /Y /D
                 xcopy "D:\HTC\avboit\The-Forge\Examples_3\Unit_Tests\PC Visual Studio 2019\..\..\..\Common_3\Graphics\ThirdParty\OpenSource\ags\ags_lib\lib\amd_ags_x64.dll" "D:\HTC\avboit\The-Forge\Examples_3\Unit_Tests\PC Visual Studio 2019\x64\Release\36_AlgorithmsAndContainers\amd_ags_x64.dll"* /S /Y /D
                 xcopy "D:\HTC\avboit\The-Forge\Examples_3\Unit_Tests\PC Visual Studio 2019\..\..\..\Common_3\Graphics\ThirdParty\OpenSource\DirectXShaderCompiler\bin\x64\dxcompiler.dll" "D:\HTC\avboit\The-Forge\Examples_3\Unit_Tests\PC Visual Studio 2019\x64\Release\36_AlgorithmsAndContainers\dxcompiler.dll"* /S /Y /D
                 xcopy "D:\HTC\avboit\The-Forge\Examples_3\Unit_Tests\PC Visual Studio 2019\..\..\..\Common_3\Graphics\ThirdParty\OpenSource\Direct3d12Agility\bin\x64\*.dll" "D:\HTC\avboit\The-Forge\Examples_3\Unit_Tests\PC Visual Studio 2019\x64\Release\36_AlgorithmsAndContainers\"* /S /Y /D
                 xcopy "D:\HTC\avboit\The-Forge\Examples_3\Unit_Tests\PC Visual Studio 2019\..\..\..\Common_3\OS\ThirdParty\OpenSource\winpixeventruntime\bin\WinPixEventRuntime.dll" "D:\HTC\avboit\The-Forge\Examples_3\Unit_Tests\PC Visual Studio 2019\x64\Release\36_AlgorithmsAndContainers\WinPixEventRunTime.dll"* /S /Y /D
                 
               
         xcopy "D:\HTC\avboit\The-Forge\Examples_3\Unit_Tests\PC Visual Studio 2019\..\..\..\Art\UnitTestResources\Scripts\*.*" "D:\HTC\avboit\The-Forge\Examples_3\Unit_Tests\PC Visual Studio 2019\x64\Release\36_AlgorithmsAndContainers\Scripts\" /s /y
         :VCEnd
    48>ClCompile:
         ?????????
    36>PostBuildEvent:
         0 File(s) copied
    48>ClCompile:
         E:\tools\Microsoft Visual Studio\2022\Community\VC\Tools\MSVC\14.38.33130\bin\HostX86\x64\CL.exe /c /Z7 /nologo /W4 /WX /diagnostics:column /MP /O2 /Oi /GL /D D3D12_AGILITY_SDK=1 /D D3D12_AGILITY_SDK_VERSION=611 /D _HAS_EXCEPTIONS=0 /D _UNICODE /D UNICODE /Gm- /MD /GS /Gy /fp:precise /Zc:wchar_t /Zc:forScope /Zc:inline /GR- /permissive- /Fo"D:\HTC\avboit\The-Forge\Examples_3\Unit_Tests\PC Visual Studio 2019\\x64\Release\Intermediate\15_Transparency\\" /Fd"D:\HTC\avboit\The-Forge\Examples_3\Unit_Tests\PC Visual Studio 2019\\x64\Release\Intermediate\15_Transparency\vc143.pdb" /external:W4 /Gd /TP /wd4201 /wd4324 /wd4127 /FC /errorReport:queue ..\src\15_Transparency\15_Transparency.cpp
    36>PostBuildEvent:
         0 File(s) copied
     1>??“D:\HTC\avboit\The-Forge\Examples_3\Unit_Tests\PC Visual Studio 2019\Unit_Tests.sln”(1)???? 1 ???“D:\HTC\avboit\The-Forge\Examples_3\Unit_Tests\PC Visual Studio 2019\11a_UnlinkedMultiGPU.vcxproj.metaproj”(17) (????)?
    17>??“D:\HTC\avboit\The-Forge\Examples_3\Unit_Tests\PC Visual Studio 2019\11a_UnlinkedMultiGPU.vcxproj.metaproj”(17)???? 10 ???“D:\HTC\avboit\The-Forge\Examples_3\Unit_Tests\PC Visual Studio 2019\11a_UnlinkedMultiGPU.vcxproj”(44) (????)?
    44>PrepareForBuild:
         ???????????????????????????????????,??? https://aka.ms/cpp/structured-output?
       InitializeBuildStatus:
         ????“D:\HTC\avboit\The-Forge\Examples_3\Unit_Tests\PC Visual Studio 2019\\x64\Release\Intermediate\11a_UnlinkedMultiGPU\11a_Unli.765fe836.tlog\unsuccessfulbuild”,?????“AlwaysCreate”?
         ???“D:\HTC\avboit\The-Forge\Examples_3\Unit_Tests\PC Visual Studio 2019\\x64\Release\Intermediate\11a_UnlinkedMultiGPU\11a_Unli.765fe836.tlog\unsuccessfulbuild”?? Touch ???
    36>PostBuildEvent:
         0 File(s) copied
         0 File(s) copied
         0 File(s) copied
         0 File(s) copied
         File not found - *.*
         0 File(s) copied
    36>E:\tools\Microsoft Visual Studio\2022\Community\MSBuild\Microsoft\VC\v170\Microsoft.CppCommon.targets(166,5): error MSB3073: ??“ [D:\HTC\avboit\The-Forge\Examples_3\Unit_Tests\PC Visual Studio 2019\36_AlgorithmsAndContainers.vcxproj]
E:\tools\Microsoft Visual Studio\2022\Community\MSBuild\Microsoft\VC\v170\Microsoft.CppCommon.targets(166,5): error MSB3073:         xcopy "D:\HTC\avboit\The-Forge\Examples_3\Unit_Tests\PC Visual Studio 2019\..\..\..\Common_3\Graphics\ThirdParty\OpenSource\VulkanSDK\bin\Win32\*.dll" "D:\HTC\avboit\The-Forge\Examples_3\Unit_Tests\PC Visual Studio 2019\x64\Release\36_AlgorithmsAndContainers\" /S /Y /D [D:\HTC\avboit\The-Forge\Examples_3\Unit_Tests\PC Visual Studio 2019\36_AlgorithmsAndContainers.vcxproj]
E:\tools\Microsoft Visual Studio\2022\Community\MSBuild\Microsoft\VC\v170\Microsoft.CppCommon.targets(166,5): error MSB3073:         xcopy "D:\HTC\avboit\The-Forge\Examples_3\Unit_Tests\PC Visual Studio 2019\..\..\..\Common_3\Graphics\ThirdParty\OpenSource\VulkanSDK\bin\Win32\*.json" "D:\HTC\avboit\The-Forge\Examples_3\Unit_Tests\PC Visual Studio 2019\x64\Release\36_AlgorithmsAndContainers\" /S /Y /D [D:\HTC\avboit\The-Forge\Examples_3\Unit_Tests\PC Visual Studio 2019\36_AlgorithmsAndContainers.vcxproj]
E:\tools\Microsoft Visual Studio\2022\Community\MSBuild\Microsoft\VC\v170\Microsoft.CppCommon.targets(166,5): error MSB3073:         xcopy "D:\HTC\avboit\The-Forge\Examples_3\Unit_Tests\PC Visual Studio 2019\..\..\..\Common_3\Graphics\ThirdParty\OpenSource\ags\ags_lib\lib\amd_ags_x64.dll" "D:\HTC\avboit\The-Forge\Examples_3\Unit_Tests\PC Visual Studio 2019\x64\Release\36_AlgorithmsAndContainers\amd_ags_x64.dll"* /S /Y /D [D:\HTC\avboit\The-Forge\Examples_3\Unit_Tests\PC Visual Studio 2019\36_AlgorithmsAndContainers.vcxproj]
E:\tools\Microsoft Visual Studio\2022\Community\MSBuild\Microsoft\VC\v170\Microsoft.CppCommon.targets(166,5): error MSB3073:         xcopy "D:\HTC\avboit\The-Forge\Examples_3\Unit_Tests\PC Visual Studio 2019\..\..\..\Common_3\Graphics\ThirdParty\OpenSource\DirectXShaderCompiler\bin\x64\dxcompiler.dll" "D:\HTC\avboit\The-Forge\Examples_3\Unit_Tests\PC Visual Studio 2019\x64\Release\36_AlgorithmsAndContainers\dxcompiler.dll"* /S /Y /D [D:\HTC\avboit\The-Forge\Examples_3\Unit_Tests\PC Visual Studio 2019\36_AlgorithmsAndContainers.vcxproj]
E:\tools\Microsoft Visual Studio\2022\Community\MSBuild\Microsoft\VC\v170\Microsoft.CppCommon.targets(166,5): error MSB3073:         xcopy "D:\HTC\avboit\The-Forge\Examples_3\Unit_Tests\PC Visual Studio 2019\..\..\..\Common_3\Graphics\ThirdParty\OpenSource\Direct3d12Agility\bin\x64\*.dll" "D:\HTC\avboit\The-Forge\Examples_3\Unit_Tests\PC Visual Studio 2019\x64\Release\36_AlgorithmsAndContainers\"* /S /Y /D [D:\HTC\avboit\The-Forge\Examples_3\Unit_Tests\PC Visual Studio 2019\36_AlgorithmsAndContainers.vcxproj]
E:\tools\Microsoft Visual Studio\2022\Community\MSBuild\Microsoft\VC\v170\Microsoft.CppCommon.targets(166,5): error MSB3073:         xcopy "D:\HTC\avboit\The-Forge\Examples_3\Unit_Tests\PC Visual Studio 2019\..\..\..\Common_3\OS\ThirdParty\OpenSource\winpixeventruntime\bin\WinPixEventRuntime.dll" "D:\HTC\avboit\The-Forge\Examples_3\Unit_Tests\PC Visual Studio 2019\x64\Release\36_AlgorithmsAndContainers\WinPixEventRunTime.dll"* /S /Y /D [D:\HTC\avboit\The-Forge\Examples_3\Unit_Tests\PC Visual Studio 2019\36_AlgorithmsAndContainers.vcxproj]
E:\tools\Microsoft Visual Studio\2022\Community\MSBuild\Microsoft\VC\v170\Microsoft.CppCommon.targets(166,5): error MSB3073:          [D:\HTC\avboit\The-Forge\Examples_3\Unit_Tests\PC Visual Studio 2019\36_AlgorithmsAndContainers.vcxproj]
E:\tools\Microsoft Visual Studio\2022\Community\MSBuild\Microsoft\VC\v170\Microsoft.CppCommon.targets(166,5): error MSB3073:        [D:\HTC\avboit\The-Forge\Examples_3\Unit_Tests\PC Visual Studio 2019\36_AlgorithmsAndContainers.vcxproj]
E:\tools\Microsoft Visual Studio\2022\Community\MSBuild\Microsoft\VC\v170\Microsoft.CppCommon.targets(166,5): error MSB3073: xcopy "D:\HTC\avboit\The-Forge\Examples_3\Unit_Tests\PC Visual Studio 2019\..\..\..\Art\UnitTestResources\Scripts\*.*" "D:\HTC\avboit\The-Forge\Examples_3\Unit_Tests\PC Visual Studio 2019\x64\Release\36_AlgorithmsAndContainers\Scripts\" /s /y [D:\HTC\avboit\The-Forge\Examples_3\Unit_Tests\PC Visual Studio 2019\36_AlgorithmsAndContainers.vcxproj]
E:\tools\Microsoft Visual Studio\2022\Community\MSBuild\Microsoft\VC\v170\Microsoft.CppCommon.targets(166,5): error MSB3073: :VCEnd”???,??? 4? [D:\HTC\avboit\The-Forge\Examples_3\Unit_Tests\PC Visual Studio 2019\36_AlgorithmsAndContainers.vcxproj]
    36>???????“D:\HTC\avboit\The-Forge\Examples_3\Unit_Tests\PC Visual Studio 2019\36_AlgorithmsAndContainers.vcxproj”(????)??? - ???
    48>ClCompile:
         15_Transparency.cpp
    35>Link:
         34_Input.vcxproj -> D:\HTC\avboit\The-Forge\Examples_3\Unit_Tests\PC Visual Studio 2019\x64\Release\34_Input\34_Input.exe
       CustomBuildStep:
       ??????“CustomBuildStep”,????????
       CustomBuildStep:
       ??????“CustomBuildStep”,????????
       PostBuildEvent:
         
                 xcopy "D:\HTC\avboit\The-Forge\Examples_3\Unit_Tests\PC Visual Studio 2019\..\..\..\Common_3\Graphics\ThirdParty\OpenSource\VulkanSDK\bin\Win32\*.dll" "D:\HTC\avboit\The-Forge\Examples_3\Unit_Tests\PC Visual Studio 2019\x64\Release\34_Input\" /S /Y /D
                 xcopy "D:\HTC\avboit\The-Forge\Examples_3\Unit_Tests\PC Visual Studio 2019\..\..\..\Common_3\Graphics\ThirdParty\OpenSource\VulkanSDK\bin\Win32\*.json" "D:\HTC\avboit\The-Forge\Examples_3\Unit_Tests\PC Visual Studio 2019\x64\Release\34_Input\" /S /Y /D
                 xcopy "D:\HTC\avboit\The-Forge\Examples_3\Unit_Tests\PC Visual Studio 2019\..\..\..\Common_3\Graphics\ThirdParty\OpenSource\ags\ags_lib\lib\amd_ags_x64.dll" "D:\HTC\avboit\The-Forge\Examples_3\Unit_Tests\PC Visual Studio 2019\x64\Release\34_Input\amd_ags_x64.dll"* /S /Y /D
                 xcopy "D:\HTC\avboit\The-Forge\Examples_3\Unit_Tests\PC Visual Studio 2019\..\..\..\Common_3\Graphics\ThirdParty\OpenSource\DirectXShaderCompiler\bin\x64\dxcompiler.dll" "D:\HTC\avboit\The-Forge\Examples_3\Unit_Tests\PC Visual Studio 2019\x64\Release\34_Input\dxcompiler.dll"* /S /Y /D
                 xcopy "D:\HTC\avboit\The-Forge\Examples_3\Unit_Tests\PC Visual Studio 2019\..\..\..\Common_3\Graphics\ThirdParty\OpenSource\Direct3d12Agility\bin\x64\*.dll" "D:\HTC\avboit\The-Forge\Examples_3\Unit_Tests\PC Visual Studio 2019\x64\Release\34_Input\"* /S /Y /D
                 xcopy "D:\HTC\avboit\The-Forge\Examples_3\Unit_Tests\PC Visual Studio 2019\..\..\..\Common_3\OS\ThirdParty\OpenSource\winpixeventruntime\bin\WinPixEventRuntime.dll" "D:\HTC\avboit\The-Forge\Examples_3\Unit_Tests\PC Visual Studio 2019\x64\Release\34_Input\WinPixEventRunTime.dll"* /S /Y /D
                 
                set ART=D:\HTC\avboit\The-Forge\Examples_3\Unit_Tests\PC Visual Studio 2019\..\..\..\Art\
         xcopy /Y /S /D "%ART%\UnitTestResources\Textures\dds\input\*.tex" "D:\HTC\avboit\The-Forge\Examples_3\Unit_Tests\PC Visual Studio 2019\x64\Release\34_Input\Textures\"
         xcopy /Y /S /D "%ART%\UnitTestResources\Fonts\*.ttf" "D:\HTC\avboit\The-Forge\Examples_3\Unit_Tests\PC Visual Studio 2019\x64\Release\34_Input\Fonts\"
         xcopy /Y /S /D "%ART%\UnitTestResources\Fonts\*.otf" "D:\HTC\avboit\The-Forge\Examples_3\Unit_Tests\PC Visual Studio 2019\x64\Release\34_Input\Fonts\"
         
         xcopy /Y /S /D /E "D:\HTC\avboit\The-Forge\Examples_3\Unit_Tests\PC Visual Studio 2019\x64\Release\34_Input\..\OS\Shaders" "D:\HTC\avboit\The-Forge\Examples_3\Unit_Tests\PC Visual Studio 2019\x64\Release\34_Input\Shaders"
         xcopy /Y /S /D /E "D:\HTC\avboit\The-Forge\Examples_3\Unit_Tests\PC Visual Studio 2019\x64\Release\34_Input\..\OS\CompiledShaders" "D:\HTC\avboit\The-Forge\Examples_3\Unit_Tests\PC Visual Studio 2019\x64\Release\34_Input\CompiledShaders"
         
         xcopy /Y /S /D "%ART%\UnitTestResources\Scripts\*.lua" "D:\HTC\avboit\The-Forge\Examples_3\Unit_Tests\PC Visual Studio 2019\x64\Release\34_Input\Scripts\"
         
         xcopy "D:\HTC\avboit\The-Forge\Common_3\OS\Windows\pc_gpu.data" "D:\HTC\avboit\The-Forge\Examples_3\Unit_Tests\PC Visual Studio 2019\x64\Release\34_Input\GPUCfg\gpu.data*" /Y /D
         xcopy "D:\HTC\avboit\The-Forge\Examples_3\Unit_Tests\src\34_Input\GPUCfg\gpu.cfg" "D:\HTC\avboit\The-Forge\Examples_3\Unit_Tests\PC Visual Studio 2019\x64\Release\34_Input\GPUCfg\gpu.cfg*" /Y /D
         
         :VCEnd
         0 File(s) copied
         0 File(s) copied
         0 File(s) copied
         0 File(s) copied
         0 File(s) copied
         0 File(s) copied
    44>ClCompile:
         ?????????
    35>PostBuildEvent:
         0 File(s) copied
    44>Link:
         E:\tools\Microsoft Visual Studio\2022\Community\VC\Tools\MSVC\14.38.33130\bin\HostX86\x64\link.exe /ERRORREPORT:QUEUE /OUT:"D:\HTC\avboit\The-Forge\Examples_3\Unit_Tests\PC Visual Studio 2019\x64\Release\11a_UnlinkedMultiGPU\11a_UnlinkedMultiGPU.exe" /INCREMENTAL:NO /NOLOGO Xinput9_1_0.lib ws2_32.lib gainputstatic.lib Renderer.lib OS.lib kernel32.lib user32.lib gdi32.lib winspool.lib comdlg32.lib advapi32.lib shell32.lib ole32.lib oleaut32.lib uuid.lib odbc32.lib odbccp32.lib /MANIFEST /MANIFESTUAC:"level='asInvoker' uiAccess='false'" /manifest:embed /manifestinput:"D:\HTC\avboit\The-Forge\Examples_3\Unit_Tests\PC Visual Studio 2019\dpi-aware.manifest" /DEBUG /PDB:"D:\HTC\avboit\The-Forge\Examples_3\Unit_Tests\PC Visual Studio 2019\x64\Release\11a_UnlinkedMultiGPU\11a_UnlinkedMultiGPU.pdb" /SUBSYSTEM:WINDOWS /OPT:REF /OPT:ICF /LTCG:incremental /LTCGOUT:"D:\HTC\avboit\The-Forge\Examples_3\Unit_Tests\PC Visual Studio 2019\\x64\Release\Intermediate\11a_UnlinkedMultiGPU\11a_UnlinkedMultiGPU.iobj" /TLBID:1 /ENTRY:"mainCRTStartup" /DYNAMICBASE /NXCOMPAT /IMPLIB:"D:\HTC\avboit\The-Forge\Examples_3\Unit_Tests\PC Visual Studio 2019\x64\Release\11a_UnlinkedMultiGPU\11a_UnlinkedMultiGPU.lib" /MACHINE:X64 /ignore:4099 "D:\HTC\avboit\The-Forge\Examples_3\Unit_Tests\PC Visual Studio 2019\\x64\Release\Intermediate\11a_UnlinkedMultiGPU\Panini.obj"
         "D:\HTC\avboit\The-Forge\Examples_3\Unit_Tests\PC Visual Studio 2019\\x64\Release\Intermediate\11a_UnlinkedMultiGPU\11a_UnlinkedMultiGPU.obj"
    35>PostBuildEvent:
         File not found - *.ttf
         0 File(s) copied
         0 File(s) copied
    46>Link:
         17_EntityComponentSystem.vcxproj -> D:\HTC\avboit\The-Forge\Examples_3\Unit_Tests\PC Visual Studio 2019\x64\Release\17_EntityComponentSystem\17_EntityComponentSystem.exe
       CustomBuildStep:
       ??????“CustomBuildStep”,????????
       CustomBuildStep:
       ??????“CustomBuildStep”,????????
    52>Link:
         11_LinkedMultiGPU.vcxproj -> D:\HTC\avboit\The-Forge\Examples_3\Unit_Tests\PC Visual Studio 2019\x64\Release\11_LinkedMultiGPU\11_LinkedMultiGPU.exe
    46>PostBuildEvent:
         
                 xcopy "D:\HTC\avboit\The-Forge\Examples_3\Unit_Tests\PC Visual Studio 2019\..\..\..\Common_3\Graphics\ThirdParty\OpenSource\VulkanSDK\bin\Win32\*.dll" "D:\HTC\avboit\The-Forge\Examples_3\Unit_Tests\PC Visual Studio 2019\x64\Release\17_EntityComponentSystem\" /S /Y /D
                 xcopy "D:\HTC\avboit\The-Forge\Examples_3\Unit_Tests\PC Visual Studio 2019\..\..\..\Common_3\Graphics\ThirdParty\OpenSource\VulkanSDK\bin\Win32\*.json" "D:\HTC\avboit\The-Forge\Examples_3\Unit_Tests\PC Visual Studio 2019\x64\Release\17_EntityComponentSystem\" /S /Y /D
                 xcopy "D:\HTC\avboit\The-Forge\Examples_3\Unit_Tests\PC Visual Studio 2019\..\..\..\Common_3\Graphics\ThirdParty\OpenSource\ags\ags_lib\lib\amd_ags_x64.dll" "D:\HTC\avboit\The-Forge\Examples_3\Unit_Tests\PC Visual Studio 2019\x64\Release\17_EntityComponentSystem\amd_ags_x64.dll"* /S /Y /D
                 xcopy "D:\HTC\avboit\The-Forge\Examples_3\Unit_Tests\PC Visual Studio 2019\..\..\..\Common_3\Graphics\ThirdParty\OpenSource\DirectXShaderCompiler\bin\x64\dxcompiler.dll" "D:\HTC\avboit\The-Forge\Examples_3\Unit_Tests\PC Visual Studio 2019\x64\Release\17_EntityComponentSystem\dxcompiler.dll"* /S /Y /D
                 xcopy "D:\HTC\avboit\The-Forge\Examples_3\Unit_Tests\PC Visual Studio 2019\..\..\..\Common_3\Graphics\ThirdParty\OpenSource\Direct3d12Agility\bin\x64\*.dll" "D:\HTC\avboit\The-Forge\Examples_3\Unit_Tests\PC Visual Studio 2019\x64\Release\17_EntityComponentSystem\"* /S /Y /D
                 xcopy "D:\HTC\avboit\The-Forge\Examples_3\Unit_Tests\PC Visual Studio 2019\..\..\..\Common_3\OS\ThirdParty\OpenSource\winpixeventruntime\bin\WinPixEventRuntime.dll" "D:\HTC\avboit\The-Forge\Examples_3\Unit_Tests\PC Visual Studio 2019\x64\Release\17_EntityComponentSystem\WinPixEventRunTime.dll"* /S /Y /D
                 
                set ART=D:\HTC\avboit\The-Forge\Examples_3\Unit_Tests\PC Visual Studio 2019\..\..\..\Art\
         xcopy /Y /S /D "%ART%\UnitTestResources\Textures\dds\sprites.tex" "D:\HTC\avboit\The-Forge\Examples_3\Unit_Tests\PC Visual Studio 2019\x64\Release\17_EntityComponentSystem\Textures\"
         xcopy /Y /S /D "%ART%\UnitTestResources\Fonts\*.ttf" "D:\HTC\avboit\The-Forge\Examples_3\Unit_Tests\PC Visual Studio 2019\x64\Release\17_EntityComponentSystem\Fonts\"
         xcopy /Y /S /D "%ART%\UnitTestResources\Fonts\*.otf" "D:\HTC\avboit\The-Forge\Examples_3\Unit_Tests\PC Visual Studio 2019\x64\Release\17_EntityComponentSystem\Fonts\"
         
         xcopy /Y /S /D /E "D:\HTC\avboit\The-Forge\Examples_3\Unit_Tests\PC Visual Studio 2019\x64\Release\17_EntityComponentSystem\..\OS\Shaders" "D:\HTC\avboit\The-Forge\Examples_3\Unit_Tests\PC Visual Studio 2019\x64\Release\17_EntityComponentSystem\Shaders"
         xcopy /Y /S /D /E "D:\HTC\avboit\The-Forge\Examples_3\Unit_Tests\PC Visual Studio 2019\x64\Release\17_EntityComponentSystem\..\OS\CompiledShaders" "D:\HTC\avboit\The-Forge\Examples_3\Unit_Tests\PC Visual Studio 2019\x64\Release\17_EntityComponentSystem\CompiledShaders"
         
         xcopy /Y /S /D "%ART%\UnitTestResources\Scripts\*.lua" "D:\HTC\avboit\The-Forge\Examples_3\Unit_Tests\PC Visual Studio 2019\x64\Release\17_EntityComponentSystem\Scripts\"
         
         xcopy "D:\HTC\avboit\The-Forge\Common_3\OS\Windows\pc_gpu.data" "D:\HTC\avboit\The-Forge\Examples_3\Unit_Tests\PC Visual Studio 2019\x64\Release\17_EntityComponentSystem\GPUCfg\gpu.data*" /Y /D
         xcopy "D:\HTC\avboit\The-Forge\Examples_3\Unit_Tests\src\17_EntityComponentSystem\GPUCfg\gpu.cfg" "D:\HTC\avboit\The-Forge\Examples_3\Unit_Tests\PC Visual Studio 2019\x64\Release\17_EntityComponentSystem\GPUCfg\gpu.cfg*" /Y /D
         
         :VCEnd
    52>CustomBuildStep:
       ??????“CustomBuildStep”,????????
    35>PostBuildEvent:
         0 File(s) copied
    53>ClCompile:
         ?????????
    52>CustomBuildStep:
       ??????“CustomBuildStep”,????????
       PostBuildEvent:
         
                 xcopy "D:\HTC\avboit\The-Forge\Examples_3\Unit_Tests\PC Visual Studio 2019\..\..\..\Common_3\Graphics\ThirdParty\OpenSource\VulkanSDK\bin\Win32\*.dll" "D:\HTC\avboit\The-Forge\Examples_3\Unit_Tests\PC Visual Studio 2019\x64\Release\11_LinkedMultiGPU\" /S /Y /D
                 xcopy "D:\HTC\avboit\The-Forge\Examples_3\Unit_Tests\PC Visual Studio 2019\..\..\..\Common_3\Graphics\ThirdParty\OpenSource\VulkanSDK\bin\Win32\*.json" "D:\HTC\avboit\The-Forge\Examples_3\Unit_Tests\PC Visual Studio 2019\x64\Release\11_LinkedMultiGPU\" /S /Y /D
                 xcopy "D:\HTC\avboit\The-Forge\Examples_3\Unit_Tests\PC Visual Studio 2019\..\..\..\Common_3\Graphics\ThirdParty\OpenSource\ags\ags_lib\lib\amd_ags_x64.dll" "D:\HTC\avboit\The-Forge\Examples_3\Unit_Tests\PC Visual Studio 2019\x64\Release\11_LinkedMultiGPU\amd_ags_x64.dll"* /S /Y /D
                 xcopy "D:\HTC\avboit\The-Forge\Examples_3\Unit_Tests\PC Visual Studio 2019\..\..\..\Common_3\Graphics\ThirdParty\OpenSource\DirectXShaderCompiler\bin\x64\dxcompiler.dll" "D:\HTC\avboit\The-Forge\Examples_3\Unit_Tests\PC Visual Studio 2019\x64\Release\11_LinkedMultiGPU\dxcompiler.dll"* /S /Y /D
                 xcopy "D:\HTC\avboit\The-Forge\Examples_3\Unit_Tests\PC Visual Studio 2019\..\..\..\Common_3\Graphics\ThirdParty\OpenSource\Direct3d12Agility\bin\x64\*.dll" "D:\HTC\avboit\The-Forge\Examples_3\Unit_Tests\PC Visual Studio 2019\x64\Release\11_LinkedMultiGPU\"* /S /Y /D
                 xcopy "D:\HTC\avboit\The-Forge\Examples_3\Unit_Tests\PC Visual Studio 2019\..\..\..\Common_3\OS\ThirdParty\OpenSource\winpixeventruntime\bin\WinPixEventRuntime.dll" "D:\HTC\avboit\The-Forge\Examples_3\Unit_Tests\PC Visual Studio 2019\x64\Release\11_LinkedMultiGPU\WinPixEventRunTime.dll"* /S /Y /D
                 
                set ART=D:\HTC\avboit\The-Forge\Examples_3\Unit_Tests\PC Visual Studio 2019\..\..\..\Art\
         xcopy /Y /S /D "%ART%\UnitTestResources\Textures\dds\Skybox_*.tex" "D:\HTC\avboit\The-Forge\Examples_3\Unit_Tests\PC Visual Studio 2019\x64\Release\11_LinkedMultiGPU\Textures\"
         xcopy /Y /S /D "%ART%\UnitTestResources\Textures\dds\circlepad.tex" "D:\HTC\avboit\The-Forge\Examples_3\Unit_Tests\PC Visual Studio 2019\x64\Release\11_LinkedMultiGPU\Textures\"
         xcopy /Y /S /D "%ART%\UnitTestResources\Fonts\*.ttf" "D:\HTC\avboit\The-Forge\Examples_3\Unit_Tests\PC Visual Studio 2019\x64\Release\11_LinkedMultiGPU\Fonts\"
         xcopy /Y /S /D "%ART%\UnitTestResources\Fonts\*.otf" "D:\HTC\avboit\The-Forge\Examples_3\Unit_Tests\PC Visual Studio 2019\x64\Release\11_LinkedMultiGPU\Fonts\"
         
         xcopy /Y /S /D /E "D:\HTC\avboit\The-Forge\Examples_3\Unit_Tests\PC Visual Studio 2019\x64\Release\11_LinkedMultiGPU\..\OS\Shaders" "D:\HTC\avboit\The-Forge\Examples_3\Unit_Tests\PC Visual Studio 2019\x64\Release\11_LinkedMultiGPU\Shaders"
         xcopy /Y /S /D /E "D:\HTC\avboit\The-Forge\Examples_3\Unit_Tests\PC Visual Studio 2019\x64\Release\11_LinkedMultiGPU\..\OS\CompiledShaders" "D:\HTC\avboit\The-Forge\Examples_3\Unit_Tests\PC Visual Studio 2019\x64\Release\11_LinkedMultiGPU\CompiledShaders"
         
         xcopy /Y /S /D "D:\HTC\avboit\The-Forge\Examples_3\Unit_Tests\PC Visual Studio 2019\..\src\11_LinkedMultiGPU\Scripts\*.lua" "D:\HTC\avboit\The-Forge\Examples_3\Unit_Tests\PC Visual Studio 2019\x64\Release\11_LinkedMultiGPU\Scripts\"
         xcopy /Y /S /D "%ART%\UnitTestResources\Scripts\*.lua" "D:\HTC\avboit\The-Forge\Examples_3\Unit_Tests\PC Visual Studio 2019\x64\Release\11_LinkedMultiGPU\Scripts\"
         
         xcopy "D:\HTC\avboit\The-Forge\Common_3\OS\Windows\pc_gpu.data" "D:\HTC\avboit\The-Forge\Examples_3\Unit_Tests\PC Visual Studio 2019\x64\Release\11_LinkedMultiGPU\GPUCfg\gpu.data*" /Y /D
         xcopy "D:\HTC\avboit\The-Forge\Examples_3\Unit_Tests\src\11_LinkedMultiGPU\GPUCfg\gpu.cfg" "D:\HTC\avboit\The-Forge\Examples_3\Unit_Tests\PC Visual Studio 2019\x64\Release\11_LinkedMultiGPU\GPUCfg\gpu.cfg*" /Y /D
         
         :VCEnd
    35>PostBuildEvent:
         0 File(s) copied
         File not found - *.lua
         0 File(s) copied
    53>Link:
         E:\tools\Microsoft Visual Studio\2022\Community\VC\Tools\MSVC\14.38.33130\bin\HostX86\x64\link.exe /ERRORREPORT:QUEUE /OUT:"D:\HTC\avboit\The-Forge\Examples_3\Unit_Tests\PC Visual Studio 2019\x64\Release\10_ScreenSpaceReflections\10_ScreenSpaceReflections.exe" /INCREMENTAL:NO /NOLOGO Xinput9_1_0.lib ws2_32.lib gainputstatic.lib Renderer.lib OS.lib kernel32.lib user32.lib gdi32.lib winspool.lib comdlg32.lib advapi32.lib shell32.lib ole32.lib oleaut32.lib uuid.lib odbc32.lib odbccp32.lib /MANIFEST /MANIFESTUAC:"level='asInvoker' uiAccess='false'" /manifest:embed /manifestinput:"D:\HTC\avboit\The-Forge\Examples_3\Unit_Tests\PC Visual Studio 2019\dpi-aware.manifest" /DEBUG /PDB:"D:\HTC\avboit\The-Forge\Examples_3\Unit_Tests\PC Visual Studio 2019\x64\Release\10_ScreenSpaceReflections\10_ScreenSpaceReflections.pdb" /SUBSYSTEM:WINDOWS /OPT:REF /OPT:ICF /LTCG:incremental /LTCGOUT:"D:\HTC\avboit\The-Forge\Examples_3\Unit_Tests\PC Visual Studio 2019\\x64\Release\Intermediate\10_ScreenSpaceReflections\10_ScreenSpaceReflections.iobj" /TLBID:1 /ENTRY:"mainCRTStartup" /DYNAMICBASE /NXCOMPAT /IMPLIB:"D:\HTC\avboit\The-Forge\Examples_3\Unit_Tests\PC Visual Studio 2019\x64\Release\10_ScreenSpaceReflections\10_ScreenSpaceReflections.lib" /MACHINE:X64 /ignore:4099 "D:\HTC\avboit\The-Forge\Examples_3\Unit_Tests\PC Visual Studio 2019\\x64\Release\Intermediate\10_ScreenSpaceReflections\SanMiguel.obj"
         "D:\HTC\avboit\The-Forge\Examples_3\Unit_Tests\PC Visual Studio 2019\\x64\Release\Intermediate\10_ScreenSpaceReflections\10_ScreenSpaceReflections.obj"
    46>PostBuildEvent:
         0 File(s) copied
    35>PostBuildEvent:
         0 File(s) copied
    46>PostBuildEvent:
         0 File(s) copied
    35>PostBuildEvent:
         0 File(s) copied
       FinalizeBuildStatus:
         ??????“D:\HTC\avboit\The-Forge\Examples_3\Unit_Tests\PC Visual Studio 2019\\x64\Release\Intermediate\34_Input\34_Input.tlog\unsuccessfulbuild”?
         ???“D:\HTC\avboit\The-Forge\Examples_3\Unit_Tests\PC Visual Studio 2019\\x64\Release\Intermediate\34_Input\34_Input.tlog\34_Input.lastbuildstate”?? Touch ???
    52>PostBuildEvent:
         0 File(s) copied
    35>???????“D:\HTC\avboit\The-Forge\Examples_3\Unit_Tests\PC Visual Studio 2019\34_Input.vcxproj”(????)????
    46>PostBuildEvent:
         0 File(s) copied
     1>??“D:\HTC\avboit\The-Forge\Examples_3\Unit_Tests\PC Visual Studio 2019\Unit_Tests.sln”(1)???? 1 ???“D:\HTC\avboit\The-Forge\Examples_3\Unit_Tests\PC Visual Studio 2019\15a_VisibilityBufferOIT.vcxproj.metaproj”(18) (????)?
    18>??“D:\HTC\avboit\The-Forge\Examples_3\Unit_Tests\PC Visual Studio 2019\15a_VisibilityBufferOIT.vcxproj.metaproj”(18)???? 4 ???“D:\HTC\avboit\The-Forge\Examples_3\Unit_Tests\PC Visual Studio 2019\15a_VisibilityBufferOIT.vcxproj”(40) (????)?
    40>PrepareForBuild:
         ???????????????????????????????????,??? https://aka.ms/cpp/structured-output?
       InitializeBuildStatus:
         ????“D:\HTC\avboit\The-Forge\Examples_3\Unit_Tests\PC Visual Studio 2019\\x64\Release\Intermediate\15a_VisibilityBufferOIT\15a_Visi.610C39FA.tlog\unsuccessfulbuild”,?????“AlwaysCreate”?
         ???“D:\HTC\avboit\The-Forge\Examples_3\Unit_Tests\PC Visual Studio 2019\\x64\Release\Intermediate\15a_VisibilityBufferOIT\15a_Visi.610C39FA.tlog\unsuccessfulbuild”?? Touch ???
    52>PostBuildEvent:
         0 File(s) copied
    46>PostBuildEvent:
         0 File(s) copied
    47>Link:
         16_Raytracing.vcxproj -> D:\HTC\avboit\The-Forge\Examples_3\Unit_Tests\PC Visual Studio 2019\x64\Release\16_Raytracing\16_Raytracing.exe
       CustomBuildStep:
       ??????“CustomBuildStep”,????????
    52>PostBuildEvent:
         0 File(s) copied
    46>PostBuildEvent:
         0 File(s) copied
    47>CustomBuildStep:
       ??????“CustomBuildStep”,????????
       PostBuildEvent:
         
                 xcopy "D:\HTC\avboit\The-Forge\Examples_3\Unit_Tests\PC Visual Studio 2019\..\..\..\Common_3\Graphics\ThirdParty\OpenSource\VulkanSDK\bin\Win32\*.dll" "D:\HTC\avboit\The-Forge\Examples_3\Unit_Tests\PC Visual Studio 2019\x64\Release\16_Raytracing\" /S /Y /D
                 xcopy "D:\HTC\avboit\The-Forge\Examples_3\Unit_Tests\PC Visual Studio 2019\..\..\..\Common_3\Graphics\ThirdParty\OpenSource\VulkanSDK\bin\Win32\*.json" "D:\HTC\avboit\The-Forge\Examples_3\Unit_Tests\PC Visual Studio 2019\x64\Release\16_Raytracing\" /S /Y /D
                 xcopy "D:\HTC\avboit\The-Forge\Examples_3\Unit_Tests\PC Visual Studio 2019\..\..\..\Common_3\Graphics\ThirdParty\OpenSource\ags\ags_lib\lib\amd_ags_x64.dll" "D:\HTC\avboit\The-Forge\Examples_3\Unit_Tests\PC Visual Studio 2019\x64\Release\16_Raytracing\amd_ags_x64.dll"* /S /Y /D
                 xcopy "D:\HTC\avboit\The-Forge\Examples_3\Unit_Tests\PC Visual Studio 2019\..\..\..\Common_3\Graphics\ThirdParty\OpenSource\DirectXShaderCompiler\bin\x64\dxcompiler.dll" "D:\HTC\avboit\The-Forge\Examples_3\Unit_Tests\PC Visual Studio 2019\x64\Release\16_Raytracing\dxcompiler.dll"* /S /Y /D
                 xcopy "D:\HTC\avboit\The-Forge\Examples_3\Unit_Tests\PC Visual Studio 2019\..\..\..\Common_3\Graphics\ThirdParty\OpenSource\Direct3d12Agility\bin\x64\*.dll" "D:\HTC\avboit\The-Forge\Examples_3\Unit_Tests\PC Visual Studio 2019\x64\Release\16_Raytracing\"* /S /Y /D
                 xcopy "D:\HTC\avboit\The-Forge\Examples_3\Unit_Tests\PC Visual Studio 2019\..\..\..\Common_3\OS\ThirdParty\OpenSource\winpixeventruntime\bin\WinPixEventRuntime.dll" "D:\HTC\avboit\The-Forge\Examples_3\Unit_Tests\PC Visual Studio 2019\x64\Release\16_Raytracing\WinPixEventRunTime.dll"* /S /Y /D
                 
                :: Copy Art files
         set ART=D:\HTC\avboit\The-Forge\Examples_3\Unit_Tests\PC Visual Studio 2019\..\..\..\Art\
         xcopy /Y /S /D "%ART%\SanMiguel_3\Textures\dds\*.tex" "D:\HTC\avboit\The-Forge\Examples_3\Unit_Tests\PC Visual Studio 2019\x64\Release\16_Raytracing\Textures\"
         xcopy /Y /S /D "%ART%\SanMiguel_3\Meshes\*" "D:\HTC\avboit\The-Forge\Examples_3\Unit_Tests\PC Visual Studio 2019\x64\Release\16_Raytracing\Meshes\"
         
         xcopy /Y /S /D "%ART%\UnitTestResources\Fonts\*.ttf" "D:\HTC\avboit\The-Forge\Examples_3\Unit_Tests\PC Visual Studio 2019\x64\Release\16_Raytracing\Fonts\"
         xcopy /Y /S /D "%ART%\UnitTestResources\Fonts\*.otf" "D:\HTC\avboit\The-Forge\Examples_3\Unit_Tests\PC Visual Studio 2019\x64\Release\16_Raytracing\Fonts\"
         
         xcopy /Y /S /D /E "D:\HTC\avboit\The-Forge\Examples_3\Unit_Tests\PC Visual Studio 2019\x64\Release\16_Raytracing\..\OS\Shaders" "D:\HTC\avboit\The-Forge\Examples_3\Unit_Tests\PC Visual Studio 2019\x64\Release\16_Raytracing\Shaders"
         xcopy /Y /S /D /E "D:\HTC\avboit\The-Forge\Examples_3\Unit_Tests\PC Visual Studio 2019\x64\Release\16_Raytracing\..\OS\CompiledShaders" "D:\HTC\avboit\The-Forge\Examples_3\Unit_Tests\PC Visual Studio 2019\x64\Release\16_Raytracing\CompiledShaders"
         xcopy /Y /S /D "D:\HTC\avboit\The-Forge\Examples_3\Unit_Tests\PC Visual Studio 2019\..\src\16_Raytracing\Shaders\Vulkan\*" "D:\HTC\avboit\The-Forge\Examples_3\Unit_Tests\PC Visual Studio 2019\x64\Release\16_Raytracing\Shaders\Vulkan"
         xcopy /Y /S /D "D:\HTC\avboit\The-Forge\Examples_3\Unit_Tests\PC Visual Studio 2019\..\src\16_Raytracing\Shaders\D3D12\*" "D:\HTC\avboit\The-Forge\Examples_3\Unit_Tests\PC Visual Studio 2019\x64\Release\16_Raytracing\Shaders\DIRECT3D12"
         
         xcopy /Y /S /D "D:\HTC\avboit\The-Forge\Examples_3\Unit_Tests\PC Visual Studio 2019\..\src\16_Raytracing\Scripts\*.lua" "D:\HTC\avboit\The-Forge\Examples_3\Unit_Tests\PC Visual Studio 2019\x64\Release\16_Raytracing\Scripts\"
         xcopy /Y /S /D "%ART%\UnitTestResources\Scripts\*.lua" "D:\HTC\avboit\The-Forge\Examples_3\Unit_Tests\PC Visual Studio 2019\x64\Release\16_Raytracing\Scripts\"
         
         xcopy "D:\HTC\avboit\The-Forge\Common_3\OS\Windows\pc_gpu.data" "D:\HTC\avboit\The-Forge\Examples_3\Unit_Tests\PC Visual Studio 2019\x64\Release\16_Raytracing\GPUCfg\gpu.data*" /Y /D
         xcopy "D:\HTC\avboit\The-Forge\Examples_3\Unit_Tests\src\16_Raytracing\GPUCfg\gpu.cfg" "D:\HTC\avboit\The-Forge\Examples_3\Unit_Tests\PC Visual Studio 2019\x64\Release\16_Raytracing\GPUCfg\gpu.cfg*" /Y /D
         
         :VCEnd
    41>Link:
         01_Transformations.vcxproj -> D:\HTC\avboit\The-Forge\Examples_3\Unit_Tests\PC Visual Studio 2019\x64\Release\01_Transformations\01_Transformations.exe
    52>PostBuildEvent:
         0 File(s) copied
    41>CustomBuildStep:
       ??????“CustomBuildStep”,????????
    46>PostBuildEvent:
         0 File(s) copied
    41>CustomBuildStep:
       ??????“CustomBuildStep”,????????
       PostBuildEvent:
         
                 xcopy "D:\HTC\avboit\The-Forge\Examples_3\Unit_Tests\PC Visual Studio 2019\..\..\..\Common_3\Graphics\ThirdParty\OpenSource\VulkanSDK\bin\Win32\*.dll" "D:\HTC\avboit\The-Forge\Examples_3\Unit_Tests\PC Visual Studio 2019\x64\Release\01_Transformations\" /S /Y /D
                 xcopy "D:\HTC\avboit\The-Forge\Examples_3\Unit_Tests\PC Visual Studio 2019\..\..\..\Common_3\Graphics\ThirdParty\OpenSource\VulkanSDK\bin\Win32\*.json" "D:\HTC\avboit\The-Forge\Examples_3\Unit_Tests\PC Visual Studio 2019\x64\Release\01_Transformations\" /S /Y /D
                 xcopy "D:\HTC\avboit\The-Forge\Examples_3\Unit_Tests\PC Visual Studio 2019\..\..\..\Common_3\Graphics\ThirdParty\OpenSource\ags\ags_lib\lib\amd_ags_x64.dll" "D:\HTC\avboit\The-Forge\Examples_3\Unit_Tests\PC Visual Studio 2019\x64\Release\01_Transformations\amd_ags_x64.dll"* /S /Y /D
                 xcopy "D:\HTC\avboit\The-Forge\Examples_3\Unit_Tests\PC Visual Studio 2019\..\..\..\Common_3\Graphics\ThirdParty\OpenSource\DirectXShaderCompiler\bin\x64\dxcompiler.dll" "D:\HTC\avboit\The-Forge\Examples_3\Unit_Tests\PC Visual Studio 2019\x64\Release\01_Transformations\dxcompiler.dll"* /S /Y /D
                 xcopy "D:\HTC\avboit\The-Forge\Examples_3\Unit_Tests\PC Visual Studio 2019\..\..\..\Common_3\Graphics\ThirdParty\OpenSource\Direct3d12Agility\bin\x64\*.dll" "D:\HTC\avboit\The-Forge\Examples_3\Unit_Tests\PC Visual Studio 2019\x64\Release\01_Transformations\"* /S /Y /D
                 xcopy "D:\HTC\avboit\The-Forge\Examples_3\Unit_Tests\PC Visual Studio 2019\..\..\..\Common_3\OS\ThirdParty\OpenSource\winpixeventruntime\bin\WinPixEventRuntime.dll" "D:\HTC\avboit\The-Forge\Examples_3\Unit_Tests\PC Visual Studio 2019\x64\Release\01_Transformations\WinPixEventRunTime.dll"* /S /Y /D
                 
                set ART=D:\HTC\avboit\The-Forge\Examples_3\Unit_Tests\PC Visual Studio 2019\..\..\..\Art\
         xcopy /Y /S /D "%ART%\UnitTestResources\Textures\dds\Skybox_*.tex" "D:\HTC\avboit\The-Forge\Examples_3\Unit_Tests\PC Visual Studio 2019\x64\Release\01_Transformations\Textures\"
         xcopy /Y /S /D "%ART%\UnitTestResources\Textures\dds\circlepad.tex" "D:\HTC\avboit\The-Forge\Examples_3\Unit_Tests\PC Visual Studio 2019\x64\Release\01_Transformations\Textures\"
         xcopy /Y /S /D "%ART%\UnitTestResources\Fonts\*.ttf" "D:\HTC\avboit\The-Forge\Examples_3\Unit_Tests\PC Visual Studio 2019\x64\Release\01_Transformations\Fonts\"
         xcopy /Y /S /D "%ART%\UnitTestResources\Fonts\*.otf" "D:\HTC\avboit\The-Forge\Examples_3\Unit_Tests\PC Visual Studio 2019\x64\Release\01_Transformations\Fonts\"
         
         xcopy /Y /S /D /E "D:\HTC\avboit\The-Forge\Examples_3\Unit_Tests\PC Visual Studio 2019\x64\Release\01_Transformations\..\OS\Shaders" "D:\HTC\avboit\The-Forge\Examples_3\Unit_Tests\PC Visual Studio 2019\x64\Release\01_Transformations\Shaders"
         xcopy /Y /S /D /E "D:\HTC\avboit\The-Forge\Examples_3\Unit_Tests\PC Visual Studio 2019\x64\Release\01_Transformations\..\OS\CompiledShaders" "D:\HTC\avboit\The-Forge\Examples_3\Unit_Tests\PC Visual Studio 2019\x64\Release\01_Transformations\CompiledShaders"
         
         xcopy /Y /S /D "%ART%\UnitTestResources\Scripts\*.lua" "D:\HTC\avboit\The-Forge\Examples_3\Unit_Tests\PC Visual Studio 2019\x64\Release\01_Transformations\Scripts\"
         
         xcopy "D:\HTC\avboit\The-Forge\Common_3\OS\Windows\pc_gpu.data" "D:\HTC\avboit\The-Forge\Examples_3\Unit_Tests\PC Visual Studio 2019\x64\Release\01_Transformations\GPUCfg\gpu.data*" /Y /D
         xcopy "D:\HTC\avboit\The-Forge\Examples_3\Unit_Tests\src\01_Transformations\GPUCfg\gpu.cfg" "D:\HTC\avboit\The-Forge\Examples_3\Unit_Tests\PC Visual Studio 2019\x64\Release\01_Transformations\GPUCfg\gpu.cfg*" /Y /D
         
         
         :VCEnd
    52>PostBuildEvent:
         0 File(s) copied
    50>Link:
         03_MultiThread.vcxproj -> D:\HTC\avboit\The-Forge\Examples_3\Unit_Tests\PC Visual Studio 2019\x64\Release\03_MultiThread\03_MultiThread.exe
       CustomBuildStep:
       ??????“CustomBuildStep”,????????
    52>PostBuildEvent:
         0 File(s) copied
    50>CustomBuildStep:
       ??????“CustomBuildStep”,????????
       PostBuildEvent:
         
                 xcopy "D:\HTC\avboit\The-Forge\Examples_3\Unit_Tests\PC Visual Studio 2019\..\..\..\Common_3\Graphics\ThirdParty\OpenSource\VulkanSDK\bin\Win32\*.dll" "D:\HTC\avboit\The-Forge\Examples_3\Unit_Tests\PC Visual Studio 2019\x64\Release\03_MultiThread\" /S /Y /D
                 xcopy "D:\HTC\avboit\The-Forge\Examples_3\Unit_Tests\PC Visual Studio 2019\..\..\..\Common_3\Graphics\ThirdParty\OpenSource\VulkanSDK\bin\Win32\*.json" "D:\HTC\avboit\The-Forge\Examples_3\Unit_Tests\PC Visual Studio 2019\x64\Release\03_MultiThread\" /S /Y /D
                 xcopy "D:\HTC\avboit\The-Forge\Examples_3\Unit_Tests\PC Visual Studio 2019\..\..\..\Common_3\Graphics\ThirdParty\OpenSource\ags\ags_lib\lib\amd_ags_x64.dll" "D:\HTC\avboit\The-Forge\Examples_3\Unit_Tests\PC Visual Studio 2019\x64\Release\03_MultiThread\amd_ags_x64.dll"* /S /Y /D
                 xcopy "D:\HTC\avboit\The-Forge\Examples_3\Unit_Tests\PC Visual Studio 2019\..\..\..\Common_3\Graphics\ThirdParty\OpenSource\DirectXShaderCompiler\bin\x64\dxcompiler.dll" "D:\HTC\avboit\The-Forge\Examples_3\Unit_Tests\PC Visual Studio 2019\x64\Release\03_MultiThread\dxcompiler.dll"* /S /Y /D
                 xcopy "D:\HTC\avboit\The-Forge\Examples_3\Unit_Tests\PC Visual Studio 2019\..\..\..\Common_3\Graphics\ThirdParty\OpenSource\Direct3d12Agility\bin\x64\*.dll" "D:\HTC\avboit\The-Forge\Examples_3\Unit_Tests\PC Visual Studio 2019\x64\Release\03_MultiThread\"* /S /Y /D
                 xcopy "D:\HTC\avboit\The-Forge\Examples_3\Unit_Tests\PC Visual Studio 2019\..\..\..\Common_3\OS\ThirdParty\OpenSource\winpixeventruntime\bin\WinPixEventRuntime.dll" "D:\HTC\avboit\The-Forge\Examples_3\Unit_Tests\PC Visual Studio 2019\x64\Release\03_MultiThread\WinPixEventRunTime.dll"* /S /Y /D
                 
                set ART=D:\HTC\avboit\The-Forge\Examples_3\Unit_Tests\PC Visual Studio 2019\..\..\..\Art\
         xcopy /Y /S /D "%ART%\UnitTestResources\Textures\dds\Skybox_*.tex" "D:\HTC\avboit\The-Forge\Examples_3\Unit_Tests\PC Visual Studio 2019\x64\Release\03_MultiThread\Textures\"
         xcopy /Y /S /D "%ART%\UnitTestResources\Textures\dds\Palette_*.tex" "D:\HTC\avboit\The-Forge\Examples_3\Unit_Tests\PC Visual Studio 2019\x64\Release\03_MultiThread\Textures\"
         xcopy /Y /S /D "%ART%\UnitTestResources\Textures\dds\circlepad.tex" "D:\HTC\avboit\The-Forge\Examples_3\Unit_Tests\PC Visual Studio 2019\x64\Release\03_MultiThread\Textures\"
         xcopy /Y /S /D "%ART%\UnitTestResources\Fonts\*.ttf" "D:\HTC\avboit\The-Forge\Examples_3\Unit_Tests\PC Visual Studio 2019\x64\Release\03_MultiThread\Fonts\"
         xcopy /Y /S /D "%ART%\UnitTestResources\Fonts\*.otf" "D:\HTC\avboit\The-Forge\Examples_3\Unit_Tests\PC Visual Studio 2019\x64\Release\03_MultiThread\Fonts\"
         
         xcopy /Y /S /D /E "D:\HTC\avboit\The-Forge\Examples_3\Unit_Tests\PC Visual Studio 2019\x64\Release\03_MultiThread\..\OS\Shaders" "D:\HTC\avboit\The-Forge\Examples_3\Unit_Tests\PC Visual Studio 2019\x64\Release\03_MultiThread\Shaders"
         xcopy /Y /S /D /E "D:\HTC\avboit\The-Forge\Examples_3\Unit_Tests\PC Visual Studio 2019\x64\Release\03_MultiThread\..\OS\CompiledShaders" "D:\HTC\avboit\The-Forge\Examples_3\Unit_Tests\PC Visual Studio 2019\x64\Release\03_MultiThread\CompiledShaders"
         
         xcopy /Y /S /D "D:\HTC\avboit\The-Forge\Examples_3\Unit_Tests\PC Visual Studio 2019\..\src\03_MultiThread\Scripts\*.lua" "D:\HTC\avboit\The-Forge\Examples_3\Unit_Tests\PC Visual Studio 2019\x64\Release\03_MultiThread\Scripts\"
         xcopy /Y /S /D "%ART%\UnitTestResources\Scripts\*.lua" "D:\HTC\avboit\The-Forge\Examples_3\Unit_Tests\PC Visual Studio 2019\x64\Release\03_MultiThread\Scripts\"
         
         xcopy "D:\HTC\avboit\The-Forge\Common_3\OS\Windows\pc_gpu.data" "D:\HTC\avboit\The-Forge\Examples_3\Unit_Tests\PC Visual Studio 2019\x64\Release\03_MultiThread\GPUCfg\gpu.data*" /Y /D
         xcopy "D:\HTC\avboit\The-Forge\Examples_3\Unit_Tests\src\03_MultiThread\GPUCfg\gpu.cfg" "D:\HTC\avboit\The-Forge\Examples_3\Unit_Tests\PC Visual Studio 2019\x64\Release\03_MultiThread\GPUCfg\gpu.cfg*" /Y /D
         
         :VCEnd
    47>PostBuildEvent:
         0 File(s) copied
    41>PostBuildEvent:
         0 File(s) copied
    47>PostBuildEvent:
         0 File(s) copied
    41>PostBuildEvent:
         0 File(s) copied
    47>PostBuildEvent:
         0 File(s) copied
    50>PostBuildEvent:
         0 File(s) copied
    41>PostBuildEvent:
         0 File(s) copied
    46>PostBuildEvent:
         0 File(s) copied
    47>PostBuildEvent:
         0 File(s) copied
    41>PostBuildEvent:
         0 File(s) copied
    50>PostBuildEvent:
         0 File(s) copied
    47>PostBuildEvent:
         0 File(s) copied
    46>PostBuildEvent:
         File not found - *.ttf
         0 File(s) copied
    50>PostBuildEvent:
         0 File(s) copied
    41>PostBuildEvent:
         0 File(s) copied
    52>PostBuildEvent:
         0 File(s) copied
    47>PostBuildEvent:
         0 File(s) copied
    46>PostBuildEvent:
         0 File(s) copied
    55>ClCompile:
         ?????????
    41>PostBuildEvent:
         0 File(s) copied
    50>PostBuildEvent:
         0 File(s) copied
         0 File(s) copied
    46>PostBuildEvent:
         0 File(s) copied
    47>PostBuildEvent:
         0 File(s) copied
    50>PostBuildEvent:
         0 File(s) copied
    47>PostBuildEvent:
         0 File(s) copied
    55>Link:
         E:\tools\Microsoft Visual Studio\2022\Community\VC\Tools\MSVC\14.38.33130\bin\HostX86\x64\link.exe /ERRORREPORT:QUEUE /OUT:"D:\HTC\avboit\The-Forge\Examples_3\Unit_Tests\PC Visual Studio 2019\x64\Release\28_Skinning\28_Skinning.exe" /INCREMENTAL:NO /NOLOGO Xinput9_1_0.lib ws2_32.lib gainputstatic.lib ozz_base.lib ozz_animation.lib Renderer.lib OS.lib kernel32.lib user32.lib gdi32.lib winspool.lib comdlg32.lib advapi32.lib shell32.lib ole32.lib oleaut32.lib uuid.lib odbc32.lib odbccp32.lib /MANIFEST /MANIFESTUAC:"level='asInvoker' uiAccess='false'" /manifest:embed /manifestinput:"D:\HTC\avboit\The-Forge\Examples_3\Unit_Tests\PC Visual Studio 2019\dpi-aware.manifest" /DEBUG /PDB:"D:\HTC\avboit\The-Forge\Examples_3\Unit_Tests\PC Visual Studio 2019\x64\Release\28_Skinning\28_Skinning.pdb" /SUBSYSTEM:WINDOWS /OPT:REF /OPT:ICF /LTCG:incremental /LTCGOUT:"D:\HTC\avboit\The-Forge\Examples_3\Unit_Tests\PC Visual Studio 2019\\x64\Release\Intermediate\28_Skinning\28_Skinning.iobj" /TLBID:1 /ENTRY:"mainCRTStartup" /DYNAMICBASE /NXCOMPAT /IMPLIB:"D:\HTC\avboit\The-Forge\Examples_3\Unit_Tests\PC Visual Studio 2019\x64\Release\28_Skinning\28_Skinning.lib" /MACHINE:X64 /ignore:4099 "D:\HTC\avboit\The-Forge\Examples_3\Unit_Tests\PC Visual Studio 2019\\x64\Release\Intermediate\28_Skinning\28_Skinning.obj"
    46>PostBuildEvent:
         0 File(s) copied
    47>PostBuildEvent:
         File not found - *.ttf
         0 File(s) copied
    46>PostBuildEvent:
         File not found - *.lua
         0 File(s) copied
         0 File(s) copied
    47>PostBuildEvent:
         0 File(s) copied
    52>PostBuildEvent:
         0 File(s) copied
    46>PostBuildEvent:
         0 File(s) copied
    41>PostBuildEvent:
         0 File(s) copied
    47>PostBuildEvent:
         0 File(s) copied
    46>FinalizeBuildStatus:
         ??????“D:\HTC\avboit\The-Forge\Examples_3\Unit_Tests\PC Visual Studio 2019\\x64\Release\Intermediate\17_EntityComponentSystem\17_Entit.A6E3EA66.tlog\unsuccessfulbuild”?
         ???“D:\HTC\avboit\The-Forge\Examples_3\Unit_Tests\PC Visual Studio 2019\\x64\Release\Intermediate\17_EntityComponentSystem\17_Entit.A6E3EA66.tlog\17_EntityComponentSystem.lastbuildstate”?? Touch ???
    46>???????“D:\HTC\avboit\The-Forge\Examples_3\Unit_Tests\PC Visual Studio 2019\17_EntityComponentSystem.vcxproj”(????)????
    52>PostBuildEvent:
         File not found - *.ttf
         0 File(s) copied
    50>PostBuildEvent:
         0 File(s) copied
    47>PostBuildEvent:
         0 File(s) copied
    52>PostBuildEvent:
         0 File(s) copied
    47>PostBuildEvent:
         File not found - *
         0 File(s) copied
    52>PostBuildEvent:
         0 File(s) copied
    47>PostBuildEvent:
         File not found - *
         0 File(s) copied
         0 File(s) copied
    52>PostBuildEvent:
         0 File(s) copied
    41>PostBuildEvent:
         0 File(s) copied
    47>PostBuildEvent:
         File not found - *.lua
         0 File(s) copied
    52>PostBuildEvent:
         0 File(s) copied
    47>PostBuildEvent:
         0 File(s) copied
    41>PostBuildEvent:
         File not found - *.ttf
         0 File(s) copied
    44>Link:
            Creating library D:\HTC\avboit\The-Forge\Examples_3\Unit_Tests\PC Visual Studio 2019\x64\Release\11a_UnlinkedMultiGPU\11a_UnlinkedMultiGPU.lib and object D:\HTC\avboit\The-Forge\Examples_3\Unit_Tests\PC Visual Studio 2019\x64\Release\11a_UnlinkedMultiGPU\11a_UnlinkedMultiGPU.exp
    52>PostBuildEvent:
         File not found - *.lua
         0 File(s) copied
    50>PostBuildEvent:
         0 File(s) copied
    47>PostBuildEvent:
         0 File(s) copied
    41>PostBuildEvent:
         0 File(s) copied
    47>FinalizeBuildStatus:
         ??????“D:\HTC\avboit\The-Forge\Examples_3\Unit_Tests\PC Visual Studio 2019\\x64\Release\Intermediate\16_Raytracing\16_Raytracing.tlog\unsuccessfulbuild”?
         ???“D:\HTC\avboit\The-Forge\Examples_3\Unit_Tests\PC Visual Studio 2019\\x64\Release\Intermediate\16_Raytracing\16_Raytracing.tlog\16_Raytracing.lastbuildstate”?? Touch ???
    47>???????“D:\HTC\avboit\The-Forge\Examples_3\Unit_Tests\PC Visual Studio 2019\16_Raytracing.vcxproj”(????)????
    52>PostBuildEvent:
         0 File(s) copied
    39>ClCompile:
         ?????????
    44>Link:
         Generating code
    39>ClCompile:
         ?????????
    52>PostBuildEvent:
         0 File(s) copied
    41>PostBuildEvent:
         0 File(s) copied
    39>ResourceCompile:
         ?????????
    52>FinalizeBuildStatus:
         ??????“D:\HTC\avboit\The-Forge\Examples_3\Unit_Tests\PC Visual Studio 2019\\x64\Release\Intermediate\11_LinkedMultiGPU\11_Linke.3C4D4A39.tlog\unsuccessfulbuild”?
         ???“D:\HTC\avboit\The-Forge\Examples_3\Unit_Tests\PC Visual Studio 2019\\x64\Release\Intermediate\11_LinkedMultiGPU\11_Linke.3C4D4A39.tlog\11_LinkedMultiGPU.lastbuildstate”?? Touch ???
    52>???????“D:\HTC\avboit\The-Forge\Examples_3\Unit_Tests\PC Visual Studio 2019\11_LinkedMultiGPU.vcxproj”(????)????
    39>Link:
         E:\tools\Microsoft Visual Studio\2022\Community\VC\Tools\MSVC\14.38.33130\bin\HostX86\x64\link.exe /ERRORREPORT:QUEUE /OUT:"D:\HTC\avboit\The-Forge\Examples_3\Unit_Tests\PC Visual Studio 2019\x64\Release\buny.exe" /INCREMENTAL:NO /NOLOGO kernel32.lib user32.lib gdi32.lib winspool.lib comdlg32.lib advapi32.lib shell32.lib ole32.lib oleaut32.lib uuid.lib odbc32.lib odbccp32.lib bunylib.lib OS.lib winmm.lib /MANIFEST /MANIFESTUAC:"level='asInvoker' uiAccess='false'" /manifest:embed /DEBUG /PDB:"D:\HTC\avboit\The-Forge\Examples_3\Unit_Tests\PC Visual Studio 2019\x64\Release\buny.pdb" /SUBSYSTEM:CONSOLE /OPT:REF /OPT:ICF /LTCG:incremental /LTCGOUT:"D:\HTC\avboit\The-Forge\Examples_3\Unit_Tests\PC Visual Studio 2019\\x64\Release\Intermediate\BunyTool\buny.iobj" /TLBID:1 /DYNAMICBASE /NXCOMPAT /IMPLIB:"D:\HTC\avboit\The-Forge\Examples_3\Unit_Tests\PC Visual Studio 2019\x64\Release\buny.lib" /MACHINE:X64 "D:\HTC\avboit\The-Forge\Examples_3\Unit_Tests\PC Visual Studio 2019\\x64\Release\Intermediate\BunyTool\BunyTool.res"
         "D:\HTC\avboit\The-Forge\Examples_3\Unit_Tests\PC Visual Studio 2019\\x64\Release\Intermediate\BunyTool\WindowsToolsFileSystem.obj"
         "D:\HTC\avboit\The-Forge\Examples_3\Unit_Tests\PC Visual Studio 2019\\x64\Release\Intermediate\BunyTool\ToolFileSystem.obj"
         "D:\HTC\avboit\The-Forge\Examples_3\Unit_Tests\PC Visual Studio 2019\\x64\Release\Intermediate\BunyTool\BunyTool.obj"
    41>PostBuildEvent:
         0 File(s) copied
         0 File(s) copied
         File not found - *.lua
    53>Link:
            Creating library D:\HTC\avboit\The-Forge\Examples_3\Unit_Tests\PC Visual Studio 2019\x64\Release\10_ScreenSpaceReflections\10_ScreenSpaceReflections.lib and object D:\HTC\avboit\The-Forge\Examples_3\Unit_Tests\PC Visual Studio 2019\x64\Release\10_ScreenSpaceReflections\10_ScreenSpaceReflections.exp
    41>PostBuildEvent:
         0 File(s) copied
    50>PostBuildEvent:
         0 File(s) copied
    41>PostBuildEvent:
         0 File(s) copied
    53>Link:
         Generating code
    50>PostBuildEvent:
         File not found - *.ttf
         0 File(s) copied
    41>FinalizeBuildStatus:
         ??????“D:\HTC\avboit\The-Forge\Examples_3\Unit_Tests\PC Visual Studio 2019\\x64\Release\Intermediate\01_Transformations\01_Trans.5938554B.tlog\unsuccessfulbuild”?
         ???“D:\HTC\avboit\The-Forge\Examples_3\Unit_Tests\PC Visual Studio 2019\\x64\Release\Intermediate\01_Transformations\01_Trans.5938554B.tlog\01_Transformations.lastbuildstate”?? Touch ???
    41>???????“D:\HTC\avboit\The-Forge\Examples_3\Unit_Tests\PC Visual Studio 2019\01_Transformations.vcxproj”(????)????
    50>PostBuildEvent:
         0 File(s) copied
         0 File(s) copied
    39>Link:
         Generating code
    50>PostBuildEvent:
         0 File(s) copied
         0 File(s) copied
         File not found - *.lua
         0 File(s) copied
         0 File(s) copied
         0 File(s) copied
    39>Link:
         0 of 1367 functions ( 0.0%) were compiled, the rest were copied from previous compilation.
           0 functions were new in current compilation
           0 functions had inline decision re-evaluated but remain unchanged
    50>FinalizeBuildStatus:
         ??????“D:\HTC\avboit\The-Forge\Examples_3\Unit_Tests\PC Visual Studio 2019\\x64\Release\Intermediate\03_MultiThread\03_MultiThread.tlog\unsuccessfulbuild”?
         ???“D:\HTC\avboit\The-Forge\Examples_3\Unit_Tests\PC Visual Studio 2019\\x64\Release\Intermediate\03_MultiThread\03_MultiThread.tlog\03_MultiThread.lastbuildstate”?? Touch ???
    50>???????“D:\HTC\avboit\The-Forge\Examples_3\Unit_Tests\PC Visual Studio 2019\03_MultiThread.vcxproj”(????)????
    21>???????“D:\HTC\avboit\The-Forge\Examples_3\Unit_Tests\PC Visual Studio 2019\36_AlgorithmsAndContainers.vcxproj.metaproj”(????)??? - ???
    16>???????“D:\HTC\avboit\The-Forge\Examples_3\Unit_Tests\PC Visual Studio 2019\34_Input.vcxproj.metaproj”(????)????
    13>???????“D:\HTC\avboit\The-Forge\Examples_3\Unit_Tests\PC Visual Studio 2019\17_EntityComponentSystem.vcxproj.metaproj”(????)????
    12>???????“D:\HTC\avboit\The-Forge\Examples_3\Unit_Tests\PC Visual Studio 2019\16_Raytracing.vcxproj.metaproj”(????)????
     6>???????“D:\HTC\avboit\The-Forge\Examples_3\Unit_Tests\PC Visual Studio 2019\11_LinkedMultiGPU.vcxproj.metaproj”(????)????
     2>???????“D:\HTC\avboit\The-Forge\Examples_3\Unit_Tests\PC Visual Studio 2019\01_Transformations.vcxproj.metaproj”(????)????
     5>???????“D:\HTC\avboit\The-Forge\Examples_3\Unit_Tests\PC Visual Studio 2019\03_MultiThread.vcxproj.metaproj”(????)????
    39>Link:
         Finished generating code
    55>Link:
            Creating library D:\HTC\avboit\The-Forge\Examples_3\Unit_Tests\PC Visual Studio 2019\x64\Release\28_Skinning\28_Skinning.lib and object D:\HTC\avboit\The-Forge\Examples_3\Unit_Tests\PC Visual Studio 2019\x64\Release\28_Skinning\28_Skinning.exp
         Generating code
    39>Link:
         BunyTool.vcxproj -> D:\HTC\avboit\The-Forge\Examples_3\Unit_Tests\PC Visual Studio 2019\x64\Release\buny.exe
       FinalizeBuildStatus:
         ??????“D:\HTC\avboit\The-Forge\Examples_3\Unit_Tests\PC Visual Studio 2019\\x64\Release\Intermediate\BunyTool\BunyTool.tlog\unsuccessfulbuild”?
         ???“D:\HTC\avboit\The-Forge\Examples_3\Unit_Tests\PC Visual Studio 2019\\x64\Release\Intermediate\BunyTool\BunyTool.tlog\BunyTool.lastbuildstate”?? Touch ???
    39>???????“D:\HTC\avboit\The-Forge\Common_3\Tools\BunyArchive\VisualStudio\BunyTool.vcxproj”(????)????
    23>???????“D:\HTC\avboit\The-Forge\Common_3\Tools\BunyArchive\VisualStudio\BunyTool.vcxproj.metaproj”(????)????
    49>ClCompile:
         ?????????
       Link:
         E:\tools\Microsoft Visual Studio\2022\Community\VC\Tools\MSVC\14.38.33130\bin\HostX86\x64\link.exe /ERRORREPORT:QUEUE /OUT:"D:\HTC\avboit\The-Forge\Examples_3\Unit_Tests\PC Visual Studio 2019\x64\Release\14_WaveIntrinsics\14_WaveIntrinsics.exe" /INCREMENTAL:NO /NOLOGO Xinput9_1_0.lib ws2_32.lib gainputstatic.lib Renderer.lib OS.lib kernel32.lib user32.lib gdi32.lib winspool.lib comdlg32.lib advapi32.lib shell32.lib ole32.lib oleaut32.lib uuid.lib odbc32.lib odbccp32.lib /MANIFEST /MANIFESTUAC:"level='asInvoker' uiAccess='false'" /manifest:embed /manifestinput:"D:\HTC\avboit\The-Forge\Examples_3\Unit_Tests\PC Visual Studio 2019\dpi-aware.manifest" /DEBUG /PDB:"D:\HTC\avboit\The-Forge\Examples_3\Unit_Tests\PC Visual Studio 2019\x64\Release\14_WaveIntrinsics\14_WaveIntrinsics.pdb" /SUBSYSTEM:WINDOWS /OPT:REF /OPT:ICF /LTCG:incremental /LTCGOUT:"D:\HTC\avboit\The-Forge\Examples_3\Unit_Tests\PC Visual Studio 2019\\x64\Release\Intermediate\14_WaveIntrinsics\14_WaveIntrinsics.iobj" /TLBID:1 /ENTRY:"mainCRTStartup" /DYNAMICBASE /NXCOMPAT /IMPLIB:"D:\HTC\avboit\The-Forge\Examples_3\Unit_Tests\PC Visual Studio 2019\x64\Release\14_WaveIntrinsics\14_WaveIntrinsics.lib" /MACHINE:X64 /ignore:4099 "D:\HTC\avboit\The-Forge\Examples_3\Unit_Tests\PC Visual Studio 2019\\x64\Release\Intermediate\14_WaveIntrinsics\14_WaveIntrinsics.obj"
    51>ClCompile:
         ?????????
       Link:
         E:\tools\Microsoft Visual Studio\2022\Community\VC\Tools\MSVC\14.38.33130\bin\HostX86\x64\link.exe /ERRORREPORT:QUEUE /OUT:"D:\HTC\avboit\The-Forge\Examples_3\Unit_Tests\PC Visual Studio 2019\x64\Release\09_LightShadowPlayground\09_LightShadowPlayground.exe" /INCREMENTAL:NO /NOLOGO Xinput9_1_0.lib ws2_32.lib gainputstatic.lib Renderer.lib OS.lib kernel32.lib user32.lib gdi32.lib winspool.lib comdlg32.lib advapi32.lib shell32.lib ole32.lib oleaut32.lib uuid.lib odbc32.lib odbccp32.lib /MANIFEST /MANIFESTUAC:"level='asInvoker' uiAccess='false'" /manifest:embed /manifestinput:"D:\HTC\avboit\The-Forge\Examples_3\Unit_Tests\PC Visual Studio 2019\dpi-aware.manifest" /DEBUG /PDB:"D:\HTC\avboit\The-Forge\Examples_3\Unit_Tests\PC Visual Studio 2019\x64\Release\09_LightShadowPlayground\09_LightShadowPlayground.pdb" /SUBSYSTEM:WINDOWS /OPT:REF /OPT:ICF /LTCG:incremental /LTCGOUT:"D:\HTC\avboit\The-Forge\Examples_3\Unit_Tests\PC Visual Studio 2019\\x64\Release\Intermediate\09_LightShadowPlayground\09_LightShadowPlayground.iobj" /TLBID:1 /ENTRY:"mainCRTStartup" /DYNAMICBASE /NXCOMPAT /IMPLIB:"D:\HTC\avboit\The-Forge\Examples_3\Unit_Tests\PC Visual Studio 2019\x64\Release\09_LightShadowPlayground\09_LightShadowPlayground.lib" /MACHINE:X64 /ignore:4099 "D:\HTC\avboit\The-Forge\Examples_3\Unit_Tests\PC Visual Studio 2019\\x64\Release\Intermediate\09_LightShadowPlayground\SanMiguel.obj"
         "D:\HTC\avboit\The-Forge\Examples_3\Unit_Tests\PC Visual Studio 2019\\x64\Release\Intermediate\09_LightShadowPlayground\SanMiguelSDF.obj"
         "D:\HTC\avboit\The-Forge\Examples_3\Unit_Tests\PC Visual Studio 2019\\x64\Release\Intermediate\09_LightShadowPlayground\09_LightShadowPlayground.obj"
    44>Link:
         0 of 11558 functions ( 0.0%) were compiled, the rest were copied from previous compilation.
           0 functions were new in current compilation
           0 functions had inline decision re-evaluated but remain unchanged
         Finished generating code
    53>Link:
         0 of 11613 functions ( 0.0%) were compiled, the rest were copied from previous compilation.
           0 functions were new in current compilation
           0 functions had inline decision re-evaluated but remain unchanged
         Finished generating code
    49>Link:
            Creating library D:\HTC\avboit\The-Forge\Examples_3\Unit_Tests\PC Visual Studio 2019\x64\Release\14_WaveIntrinsics\14_WaveIntrinsics.lib and object D:\HTC\avboit\The-Forge\Examples_3\Unit_Tests\PC Visual Studio 2019\x64\Release\14_WaveIntrinsics\14_WaveIntrinsics.exp
         Generating code
    51>Link:
            Creating library D:\HTC\avboit\The-Forge\Examples_3\Unit_Tests\PC Visual Studio 2019\x64\Release\09_LightShadowPlayground\09_LightShadowPlayground.lib and object D:\HTC\avboit\The-Forge\Examples_3\Unit_Tests\PC Visual Studio 2019\x64\Release\09_LightShadowPlayground\09_LightShadowPlayground.exp
    55>Link:
         0 of 11695 functions ( 0.0%) were compiled, the rest were copied from previous compilation.
           0 functions were new in current compilation
           0 functions had inline decision re-evaluated but remain unchanged
    51>Link:
         Generating code
    55>Link:
         Finished generating code
    54>ClCompile:
         ?????????
       Link:
         E:\tools\Microsoft Visual Studio\2022\Community\VC\Tools\MSVC\14.38.33130\bin\HostX86\x64\link.exe /ERRORREPORT:QUEUE /OUT:"D:\HTC\avboit\The-Forge\Examples_3\Unit_Tests\PC Visual Studio 2019\x64\Release\06_MaterialPlayground\06_MaterialPlayground.exe" /INCREMENTAL:NO /NOLOGO Xinput9_1_0.lib ws2_32.lib gainputstatic.lib ozz_base.lib ozz_animation.lib Renderer.lib OS.lib kernel32.lib user32.lib gdi32.lib winspool.lib comdlg32.lib advapi32.lib shell32.lib ole32.lib oleaut32.lib uuid.lib odbc32.lib odbccp32.lib /MANIFEST /MANIFESTUAC:"level='asInvoker' uiAccess='false'" /manifest:embed /manifestinput:"D:\HTC\avboit\The-Forge\Examples_3\Unit_Tests\PC Visual Studio 2019\dpi-aware.manifest" /DEBUG /PDB:"D:\HTC\avboit\The-Forge\Examples_3\Unit_Tests\PC Visual Studio 2019\x64\Release\06_MaterialPlayground\06_MaterialPlayground.pdb" /SUBSYSTEM:WINDOWS /OPT:REF /OPT:ICF /LTCG:incremental /LTCGOUT:"D:\HTC\avboit\The-Forge\Examples_3\Unit_Tests\PC Visual Studio 2019\\x64\Release\Intermediate\06_MaterialPlayground\06_MaterialPlayground.iobj" /TLBID:1 /ENTRY:"mainCRTStartup" /DYNAMICBASE /NXCOMPAT /IMPLIB:"D:\HTC\avboit\The-Forge\Examples_3\Unit_Tests\PC Visual Studio 2019\x64\Release\06_MaterialPlayground\06_MaterialPlayground.lib" /MACHINE:X64 /ignore:4099 "D:\HTC\avboit\The-Forge\Examples_3\Unit_Tests\PC Visual Studio 2019\\x64\Release\Intermediate\06_MaterialPlayground\06_MaterialPlayground.obj"
    44>Link:
         11a_UnlinkedMultiGPU.vcxproj -> D:\HTC\avboit\The-Forge\Examples_3\Unit_Tests\PC Visual Studio 2019\x64\Release\11a_UnlinkedMultiGPU\11a_UnlinkedMultiGPU.exe
       CustomBuildStep:
       ??????“CustomBuildStep”,????????
    49>Link:
         0 of 11501 functions ( 0.0%) were compiled, the rest were copied from previous compilation.
           0 functions were new in current compilation
           0 functions had inline decision re-evaluated but remain unchanged
    44>CustomBuildStep:
       ??????“CustomBuildStep”,????????
       PostBuildEvent:
         
                 xcopy "D:\HTC\avboit\The-Forge\Examples_3\Unit_Tests\PC Visual Studio 2019\..\..\..\Common_3\Graphics\ThirdParty\OpenSource\VulkanSDK\bin\Win32\*.dll" "D:\HTC\avboit\The-Forge\Examples_3\Unit_Tests\PC Visual Studio 2019\x64\Release\11a_UnlinkedMultiGPU\" /S /Y /D
                 xcopy "D:\HTC\avboit\The-Forge\Examples_3\Unit_Tests\PC Visual Studio 2019\..\..\..\Common_3\Graphics\ThirdParty\OpenSource\VulkanSDK\bin\Win32\*.json" "D:\HTC\avboit\The-Forge\Examples_3\Unit_Tests\PC Visual Studio 2019\x64\Release\11a_UnlinkedMultiGPU\" /S /Y /D
                 xcopy "D:\HTC\avboit\The-Forge\Examples_3\Unit_Tests\PC Visual Studio 2019\..\..\..\Common_3\Graphics\ThirdParty\OpenSource\ags\ags_lib\lib\amd_ags_x64.dll" "D:\HTC\avboit\The-Forge\Examples_3\Unit_Tests\PC Visual Studio 2019\x64\Release\11a_UnlinkedMultiGPU\amd_ags_x64.dll"* /S /Y /D
                 xcopy "D:\HTC\avboit\The-Forge\Examples_3\Unit_Tests\PC Visual Studio 2019\..\..\..\Common_3\Graphics\ThirdParty\OpenSource\DirectXShaderCompiler\bin\x64\dxcompiler.dll" "D:\HTC\avboit\The-Forge\Examples_3\Unit_Tests\PC Visual Studio 2019\x64\Release\11a_UnlinkedMultiGPU\dxcompiler.dll"* /S /Y /D
                 xcopy "D:\HTC\avboit\The-Forge\Examples_3\Unit_Tests\PC Visual Studio 2019\..\..\..\Common_3\Graphics\ThirdParty\OpenSource\Direct3d12Agility\bin\x64\*.dll" "D:\HTC\avboit\The-Forge\Examples_3\Unit_Tests\PC Visual Studio 2019\x64\Release\11a_UnlinkedMultiGPU\"* /S /Y /D
                 xcopy "D:\HTC\avboit\The-Forge\Examples_3\Unit_Tests\PC Visual Studio 2019\..\..\..\Common_3\OS\ThirdParty\OpenSource\winpixeventruntime\bin\WinPixEventRuntime.dll" "D:\HTC\avboit\The-Forge\Examples_3\Unit_Tests\PC Visual Studio 2019\x64\Release\11a_UnlinkedMultiGPU\WinPixEventRunTime.dll"* /S /Y /D
                 
                set ART=D:\HTC\avboit\The-Forge\Examples_3\Unit_Tests\PC Visual Studio 2019\..\..\..\Art\
         xcopy /Y /S /D "%ART%\UnitTestResources\Textures\dds\Skybox_*.tex" "D:\HTC\avboit\The-Forge\Examples_3\Unit_Tests\PC Visual Studio 2019\x64\Release\11a_UnlinkedMultiGPU\Textures\"
         xcopy /Y /S /D "%ART%\UnitTestResources\Textures\dds\circlepad.tex" "D:\HTC\avboit\The-Forge\Examples_3\Unit_Tests\PC Visual Studio 2019\x64\Release\11a_UnlinkedMultiGPU\Textures\"
         xcopy /Y /S /D "%ART%\UnitTestResources\Fonts\*.ttf" "D:\HTC\avboit\The-Forge\Examples_3\Unit_Tests\PC Visual Studio 2019\x64\Release\11a_UnlinkedMultiGPU\Fonts\"
         xcopy /Y /S /D "%ART%\UnitTestResources\Fonts\*.otf" "D:\HTC\avboit\The-Forge\Examples_3\Unit_Tests\PC Visual Studio 2019\x64\Release\11a_UnlinkedMultiGPU\Fonts\"
         
         xcopy /Y /S /D /E "D:\HTC\avboit\The-Forge\Examples_3\Unit_Tests\PC Visual Studio 2019\x64\Release\11a_UnlinkedMultiGPU\..\OS\Shaders" "D:\HTC\avboit\The-Forge\Examples_3\Unit_Tests\PC Visual Studio 2019\x64\Release\11a_UnlinkedMultiGPU\Shaders"
         xcopy /Y /S /D /E "D:\HTC\avboit\The-Forge\Examples_3\Unit_Tests\PC Visual Studio 2019\x64\Release\11a_UnlinkedMultiGPU\..\OS\CompiledShaders" "D:\HTC\avboit\The-Forge\Examples_3\Unit_Tests\PC Visual Studio 2019\x64\Release\11a_UnlinkedMultiGPU\CompiledShaders"
         
         xcopy /Y /S /D "D:\HTC\avboit\The-Forge\Examples_3\Unit_Tests\PC Visual Studio 2019\..\src\11a_UnlinkedMultiGPU\Scripts\*.lua" "D:\HTC\avboit\The-Forge\Examples_3\Unit_Tests\PC Visual Studio 2019\x64\Release\11a_UnlinkedMultiGPU\Scripts\"
         xcopy /Y /S /D "%ART%\UnitTestResources\Scripts\*.lua" "D:\HTC\avboit\The-Forge\Examples_3\Unit_Tests\PC Visual Studio 2019\x64\Release\11a_UnlinkedMultiGPU\Scripts\"
         
         xcopy "D:\HTC\avboit\The-Forge\Common_3\OS\Windows\pc_gpu.data" "D:\HTC\avboit\The-Forge\Examples_3\Unit_Tests\PC Visual Studio 2019\x64\Release\11a_UnlinkedMultiGPU\GPUCfg\gpu.data*" /Y /D
         xcopy "D:\HTC\avboit\The-Forge\Examples_3\Unit_Tests\src\11a_UnlinkedMultiGPU\GPUCfg\gpu.cfg" "D:\HTC\avboit\The-Forge\Examples_3\Unit_Tests\PC Visual Studio 2019\x64\Release\11a_UnlinkedMultiGPU\GPUCfg\gpu.cfg*" /Y /D
         
         :VCEnd
         0 File(s) copied
         0 File(s) copied
         0 File(s) copied
         0 File(s) copied
    49>Link:
         Finished generating code
    53>Link:
         10_ScreenSpaceReflections.vcxproj -> D:\HTC\avboit\The-Forge\Examples_3\Unit_Tests\PC Visual Studio 2019\x64\Release\10_ScreenSpaceReflections\10_ScreenSpaceReflections.exe
       CustomBuildStep:
       ??????“CustomBuildStep”,????????
    44>PostBuildEvent:
         0 File(s) copied
    53>CustomBuildStep:
       ??????“CustomBuildStep”,????????
       PostBuildEvent:
         
                 xcopy "D:\HTC\avboit\The-Forge\Examples_3\Unit_Tests\PC Visual Studio 2019\..\..\..\Common_3\Graphics\ThirdParty\OpenSource\VulkanSDK\bin\Win32\*.dll" "D:\HTC\avboit\The-Forge\Examples_3\Unit_Tests\PC Visual Studio 2019\x64\Release\10_ScreenSpaceReflections\" /S /Y /D
                 xcopy "D:\HTC\avboit\The-Forge\Examples_3\Unit_Tests\PC Visual Studio 2019\..\..\..\Common_3\Graphics\ThirdParty\OpenSource\VulkanSDK\bin\Win32\*.json" "D:\HTC\avboit\The-Forge\Examples_3\Unit_Tests\PC Visual Studio 2019\x64\Release\10_ScreenSpaceReflections\" /S /Y /D
                 xcopy "D:\HTC\avboit\The-Forge\Examples_3\Unit_Tests\PC Visual Studio 2019\..\..\..\Common_3\Graphics\ThirdParty\OpenSource\ags\ags_lib\lib\amd_ags_x64.dll" "D:\HTC\avboit\The-Forge\Examples_3\Unit_Tests\PC Visual Studio 2019\x64\Release\10_ScreenSpaceReflections\amd_ags_x64.dll"* /S /Y /D
                 xcopy "D:\HTC\avboit\The-Forge\Examples_3\Unit_Tests\PC Visual Studio 2019\..\..\..\Common_3\Graphics\ThirdParty\OpenSource\DirectXShaderCompiler\bin\x64\dxcompiler.dll" "D:\HTC\avboit\The-Forge\Examples_3\Unit_Tests\PC Visual Studio 2019\x64\Release\10_ScreenSpaceReflections\dxcompiler.dll"* /S /Y /D
                 xcopy "D:\HTC\avboit\The-Forge\Examples_3\Unit_Tests\PC Visual Studio 2019\..\..\..\Common_3\Graphics\ThirdParty\OpenSource\Direct3d12Agility\bin\x64\*.dll" "D:\HTC\avboit\The-Forge\Examples_3\Unit_Tests\PC Visual Studio 2019\x64\Release\10_ScreenSpaceReflections\"* /S /Y /D
                 xcopy "D:\HTC\avboit\The-Forge\Examples_3\Unit_Tests\PC Visual Studio 2019\..\..\..\Common_3\OS\ThirdParty\OpenSource\winpixeventruntime\bin\WinPixEventRuntime.dll" "D:\HTC\avboit\The-Forge\Examples_3\Unit_Tests\PC Visual Studio 2019\x64\Release\10_ScreenSpaceReflections\WinPixEventRunTime.dll"* /S /Y /D
                 
                :: Copy Art files
         
                 xcopy "D:\HTC\avboit\The-Forge\Examples_3\Unit_Tests\PC Visual Studio 2019\..\..\..\Common_3\Graphics\ThirdParty\OpenSource\VulkanSDK\bin\Win32\*.dll" "D:\HTC\avboit\The-Forge\Examples_3\Unit_Tests\PC Visual Studio 2019\x64\Release\10_ScreenSpaceReflections\" /S /Y /D
                 xcopy "D:\HTC\avboit\The-Forge\Examples_3\Unit_Tests\PC Visual Studio 2019\..\..\..\Common_3\Graphics\ThirdParty\OpenSource\VulkanSDK\bin\Win32\*.json" "D:\HTC\avboit\The-Forge\Examples_3\Unit_Tests\PC Visual Studio 2019\x64\Release\10_ScreenSpaceReflections\" /S /Y /D
                 xcopy "D:\HTC\avboit\The-Forge\Examples_3\Unit_Tests\PC Visual Studio 2019\..\..\..\Common_3\Graphics\ThirdParty\OpenSource\ags\ags_lib\lib\amd_ags_x64.dll" "D:\HTC\avboit\The-Forge\Examples_3\Unit_Tests\PC Visual Studio 2019\x64\Release\10_ScreenSpaceReflections\amd_ags_x64.dll"* /S /Y /D
                 xcopy "D:\HTC\avboit\The-Forge\Examples_3\Unit_Tests\PC Visual Studio 2019\..\..\..\Common_3\Graphics\ThirdParty\OpenSource\DirectXShaderCompiler\bin\x64\dxcompiler.dll" "D:\HTC\avboit\The-Forge\Examples_3\Unit_Tests\PC Visual Studio 2019\x64\Release\10_ScreenSpaceReflections\dxcompiler.dll"* /S /Y /D
                 xcopy "D:\HTC\avboit\The-Forge\Examples_3\Unit_Tests\PC Visual Studio 2019\..\..\..\Common_3\Graphics\ThirdParty\OpenSource\Direct3d12Agility\bin\x64\*.dll" "D:\HTC\avboit\The-Forge\Examples_3\Unit_Tests\PC Visual Studio 2019\x64\Release\10_ScreenSpaceReflections\"* /S /Y /D
                 xcopy "D:\HTC\avboit\The-Forge\Examples_3\Unit_Tests\PC Visual Studio 2019\..\..\..\Common_3\OS\ThirdParty\OpenSource\winpixeventruntime\bin\WinPixEventRuntime.dll" "D:\HTC\avboit\The-Forge\Examples_3\Unit_Tests\PC Visual Studio 2019\x64\Release\10_ScreenSpaceReflections\WinPixEventRunTime.dll"* /S /Y /D
                 
                set ART=D:\HTC\avboit\The-Forge\Examples_3\Unit_Tests\PC Visual Studio 2019\..\..\..\Art\
         
         xcopy /Y /S /D "%ART%\SanMiguel_3\Meshes\*" "D:\HTC\avboit\The-Forge\Examples_3\Unit_Tests\PC Visual Studio 2019\x64\Release\10_ScreenSpaceReflections\Meshes\"
         xcopy /Y /S /D "%ART%\SanMiguel_3\Textures\dds\*.tex" "D:\HTC\avboit\The-Forge\Examples_3\Unit_Tests\PC Visual Studio 2019\x64\Release\10_ScreenSpaceReflections\Textures\"
         
         xcopy /Y /S /D "%ART%\UnitTestResources\Textures\dds\LA_Helipad3D.tex" "D:\HTC\avboit\The-Forge\Examples_3\Unit_Tests\PC Visual Studio 2019\x64\Release\10_ScreenSpaceReflections\Textures\"
         xcopy /Y /S /D "%ART%\UnitTestResources\Textures\ktx\HDRI\*.tex" "D:\HTC\avboit\The-Forge\Examples_3\Unit_Tests\PC Visual Studio 2019\x64\Release\10_ScreenSpaceReflections\Textures\"
         xcopy /Y /S /D "%ART%\UnitTestResources\Fonts\*.ttf" "D:\HTC\avboit\The-Forge\Examples_3\Unit_Tests\PC Visual Studio 2019\x64\Release\10_ScreenSpaceReflections\Fonts\"
         xcopy /Y /S /D "%ART%\UnitTestResources\Fonts\*.otf" "D:\HTC\avboit\The-Forge\Examples_3\Unit_Tests\PC Visual Studio 2019\x64\Release\10_ScreenSpaceReflections\Fonts\"
         
         xcopy /Y /S /D /E "D:\HTC\avboit\The-Forge\Examples_3\Unit_Tests\PC Visual Studio 2019\x64\Release\10_ScreenSpaceReflections\..\OS\Shaders" "D:\HTC\avboit\The-Forge\Examples_3\Unit_Tests\PC Visual Studio 2019\x64\Release\10_ScreenSpaceReflections\Shaders"
         xcopy /Y /S /D /E "D:\HTC\avboit\The-Forge\Examples_3\Unit_Tests\PC Visual Studio 2019\x64\Release\10_ScreenSpaceReflections\..\OS\CompiledShaders" "D:\HTC\avboit\The-Forge\Examples_3\Unit_Tests\PC Visual Studio 2019\x64\Release\10_ScreenSpaceReflections\CompiledShaders"
         
         xcopy /Y /S /D "D:\HTC\avboit\The-Forge\Examples_3\Unit_Tests\PC Visual Studio 2019\..\src\10_ScreenSpaceReflections\Scripts\*.lua" "D:\HTC\avboit\The-Forge\Examples_3\Unit_Tests\PC Visual Studio 2019\x64\Release\10_ScreenSpaceReflections\Scripts\"
         xcopy /Y /S /D "%ART%\UnitTestResources\Scripts\*.lua" "D:\HTC\avboit\The-Forge\Examples_3\Unit_Tests\PC Visual Studio 2019\x64\Release\10_ScreenSpaceReflections\Scripts\"
         
         xcopy "D:\HTC\avboit\The-Forge\Common_3\OS\Windows\pc_gpu.data" "D:\HTC\avboit\The-Forge\Examples_3\Unit_Tests\PC Visual Studio 2019\x64\Release\10_ScreenSpaceReflections\GPUCfg\gpu.data*" /Y /D
         xcopy "D:\HTC\avboit\The-Forge\Examples_3\Unit_Tests\src\10_ScreenSpaceReflections\GPUCfg\gpu.cfg" "D:\HTC\avboit\The-Forge\Examples_3\Unit_Tests\PC Visual Studio 2019\x64\Release\10_ScreenSpaceReflections\GPUCfg\gpu.cfg*" /Y /D
         
         :VCEnd
    44>PostBuildEvent:
         0 File(s) copied
    51>Link:
         0 of 12078 functions ( 0.0%) were compiled, the rest were copied from previous compilation.
           0 functions were new in current compilation
           0 functions had inline decision re-evaluated but remain unchanged
    53>PostBuildEvent:
         0 File(s) copied
         0 File(s) copied
         0 File(s) copied
         0 File(s) copied
    44>PostBuildEvent:
         0 File(s) copied
    53>PostBuildEvent:
         0 File(s) copied
         0 File(s) copied
    51>Link:
         Finished generating code
    53>PostBuildEvent:
         0 File(s) copied
         0 File(s) copied
         0 File(s) copied
    54>Link:
            Creating library D:\HTC\avboit\The-Forge\Examples_3\Unit_Tests\PC Visual Studio 2019\x64\Release\06_MaterialPlayground\06_MaterialPlayground.lib and object D:\HTC\avboit\The-Forge\Examples_3\Unit_Tests\PC Visual Studio 2019\x64\Release\06_MaterialPlayground\06_MaterialPlayground.exp
    44>PostBuildEvent:
         0 File(s) copied
    53>PostBuildEvent:
         0 File(s) copied
         0 File(s) copied
    44>PostBuildEvent:
         File not found - *.ttf
         0 File(s) copied
    54>Link:
         Generating code
    53>PostBuildEvent:
         0 File(s) copied
    44>PostBuildEvent:
         0 File(s) copied
    53>PostBuildEvent:
         0 File(s) copied
    44>PostBuildEvent:
         0 File(s) copied
    53>PostBuildEvent:
         0 File(s) copied
    44>PostBuildEvent:
         0 File(s) copied
         0 File(s) copied
         File not found - *.lua
         0 File(s) copied
         0 File(s) copied
         0 File(s) copied
       FinalizeBuildStatus:
         ??????“D:\HTC\avboit\The-Forge\Examples_3\Unit_Tests\PC Visual Studio 2019\\x64\Release\Intermediate\11a_UnlinkedMultiGPU\11a_Unli.765fe836.tlog\unsuccessfulbuild”?
         ???“D:\HTC\avboit\The-Forge\Examples_3\Unit_Tests\PC Visual Studio 2019\\x64\Release\Intermediate\11a_UnlinkedMultiGPU\11a_Unli.765fe836.tlog\11a_UnlinkedMultiGPU.lastbuildstate”?? Touch ???
    44>???????“D:\HTC\avboit\The-Forge\Examples_3\Unit_Tests\PC Visual Studio 2019\11a_UnlinkedMultiGPU.vcxproj”(????)????
    17>???????“D:\HTC\avboit\The-Forge\Examples_3\Unit_Tests\PC Visual Studio 2019\11a_UnlinkedMultiGPU.vcxproj.metaproj”(????)????
    53>PostBuildEvent:
         0 File(s) copied
         0 File(s) copied
         File not found - *.ttf
         0 File(s) copied
    48>Link:
         E:\tools\Microsoft Visual Studio\2022\Community\VC\Tools\MSVC\14.38.33130\bin\HostX86\x64\link.exe /ERRORREPORT:QUEUE /OUT:"D:\HTC\avboit\The-Forge\Examples_3\Unit_Tests\PC Visual Studio 2019\x64\Release\15_Transparency\15_Transparency.exe" /INCREMENTAL:NO /NOLOGO Xinput9_1_0.lib ws2_32.lib gainputstatic.lib Renderer.lib OS.lib kernel32.lib user32.lib gdi32.lib winspool.lib comdlg32.lib advapi32.lib shell32.lib ole32.lib oleaut32.lib uuid.lib odbc32.lib odbccp32.lib /MANIFEST /MANIFESTUAC:"level='asInvoker' uiAccess='false'" /manifest:embed /manifestinput:"D:\HTC\avboit\The-Forge\Examples_3\Unit_Tests\PC Visual Studio 2019\dpi-aware.manifest" /DEBUG /PDB:"D:\HTC\avboit\The-Forge\Examples_3\Unit_Tests\PC Visual Studio 2019\x64\Release\15_Transparency\15_Transparency.pdb" /SUBSYSTEM:WINDOWS /OPT:REF /OPT:ICF /LTCG:incremental /LTCGOUT:"D:\HTC\avboit\The-Forge\Examples_3\Unit_Tests\PC Visual Studio 2019\\x64\Release\Intermediate\15_Transparency\15_Transparency.iobj" /TLBID:1 /ENTRY:"mainCRTStartup" /DYNAMICBASE /NXCOMPAT /IMPLIB:"D:\HTC\avboit\The-Forge\Examples_3\Unit_Tests\PC Visual Studio 2019\x64\Release\15_Transparency\15_Transparency.lib" /MACHINE:X64 /ignore:4099 "D:\HTC\avboit\The-Forge\Examples_3\Unit_Tests\PC Visual Studio 2019\\x64\Release\Intermediate\15_Transparency\15_Transparency.obj"
    55>Link:
         28_Skinning.vcxproj -> D:\HTC\avboit\The-Forge\Examples_3\Unit_Tests\PC Visual Studio 2019\x64\Release\28_Skinning\28_Skinning.exe
    53>PostBuildEvent:
         0 File(s) copied
         0 File(s) copied
         0 File(s) copied
         0 File(s) copied
         File not found - *.lua
         0 File(s) copied
         0 File(s) copied
         0 File(s) copied
       FinalizeBuildStatus:
         ??????“D:\HTC\avboit\The-Forge\Examples_3\Unit_Tests\PC Visual Studio 2019\\x64\Release\Intermediate\10_ScreenSpaceReflections\10_Scree.DA983663.tlog\unsuccessfulbuild”?
         ???“D:\HTC\avboit\The-Forge\Examples_3\Unit_Tests\PC Visual Studio 2019\\x64\Release\Intermediate\10_ScreenSpaceReflections\10_Scree.DA983663.tlog\10_ScreenSpaceReflections.lastbuildstate”?? Touch ???
    53>???????“D:\HTC\avboit\The-Forge\Examples_3\Unit_Tests\PC Visual Studio 2019\10_ScreenSpaceReflections.vcxproj”(????)????
     8>???????“D:\HTC\avboit\The-Forge\Examples_3\Unit_Tests\PC Visual Studio 2019\10_ScreenSpaceReflections.vcxproj.metaproj”(????)????
     1>??“D:\HTC\avboit\The-Forge\Examples_3\Unit_Tests\PC Visual Studio 2019\Unit_Tests.sln”(1)???? 1 ???“D:\HTC\avboit\The-Forge\Examples_3\Unit_Tests\PC Visual Studio 2019\21_Animations.vcxproj.metaproj”(22) (????)?
    22>??“D:\HTC\avboit\The-Forge\Examples_3\Unit_Tests\PC Visual Studio 2019\21_Animations.vcxproj.metaproj”(22)???? 6 ???“D:\HTC\avboit\The-Forge\Examples_3\Unit_Tests\PC Visual Studio 2019\21_Animations.vcxproj”(37) (????)?
    37>PrepareForBuild:
         ???????????????????????????????????,??? https://aka.ms/cpp/structured-output?
       InitializeBuildStatus:
         ????“D:\HTC\avboit\The-Forge\Examples_3\Unit_Tests\PC Visual Studio 2019\\x64\Release\Intermediate\21_Animations\21_Animations.tlog\unsuccessfulbuild”,?????“AlwaysCreate”?
         ???“D:\HTC\avboit\The-Forge\Examples_3\Unit_Tests\PC Visual Studio 2019\\x64\Release\Intermediate\21_Animations\21_Animations.tlog\unsuccessfulbuild”?? Touch ???
    48>Link:
            Creating library D:\HTC\avboit\The-Forge\Examples_3\Unit_Tests\PC Visual Studio 2019\x64\Release\15_Transparency\15_Transparency.lib and object D:\HTC\avboit\The-Forge\Examples_3\Unit_Tests\PC Visual Studio 2019\x64\Release\15_Transparency\15_Transparency.exp
         Generating code
         Previous IPDB not found, fall back to full compilation.
    49>Link:
         14_WaveIntrinsics.vcxproj -> D:\HTC\avboit\The-Forge\Examples_3\Unit_Tests\PC Visual Studio 2019\x64\Release\14_WaveIntrinsics\14_WaveIntrinsics.exe
       CustomBuildStep:
       ??????“CustomBuildStep”,????????
       CustomBuildStep:
       ??????“CustomBuildStep”,????????
       PostBuildEvent:
         
                 xcopy "D:\HTC\avboit\The-Forge\Examples_3\Unit_Tests\PC Visual Studio 2019\..\..\..\Common_3\Graphics\ThirdParty\OpenSource\VulkanSDK\bin\Win32\*.dll" "D:\HTC\avboit\The-Forge\Examples_3\Unit_Tests\PC Visual Studio 2019\x64\Release\14_WaveIntrinsics\" /S /Y /D
                 xcopy "D:\HTC\avboit\The-Forge\Examples_3\Unit_Tests\PC Visual Studio 2019\..\..\..\Common_3\Graphics\ThirdParty\OpenSource\VulkanSDK\bin\Win32\*.json" "D:\HTC\avboit\The-Forge\Examples_3\Unit_Tests\PC Visual Studio 2019\x64\Release\14_WaveIntrinsics\" /S /Y /D
                 xcopy "D:\HTC\avboit\The-Forge\Examples_3\Unit_Tests\PC Visual Studio 2019\..\..\..\Common_3\Graphics\ThirdParty\OpenSource\ags\ags_lib\lib\amd_ags_x64.dll" "D:\HTC\avboit\The-Forge\Examples_3\Unit_Tests\PC Visual Studio 2019\x64\Release\14_WaveIntrinsics\amd_ags_x64.dll"* /S /Y /D
                 xcopy "D:\HTC\avboit\The-Forge\Examples_3\Unit_Tests\PC Visual Studio 2019\..\..\..\Common_3\Graphics\ThirdParty\OpenSource\DirectXShaderCompiler\bin\x64\dxcompiler.dll" "D:\HTC\avboit\The-Forge\Examples_3\Unit_Tests\PC Visual Studio 2019\x64\Release\14_WaveIntrinsics\dxcompiler.dll"* /S /Y /D
                 xcopy "D:\HTC\avboit\The-Forge\Examples_3\Unit_Tests\PC Visual Studio 2019\..\..\..\Common_3\Graphics\ThirdParty\OpenSource\Direct3d12Agility\bin\x64\*.dll" "D:\HTC\avboit\The-Forge\Examples_3\Unit_Tests\PC Visual Studio 2019\x64\Release\14_WaveIntrinsics\"* /S /Y /D
                 xcopy "D:\HTC\avboit\The-Forge\Examples_3\Unit_Tests\PC Visual Studio 2019\..\..\..\Common_3\OS\ThirdParty\OpenSource\winpixeventruntime\bin\WinPixEventRuntime.dll" "D:\HTC\avboit\The-Forge\Examples_3\Unit_Tests\PC Visual Studio 2019\x64\Release\14_WaveIntrinsics\WinPixEventRunTime.dll"* /S /Y /D
                 
                set ART=D:\HTC\avboit\The-Forge\Examples_3\Unit_Tests\PC Visual Studio 2019\..\..\..\Art\
         xcopy /Y /S /D "%ART%\UnitTestResources\Fonts\*.ttf" "D:\HTC\avboit\The-Forge\Examples_3\Unit_Tests\PC Visual Studio 2019\x64\Release\14_WaveIntrinsics\Fonts\"
         xcopy /Y /S /D "%ART%\UnitTestResources\Fonts\*.otf" "D:\HTC\avboit\The-Forge\Examples_3\Unit_Tests\PC Visual Studio 2019\x64\Release\14_WaveIntrinsics\Fonts\"
         
         xcopy /Y /S /D /E "D:\HTC\avboit\The-Forge\Examples_3\Unit_Tests\PC Visual Studio 2019\x64\Release\14_WaveIntrinsics\..\OS\Shaders" "D:\HTC\avboit\The-Forge\Examples_3\Unit_Tests\PC Visual Studio 2019\x64\Release\14_WaveIntrinsics\Shaders"
         xcopy /Y /S /D /E "D:\HTC\avboit\The-Forge\Examples_3\Unit_Tests\PC Visual Studio 2019\x64\Release\14_WaveIntrinsics\..\OS\CompiledShaders" "D:\HTC\avboit\The-Forge\Examples_3\Unit_Tests\PC Visual Studio 2019\x64\Release\14_WaveIntrinsics\CompiledShaders"
         
         xcopy /Y /S /D "D:\HTC\avboit\The-Forge\Examples_3\Unit_Tests\PC Visual Studio 2019\..\src\14_WaveIntrinsics\Scripts\*.lua" "D:\HTC\avboit\The-Forge\Examples_3\Unit_Tests\PC Visual Studio 2019\x64\Release\14_WaveIntrinsics\Scripts\"
         xcopy /Y /S /D "%ART%\UnitTestResources\Scripts\*.lua" "D:\HTC\avboit\The-Forge\Examples_3\Unit_Tests\PC Visual Studio 2019\x64\Release\14_WaveIntrinsics\Scripts\"
         
         xcopy "D:\HTC\avboit\The-Forge\Common_3\OS\Windows\pc_gpu.data" "D:\HTC\avboit\The-Forge\Examples_3\Unit_Tests\PC Visual Studio 2019\x64\Release\14_WaveIntrinsics\GPUCfg\gpu.data*" /Y /D
         xcopy "D:\HTC\avboit\The-Forge\Examples_3\Unit_Tests\src\14_WaveIntrinsics\GPUCfg\gpu.cfg" "D:\HTC\avboit\The-Forge\Examples_3\Unit_Tests\PC Visual Studio 2019\x64\Release\14_WaveIntrinsics\GPUCfg\gpu.cfg*" /Y /D
         
         :VCEnd
    37>ClCompile:
         ?????????
    54>Link:
         0 of 11948 functions ( 0.0%) were compiled, the rest were copied from previous compilation.
           0 functions were new in current compilation
           0 functions had inline decision re-evaluated but remain unchanged
    37>Link:
         E:\tools\Microsoft Visual Studio\2022\Community\VC\Tools\MSVC\14.38.33130\bin\HostX86\x64\link.exe /ERRORREPORT:QUEUE /OUT:"D:\HTC\avboit\The-Forge\Examples_3\Unit_Tests\PC Visual Studio 2019\x64\Release\21_Animations\21_Animations.exe" /INCREMENTAL:NO /NOLOGO Xinput9_1_0.lib ws2_32.lib gainputstatic.lib ozz_base.lib ozz_animation.lib Renderer.lib OS.lib kernel32.lib user32.lib gdi32.lib winspool.lib comdlg32.lib advapi32.lib shell32.lib ole32.lib oleaut32.lib uuid.lib odbc32.lib odbccp32.lib /MANIFEST /MANIFESTUAC:"level='asInvoker' uiAccess='false'" /manifest:embed /manifestinput:"D:\HTC\avboit\The-Forge\Examples_3\Unit_Tests\PC Visual Studio 2019\dpi-aware.manifest" /DEBUG /PDB:"D:\HTC\avboit\The-Forge\Examples_3\Unit_Tests\PC Visual Studio 2019\x64\Release\21_Animations\21_Animations.pdb" /SUBSYSTEM:WINDOWS /OPT:REF /OPT:ICF /LTCG:incremental /LTCGOUT:"D:\HTC\avboit\The-Forge\Examples_3\Unit_Tests\PC Visual Studio 2019\\x64\Release\Intermediate\21_Animations\21_Animations.iobj" /TLBID:1 /ENTRY:"mainCRTStartup" /DYNAMICBASE /NXCOMPAT /IMPLIB:"D:\HTC\avboit\The-Forge\Examples_3\Unit_Tests\PC Visual Studio 2019\x64\Release\21_Animations\21_Animations.lib" /MACHINE:X64 /ignore:4099 "D:\HTC\avboit\The-Forge\Examples_3\Unit_Tests\PC Visual Studio 2019\\x64\Release\Intermediate\21_Animations\21_Animations.obj"
    49>PostBuildEvent:
         0 File(s) copied
         0 File(s) copied
         0 File(s) copied
    40>ClCompile:
         ?????????
    49>PostBuildEvent:
         0 File(s) copied
    40>Link:
         E:\tools\Microsoft Visual Studio\2022\Community\VC\Tools\MSVC\14.38.33130\bin\HostX86\x64\link.exe /ERRORREPORT:QUEUE /OUT:"D:\HTC\avboit\The-Forge\Examples_3\Unit_Tests\PC Visual Studio 2019\x64\Release\15a_VisibilityBufferOIT\15a_VisibilityBufferOIT.exe" /INCREMENTAL:NO /NOLOGO Xinput9_1_0.lib ws2_32.lib gainputstatic.lib ozz_base.lib ozz_animation.lib Renderer.lib OS.lib kernel32.lib user32.lib gdi32.lib winspool.lib comdlg32.lib advapi32.lib shell32.lib ole32.lib oleaut32.lib uuid.lib odbc32.lib odbccp32.lib /MANIFEST /MANIFESTUAC:"level='asInvoker' uiAccess='false'" /manifest:embed /manifestinput:"D:\HTC\avboit\The-Forge\Examples_3\Unit_Tests\PC Visual Studio 2019\dpi-aware.manifest" /DEBUG /PDB:"D:\HTC\avboit\The-Forge\Examples_3\Unit_Tests\PC Visual Studio 2019\x64\Release\15a_VisibilityBufferOIT\15a_VisibilityBufferOIT.pdb" /SUBSYSTEM:WINDOWS /OPT:REF /OPT:ICF /LTCG:incremental /LTCGOUT:"D:\HTC\avboit\The-Forge\Examples_3\Unit_Tests\PC Visual Studio 2019\\x64\Release\Intermediate\15a_VisibilityBufferOIT\15a_VisibilityBufferOIT.iobj" /TLBID:1 /ENTRY:"mainCRTStartup" /DYNAMICBASE /NXCOMPAT /IMPLIB:"D:\HTC\avboit\The-Forge\Examples_3\Unit_Tests\PC Visual Studio 2019\x64\Release\15a_VisibilityBufferOIT\15a_VisibilityBufferOIT.lib" /MACHINE:X64 /ignore:4099 "D:\HTC\avboit\The-Forge\Examples_3\Unit_Tests\PC Visual Studio 2019\\x64\Release\Intermediate\15a_VisibilityBufferOIT\SanMiguel.obj"
         "D:\HTC\avboit\The-Forge\Examples_3\Unit_Tests\PC Visual Studio 2019\\x64\Release\Intermediate\15a_VisibilityBufferOIT\15a_VisibilityBufferOIT.obj"
    49>PostBuildEvent:
         0 File(s) copied
    54>Link:
         Finished generating code
    49>PostBuildEvent:
         0 File(s) copied
         File not found - *.ttf
         0 File(s) copied
         0 File(s) copied
         0 File(s) copied
         0 File(s) copied
    51>Link:
         09_LightShadowPlayground.vcxproj -> D:\HTC\avboit\The-Forge\Examples_3\Unit_Tests\PC Visual Studio 2019\x64\Release\09_LightShadowPlayground\09_LightShadowPlayground.exe
    49>PostBuildEvent:
         0 File(s) copied
    51>CustomBuildStep:
       ??????“CustomBuildStep”,????????
    49>PostBuildEvent:
         File not found - *.lua
         0 File(s) copied
         0 File(s) copied
    51>CustomBuildStep:
       ??????“CustomBuildStep”,????????
       PostBuildEvent:
         
                 xcopy "D:\HTC\avboit\The-Forge\Examples_3\Unit_Tests\PC Visual Studio 2019\..\..\..\Common_3\Graphics\ThirdParty\OpenSource\VulkanSDK\bin\Win32\*.dll" "D:\HTC\avboit\The-Forge\Examples_3\Unit_Tests\PC Visual Studio 2019\x64\Release\09_LightShadowPlayground\" /S /Y /D
                 xcopy "D:\HTC\avboit\The-Forge\Examples_3\Unit_Tests\PC Visual Studio 2019\..\..\..\Common_3\Graphics\ThirdParty\OpenSource\VulkanSDK\bin\Win32\*.json" "D:\HTC\avboit\The-Forge\Examples_3\Unit_Tests\PC Visual Studio 2019\x64\Release\09_LightShadowPlayground\" /S /Y /D
                 xcopy "D:\HTC\avboit\The-Forge\Examples_3\Unit_Tests\PC Visual Studio 2019\..\..\..\Common_3\Graphics\ThirdParty\OpenSource\ags\ags_lib\lib\amd_ags_x64.dll" "D:\HTC\avboit\The-Forge\Examples_3\Unit_Tests\PC Visual Studio 2019\x64\Release\09_LightShadowPlayground\amd_ags_x64.dll"* /S /Y /D
                 xcopy "D:\HTC\avboit\The-Forge\Examples_3\Unit_Tests\PC Visual Studio 2019\..\..\..\Common_3\Graphics\ThirdParty\OpenSource\DirectXShaderCompiler\bin\x64\dxcompiler.dll" "D:\HTC\avboit\The-Forge\Examples_3\Unit_Tests\PC Visual Studio 2019\x64\Release\09_LightShadowPlayground\dxcompiler.dll"* /S /Y /D
                 xcopy "D:\HTC\avboit\The-Forge\Examples_3\Unit_Tests\PC Visual Studio 2019\..\..\..\Common_3\Graphics\ThirdParty\OpenSource\Direct3d12Agility\bin\x64\*.dll" "D:\HTC\avboit\The-Forge\Examples_3\Unit_Tests\PC Visual Studio 2019\x64\Release\09_LightShadowPlayground\"* /S /Y /D
                 xcopy "D:\HTC\avboit\The-Forge\Examples_3\Unit_Tests\PC Visual Studio 2019\..\..\..\Common_3\OS\ThirdParty\OpenSource\winpixeventruntime\bin\WinPixEventRuntime.dll" "D:\HTC\avboit\The-Forge\Examples_3\Unit_Tests\PC Visual Studio 2019\x64\Release\09_LightShadowPlayground\WinPixEventRunTime.dll"* /S /Y /D
                 
                :: Copy Art files
         set ART=D:\HTC\avboit\The-Forge\Examples_3\Unit_Tests\PC Visual Studio 2019\..\..\..\Art\
         xcopy /Y /S /D "%ART%\SanMiguel_3\Textures\dds\*.tex" "D:\HTC\avboit\The-Forge\Examples_3\Unit_Tests\PC Visual Studio 2019\x64\Release\09_LightShadowPlayground\Textures\"
         xcopy /Y /S /D "%ART%\SanMiguel_3\Meshes\*" "D:\HTC\avboit\The-Forge\Examples_3\Unit_Tests\PC Visual Studio 2019\x64\Release\09_LightShadowPlayground\Meshes\"
         xcopy /Y /S /D "%ART%\SDF\*" "D:\HTC\avboit\The-Forge\Examples_3\Unit_Tests\PC Visual Studio 2019\x64\Release\09_LightShadowPlayground\SDF\"
         
         xcopy /Y /S /D "%ART%\UnitTestResources\Fonts\*.ttf" "D:\HTC\avboit\The-Forge\Examples_3\Unit_Tests\PC Visual Studio 2019\x64\Release\09_LightShadowPlayground\Fonts\"
         xcopy /Y /S /D "%ART%\UnitTestResources\Fonts\*.otf" "D:\HTC\avboit\The-Forge\Examples_3\Unit_Tests\PC Visual Studio 2019\x64\Release\09_LightShadowPlayground\Fonts\"
         
         xcopy /Y /S /D /E "D:\HTC\avboit\The-Forge\Examples_3\Unit_Tests\PC Visual Studio 2019\x64\Release\09_LightShadowPlayground\..\OS\Shaders" "D:\HTC\avboit\The-Forge\Examples_3\Unit_Tests\PC Visual Studio 2019\x64\Release\09_LightShadowPlayground\Shaders"
         xcopy /Y /S /D /E "D:\HTC\avboit\The-Forge\Examples_3\Unit_Tests\PC Visual Studio 2019\x64\Release\09_LightShadowPlayground\..\OS\CompiledShaders" "D:\HTC\avboit\The-Forge\Examples_3\Unit_Tests\PC Visual Studio 2019\x64\Release\09_LightShadowPlayground\CompiledShaders"
         
         xcopy /Y /S /D "D:\HTC\avboit\The-Forge\Examples_3\Unit_Tests\PC Visual Studio 2019\..\src\09_LightShadowPlayground\Scripts\*.lua" "D:\HTC\avboit\The-Forge\Examples_3\Unit_Tests\PC Visual Studio 2019\x64\Release\09_LightShadowPlayground\Scripts\"
         xcopy /Y /S /D "%ART%\UnitTestResources\Scripts\*.lua" "D:\HTC\avboit\The-Forge\Examples_3\Unit_Tests\PC Visual Studio 2019\x64\Release\09_LightShadowPlayground\Scripts\"
         
         xcopy "D:\HTC\avboit\The-Forge\Common_3\OS\Windows\pc_gpu.data" "D:\HTC\avboit\The-Forge\Examples_3\Unit_Tests\PC Visual Studio 2019\x64\Release\09_LightShadowPlayground\GPUCfg\gpu.data*" /Y /D
         xcopy "D:\HTC\avboit\The-Forge\Examples_3\Unit_Tests\src\09_LightShadowPlayground\GPUCfg\gpu.cfg" "D:\HTC\avboit\The-Forge\Examples_3\Unit_Tests\PC Visual Studio 2019\x64\Release\09_LightShadowPlayground\GPUCfg\gpu.cfg*" /Y /D
         
         :VCEnd
    49>PostBuildEvent:
         0 File(s) copied
       FinalizeBuildStatus:
         ??????“D:\HTC\avboit\The-Forge\Examples_3\Unit_Tests\PC Visual Studio 2019\\x64\Release\Intermediate\14_WaveIntrinsics\14_WaveI.A0DFEBA1.tlog\unsuccessfulbuild”?
         ???“D:\HTC\avboit\The-Forge\Examples_3\Unit_Tests\PC Visual Studio 2019\\x64\Release\Intermediate\14_WaveIntrinsics\14_WaveI.A0DFEBA1.tlog\14_WaveIntrinsics.lastbuildstate”?? Touch ???
    49>???????“D:\HTC\avboit\The-Forge\Examples_3\Unit_Tests\PC Visual Studio 2019\14_WaveIntrinsics.vcxproj”(????)????
    11>???????“D:\HTC\avboit\The-Forge\Examples_3\Unit_Tests\PC Visual Studio 2019\14_WaveIntrinsics.vcxproj.metaproj”(????)????
    51>PostBuildEvent:
         0 File(s) copied
         0 File(s) copied
         0 File(s) copied
         0 File(s) copied
         0 File(s) copied
         0 File(s) copied
         0 File(s) copied
         0 File(s) copied
         0 File(s) copied
         File not found - *.ttf
         0 File(s) copied
         0 File(s) copied
         0 File(s) copied
         0 File(s) copied
         0 File(s) copied
    37>Link:
            Creating library D:\HTC\avboit\The-Forge\Examples_3\Unit_Tests\PC Visual Studio 2019\x64\Release\21_Animations\21_Animations.lib and object D:\HTC\avboit\The-Forge\Examples_3\Unit_Tests\PC Visual Studio 2019\x64\Release\21_Animations\21_Animations.exp
    51>PostBuildEvent:
         File not found - *.lua
         0 File(s) copied
         0 File(s) copied
    37>Link:
         Generating code
    51>PostBuildEvent:
         0 File(s) copied
       FinalizeBuildStatus:
         ??????“D:\HTC\avboit\The-Forge\Examples_3\Unit_Tests\PC Visual Studio 2019\\x64\Release\Intermediate\09_LightShadowPlayground\09_Light.57CC1131.tlog\unsuccessfulbuild”?
         ???“D:\HTC\avboit\The-Forge\Examples_3\Unit_Tests\PC Visual Studio 2019\\x64\Release\Intermediate\09_LightShadowPlayground\09_Light.57CC1131.tlog\09_LightShadowPlayground.lastbuildstate”?? Touch ???
    51>???????“D:\HTC\avboit\The-Forge\Examples_3\Unit_Tests\PC Visual Studio 2019\09_LightShadowPlayground.vcxproj”(????)????
     9>???????“D:\HTC\avboit\The-Forge\Examples_3\Unit_Tests\PC Visual Studio 2019\09_LightShadowPlayground.vcxproj.metaproj”(????)????
     1>??“D:\HTC\avboit\The-Forge\Examples_3\Unit_Tests\PC Visual Studio 2019\Unit_Tests.sln”(1)???? 1 ???“D:\HTC\avboit\The-Forge\Examples_3\Unit_Tests\PC Visual Studio 2019\12_ZipFileSystem.vcxproj.metaproj”(15) (????)?
    15>??“D:\HTC\avboit\The-Forge\Examples_3\Unit_Tests\PC Visual Studio 2019\12_ZipFileSystem.vcxproj.metaproj”(15)???? 11 ???“D:\HTC\avboit\The-Forge\Examples_3\Unit_Tests\PC Visual Studio 2019\12_ZipFileSystem.vcxproj”(45) (????)?
    45>PrepareForBuild:
         ???????????????????????????????????,??? https://aka.ms/cpp/structured-output?
       InitializeBuildStatus:
         ????“D:\HTC\avboit\The-Forge\Examples_3\Unit_Tests\PC Visual Studio 2019\\x64\Release\Intermediate\12_ZipFileSystem\12_ZipFileSystem.tlog\unsuccessfulbuild”,?????“AlwaysCreate”?
         ???“D:\HTC\avboit\The-Forge\Examples_3\Unit_Tests\PC Visual Studio 2019\\x64\Release\Intermediate\12_ZipFileSystem\12_ZipFileSystem.tlog\unsuccessfulbuild”?? Touch ???
    38>ClCompile:
         ?????????
    40>Link:
            Creating library D:\HTC\avboit\The-Forge\Examples_3\Unit_Tests\PC Visual Studio 2019\x64\Release\15a_VisibilityBufferOIT\15a_VisibilityBufferOIT.lib and object D:\HTC\avboit\The-Forge\Examples_3\Unit_Tests\PC Visual Studio 2019\x64\Release\15a_VisibilityBufferOIT\15a_VisibilityBufferOIT.exp
    38>ClCompile:
         ?????????
       Link:
         E:\tools\Microsoft Visual Studio\2022\Community\VC\Tools\MSVC\14.38.33130\bin\HostX86\x64\link.exe /ERRORREPORT:QUEUE /OUT:"D:\HTC\avboit\The-Forge\Examples_3\Unit_Tests\PC Visual Studio 2019\x64\Release\19_CodeHotReload_Main\19_CodeHotReload_Main.exe" /INCREMENTAL:NO /NOLOGO Xinput9_1_0.lib ws2_32.lib gainputstatic.lib Renderer.lib OS.lib kernel32.lib user32.lib gdi32.lib winspool.lib comdlg32.lib advapi32.lib shell32.lib ole32.lib oleaut32.lib uuid.lib odbc32.lib odbccp32.lib /MANIFEST /MANIFESTUAC:"level='asInvoker' uiAccess='false'" /manifest:embed /manifestinput:"D:\HTC\avboit\The-Forge\Examples_3\Unit_Tests\PC Visual Studio 2019\dpi-aware.manifest" /DEBUG /PDB:"D:\HTC\avboit\The-Forge\Examples_3\Unit_Tests\PC Visual Studio 2019\x64\Release\19_CodeHotReload_Main\19_CodeHotReload_Main.pdb" /SUBSYSTEM:WINDOWS /OPT:REF /OPT:ICF /LTCG:incremental /LTCGOUT:"D:\HTC\avboit\The-Forge\Examples_3\Unit_Tests\PC Visual Studio 2019\\x64\Release\Intermediate\19_CodeHotReload_Main\19_CodeHotReload_Main.iobj" /TLBID:1 /ENTRY:"mainCRTStartup" /DYNAMICBASE /NXCOMPAT /IMPLIB:"D:\HTC\avboit\The-Forge\Examples_3\Unit_Tests\PC Visual Studio 2019\x64\Release\19_CodeHotReload_Main\19_CodeHotReload_Main.lib" /MACHINE:X64 /ignore:4099 "D:\HTC\avboit\The-Forge\Examples_3\Unit_Tests\PC Visual Studio 2019\\x64\Release\Intermediate\19_CodeHotReload_Main\flecs.obj"
         "D:\HTC\avboit\The-Forge\Examples_3\Unit_Tests\PC Visual Studio 2019\\x64\Release\Intermediate\19_CodeHotReload_Main\19_CodeHotReload_Main.obj"
    40>Link:
         Generating code
    42>ClCompile:
         ?????????
       Link:
         E:\tools\Microsoft Visual Studio\2022\Community\VC\Tools\MSVC\14.38.33130\bin\HostX86\x64\link.exe /ERRORREPORT:QUEUE /OUT:"D:\HTC\avboit\The-Forge\Examples_3\Unit_Tests\PC Visual Studio 2019\x64\Release\39_ParticleSystem\39_ParticleSystem.exe" /INCREMENTAL:NO /NOLOGO Xinput9_1_0.lib ws2_32.lib gainputstatic.lib ozz_base.lib ozz_animation.lib Renderer.lib OS.lib kernel32.lib user32.lib gdi32.lib winspool.lib comdlg32.lib advapi32.lib shell32.lib ole32.lib oleaut32.lib uuid.lib odbc32.lib odbccp32.lib /MANIFEST /MANIFESTUAC:"level='asInvoker' uiAccess='false'" /manifest:embed /manifestinput:"D:\HTC\avboit\The-Forge\Examples_3\Unit_Tests\PC Visual Studio 2019\dpi-aware.manifest" /DEBUG /PDB:"D:\HTC\avboit\The-Forge\Examples_3\Unit_Tests\PC Visual Studio 2019\x64\Release\39_ParticleSystem\39_ParticleSystem.pdb" /SUBSYSTEM:WINDOWS /OPT:REF /OPT:ICF /LTCG:incremental /LTCGOUT:"D:\HTC\avboit\The-Forge\Examples_3\Unit_Tests\PC Visual Studio 2019\\x64\Release\Intermediate\39_ParticleSystem\39_ParticleSystem.iobj" /TLBID:1 /ENTRY:"mainCRTStartup" /DYNAMICBASE /NXCOMPAT /IMPLIB:"D:\HTC\avboit\The-Forge\Examples_3\Unit_Tests\PC Visual Studio 2019\x64\Release\39_ParticleSystem\39_ParticleSystem.lib" /MACHINE:X64 /ignore:4099 "D:\HTC\avboit\The-Forge\Examples_3\Unit_Tests\PC Visual Studio 2019\\x64\Release\Intermediate\39_ParticleSystem\SanMiguel.obj"
         "D:\HTC\avboit\The-Forge\Examples_3\Unit_Tests\PC Visual Studio 2019\\x64\Release\Intermediate\39_ParticleSystem\39_ParticleSystem.obj"
    38>Link:
            Creating library D:\HTC\avboit\The-Forge\Examples_3\Unit_Tests\PC Visual Studio 2019\x64\Release\19_CodeHotReload_Main\19_CodeHotReload_Main.lib and object D:\HTC\avboit\The-Forge\Examples_3\Unit_Tests\PC Visual Studio 2019\x64\Release\19_CodeHotReload_Main\19_CodeHotReload_Main.exp
         Generating code
    54>Link:
         06_MaterialPlayground.vcxproj -> D:\HTC\avboit\The-Forge\Examples_3\Unit_Tests\PC Visual Studio 2019\x64\Release\06_MaterialPlayground\06_MaterialPlayground.exe
       CustomBuildStep:
       ??????“CustomBuildStep”,????????
       CustomBuildStep:
       ??????“CustomBuildStep”,????????
       PostBuildEvent:
         
                 xcopy "D:\HTC\avboit\The-Forge\Examples_3\Unit_Tests\PC Visual Studio 2019\..\..\..\Common_3\Graphics\ThirdParty\OpenSource\VulkanSDK\bin\Win32\*.dll" "D:\HTC\avboit\The-Forge\Examples_3\Unit_Tests\PC Visual Studio 2019\x64\Release\06_MaterialPlayground\" /S /Y /D
                 xcopy "D:\HTC\avboit\The-Forge\Examples_3\Unit_Tests\PC Visual Studio 2019\..\..\..\Common_3\Graphics\ThirdParty\OpenSource\VulkanSDK\bin\Win32\*.json" "D:\HTC\avboit\The-Forge\Examples_3\Unit_Tests\PC Visual Studio 2019\x64\Release\06_MaterialPlayground\" /S /Y /D
                 xcopy "D:\HTC\avboit\The-Forge\Examples_3\Unit_Tests\PC Visual Studio 2019\..\..\..\Common_3\Graphics\ThirdParty\OpenSource\ags\ags_lib\lib\amd_ags_x64.dll" "D:\HTC\avboit\The-Forge\Examples_3\Unit_Tests\PC Visual Studio 2019\x64\Release\06_MaterialPlayground\amd_ags_x64.dll"* /S /Y /D
                 xcopy "D:\HTC\avboit\The-Forge\Examples_3\Unit_Tests\PC Visual Studio 2019\..\..\..\Common_3\Graphics\ThirdParty\OpenSource\DirectXShaderCompiler\bin\x64\dxcompiler.dll" "D:\HTC\avboit\The-Forge\Examples_3\Unit_Tests\PC Visual Studio 2019\x64\Release\06_MaterialPlayground\dxcompiler.dll"* /S /Y /D
                 xcopy "D:\HTC\avboit\The-Forge\Examples_3\Unit_Tests\PC Visual Studio 2019\..\..\..\Common_3\Graphics\ThirdParty\OpenSource\Direct3d12Agility\bin\x64\*.dll" "D:\HTC\avboit\The-Forge\Examples_3\Unit_Tests\PC Visual Studio 2019\x64\Release\06_MaterialPlayground\"* /S /Y /D
                 xcopy "D:\HTC\avboit\The-Forge\Examples_3\Unit_Tests\PC Visual Studio 2019\..\..\..\Common_3\OS\ThirdParty\OpenSource\winpixeventruntime\bin\WinPixEventRuntime.dll" "D:\HTC\avboit\The-Forge\Examples_3\Unit_Tests\PC Visual Studio 2019\x64\Release\06_MaterialPlayground\WinPixEventRunTime.dll"* /S /Y /D
                 
                :: Copy Art files
         set ART=D:\HTC\avboit\The-Forge\Examples_3\Unit_Tests\PC Visual Studio 2019\..\..\..\Art\
         xcopy /Y /S /D "%ART%\PBR\dds\*.tex" "D:\HTC\avboit\The-Forge\Examples_3\Unit_Tests\PC Visual Studio 2019\x64\Release\06_MaterialPlayground\Textures\PBR\"
         xcopy /Y /S /D "%ART%\Particles\Textures\dds\*.tex" "D:\HTC\avboit\The-Forge\Examples_3\Unit_Tests\PC Visual Studio 2019\x64\Release\06_MaterialPlayground\Textures\"
         
         xcopy /Y /S /D "%ART%\UnitTestResources\Meshes\*.bin" "D:\HTC\avboit\The-Forge\Examples_3\Unit_Tests\PC Visual Studio 2019\x64\Release\06_MaterialPlayground\Meshes\"
         xcopy /Y /S /D "%ART%\UnitTestResources\Hair\*.bin" "D:\HTC\avboit\The-Forge\Examples_3\Unit_Tests\PC Visual Studio 2019\x64\Release\06_MaterialPlayground\Meshes\Hair\"
         xcopy /Y /S /D "%ART%\UnitTestResources\Animation\*.ozz" "D:\HTC\avboit\The-Forge\Examples_3\Unit_Tests\PC Visual Studio 2019\x64\Release\06_MaterialPlayground\Animation\"
         xcopy /Y /S /D "%ART%\UnitTestResources\Textures\dds\Skybox_*.tex" "D:\HTC\avboit\The-Forge\Examples_3\Unit_Tests\PC Visual Studio 2019\x64\Release\06_MaterialPlayground\Textures\"
         xcopy /Y /S /D "%ART%\UnitTestResources\Textures\dds\circlepad.tex" "D:\HTC\avboit\The-Forge\Examples_3\Unit_Tests\PC Visual Studio 2019\x64\Release\06_MaterialPlayground\Textures\"
         xcopy /Y /S /D "%ART%\UnitTestResources\Textures\dds\LA_Helipad3D.tex" "D:\HTC\avboit\The-Forge\Examples_3\Unit_Tests\PC Visual Studio 2019\x64\Release\06_MaterialPlayground\Textures\"
         xcopy /Y /S /D "%ART%\UnitTestResources\Fonts\*.ttf" "D:\HTC\avboit\The-Forge\Examples_3\Unit_Tests\PC Visual Studio 2019\x64\Release\06_MaterialPlayground\Fonts\"
         xcopy /Y /S /D "%ART%\UnitTestResources\Fonts\*.otf" "D:\HTC\avboit\The-Forge\Examples_3\Unit_Tests\PC Visual Studio 2019\x64\Release\06_MaterialPlayground\Fonts\"
         
         xcopy /Y /S /D /E "D:\HTC\avboit\The-Forge\Examples_3\Unit_Tests\PC Visual Studio 2019\x64\Release\06_MaterialPlayground\..\OS\Shaders" "D:\HTC\avboit\The-Forge\Examples_3\Unit_Tests\PC Visual Studio 2019\x64\Release\06_MaterialPlayground\Shaders"
         xcopy /Y /S /D /E "D:\HTC\avboit\The-Forge\Examples_3\Unit_Tests\PC Visual Studio 2019\x64\Release\06_MaterialPlayground\..\OS\CompiledShaders" "D:\HTC\avboit\The-Forge\Examples_3\Unit_Tests\PC Visual Studio 2019\x64\Release\06_MaterialPlayground\CompiledShaders"
         
         xcopy /Y /S /D "D:\HTC\avboit\The-Forge\Examples_3\Unit_Tests\PC Visual Studio 2019\..\src\06_MaterialPlayground\Scripts\*.lua" "D:\HTC\avboit\The-Forge\Examples_3\Unit_Tests\PC Visual Studio 2019\x64\Release\06_MaterialPlayground\Scripts\"
         xcopy /Y /S /D "%ART%\UnitTestResources\Scripts\*.lua" "D:\HTC\avboit\The-Forge\Examples_3\Unit_Tests\PC Visual Studio 2019\x64\Release\06_MaterialPlayground\Scripts\"
         
         xcopy "D:\HTC\avboit\The-Forge\Common_3\OS\Windows\pc_gpu.data" "D:\HTC\avboit\The-Forge\Examples_3\Unit_Tests\PC Visual Studio 2019\x64\Release\06_MaterialPlayground\GPUCfg\gpu.data*" /Y /D
         xcopy "D:\HTC\avboit\The-Forge\Examples_3\Unit_Tests\src\06_MaterialPlayground\GPUCfg\gpu.cfg" "D:\HTC\avboit\The-Forge\Examples_3\Unit_Tests\PC Visual Studio 2019\x64\Release\06_MaterialPlayground\GPUCfg\gpu.cfg*" /Y /D
         
         "D:\HTC\avboit\The-Forge\Examples_3\Unit_Tests\PC Visual Studio 2019\..\src\06_MaterialPlayground\compile_materials.bat" "D:\HTC\avboit\The-Forge\Examples_3\Unit_Tests\PC Visual Studio 2019\..\..\..\" "D:\HTC\avboit\The-Forge\Examples_3\Unit_Tests\PC Visual Studio 2019\..\src\06_MaterialPlayground\Materials" "D:\HTC\avboit\The-Forge\Examples_3\Unit_Tests\PC Visual Studio 2019\x64\Release\06_MaterialPlayground\CompiledMaterials"
         
         :VCEnd
    42>Link:
            Creating library D:\HTC\avboit\The-Forge\Examples_3\Unit_Tests\PC Visual Studio 2019\x64\Release\39_ParticleSystem\39_ParticleSystem.lib and object D:\HTC\avboit\The-Forge\Examples_3\Unit_Tests\PC Visual Studio 2019\x64\Release\39_ParticleSystem\39_ParticleSystem.exp
    54>PostBuildEvent:
         0 File(s) copied
         0 File(s) copied
    42>Link:
         Generating code
    54>PostBuildEvent:
         0 File(s) copied
         0 File(s) copied
         0 File(s) copied
         0 File(s) copied
    37>Link:
         0 of 11844 functions ( 0.0%) were compiled, the rest were copied from previous compilation.
           0 functions were new in current compilation
           0 functions had inline decision re-evaluated but remain unchanged
    54>PostBuildEvent:
         0 File(s) copied
         0 File(s) copied
    45>ClCompile:
         ?????????
    54>PostBuildEvent:
         0 File(s) copied
    45>Link:
         E:\tools\Microsoft Visual Studio\2022\Community\VC\Tools\MSVC\14.38.33130\bin\HostX86\x64\link.exe /ERRORREPORT:QUEUE /OUT:"D:\HTC\avboit\The-Forge\Examples_3\Unit_Tests\PC Visual Studio 2019\x64\Release\12_ZipFileSystem\12_ZipFileSystem.exe" /INCREMENTAL:NO /NOLOGO /LIBPATH:"D:\HTC\avboit\The-Forge\Examples_3\Unit_Tests\PC Visual Studio 2019\\Libraries\Zip\Release" /LIBPATH:"D:\HTC\avboit\The-Forge\Examples_3\Unit_Tests\PC Visual Studio 2019\x64Release" Xinput9_1_0.lib ws2_32.lib gainputstatic.lib Renderer.lib OS.lib kernel32.lib user32.lib gdi32.lib winspool.lib comdlg32.lib advapi32.lib shell32.lib ole32.lib oleaut32.lib uuid.lib odbc32.lib odbccp32.lib /MANIFEST /MANIFESTUAC:"level='asInvoker' uiAccess='false'" /manifest:embed /manifestinput:"D:\HTC\avboit\The-Forge\Examples_3\Unit_Tests\PC Visual Studio 2019\dpi-aware.manifest" /DEBUG /PDB:"D:\HTC\avboit\The-Forge\Examples_3\Unit_Tests\PC Visual Studio 2019\x64\Release\12_ZipFileSystem\12_ZipFileSystem.pdb" /SUBSYSTEM:WINDOWS /OPT:REF /OPT:ICF /LTCG:incremental /LTCGOUT:"D:\HTC\avboit\The-Forge\Examples_3\Unit_Tests\PC Visual Studio 2019\\x64\Release\Intermediate\12_ZipFileSystem\12_ZipFileSystem.iobj" /TLBID:1 /ENTRY:"mainCRTStartup" /DYNAMICBASE /NXCOMPAT /IMPLIB:"D:\HTC\avboit\The-Forge\Examples_3\Unit_Tests\PC Visual Studio 2019\x64\Release\12_ZipFileSystem\12_ZipFileSystem.lib" /MACHINE:X64 /ignore:4099 "D:\HTC\avboit\The-Forge\Examples_3\Unit_Tests\PC Visual Studio 2019\\x64\Release\Intermediate\12_ZipFileSystem\12_ZipFileSystem.obj"
    54>PostBuildEvent:
         0 File(s) copied
    37>Link:
         Finished generating code
    54>PostBuildEvent:
         0 File(s) copied
    40>Link:
         0 of 11803 functions ( 0.0%) were compiled, the rest were copied from previous compilation.
           0 functions were new in current compilation
           0 functions had inline decision re-evaluated but remain unchanged
    54>PostBuildEvent:
         0 File(s) copied
         0 File(s) copied
    40>Link:
         Finished generating code
    54>PostBuildEvent:
         0 File(s) copied
         File not found - *.ttf
         0 File(s) copied
         0 File(s) copied
         0 File(s) copied
         0 File(s) copied
         0 File(s) copied
         File not found - *.lua
         0 File(s) copied
         0 File(s) copied
         0 File(s) copied
         Forge Material Compiler:
           Material Files: 2
           Shaders:  Total=2   Unique=1
           Textures: Total=84   Unique=70
       FinalizeBuildStatus:
         ??????“D:\HTC\avboit\The-Forge\Examples_3\Unit_Tests\PC Visual Studio 2019\\x64\Release\Intermediate\06_MaterialPlayground\06_Mater.611831C0.tlog\unsuccessfulbuild”?
         ???“D:\HTC\avboit\The-Forge\Examples_3\Unit_Tests\PC Visual Studio 2019\\x64\Release\Intermediate\06_MaterialPlayground\06_Mater.611831C0.tlog\06_MaterialPlayground.lastbuildstate”?? Touch ???
    54>???????“D:\HTC\avboit\The-Forge\Examples_3\Unit_Tests\PC Visual Studio 2019\06_MaterialPlayground.vcxproj”(????)????
     7>???????“D:\HTC\avboit\The-Forge\Examples_3\Unit_Tests\PC Visual Studio 2019\06_MaterialPlayground.vcxproj.metaproj”(????)????
    55>PostBuildEvent:
         
                 xcopy "D:\HTC\avboit\The-Forge\Examples_3\Unit_Tests\PC Visual Studio 2019\..\..\..\Common_3\Graphics\ThirdParty\OpenSource\VulkanSDK\bin\Win32\*.dll" "D:\HTC\avboit\The-Forge\Examples_3\Unit_Tests\PC Visual Studio 2019\x64\Release\28_Skinning\" /S /Y /D
                 xcopy "D:\HTC\avboit\The-Forge\Examples_3\Unit_Tests\PC Visual Studio 2019\..\..\..\Common_3\Graphics\ThirdParty\OpenSource\VulkanSDK\bin\Win32\*.json" "D:\HTC\avboit\The-Forge\Examples_3\Unit_Tests\PC Visual Studio 2019\x64\Release\28_Skinning\" /S /Y /D
                 xcopy "D:\HTC\avboit\The-Forge\Examples_3\Unit_Tests\PC Visual Studio 2019\..\..\..\Common_3\Graphics\ThirdParty\OpenSource\ags\ags_lib\lib\amd_ags_x64.dll" "D:\HTC\avboit\The-Forge\Examples_3\Unit_Tests\PC Visual Studio 2019\x64\Release\28_Skinning\amd_ags_x64.dll"* /S /Y /D
                 xcopy "D:\HTC\avboit\The-Forge\Examples_3\Unit_Tests\PC Visual Studio 2019\..\..\..\Common_3\Graphics\ThirdParty\OpenSource\DirectXShaderCompiler\bin\x64\dxcompiler.dll" "D:\HTC\avboit\The-Forge\Examples_3\Unit_Tests\PC Visual Studio 2019\x64\Release\28_Skinning\dxcompiler.dll"* /S /Y /D
                 xcopy "D:\HTC\avboit\The-Forge\Examples_3\Unit_Tests\PC Visual Studio 2019\..\..\..\Common_3\Graphics\ThirdParty\OpenSource\Direct3d12Agility\bin\x64\*.dll" "D:\HTC\avboit\The-Forge\Examples_3\Unit_Tests\PC Visual Studio 2019\x64\Release\28_Skinning\"* /S /Y /D
                 xcopy "D:\HTC\avboit\The-Forge\Examples_3\Unit_Tests\PC Visual Studio 2019\..\..\..\Common_3\OS\ThirdParty\OpenSource\winpixeventruntime\bin\WinPixEventRuntime.dll" "D:\HTC\avboit\The-Forge\Examples_3\Unit_Tests\PC Visual Studio 2019\x64\Release\28_Skinning\WinPixEventRunTime.dll"* /S /Y /D
                 
                set ART=D:\HTC\avboit\The-Forge\Examples_3\Unit_Tests\PC Visual Studio 2019\..\..\..\Art\
         xcopy /Y /S /D "%ART%\UnitTestResources\Animation\*.ozz" "D:\HTC\avboit\The-Forge\Examples_3\Unit_Tests\PC Visual Studio 2019\x64\Release\28_Skinning\Animation\"
         xcopy /Y /S /D "%ART%\UnitTestResources\Animation\*.bin" "D:\HTC\avboit\The-Forge\Examples_3\Unit_Tests\PC Visual Studio 2019\x64\Release\28_Skinning\Meshes\"
         xcopy /Y /S /D "%ART%\UnitTestResources\Textures\dds\Stormtrooper_D.tex" "D:\HTC\avboit\The-Forge\Examples_3\Unit_Tests\PC Visual Studio 2019\x64\Release\28_Skinning\Textures\"
         xcopy /Y /S /D "%ART%\UnitTestResources\Fonts\*.ttf" "D:\HTC\avboit\The-Forge\Examples_3\Unit_Tests\PC Visual Studio 2019\x64\Release\28_Skinning\Fonts\"
         xcopy /Y /S /D "%ART%\UnitTestResources\Fonts\*.otf" "D:\HTC\avboit\The-Forge\Examples_3\Unit_Tests\PC Visual Studio 2019\x64\Release\28_Skinning\Fonts\"
         
         xcopy /Y /S /D /E "D:\HTC\avboit\The-Forge\Examples_3\Unit_Tests\PC Visual Studio 2019\x64\Release\28_Skinning\..\OS\Shaders" "D:\HTC\avboit\The-Forge\Examples_3\Unit_Tests\PC Visual Studio 2019\x64\Release\28_Skinning\Shaders"
         xcopy /Y /S /D /E "D:\HTC\avboit\The-Forge\Examples_3\Unit_Tests\PC Visual Studio 2019\x64\Release\28_Skinning\..\OS\CompiledShaders" "D:\HTC\avboit\The-Forge\Examples_3\Unit_Tests\PC Visual Studio 2019\x64\Release\28_Skinning\CompiledShaders"
         
         xcopy /Y /S /D "%ART%\UnitTestResources\Scripts\*.lua" "D:\HTC\avboit\The-Forge\Examples_3\Unit_Tests\PC Visual Studio 2019\x64\Release\28_Skinning\Scripts\"
         
         xcopy "D:\HTC\avboit\The-Forge\Common_3\OS\Windows\pc_gpu.data" "D:\HTC\avboit\The-Forge\Examples_3\Unit_Tests\PC Visual Studio 2019\x64\Release\28_Skinning\GPUCfg\gpu.data*" /Y /D
         xcopy "D:\HTC\avboit\The-Forge\Examples_3\Unit_Tests\src\28_Skinning\GPUCfg\gpu.cfg" "D:\HTC\avboit\The-Forge\Examples_3\Unit_Tests\PC Visual Studio 2019\x64\Release\28_Skinning\GPUCfg\gpu.cfg*" /Y /D
         
         :VCEnd
    45>Link:
            Creating library D:\HTC\avboit\The-Forge\Examples_3\Unit_Tests\PC Visual Studio 2019\x64\Release\12_ZipFileSystem\12_ZipFileSystem.lib and object D:\HTC\avboit\The-Forge\Examples_3\Unit_Tests\PC Visual Studio 2019\x64\Release\12_ZipFileSystem\12_ZipFileSystem.exp
    55>PostBuildEvent:
         0 File(s) copied
         0 File(s) copied
    45>Link:
         Generating code
    55>PostBuildEvent:
         0 File(s) copied
    38>Link:
         0 of 12595 functions ( 0.0%) were compiled, the rest were copied from previous compilation.
    55>PostBuildEvent:
         0 File(s) copied
    38>Link:
           0 functions were new in current compilation
           0 functions had inline decision re-evaluated but remain unchanged
    55>PostBuildEvent:
         0 File(s) copied
         0 File(s) copied
         0 File(s) copied
         File not found - *.bin
         0 File(s) copied
    38>Link:
         Finished generating code
    55>PostBuildEvent:
         0 File(s) copied
         File not found - *.ttf
         0 File(s) copied
         0 File(s) copied
         0 File(s) copied
         0 File(s) copied
         File not found - *.lua
         0 File(s) copied
         0 File(s) copied
         0 File(s) copied
       FinalizeBuildStatus:
         ??????“D:\HTC\avboit\The-Forge\Examples_3\Unit_Tests\PC Visual Studio 2019\\x64\Release\Intermediate\28_Skinning\28_Skinning.tlog\unsuccessfulbuild”?
         ???“D:\HTC\avboit\The-Forge\Examples_3\Unit_Tests\PC Visual Studio 2019\\x64\Release\Intermediate\28_Skinning\28_Skinning.tlog\28_Skinning.lastbuildstate”?? Touch ???
    55>???????“D:\HTC\avboit\The-Forge\Examples_3\Unit_Tests\PC Visual Studio 2019\28_Skinning.vcxproj”(????)????
    14>???????“D:\HTC\avboit\The-Forge\Examples_3\Unit_Tests\PC Visual Studio 2019\28_Skinning.vcxproj.metaproj”(????)????
    42>Link:
         0 of 11673 functions ( 0.0%) were compiled, the rest were copied from previous compilation.
           0 functions were new in current compilation
           0 functions had inline decision re-evaluated but remain unchanged
         Finished generating code
    37>Link:
         21_Animations.vcxproj -> D:\HTC\avboit\The-Forge\Examples_3\Unit_Tests\PC Visual Studio 2019\x64\Release\21_Animations\21_Animations.exe
       PostBuildEvent:
         
                 xcopy "D:\HTC\avboit\The-Forge\Examples_3\Unit_Tests\PC Visual Studio 2019\..\..\..\Common_3\Graphics\ThirdParty\OpenSource\VulkanSDK\bin\Win32\*.dll" "D:\HTC\avboit\The-Forge\Examples_3\Unit_Tests\PC Visual Studio 2019\x64\Release\21_Animations\" /S /Y /D
                 xcopy "D:\HTC\avboit\The-Forge\Examples_3\Unit_Tests\PC Visual Studio 2019\..\..\..\Common_3\Graphics\ThirdParty\OpenSource\VulkanSDK\bin\Win32\*.json" "D:\HTC\avboit\The-Forge\Examples_3\Unit_Tests\PC Visual Studio 2019\x64\Release\21_Animations\" /S /Y /D
                 xcopy "D:\HTC\avboit\The-Forge\Examples_3\Unit_Tests\PC Visual Studio 2019\..\..\..\Common_3\Graphics\ThirdParty\OpenSource\ags\ags_lib\lib\amd_ags_x64.dll" "D:\HTC\avboit\The-Forge\Examples_3\Unit_Tests\PC Visual Studio 2019\x64\Release\21_Animations\amd_ags_x64.dll"* /S /Y /D
                 xcopy "D:\HTC\avboit\The-Forge\Examples_3\Unit_Tests\PC Visual Studio 2019\..\..\..\Common_3\Graphics\ThirdParty\OpenSource\DirectXShaderCompiler\bin\x64\dxcompiler.dll" "D:\HTC\avboit\The-Forge\Examples_3\Unit_Tests\PC Visual Studio 2019\x64\Release\21_Animations\dxcompiler.dll"* /S /Y /D
                 xcopy "D:\HTC\avboit\The-Forge\Examples_3\Unit_Tests\PC Visual Studio 2019\..\..\..\Common_3\Graphics\ThirdParty\OpenSource\Direct3d12Agility\bin\x64\*.dll" "D:\HTC\avboit\The-Forge\Examples_3\Unit_Tests\PC Visual Studio 2019\x64\Release\21_Animations\"* /S /Y /D
                 xcopy "D:\HTC\avboit\The-Forge\Examples_3\Unit_Tests\PC Visual Studio 2019\..\..\..\Common_3\OS\ThirdParty\OpenSource\winpixeventruntime\bin\WinPixEventRuntime.dll" "D:\HTC\avboit\The-Forge\Examples_3\Unit_Tests\PC Visual Studio 2019\x64\Release\21_Animations\WinPixEventRunTime.dll"* /S /Y /D
                 
                set ART=D:\HTC\avboit\The-Forge\Examples_3\Unit_Tests\PC Visual Studio 2019\..\..\..\Art\
         xcopy /Y /S /D "%ART%\UnitTestResources\Animation\*.ozz" "D:\HTC\avboit\The-Forge\Examples_3\Unit_Tests\PC Visual Studio 2019\x64\Release\21_Animations\Animation\"
         xcopy /Y /S /D "%ART%\UnitTestResources\Fonts\*.ttf" "D:\HTC\avboit\The-Forge\Examples_3\Unit_Tests\PC Visual Studio 2019\x64\Release\21_Animations\Fonts\"
         xcopy /Y /S /D "%ART%\UnitTestResources\Fonts\*.otf" "D:\HTC\avboit\The-Forge\Examples_3\Unit_Tests\PC Visual Studio 2019\x64\Release\21_Animations\Fonts\"
         
         xcopy /Y /S /D /E "D:\HTC\avboit\The-Forge\Examples_3\Unit_Tests\PC Visual Studio 2019\x64\Release\21_Animations\..\OS\Shaders" "D:\HTC\avboit\The-Forge\Examples_3\Unit_Tests\PC Visual Studio 2019\x64\Release\21_Animations\Shaders"
         xcopy /Y /S /D /E "D:\HTC\avboit\The-Forge\Examples_3\Unit_Tests\PC Visual Studio 2019\x64\Release\21_Animations\..\OS\CompiledShaders" "D:\HTC\avboit\The-Forge\Examples_3\Unit_Tests\PC Visual Studio 2019\x64\Release\21_Animations\CompiledShaders"
         xcopy /Y /S /D "D:\HTC\avboit\The-Forge\Examples_3\Unit_Tests\PC Visual Studio 2019\x64\Release\21_Animations\..\OS\Shaders\DIRECT3D11\*.*" "D:\HTC\avboit\The-Forge\Examples_3\Unit_Tests\PC Visual Studio 2019\x64\Release\21_Animations\Shaders\DIRECT3D11\"
         
         xcopy /Y /S /D "D:\HTC\avboit\The-Forge\Examples_3\Unit_Tests\PC Visual Studio 2019\..\src\21_Animations\Scripts\*.lua" "D:\HTC\avboit\The-Forge\Examples_3\Unit_Tests\PC Visual Studio 2019\x64\Release\21_Animations\Scripts\"
         xcopy /Y /S /D "%ART%\UnitTestResources\Scripts\*.lua" "D:\HTC\avboit\The-Forge\Examples_3\Unit_Tests\PC Visual Studio 2019\x64\Release\21_Animations\Scripts\"
         
         xcopy "D:\HTC\avboit\The-Forge\Common_3\OS\Windows\pc_gpu.data" "D:\HTC\avboit\The-Forge\Examples_3\Unit_Tests\PC Visual Studio 2019\x64\Release\21_Animations\GPUCfg\gpu.data*" /Y /D
         xcopy "D:\HTC\avboit\The-Forge\Examples_3\Unit_Tests\src\21_Animations\GPUCfg\gpu.cfg" "D:\HTC\avboit\The-Forge\Examples_3\Unit_Tests\PC Visual Studio 2019\x64\Release\21_Animations\GPUCfg\gpu.cfg*" /Y /D
         
         :VCEnd
         0 File(s) copied
         0 File(s) copied
         0 File(s) copied
    40>Link:
         15a_VisibilityBufferOIT.vcxproj -> D:\HTC\avboit\The-Forge\Examples_3\Unit_Tests\PC Visual Studio 2019\x64\Release\15a_VisibilityBufferOIT\15a_VisibilityBufferOIT.exe
    37>PostBuildEvent:
         0 File(s) copied
    40>CustomBuildStep:
       ??????“CustomBuildStep”,????????
       CustomBuildStep:
       ??????“CustomBuildStep”,????????
       PostBuildEvent:
         
                 xcopy "D:\HTC\avboit\The-Forge\Examples_3\Unit_Tests\PC Visual Studio 2019\..\..\..\Common_3\Graphics\ThirdParty\OpenSource\VulkanSDK\bin\Win32\*.dll" "D:\HTC\avboit\The-Forge\Examples_3\Unit_Tests\PC Visual Studio 2019\x64\Release\15a_VisibilityBufferOIT\" /S /Y /D
                 xcopy "D:\HTC\avboit\The-Forge\Examples_3\Unit_Tests\PC Visual Studio 2019\..\..\..\Common_3\Graphics\ThirdParty\OpenSource\VulkanSDK\bin\Win32\*.json" "D:\HTC\avboit\The-Forge\Examples_3\Unit_Tests\PC Visual Studio 2019\x64\Release\15a_VisibilityBufferOIT\" /S /Y /D
                 xcopy "D:\HTC\avboit\The-Forge\Examples_3\Unit_Tests\PC Visual Studio 2019\..\..\..\Common_3\Graphics\ThirdParty\OpenSource\ags\ags_lib\lib\amd_ags_x64.dll" "D:\HTC\avboit\The-Forge\Examples_3\Unit_Tests\PC Visual Studio 2019\x64\Release\15a_VisibilityBufferOIT\amd_ags_x64.dll"* /S /Y /D
                 xcopy "D:\HTC\avboit\The-Forge\Examples_3\Unit_Tests\PC Visual Studio 2019\..\..\..\Common_3\Graphics\ThirdParty\OpenSource\DirectXShaderCompiler\bin\x64\dxcompiler.dll" "D:\HTC\avboit\The-Forge\Examples_3\Unit_Tests\PC Visual Studio 2019\x64\Release\15a_VisibilityBufferOIT\dxcompiler.dll"* /S /Y /D
                 xcopy "D:\HTC\avboit\The-Forge\Examples_3\Unit_Tests\PC Visual Studio 2019\..\..\..\Common_3\Graphics\ThirdParty\OpenSource\Direct3d12Agility\bin\x64\*.dll" "D:\HTC\avboit\The-Forge\Examples_3\Unit_Tests\PC Visual Studio 2019\x64\Release\15a_VisibilityBufferOIT\"* /S /Y /D
                 xcopy "D:\HTC\avboit\The-Forge\Examples_3\Unit_Tests\PC Visual Studio 2019\..\..\..\Common_3\OS\ThirdParty\OpenSource\winpixeventruntime\bin\WinPixEventRuntime.dll" "D:\HTC\avboit\The-Forge\Examples_3\Unit_Tests\PC Visual Studio 2019\x64\Release\15a_VisibilityBufferOIT\WinPixEventRunTime.dll"* /S /Y /D
                 
                set ART=D:\HTC\avboit\The-Forge\Examples_3\Unit_Tests\PC Visual Studio 2019\..\..\..\Art\
         
         xcopy /Y /S /D "%ART%\SanMiguel_3\Meshes\*" "D:\HTC\avboit\The-Forge\Examples_3\Unit_Tests\PC Visual Studio 2019\x64\Release\15a_VisibilityBufferOIT\Meshes\"
         xcopy /Y /S /D "%ART%\SanMiguel_3\Textures\dds\*.tex" "D:\HTC\avboit\The-Forge\Examples_3\Unit_Tests\PC Visual Studio 2019\x64\Release\15a_VisibilityBufferOIT\Textures\"
         xcopy /Y /S /D "%ART%\UnitTestResources\cameraPath.bin" "D:\HTC\avboit\The-Forge\Examples_3\Unit_Tests\PC Visual Studio 2019\x64\Release\15a_VisibilityBufferOIT\"
         xcopy /Y /S /D "%ART%\UnitTestResources\Fonts\*" "D:\HTC\avboit\The-Forge\Examples_3\Unit_Tests\PC Visual Studio 2019\x64\Release\15a_VisibilityBufferOIT\Fonts\"
         xcopy /Y /S /D "%ART%\UnitTestResources\Scripts\*.lua" "D:\HTC\avboit\The-Forge\Examples_3\Unit_Tests\PC Visual Studio 2019\x64\Release\15a_VisibilityBufferOIT\Scripts\"
         xcopy /Y /S /D "%ART%\UnitTestResources\Animation\stormtrooper\animations\*" "D:\HTC\avboit\The-Forge\Examples_3\Unit_Tests\PC Visual Studio 2019\x64\Release\15a_VisibilityBufferOIT\\Animations\stormtrooper\"
         xcopy /Y /S /D "%ART%\UnitTestResources\Animation\stormtrooper\skeleton.ozz" "D:\HTC\avboit\The-Forge\Examples_3\Unit_Tests\PC Visual Studio 2019\x64\Release\15a_VisibilityBufferOIT\\Animations\stormtrooper\"
         xcopy /Y /S /D "%ART%\UnitTestResources\Animation\stormtrooper\riggedMesh.bin" "D:\HTC\avboit\The-Forge\Examples_3\Unit_Tests\PC Visual Studio 2019\x64\Release\15a_VisibilityBufferOIT\\Meshes\stormtrooper\"
         xcopy /Y /S /D "%ART%\UnitTestResources\Textures\dds\Stormtrooper_D.tex" "D:\HTC\avboit\The-Forge\Examples_3\Unit_Tests\PC Visual Studio 2019\x64\Release\15a_VisibilityBufferOIT\\Textures\"
         xcopy /Y /S /D "D:\HTC\avboit\The-Forge\Examples_3\Unit_Tests\PC Visual Studio 2019\..\src\15a_VisibilityBufferOIT\Scripts\*.lua" "D:\HTC\avboit\The-Forge\Examples_3\Unit_Tests\PC Visual Studio 2019\x64\Release\15a_VisibilityBufferOIT\Scripts\"
         
         if not exist "D:\HTC\avboit\The-Forge\Examples_3\Unit_Tests\PC Visual Studio 2019\x64\Release\15a_VisibilityBufferOIT\PipelineCaches\VULKAN\" mkdir "D:\HTC\avboit\The-Forge\Examples_3\Unit_Tests\PC Visual Studio 2019\x64\Release\15a_VisibilityBufferOIT\PipelineCaches\VULKAN\"
         if not exist "D:\HTC\avboit\The-Forge\Examples_3\Unit_Tests\PC Visual Studio 2019\x64\Release\15a_VisibilityBufferOIT\PipelineCaches\DIRECT3D12\" mkdir "D:\HTC\avboit\The-Forge\Examples_3\Unit_Tests\PC Visual Studio 2019\x64\Release\15a_VisibilityBufferOIT\PipelineCaches\DIRECT3D12\"
         
         xcopy /Y /S /D /E "D:\HTC\avboit\The-Forge\Examples_3\Unit_Tests\PC Visual Studio 2019\x64\Release\15a_VisibilityBufferOIT\..\OS\Shaders" "D:\HTC\avboit\The-Forge\Examples_3\Unit_Tests\PC Visual Studio 2019\x64\Release\15a_VisibilityBufferOIT\Shaders"
         xcopy /Y /S /D /E "D:\HTC\avboit\The-Forge\Examples_3\Unit_Tests\PC Visual Studio 2019\x64\Release\15a_VisibilityBufferOIT\..\OS\CompiledShaders" "D:\HTC\avboit\The-Forge\Examples_3\Unit_Tests\PC Visual Studio 2019\x64\Release\15a_VisibilityBufferOIT\CompiledShaders"
         
         xcopy "D:\HTC\avboit\The-Forge\Common_3\OS\Windows\pc_gpu.data" "D:\HTC\avboit\The-Forge\Examples_3\Unit_Tests\PC Visual Studio 2019\x64\Release\15a_VisibilityBufferOIT\GPUCfg\gpu.data*" /Y /D
         xcopy "D:\HTC\avboit\The-Forge\Examples_3\Unit_Tests\src\15a_VisibilityBufferOIT\GPUCfg\gpu.cfg" "D:\HTC\avboit\The-Forge\Examples_3\Unit_Tests\PC Visual Studio 2019\x64\Release\15a_VisibilityBufferOIT\GPUCfg\gpu.cfg*" /Y /D
         
         :VCEnd
    37>PostBuildEvent:
         0 File(s) copied
         0 File(s) copied
         0 File(s) copied
         File not found - *.ttf
         0 File(s) copied
    40>PostBuildEvent:
         0 File(s) copied
    45>Link:
         0 of 11561 functions ( 0.0%) were compiled, the rest were copied from previous compilation.
           0 functions were new in current compilation
           0 functions had inline decision re-evaluated but remain unchanged
    37>PostBuildEvent:
         0 File(s) copied
    40>PostBuildEvent:
         0 File(s) copied
         0 File(s) copied
    37>PostBuildEvent:
         0 File(s) copied
    40>PostBuildEvent:
         0 File(s) copied
    37>PostBuildEvent:
         0 File(s) copied
    40>PostBuildEvent:
         0 File(s) copied
    37>PostBuildEvent:
         0 File(s) copied
    40>PostBuildEvent:
         0 File(s) copied
    37>PostBuildEvent:
         0 File(s) copied
    40>PostBuildEvent:
         0 File(s) copied
    37>PostBuildEvent:
         File not found - *.lua
         0 File(s) copied
         0 File(s) copied
    45>Link:
         Finished generating code
    40>PostBuildEvent:
         0 File(s) copied
    37>PostBuildEvent:
         0 File(s) copied
    40>PostBuildEvent:
         File not found - cameraPath.bin
         0 File(s) copied
    37>FinalizeBuildStatus:
         ??????“D:\HTC\avboit\The-Forge\Examples_3\Unit_Tests\PC Visual Studio 2019\\x64\Release\Intermediate\21_Animations\21_Animations.tlog\unsuccessfulbuild”?
         ???“D:\HTC\avboit\The-Forge\Examples_3\Unit_Tests\PC Visual Studio 2019\\x64\Release\Intermediate\21_Animations\21_Animations.tlog\21_Animations.lastbuildstate”?? Touch ???
    37>???????“D:\HTC\avboit\The-Forge\Examples_3\Unit_Tests\PC Visual Studio 2019\21_Animations.vcxproj”(????)????
    22>???????“D:\HTC\avboit\The-Forge\Examples_3\Unit_Tests\PC Visual Studio 2019\21_Animations.vcxproj.metaproj”(????)????
    40>PostBuildEvent:
         0 File(s) copied
         File not found - *.lua
         0 File(s) copied
    43>ClCompile:
         ?????????
         ?????????
    40>PostBuildEvent:
         0 File(s) copied
    43>Link:
         E:\tools\Microsoft Visual Studio\2022\Community\VC\Tools\MSVC\14.38.33130\bin\HostX86\x64\link.exe /ERRORREPORT:QUEUE /OUT:"D:\HTC\avboit\The-Forge\Examples_3\Unit_Tests\PC Visual Studio 2019\x64\Release\AssetPipelineCmd.exe" /INCREMENTAL:NO /NOLOGO kernel32.lib user32.lib gdi32.lib winspool.lib comdlg32.lib advapi32.lib shell32.lib ole32.lib oleaut32.lib uuid.lib odbc32.lib odbccp32.lib WinMM.lib ozz_animation.lib ozz_base.lib ozz_animation_offline.lib ispc_texcomp.lib OS.lib BunyLib.lib /MANIFEST /MANIFESTUAC:"level='asInvoker' uiAccess='false'" /manifest:embed /DEBUG /PDB:"D:\HTC\avboit\The-Forge\Examples_3\Unit_Tests\PC Visual Studio 2019\x64\Release\AssetPipelineCmd.pdb" /SUBSYSTEM:CONSOLE /OPT:REF /OPT:ICF /LTCG:incremental /LTCGOUT:"D:\HTC\avboit\The-Forge\Examples_3\Unit_Tests\PC Visual Studio 2019\\x64\Release\Intermediate\AssetPipelineCmd\AssetPipelineCmd.iobj" /TLBID:1 /DYNAMICBASE /NXCOMPAT /IMPLIB:"D:\HTC\avboit\The-Forge\Examples_3\Unit_Tests\PC Visual Studio 2019\x64\Release\AssetPipelineCmd.lib" /MACHINE:X64 /ignore:4099 "D:\HTC\avboit\The-Forge\Examples_3\Unit_Tests\PC Visual Studio 2019\\x64\Release\Intermediate\AssetPipelineCmd\WindowsToolsFileSystem.obj"
         "D:\HTC\avboit\The-Forge\Examples_3\Unit_Tests\PC Visual Studio 2019\\x64\Release\Intermediate\AssetPipelineCmd\TressFXAsset.obj"
         "D:\HTC\avboit\The-Forge\Examples_3\Unit_Tests\PC Visual Studio 2019\\x64\Release\Intermediate\AssetPipelineCmd\allocator.obj"
         "D:\HTC\avboit\The-Forge\Examples_3\Unit_Tests\PC Visual Studio 2019\\x64\Release\Intermediate\AssetPipelineCmd\clusterizer.obj"
         "D:\HTC\avboit\The-Forge\Examples_3\Unit_Tests\PC Visual Studio 2019\\x64\Release\Intermediate\AssetPipelineCmd\indexcodec.obj"
         "D:\HTC\avboit\The-Forge\Examples_3\Unit_Tests\PC Visual Studio 2019\\x64\Release\Intermediate\AssetPipelineCmd\indexgenerator.obj"
         "D:\HTC\avboit\The-Forge\Examples_3\Unit_Tests\PC Visual Studio 2019\\x64\Release\Intermediate\AssetPipelineCmd\overdrawanalyzer.obj"
         "D:\HTC\avboit\The-Forge\Examples_3\Unit_Tests\PC Visual Studio 2019\\x64\Release\Intermediate\AssetPipelineCmd\overdrawoptimizer.obj"
         "D:\HTC\avboit\The-Forge\Examples_3\Unit_Tests\PC Visual Studio 2019\\x64\Release\Intermediate\AssetPipelineCmd\simplifier.obj"
         "D:\HTC\avboit\The-Forge\Examples_3\Unit_Tests\PC Visual Studio 2019\\x64\Release\Intermediate\AssetPipelineCmd\spatialorder.obj"
         "D:\HTC\avboit\The-Forge\Examples_3\Unit_Tests\PC Visual Studio 2019\\x64\Release\Intermediate\AssetPipelineCmd\stripifier.obj"
         "D:\HTC\avboit\The-Forge\Examples_3\Unit_Tests\PC Visual Studio 2019\\x64\Release\Intermediate\AssetPipelineCmd\vcacheanalyzer.obj"
         "D:\HTC\avboit\The-Forge\Examples_3\Unit_Tests\PC Visual Studio 2019\\x64\Release\Intermediate\AssetPipelineCmd\vcacheoptimizer.obj"
         "D:\HTC\avboit\The-Forge\Examples_3\Unit_Tests\PC Visual Studio 2019\\x64\Release\Intermediate\AssetPipelineCmd\vertexcodec.obj"
         "D:\HTC\avboit\The-Forge\Examples_3\Unit_Tests\PC Visual Studio 2019\\x64\Release\Intermediate\AssetPipelineCmd\vertexfilter.obj"
         "D:\HTC\avboit\The-Forge\Examples_3\Unit_Tests\PC Visual Studio 2019\\x64\Release\Intermediate\AssetPipelineCmd\vfetchanalyzer.obj"
         "D:\HTC\avboit\The-Forge\Examples_3\Unit_Tests\PC Visual Studio 2019\\x64\Release\Intermediate\AssetPipelineCmd\vfetchoptimizer.obj"
         "D:\HTC\avboit\The-Forge\Examples_3\Unit_Tests\PC Visual Studio 2019\\x64\Release\Intermediate\AssetPipelineCmd\ToolFileSystem.obj"
         "D:\HTC\avboit\The-Forge\Examples_3\Unit_Tests\PC Visual Studio 2019\\x64\Release\Intermediate\AssetPipelineCmd\AssetPipeline.obj"
         "D:\HTC\avboit\The-Forge\Examples_3\Unit_Tests\PC Visual Studio 2019\\x64\Release\Intermediate\AssetPipelineCmd\AssetPipelineCmd.obj"
         "D:\HTC\avboit\The-Forge\Examples_3\Unit_Tests\PC Visual Studio 2019\\x64\Release\Intermediate\AssetPipelineCmd\AssetPipeline_Textures.obj"
    40>PostBuildEvent:
         0 File(s) copied
         0 File(s) copied
         0 File(s) copied
         0 File(s) copied
         0 File(s) copied
         0 File(s) copied
    43>Link:
         Generating code
    40>PostBuildEvent:
         0 File(s) copied
         0 File(s) copied
       FinalizeBuildStatus:
         ??????“D:\HTC\avboit\The-Forge\Examples_3\Unit_Tests\PC Visual Studio 2019\\x64\Release\Intermediate\15a_VisibilityBufferOIT\15a_Visi.610C39FA.tlog\unsuccessfulbuild”?
         ???“D:\HTC\avboit\The-Forge\Examples_3\Unit_Tests\PC Visual Studio 2019\\x64\Release\Intermediate\15a_VisibilityBufferOIT\15a_Visi.610C39FA.tlog\15a_VisibilityBufferOIT.lastbuildstate”?? Touch ???
    40>???????“D:\HTC\avboit\The-Forge\Examples_3\Unit_Tests\PC Visual Studio 2019\15a_VisibilityBufferOIT.vcxproj”(????)????
    18>???????“D:\HTC\avboit\The-Forge\Examples_3\Unit_Tests\PC Visual Studio 2019\15a_VisibilityBufferOIT.vcxproj.metaproj”(????)????
    38>Link:
         19_CodeHotReload_Main.vcxproj -> D:\HTC\avboit\The-Forge\Examples_3\Unit_Tests\PC Visual Studio 2019\x64\Release\19_CodeHotReload_Main\19_CodeHotReload_Main.exe
       CustomBuildStep:
       ??????“CustomBuildStep”,????????
       CustomBuildStep:
       ??????“CustomBuildStep”,????????
       PostBuildEvent:
         
                 xcopy "D:\HTC\avboit\The-Forge\Examples_3\Unit_Tests\PC Visual Studio 2019\..\..\..\Common_3\Graphics\ThirdParty\OpenSource\VulkanSDK\bin\Win32\*.dll" "D:\HTC\avboit\The-Forge\Examples_3\Unit_Tests\PC Visual Studio 2019\x64\Release\19_CodeHotReload_Main\" /S /Y /D
                 xcopy "D:\HTC\avboit\The-Forge\Examples_3\Unit_Tests\PC Visual Studio 2019\..\..\..\Common_3\Graphics\ThirdParty\OpenSource\VulkanSDK\bin\Win32\*.json" "D:\HTC\avboit\The-Forge\Examples_3\Unit_Tests\PC Visual Studio 2019\x64\Release\19_CodeHotReload_Main\" /S /Y /D
                 xcopy "D:\HTC\avboit\The-Forge\Examples_3\Unit_Tests\PC Visual Studio 2019\..\..\..\Common_3\Graphics\ThirdParty\OpenSource\ags\ags_lib\lib\amd_ags_x64.dll" "D:\HTC\avboit\The-Forge\Examples_3\Unit_Tests\PC Visual Studio 2019\x64\Release\19_CodeHotReload_Main\amd_ags_x64.dll"* /S /Y /D
                 xcopy "D:\HTC\avboit\The-Forge\Examples_3\Unit_Tests\PC Visual Studio 2019\..\..\..\Common_3\Graphics\ThirdParty\OpenSource\DirectXShaderCompiler\bin\x64\dxcompiler.dll" "D:\HTC\avboit\The-Forge\Examples_3\Unit_Tests\PC Visual Studio 2019\x64\Release\19_CodeHotReload_Main\dxcompiler.dll"* /S /Y /D
                 xcopy "D:\HTC\avboit\The-Forge\Examples_3\Unit_Tests\PC Visual Studio 2019\..\..\..\Common_3\Graphics\ThirdParty\OpenSource\Direct3d12Agility\bin\x64\*.dll" "D:\HTC\avboit\The-Forge\Examples_3\Unit_Tests\PC Visual Studio 2019\x64\Release\19_CodeHotReload_Main\"* /S /Y /D
                 xcopy "D:\HTC\avboit\The-Forge\Examples_3\Unit_Tests\PC Visual Studio 2019\..\..\..\Common_3\OS\ThirdParty\OpenSource\winpixeventruntime\bin\WinPixEventRuntime.dll" "D:\HTC\avboit\The-Forge\Examples_3\Unit_Tests\PC Visual Studio 2019\x64\Release\19_CodeHotReload_Main\WinPixEventRunTime.dll"* /S /Y /D
                 
                set ART=D:\HTC\avboit\The-Forge\Examples_3\Unit_Tests\PC Visual Studio 2019\..\..\..\Art\
         xcopy /Y /S /D "%ART%\UnitTestResources\Textures\dds\sprites.tex" "D:\HTC\avboit\The-Forge\Examples_3\Unit_Tests\PC Visual Studio 2019\x64\Release\19_CodeHotReload_Main\Textures\"
         xcopy /Y /S /D "%ART%\UnitTestResources\Fonts\*.ttf" "D:\HTC\avboit\The-Forge\Examples_3\Unit_Tests\PC Visual Studio 2019\x64\Release\19_CodeHotReload_Main\Fonts\"
         xcopy /Y /S /D "%ART%\UnitTestResources\Fonts\*.otf" "D:\HTC\avboit\The-Forge\Examples_3\Unit_Tests\PC Visual Studio 2019\x64\Release\19_CodeHotReload_Main\Fonts\"
         
         xcopy /Y /S /D /E "D:\HTC\avboit\The-Forge\Examples_3\Unit_Tests\PC Visual Studio 2019\x64\Release\19_CodeHotReload_Main\..\OS\Shaders" "D:\HTC\avboit\The-Forge\Examples_3\Unit_Tests\PC Visual Studio 2019\x64\Release\19_CodeHotReload_Main\Shaders"
         xcopy /Y /S /D /E "D:\HTC\avboit\The-Forge\Examples_3\Unit_Tests\PC Visual Studio 2019\x64\Release\19_CodeHotReload_Main\..\OS\CompiledShaders" "D:\HTC\avboit\The-Forge\Examples_3\Unit_Tests\PC Visual Studio 2019\x64\Release\19_CodeHotReload_Main\CompiledShaders"
         
         xcopy /Y /S /D "D:\HTC\avboit\The-Forge\Examples_3\Unit_Tests\PC Visual Studio 2019\..\src\19_CodeHotReload\Scripts\*.lua" "D:\HTC\avboit\The-Forge\Examples_3\Unit_Tests\PC Visual Studio 2019\x64\Release\19_CodeHotReload_Main\Scripts\"
         xcopy /Y /S /D "%ART%\UnitTestResources\Scripts\*.lua" "D:\HTC\avboit\The-Forge\Examples_3\Unit_Tests\PC Visual Studio 2019\x64\Release\19_CodeHotReload_Main\Scripts\"
         
         xcopy /Y /S /D "D:\HTC\avboit\The-Forge\Examples_3\Unit_Tests\PC Visual Studio 2019\..\src\19_CodeHotReload\vswhere_args.txt" "D:\HTC\avboit\The-Forge\Examples_3\Unit_Tests\PC Visual Studio 2019\x64\Release\19_CodeHotReload_Main\"
         
         xcopy "D:\HTC\avboit\The-Forge\Common_3\OS\Windows\pc_gpu.data" "D:\HTC\avboit\The-Forge\Examples_3\Unit_Tests\PC Visual Studio 2019\x64\Release\19_CodeHotReload_Main\GPUCfg\gpu.data*" /Y /D
         xcopy /Y /S /D "D:\HTC\avboit\The-Forge\Examples_3\Unit_Tests\PC Visual Studio 2019\..\src\19_CodeHotReload\GPUCfg\*.*" "D:\HTC\avboit\The-Forge\Examples_3\Unit_Tests\PC Visual Studio 2019\x64\Release\19_CodeHotReload_Main\GPUCfg\"
         
         :VCEnd
    43>Link:
         0 of 2213 functions ( 0.0%) were compiled, the rest were copied from previous compilation.
           0 functions were new in current compilation
           0 functions had inline decision re-evaluated but remain unchanged
    38>PostBuildEvent:
         0 File(s) copied
         0 File(s) copied
    43>Link:
         Finished generating code
    38>PostBuildEvent:
         0 File(s) copied
         0 File(s) copied
         0 File(s) copied
         0 File(s) copied
         0 File(s) copied
         File not found - *.ttf
         0 File(s) copied
         0 File(s) copied
    42>Link:
         39_ParticleSystem.vcxproj -> D:\HTC\avboit\The-Forge\Examples_3\Unit_Tests\PC Visual Studio 2019\x64\Release\39_ParticleSystem\39_ParticleSystem.exe
       CustomBuildStep:
       ??????“CustomBuildStep”,????????
    38>PostBuildEvent:
         0 File(s) copied
    42>CustomBuildStep:
       ??????“CustomBuildStep”,????????
       PostBuildEvent:
         
                 xcopy "D:\HTC\avboit\The-Forge\Examples_3\Unit_Tests\PC Visual Studio 2019\..\..\..\Common_3\Graphics\ThirdParty\OpenSource\VulkanSDK\bin\Win32\*.dll" "D:\HTC\avboit\The-Forge\Examples_3\Unit_Tests\PC Visual Studio 2019\x64\Release\39_ParticleSystem\" /S /Y /D
                 xcopy "D:\HTC\avboit\The-Forge\Examples_3\Unit_Tests\PC Visual Studio 2019\..\..\..\Common_3\Graphics\ThirdParty\OpenSource\VulkanSDK\bin\Win32\*.json" "D:\HTC\avboit\The-Forge\Examples_3\Unit_Tests\PC Visual Studio 2019\x64\Release\39_ParticleSystem\" /S /Y /D
                 xcopy "D:\HTC\avboit\The-Forge\Examples_3\Unit_Tests\PC Visual Studio 2019\..\..\..\Common_3\Graphics\ThirdParty\OpenSource\ags\ags_lib\lib\amd_ags_x64.dll" "D:\HTC\avboit\The-Forge\Examples_3\Unit_Tests\PC Visual Studio 2019\x64\Release\39_ParticleSystem\amd_ags_x64.dll"* /S /Y /D
                 xcopy "D:\HTC\avboit\The-Forge\Examples_3\Unit_Tests\PC Visual Studio 2019\..\..\..\Common_3\Graphics\ThirdParty\OpenSource\DirectXShaderCompiler\bin\x64\dxcompiler.dll" "D:\HTC\avboit\The-Forge\Examples_3\Unit_Tests\PC Visual Studio 2019\x64\Release\39_ParticleSystem\dxcompiler.dll"* /S /Y /D
                 xcopy "D:\HTC\avboit\The-Forge\Examples_3\Unit_Tests\PC Visual Studio 2019\..\..\..\Common_3\Graphics\ThirdParty\OpenSource\Direct3d12Agility\bin\x64\*.dll" "D:\HTC\avboit\The-Forge\Examples_3\Unit_Tests\PC Visual Studio 2019\x64\Release\39_ParticleSystem\"* /S /Y /D
                 xcopy "D:\HTC\avboit\The-Forge\Examples_3\Unit_Tests\PC Visual Studio 2019\..\..\..\Common_3\OS\ThirdParty\OpenSource\winpixeventruntime\bin\WinPixEventRuntime.dll" "D:\HTC\avboit\The-Forge\Examples_3\Unit_Tests\PC Visual Studio 2019\x64\Release\39_ParticleSystem\WinPixEventRunTime.dll"* /S /Y /D
                 
                :: Copy Art files
         set ART=D:\HTC\avboit\The-Forge\Examples_3\Unit_Tests\PC Visual Studio 2019\..\..\..\Art\
         xcopy /Y /S /D "%ART%\PBR\dds\*.tex" "D:\HTC\avboit\The-Forge\Examples_3\Unit_Tests\PC Visual Studio 2019\x64\Release\39_ParticleSystem\Textures\PBR\"
         xcopy /Y /S /D "%ART%\Particles\Textures\dds\*.tex" "D:\HTC\avboit\The-Forge\Examples_3\Unit_Tests\PC Visual Studio 2019\x64\Release\39_ParticleSystem\Textures\"
         xcopy /Y /S /D "%ART%\SanMiguel_3\Textures\dds\*.tex" "D:\HTC\avboit\The-Forge\Examples_3\Unit_Tests\PC Visual Studio 2019\x64\Release\39_ParticleSystem\Textures\"
         xcopy /Y /S /D "%ART%\SanMiguel_3\Meshes\*" "D:\HTC\avboit\The-Forge\Examples_3\Unit_Tests\PC Visual Studio 2019\x64\Release\39_ParticleSystem\Meshes\"
         xcopy /Y /S /D "%ART%\UnitTestResources\cameraPath.bin" "D:\HTC\avboit\The-Forge\Examples_3\Unit_Tests\PC Visual Studio 2019\x64\Release\39_ParticleSystem\"
         
         xcopy /Y /S /D "%ART%\UnitTestResources\Fonts\*.ttf" "D:\HTC\avboit\The-Forge\Examples_3\Unit_Tests\PC Visual Studio 2019\x64\Release\39_ParticleSystem\Fonts\"
         xcopy /Y /S /D "%ART%\UnitTestResources\Fonts\*.otf" "D:\HTC\avboit\The-Forge\Examples_3\Unit_Tests\PC Visual Studio 2019\x64\Release\39_ParticleSystem\Fonts\"
         
         xcopy /Y /S /D /E "D:\HTC\avboit\The-Forge\Examples_3\Unit_Tests\PC Visual Studio 2019\x64\Release\39_ParticleSystem\..\OS\Shaders" "D:\HTC\avboit\The-Forge\Examples_3\Unit_Tests\PC Visual Studio 2019\x64\Release\39_ParticleSystem\Shaders"
         xcopy /Y /S /D /E "D:\HTC\avboit\The-Forge\Examples_3\Unit_Tests\PC Visual Studio 2019\x64\Release\39_ParticleSystem\..\OS\CompiledShaders" "D:\HTC\avboit\The-Forge\Examples_3\Unit_Tests\PC Visual Studio 2019\x64\Release\39_ParticleSystem\CompiledShaders"
         
         xcopy /Y /S /D "D:\HTC\avboit\The-Forge\Examples_3\Unit_Tests\PC Visual Studio 2019\..\src\39_ParticleSystem\GPUCfg\*.*" "D:\HTC\avboit\The-Forge\Examples_3\Unit_Tests\PC Visual Studio 2019\x64\Release\39_ParticleSystem\GPUCfg\"
         xcopy /Y /S /D "D:\HTC\avboit\The-Forge\Examples_3\Unit_Tests\PC Visual Studio 2019\..\..\..\Common_3\OS\Windows\pc_gpu.data" "D:\HTC\avboit\The-Forge\Examples_3\Unit_Tests\PC Visual Studio 2019\x64\Release\39_ParticleSystem\GPUCfg\gpu.data*"
         
         xcopy /Y /S /D "D:\HTC\avboit\The-Forge\Examples_3\Unit_Tests\PC Visual Studio 2019\..\src\39_ParticleSystem\Scripts\*.lua" "D:\HTC\avboit\The-Forge\Examples_3\Unit_Tests\PC Visual Studio 2019\x64\Release\39_ParticleSystem\Scripts\"
         xcopy /Y /S /D "%ART%\UnitTestResources\Scripts\*.lua" "D:\HTC\avboit\The-Forge\Examples_3\Unit_Tests\PC Visual Studio 2019\x64\Release\39_ParticleSystem\Scripts\"
         :VCEnd
    38>PostBuildEvent:
         0 File(s) copied
         0 File(s) copied
         File not found - *.lua
         0 File(s) copied
    42>PostBuildEvent:
         0 File(s) copied
    38>PostBuildEvent:
         0 File(s) copied
    42>PostBuildEvent:
         0 File(s) copied
    38>PostBuildEvent:
         0 File(s) copied
    42>PostBuildEvent:
         0 File(s) copied
    38>PostBuildEvent:
         0 File(s) copied
       FinalizeBuildStatus:
         ??????“D:\HTC\avboit\The-Forge\Examples_3\Unit_Tests\PC Visual Studio 2019\\x64\Release\Intermediate\19_CodeHotReload_Main\19_CodeH.28DEB3EA.tlog\unsuccessfulbuild”?
         ???“D:\HTC\avboit\The-Forge\Examples_3\Unit_Tests\PC Visual Studio 2019\\x64\Release\Intermediate\19_CodeHotReload_Main\19_CodeH.28DEB3EA.tlog\19_CodeHotReload_Main.lastbuildstate”?? Touch ???
    38>???????“D:\HTC\avboit\The-Forge\Examples_3\Unit_Tests\PC Visual Studio 2019\19_CodeHotReload_Main.vcxproj”(????)????
    19>???????“D:\HTC\avboit\The-Forge\Examples_3\Unit_Tests\PC Visual Studio 2019\19_CodeHotReload_Main.vcxproj.metaproj”(????)????
    42>PostBuildEvent:
         0 File(s) copied
         0 File(s) copied
         0 File(s) copied
         0 File(s) copied
    43>Link:
         AssetPipelineCmd.vcxproj -> D:\HTC\avboit\The-Forge\Examples_3\Unit_Tests\PC Visual Studio 2019\x64\Release\AssetPipelineCmd.exe
    42>PostBuildEvent:
         0 File(s) copied
    43>PostBuildEvent:
         IF EXIST "\bin\Scarlett\xg_xs.dll" C:\WINDOWS\System32\xcopy /Y "\bin\Scarlett\xg_xs.dll" "D:\HTC\avboit\The-Forge\Examples_3\Unit_Tests\PC Visual Studio 2019\x64\Release\"
         :VCEnd
    42>PostBuildEvent:
         0 File(s) copied
         0 File(s) copied
         0 File(s) copied
         File not found - cameraPath.bin
    43>FinalizeBuildStatus:
         ??????“D:\HTC\avboit\The-Forge\Examples_3\Unit_Tests\PC Visual Studio 2019\\x64\Release\Intermediate\AssetPipelineCmd\AssetPipelineCmd.tlog\unsuccessfulbuild”?
         ???“D:\HTC\avboit\The-Forge\Examples_3\Unit_Tests\PC Visual Studio 2019\\x64\Release\Intermediate\AssetPipelineCmd\AssetPipelineCmd.tlog\AssetPipelineCmd.lastbuildstate”?? Touch ???
    43>???????“D:\HTC\avboit\The-Forge\Common_3\Tools\AssetPipeline\Win64\AssetPipelineCmd.vcxproj”(????)????
    20>???????“D:\HTC\avboit\The-Forge\Common_3\Tools\AssetPipeline\Win64\AssetPipelineCmd.vcxproj.metaproj”(????)????
    42>PostBuildEvent:
         File not found - *.ttf
         0 File(s) copied
         0 File(s) copied
         0 File(s) copied
         0 File(s) copied
         0 File(s) copied
         0 File(s) copied
         File not found - *.lua
         0 File(s) copied
         File not found - *.lua
         0 File(s) copied
    42>E:\tools\Microsoft Visual Studio\2022\Community\MSBuild\Microsoft\VC\v170\Microsoft.CppCommon.targets(166,5): error MSB3073: ??“ [D:\HTC\avboit\The-Forge\Examples_3\Unit_Tests\PC Visual Studio 2019\39_ParticleSystem.vcxproj]
E:\tools\Microsoft Visual Studio\2022\Community\MSBuild\Microsoft\VC\v170\Microsoft.CppCommon.targets(166,5): error MSB3073:         xcopy "D:\HTC\avboit\The-Forge\Examples_3\Unit_Tests\PC Visual Studio 2019\..\..\..\Common_3\Graphics\ThirdParty\OpenSource\VulkanSDK\bin\Win32\*.dll" "D:\HTC\avboit\The-Forge\Examples_3\Unit_Tests\PC Visual Studio 2019\x64\Release\39_ParticleSystem\" /S /Y /D [D:\HTC\avboit\The-Forge\Examples_3\Unit_Tests\PC Visual Studio 2019\39_ParticleSystem.vcxproj]
E:\tools\Microsoft Visual Studio\2022\Community\MSBuild\Microsoft\VC\v170\Microsoft.CppCommon.targets(166,5): error MSB3073:         xcopy "D:\HTC\avboit\The-Forge\Examples_3\Unit_Tests\PC Visual Studio 2019\..\..\..\Common_3\Graphics\ThirdParty\OpenSource\VulkanSDK\bin\Win32\*.json" "D:\HTC\avboit\The-Forge\Examples_3\Unit_Tests\PC Visual Studio 2019\x64\Release\39_ParticleSystem\" /S /Y /D [D:\HTC\avboit\The-Forge\Examples_3\Unit_Tests\PC Visual Studio 2019\39_ParticleSystem.vcxproj]
E:\tools\Microsoft Visual Studio\2022\Community\MSBuild\Microsoft\VC\v170\Microsoft.CppCommon.targets(166,5): error MSB3073:         xcopy "D:\HTC\avboit\The-Forge\Examples_3\Unit_Tests\PC Visual Studio 2019\..\..\..\Common_3\Graphics\ThirdParty\OpenSource\ags\ags_lib\lib\amd_ags_x64.dll" "D:\HTC\avboit\The-Forge\Examples_3\Unit_Tests\PC Visual Studio 2019\x64\Release\39_ParticleSystem\amd_ags_x64.dll"* /S /Y /D [D:\HTC\avboit\The-Forge\Examples_3\Unit_Tests\PC Visual Studio 2019\39_ParticleSystem.vcxproj]
E:\tools\Microsoft Visual Studio\2022\Community\MSBuild\Microsoft\VC\v170\Microsoft.CppCommon.targets(166,5): error MSB3073:         xcopy "D:\HTC\avboit\The-Forge\Examples_3\Unit_Tests\PC Visual Studio 2019\..\..\..\Common_3\Graphics\ThirdParty\OpenSource\DirectXShaderCompiler\bin\x64\dxcompiler.dll" "D:\HTC\avboit\The-Forge\Examples_3\Unit_Tests\PC Visual Studio 2019\x64\Release\39_ParticleSystem\dxcompiler.dll"* /S /Y /D [D:\HTC\avboit\The-Forge\Examples_3\Unit_Tests\PC Visual Studio 2019\39_ParticleSystem.vcxproj]
E:\tools\Microsoft Visual Studio\2022\Community\MSBuild\Microsoft\VC\v170\Microsoft.CppCommon.targets(166,5): error MSB3073:         xcopy "D:\HTC\avboit\The-Forge\Examples_3\Unit_Tests\PC Visual Studio 2019\..\..\..\Common_3\Graphics\ThirdParty\OpenSource\Direct3d12Agility\bin\x64\*.dll" "D:\HTC\avboit\The-Forge\Examples_3\Unit_Tests\PC Visual Studio 2019\x64\Release\39_ParticleSystem\"* /S /Y /D [D:\HTC\avboit\The-Forge\Examples_3\Unit_Tests\PC Visual Studio 2019\39_ParticleSystem.vcxproj]
E:\tools\Microsoft Visual Studio\2022\Community\MSBuild\Microsoft\VC\v170\Microsoft.CppCommon.targets(166,5): error MSB3073:         xcopy "D:\HTC\avboit\The-Forge\Examples_3\Unit_Tests\PC Visual Studio 2019\..\..\..\Common_3\OS\ThirdParty\OpenSource\winpixeventruntime\bin\WinPixEventRuntime.dll" "D:\HTC\avboit\The-Forge\Examples_3\Unit_Tests\PC Visual Studio 2019\x64\Release\39_ParticleSystem\WinPixEventRunTime.dll"* /S /Y /D [D:\HTC\avboit\The-Forge\Examples_3\Unit_Tests\PC Visual Studio 2019\39_ParticleSystem.vcxproj]
E:\tools\Microsoft Visual Studio\2022\Community\MSBuild\Microsoft\VC\v170\Microsoft.CppCommon.targets(166,5): error MSB3073:          [D:\HTC\avboit\The-Forge\Examples_3\Unit_Tests\PC Visual Studio 2019\39_ParticleSystem.vcxproj]
E:\tools\Microsoft Visual Studio\2022\Community\MSBuild\Microsoft\VC\v170\Microsoft.CppCommon.targets(166,5): error MSB3073:        :: Copy Art files [D:\HTC\avboit\The-Forge\Examples_3\Unit_Tests\PC Visual Studio 2019\39_ParticleSystem.vcxproj]
E:\tools\Microsoft Visual Studio\2022\Community\MSBuild\Microsoft\VC\v170\Microsoft.CppCommon.targets(166,5): error MSB3073: set ART=D:\HTC\avboit\The-Forge\Examples_3\Unit_Tests\PC Visual Studio 2019\..\..\..\Art\ [D:\HTC\avboit\The-Forge\Examples_3\Unit_Tests\PC Visual Studio 2019\39_ParticleSystem.vcxproj]
E:\tools\Microsoft Visual Studio\2022\Community\MSBuild\Microsoft\VC\v170\Microsoft.CppCommon.targets(166,5): error MSB3073: xcopy /Y /S /D "%ART%\PBR\dds\*.tex" "D:\HTC\avboit\The-Forge\Examples_3\Unit_Tests\PC Visual Studio 2019\x64\Release\39_ParticleSystem\Textures\PBR\" [D:\HTC\avboit\The-Forge\Examples_3\Unit_Tests\PC Visual Studio 2019\39_ParticleSystem.vcxproj]
E:\tools\Microsoft Visual Studio\2022\Community\MSBuild\Microsoft\VC\v170\Microsoft.CppCommon.targets(166,5): error MSB3073: xcopy /Y /S /D "%ART%\Particles\Textures\dds\*.tex" "D:\HTC\avboit\The-Forge\Examples_3\Unit_Tests\PC Visual Studio 2019\x64\Release\39_ParticleSystem\Textures\" [D:\HTC\avboit\The-Forge\Examples_3\Unit_Tests\PC Visual Studio 2019\39_ParticleSystem.vcxproj]
E:\tools\Microsoft Visual Studio\2022\Community\MSBuild\Microsoft\VC\v170\Microsoft.CppCommon.targets(166,5): error MSB3073: xcopy /Y /S /D "%ART%\SanMiguel_3\Textures\dds\*.tex" "D:\HTC\avboit\The-Forge\Examples_3\Unit_Tests\PC Visual Studio 2019\x64\Release\39_ParticleSystem\Textures\" [D:\HTC\avboit\The-Forge\Examples_3\Unit_Tests\PC Visual Studio 2019\39_ParticleSystem.vcxproj]
E:\tools\Microsoft Visual Studio\2022\Community\MSBuild\Microsoft\VC\v170\Microsoft.CppCommon.targets(166,5): error MSB3073: xcopy /Y /S /D "%ART%\SanMiguel_3\Meshes\*" "D:\HTC\avboit\The-Forge\Examples_3\Unit_Tests\PC Visual Studio 2019\x64\Release\39_ParticleSystem\Meshes\" [D:\HTC\avboit\The-Forge\Examples_3\Unit_Tests\PC Visual Studio 2019\39_ParticleSystem.vcxproj]
E:\tools\Microsoft Visual Studio\2022\Community\MSBuild\Microsoft\VC\v170\Microsoft.CppCommon.targets(166,5): error MSB3073: xcopy /Y /S /D "%ART%\UnitTestResources\cameraPath.bin" "D:\HTC\avboit\The-Forge\Examples_3\Unit_Tests\PC Visual Studio 2019\x64\Release\39_ParticleSystem\" [D:\HTC\avboit\The-Forge\Examples_3\Unit_Tests\PC Visual Studio 2019\39_ParticleSystem.vcxproj]
E:\tools\Microsoft Visual Studio\2022\Community\MSBuild\Microsoft\VC\v170\Microsoft.CppCommon.targets(166,5): error MSB3073:  [D:\HTC\avboit\The-Forge\Examples_3\Unit_Tests\PC Visual Studio 2019\39_ParticleSystem.vcxproj]
E:\tools\Microsoft Visual Studio\2022\Community\MSBuild\Microsoft\VC\v170\Microsoft.CppCommon.targets(166,5): error MSB3073: xcopy /Y /S /D "%ART%\UnitTestResources\Fonts\*.ttf" "D:\HTC\avboit\The-Forge\Examples_3\Unit_Tests\PC Visual Studio 2019\x64\Release\39_ParticleSystem\Fonts\" [D:\HTC\avboit\The-Forge\Examples_3\Unit_Tests\PC Visual Studio 2019\39_ParticleSystem.vcxproj]
E:\tools\Microsoft Visual Studio\2022\Community\MSBuild\Microsoft\VC\v170\Microsoft.CppCommon.targets(166,5): error MSB3073: xcopy /Y /S /D "%ART%\UnitTestResources\Fonts\*.otf" "D:\HTC\avboit\The-Forge\Examples_3\Unit_Tests\PC Visual Studio 2019\x64\Release\39_ParticleSystem\Fonts\" [D:\HTC\avboit\The-Forge\Examples_3\Unit_Tests\PC Visual Studio 2019\39_ParticleSystem.vcxproj]
E:\tools\Microsoft Visual Studio\2022\Community\MSBuild\Microsoft\VC\v170\Microsoft.CppCommon.targets(166,5): error MSB3073:  [D:\HTC\avboit\The-Forge\Examples_3\Unit_Tests\PC Visual Studio 2019\39_ParticleSystem.vcxproj]
E:\tools\Microsoft Visual Studio\2022\Community\MSBuild\Microsoft\VC\v170\Microsoft.CppCommon.targets(166,5): error MSB3073: xcopy /Y /S /D /E "D:\HTC\avboit\The-Forge\Examples_3\Unit_Tests\PC Visual Studio 2019\x64\Release\39_ParticleSystem\..\OS\Shaders" "D:\HTC\avboit\The-Forge\Examples_3\Unit_Tests\PC Visual Studio 2019\x64\Release\39_ParticleSystem\Shaders" [D:\HTC\avboit\The-Forge\Examples_3\Unit_Tests\PC Visual Studio 2019\39_ParticleSystem.vcxproj]
E:\tools\Microsoft Visual Studio\2022\Community\MSBuild\Microsoft\VC\v170\Microsoft.CppCommon.targets(166,5): error MSB3073: xcopy /Y /S /D /E "D:\HTC\avboit\The-Forge\Examples_3\Unit_Tests\PC Visual Studio 2019\x64\Release\39_ParticleSystem\..\OS\CompiledShaders" "D:\HTC\avboit\The-Forge\Examples_3\Unit_Tests\PC Visual Studio 2019\x64\Release\39_ParticleSystem\CompiledShaders" [D:\HTC\avboit\The-Forge\Examples_3\Unit_Tests\PC Visual Studio 2019\39_ParticleSystem.vcxproj]
E:\tools\Microsoft Visual Studio\2022\Community\MSBuild\Microsoft\VC\v170\Microsoft.CppCommon.targets(166,5): error MSB3073:  [D:\HTC\avboit\The-Forge\Examples_3\Unit_Tests\PC Visual Studio 2019\39_ParticleSystem.vcxproj]
E:\tools\Microsoft Visual Studio\2022\Community\MSBuild\Microsoft\VC\v170\Microsoft.CppCommon.targets(166,5): error MSB3073: xcopy /Y /S /D "D:\HTC\avboit\The-Forge\Examples_3\Unit_Tests\PC Visual Studio 2019\..\src\39_ParticleSystem\GPUCfg\*.*" "D:\HTC\avboit\The-Forge\Examples_3\Unit_Tests\PC Visual Studio 2019\x64\Release\39_ParticleSystem\GPUCfg\" [D:\HTC\avboit\The-Forge\Examples_3\Unit_Tests\PC Visual Studio 2019\39_ParticleSystem.vcxproj]
E:\tools\Microsoft Visual Studio\2022\Community\MSBuild\Microsoft\VC\v170\Microsoft.CppCommon.targets(166,5): error MSB3073: xcopy /Y /S /D "D:\HTC\avboit\The-Forge\Examples_3\Unit_Tests\PC Visual Studio 2019\..\..\..\Common_3\OS\Windows\pc_gpu.data" "D:\HTC\avboit\The-Forge\Examples_3\Unit_Tests\PC Visual Studio 2019\x64\Release\39_ParticleSystem\GPUCfg\gpu.data*" [D:\HTC\avboit\The-Forge\Examples_3\Unit_Tests\PC Visual Studio 2019\39_ParticleSystem.vcxproj]
E:\tools\Microsoft Visual Studio\2022\Community\MSBuild\Microsoft\VC\v170\Microsoft.CppCommon.targets(166,5): error MSB3073:  [D:\HTC\avboit\The-Forge\Examples_3\Unit_Tests\PC Visual Studio 2019\39_ParticleSystem.vcxproj]
E:\tools\Microsoft Visual Studio\2022\Community\MSBuild\Microsoft\VC\v170\Microsoft.CppCommon.targets(166,5): error MSB3073: xcopy /Y /S /D "D:\HTC\avboit\The-Forge\Examples_3\Unit_Tests\PC Visual Studio 2019\..\src\39_ParticleSystem\Scripts\*.lua" "D:\HTC\avboit\The-Forge\Examples_3\Unit_Tests\PC Visual Studio 2019\x64\Release\39_ParticleSystem\Scripts\" [D:\HTC\avboit\The-Forge\Examples_3\Unit_Tests\PC Visual Studio 2019\39_ParticleSystem.vcxproj]
E:\tools\Microsoft Visual Studio\2022\Community\MSBuild\Microsoft\VC\v170\Microsoft.CppCommon.targets(166,5): error MSB3073: xcopy /Y /S /D "%ART%\UnitTestResources\Scripts\*.lua" "D:\HTC\avboit\The-Forge\Examples_3\Unit_Tests\PC Visual Studio 2019\x64\Release\39_ParticleSystem\Scripts\" [D:\HTC\avboit\The-Forge\Examples_3\Unit_Tests\PC Visual Studio 2019\39_ParticleSystem.vcxproj]
E:\tools\Microsoft Visual Studio\2022\Community\MSBuild\Microsoft\VC\v170\Microsoft.CppCommon.targets(166,5): error MSB3073: :VCEnd”???,??? 4? [D:\HTC\avboit\The-Forge\Examples_3\Unit_Tests\PC Visual Studio 2019\39_ParticleSystem.vcxproj]
    42>???????“D:\HTC\avboit\The-Forge\Examples_3\Unit_Tests\PC Visual Studio 2019\39_ParticleSystem.vcxproj”(????)??? - ???
    24>???????“D:\HTC\avboit\The-Forge\Examples_3\Unit_Tests\PC Visual Studio 2019\39_ParticleSystem.vcxproj.metaproj”(????)??? - ???
    45>Link:
         12_ZipFileSystem.vcxproj -> D:\HTC\avboit\The-Forge\Examples_3\Unit_Tests\PC Visual Studio 2019\x64\Release\12_ZipFileSystem\12_ZipFileSystem.exe
       CustomBuildStep:
       ??????“CustomBuildStep”,????????
       CustomBuildStep:
       ??????“CustomBuildStep”,????????
       PostBuildEvent:
         
                 xcopy "D:\HTC\avboit\The-Forge\Examples_3\Unit_Tests\PC Visual Studio 2019\..\..\..\Common_3\Graphics\ThirdParty\OpenSource\VulkanSDK\bin\Win32\*.dll" "D:\HTC\avboit\The-Forge\Examples_3\Unit_Tests\PC Visual Studio 2019\x64\Release\12_ZipFileSystem\" /S /Y /D
                 xcopy "D:\HTC\avboit\The-Forge\Examples_3\Unit_Tests\PC Visual Studio 2019\..\..\..\Common_3\Graphics\ThirdParty\OpenSource\VulkanSDK\bin\Win32\*.json" "D:\HTC\avboit\The-Forge\Examples_3\Unit_Tests\PC Visual Studio 2019\x64\Release\12_ZipFileSystem\" /S /Y /D
                 xcopy "D:\HTC\avboit\The-Forge\Examples_3\Unit_Tests\PC Visual Studio 2019\..\..\..\Common_3\Graphics\ThirdParty\OpenSource\ags\ags_lib\lib\amd_ags_x64.dll" "D:\HTC\avboit\The-Forge\Examples_3\Unit_Tests\PC Visual Studio 2019\x64\Release\12_ZipFileSystem\amd_ags_x64.dll"* /S /Y /D
                 xcopy "D:\HTC\avboit\The-Forge\Examples_3\Unit_Tests\PC Visual Studio 2019\..\..\..\Common_3\Graphics\ThirdParty\OpenSource\DirectXShaderCompiler\bin\x64\dxcompiler.dll" "D:\HTC\avboit\The-Forge\Examples_3\Unit_Tests\PC Visual Studio 2019\x64\Release\12_ZipFileSystem\dxcompiler.dll"* /S /Y /D
                 xcopy "D:\HTC\avboit\The-Forge\Examples_3\Unit_Tests\PC Visual Studio 2019\..\..\..\Common_3\Graphics\ThirdParty\OpenSource\Direct3d12Agility\bin\x64\*.dll" "D:\HTC\avboit\The-Forge\Examples_3\Unit_Tests\PC Visual Studio 2019\x64\Release\12_ZipFileSystem\"* /S /Y /D
                 xcopy "D:\HTC\avboit\The-Forge\Examples_3\Unit_Tests\PC Visual Studio 2019\..\..\..\Common_3\OS\ThirdParty\OpenSource\winpixeventruntime\bin\WinPixEventRuntime.dll" "D:\HTC\avboit\The-Forge\Examples_3\Unit_Tests\PC Visual Studio 2019\x64\Release\12_ZipFileSystem\WinPixEventRunTime.dll"* /S /Y /D
                 
                set ART=D:\HTC\avboit\The-Forge\Examples_3\Unit_Tests\PC Visual Studio 2019\..\..\..\Art\
         xcopy /Y /S /D "%ART%\UnitTestResources\ZipFilesDds\*.buny" "D:\HTC\avboit\The-Forge\Examples_3\Unit_Tests\PC Visual Studio 2019\x64\Release\12_ZipFileSystem\ZipFiles\"
         
         xcopy /Y /S /D /E "D:\HTC\avboit\The-Forge\Examples_3\Unit_Tests\PC Visual Studio 2019\x64\Release\12_ZipFileSystem\..\OS\Shaders" "D:\HTC\avboit\The-Forge\Examples_3\Unit_Tests\PC Visual Studio 2019\x64\Release\12_ZipFileSystem\Shaders"
         xcopy /Y /S /D /E "D:\HTC\avboit\The-Forge\Examples_3\Unit_Tests\PC Visual Studio 2019\x64\Release\12_ZipFileSystem\..\OS\CompiledShaders" "D:\HTC\avboit\The-Forge\Examples_3\Unit_Tests\PC Visual Studio 2019\x64\Release\12_ZipFileSystem\CompiledShaders"
         
         xcopy /Y /S /D "%ART%\UnitTestResources\Scripts\*.lua" "D:\HTC\avboit\The-Forge\Examples_3\Unit_Tests\PC Visual Studio 2019\x64\Release\12_ZipFileSystem\Scripts\"
         
         xcopy "D:\HTC\avboit\The-Forge\Common_3\OS\Windows\pc_gpu.data" "D:\HTC\avboit\The-Forge\Examples_3\Unit_Tests\PC Visual Studio 2019\x64\Release\12_ZipFileSystem\GPUCfg\gpu.data*" /Y /D
         xcopy "D:\HTC\avboit\The-Forge\Examples_3\Unit_Tests\src\12_ZipFileSystem\GPUCfg\gpu.cfg" "D:\HTC\avboit\The-Forge\Examples_3\Unit_Tests\PC Visual Studio 2019\x64\Release\12_ZipFileSystem\GPUCfg\gpu.cfg*" /Y /D
         
         :VCEnd
         0 File(s) copied
         0 File(s) copied
         0 File(s) copied
         0 File(s) copied
         0 File(s) copied
         0 File(s) copied
         0 File(s) copied
         0 File(s) copied
         0 File(s) copied
         File not found - *.lua
         0 File(s) copied
         0 File(s) copied
         0 File(s) copied
       FinalizeBuildStatus:
         ??????“D:\HTC\avboit\The-Forge\Examples_3\Unit_Tests\PC Visual Studio 2019\\x64\Release\Intermediate\12_ZipFileSystem\12_ZipFileSystem.tlog\unsuccessfulbuild”?
         ???“D:\HTC\avboit\The-Forge\Examples_3\Unit_Tests\PC Visual Studio 2019\\x64\Release\Intermediate\12_ZipFileSystem\12_ZipFileSystem.tlog\12_ZipFileSystem.lastbuildstate”?? Touch ???
    45>???????“D:\HTC\avboit\The-Forge\Examples_3\Unit_Tests\PC Visual Studio 2019\12_ZipFileSystem.vcxproj”(????)????
    15>???????“D:\HTC\avboit\The-Forge\Examples_3\Unit_Tests\PC Visual Studio 2019\12_ZipFileSystem.vcxproj.metaproj”(????)????
    48>Link:
         All 11651 functions were compiled because no usable IPDB/IOBJ from previous compilation was found.
         Finished generating code
         15_Transparency.vcxproj -> D:\HTC\avboit\The-Forge\Examples_3\Unit_Tests\PC Visual Studio 2019\x64\Release\15_Transparency\15_Transparency.exe
       CustomBuildStep:
       ??????“CustomBuildStep”,????????
       CustomBuildStep:
       ??????“CustomBuildStep”,????????
       PostBuildEvent:
         
                 xcopy "D:\HTC\avboit\The-Forge\Examples_3\Unit_Tests\PC Visual Studio 2019\..\..\..\Common_3\Graphics\ThirdParty\OpenSource\VulkanSDK\bin\Win32\*.dll" "D:\HTC\avboit\The-Forge\Examples_3\Unit_Tests\PC Visual Studio 2019\x64\Release\15_Transparency\" /S /Y /D
                 xcopy "D:\HTC\avboit\The-Forge\Examples_3\Unit_Tests\PC Visual Studio 2019\..\..\..\Common_3\Graphics\ThirdParty\OpenSource\VulkanSDK\bin\Win32\*.json" "D:\HTC\avboit\The-Forge\Examples_3\Unit_Tests\PC Visual Studio 2019\x64\Release\15_Transparency\" /S /Y /D
                 xcopy "D:\HTC\avboit\The-Forge\Examples_3\Unit_Tests\PC Visual Studio 2019\..\..\..\Common_3\Graphics\ThirdParty\OpenSource\ags\ags_lib\lib\amd_ags_x64.dll" "D:\HTC\avboit\The-Forge\Examples_3\Unit_Tests\PC Visual Studio 2019\x64\Release\15_Transparency\amd_ags_x64.dll"* /S /Y /D
                 xcopy "D:\HTC\avboit\The-Forge\Examples_3\Unit_Tests\PC Visual Studio 2019\..\..\..\Common_3\Graphics\ThirdParty\OpenSource\DirectXShaderCompiler\bin\x64\dxcompiler.dll" "D:\HTC\avboit\The-Forge\Examples_3\Unit_Tests\PC Visual Studio 2019\x64\Release\15_Transparency\dxcompiler.dll"* /S /Y /D
                 xcopy "D:\HTC\avboit\The-Forge\Examples_3\Unit_Tests\PC Visual Studio 2019\..\..\..\Common_3\Graphics\ThirdParty\OpenSource\Direct3d12Agility\bin\x64\*.dll" "D:\HTC\avboit\The-Forge\Examples_3\Unit_Tests\PC Visual Studio 2019\x64\Release\15_Transparency\"* /S /Y /D
                 xcopy "D:\HTC\avboit\The-Forge\Examples_3\Unit_Tests\PC Visual Studio 2019\..\..\..\Common_3\OS\ThirdParty\OpenSource\winpixeventruntime\bin\WinPixEventRuntime.dll" "D:\HTC\avboit\The-Forge\Examples_3\Unit_Tests\PC Visual Studio 2019\x64\Release\15_Transparency\WinPixEventRunTime.dll"* /S /Y /D
                 
                set ART=D:\HTC\avboit\The-Forge\Examples_3\Unit_Tests\PC Visual Studio 2019\..\..\..\Art\
         xcopy /Y /S /D "%ART%\UnitTestResources\Meshes\*.bin" "D:\HTC\avboit\The-Forge\Examples_3\Unit_Tests\PC Visual Studio 2019\x64\Release\15_Transparency\Meshes\"
         xcopy /Y /S /D "%ART%\UnitTestResources\Textures\dds\grid.tex" "D:\HTC\avboit\The-Forge\Examples_3\Unit_Tests\PC Visual Studio 2019\x64\Release\15_Transparency\Textures\"
         xcopy /Y /S /D "%ART%\UnitTestResources\Textures\dds\skybox\*" "D:\HTC\avboit\The-Forge\Examples_3\Unit_Tests\PC Visual Studio 2019\x64\Release\15_Transparency\Textures\skybox\"
         
         xcopy /Y /S /D "%ART%\UnitTestResources\Textures\dds\Skybox_*.tex" "D:\HTC\avboit\The-Forge\Examples_3\Unit_Tests\PC Visual Studio 2019\x64\Release\15_Transparency\Textures\"
         xcopy /Y /S /D "%ART%\UnitTestResources\Textures\dds\circlepad.tex" "D:\HTC\avboit\The-Forge\Examples_3\Unit_Tests\PC Visual Studio 2019\x64\Release\15_Transparency\Textures\"
         xcopy /Y /S /D "%ART%\UnitTestResources\Fonts\*.ttf" "D:\HTC\avboit\The-Forge\Examples_3\Unit_Tests\PC Visual Studio 2019\x64\Release\15_Transparency\Fonts\"
         xcopy /Y /S /D "%ART%\UnitTestResources\Fonts\*.otf" "D:\HTC\avboit\The-Forge\Examples_3\Unit_Tests\PC Visual Studio 2019\x64\Release\15_Transparency\Fonts\"
         
         xcopy /Y /S /D /E "D:\HTC\avboit\The-Forge\Examples_3\Unit_Tests\PC Visual Studio 2019\x64\Release\15_Transparency\..\OS\Shaders" "D:\HTC\avboit\The-Forge\Examples_3\Unit_Tests\PC Visual Studio 2019\x64\Release\15_Transparency\Shaders"
         xcopy /Y /S /D /E "D:\HTC\avboit\The-Forge\Examples_3\Unit_Tests\PC Visual Studio 2019\x64\Release\15_Transparency\..\OS\CompiledShaders" "D:\HTC\avboit\The-Forge\Examples_3\Unit_Tests\PC Visual Studio 2019\x64\Release\15_Transparency\CompiledShaders"
         
         xcopy /Y /S /D "D:\HTC\avboit\The-Forge\Examples_3\Unit_Tests\PC Visual Studio 2019\..\src\15_Transparency\Scripts\*.lua" "D:\HTC\avboit\The-Forge\Examples_3\Unit_Tests\PC Visual Studio 2019\x64\Release\15_Transparency\Scripts\"
         xcopy /Y /S /D "%ART%\UnitTestResources\Scripts\*.lua" "D:\HTC\avboit\The-Forge\Examples_3\Unit_Tests\PC Visual Studio 2019\x64\Release\15_Transparency\Scripts\"
         
         xcopy "D:\HTC\avboit\The-Forge\Common_3\OS\Windows\pc_gpu.data" "D:\HTC\avboit\The-Forge\Examples_3\Unit_Tests\PC Visual Studio 2019\x64\Release\15_Transparency\GPUCfg\gpu.data*" /Y /D
         xcopy "D:\HTC\avboit\The-Forge\Examples_3\Unit_Tests\src\15_Transparency\GPUCfg\gpu.cfg" "D:\HTC\avboit\The-Forge\Examples_3\Unit_Tests\PC Visual Studio 2019\x64\Release\15_Transparency\GPUCfg\gpu.cfg*" /Y /D
         
         :VCEnd
         0 File(s) copied
         0 File(s) copied
         0 File(s) copied
         0 File(s) copied
         0 File(s) copied
         0 File(s) copied
         0 File(s) copied
         0 File(s) copied
         0 File(s) copied
         0 File(s) copied
         0 File(s) copied
         File not found - *.ttf
         0 File(s) copied
         0 File(s) copied
         0 File(s) copied
         0 File(s) copied
         0 File(s) copied
         File not found - *.lua
         0 File(s) copied
         0 File(s) copied
         0 File(s) copied
       FinalizeBuildStatus:
         ??????“D:\HTC\avboit\The-Forge\Examples_3\Unit_Tests\PC Visual Studio 2019\\x64\Release\Intermediate\15_Transparency\15_Transparency.tlog\unsuccessfulbuild”?
         ???“D:\HTC\avboit\The-Forge\Examples_3\Unit_Tests\PC Visual Studio 2019\\x64\Release\Intermediate\15_Transparency\15_Transparency.tlog\15_Transparency.lastbuildstate”?? Touch ???
    48>???????“D:\HTC\avboit\The-Forge\Examples_3\Unit_Tests\PC Visual Studio 2019\15_Transparency.vcxproj”(????)????
    10>???????“D:\HTC\avboit\The-Forge\Examples_3\Unit_Tests\PC Visual Studio 2019\15_Transparency.vcxproj.metaproj”(????)????
     1>???????“D:\HTC\avboit\The-Forge\Examples_3\Unit_Tests\PC Visual Studio 2019\Unit_Tests.sln”(Build ???)??? - ???

?????

       “D:\HTC\avboit\The-Forge\Examples_3\Unit_Tests\PC Visual Studio 2019\Unit_Tests.sln”(Build ??) (1) ->
       “D:\HTC\avboit\The-Forge\Examples_3\Unit_Tests\PC Visual Studio 2019\36_AlgorithmsAndContainers.vcxproj.metaproj”(????) (21) ->
       “D:\HTC\avboit\The-Forge\Examples_3\Unit_Tests\PC Visual Studio 2019\36_AlgorithmsAndContainers.vcxproj”(????) (36) ->
       (PostBuildEvent ??) -> 
         E:\tools\Microsoft Visual Studio\2022\Community\MSBuild\Microsoft\VC\v170\Microsoft.CppCommon.targets(166,5): error MSB3073: ??“ [D:\HTC\avboit\The-Forge\Examples_3\Unit_Tests\PC Visual Studio 2019\36_AlgorithmsAndContainers.vcxproj]
       E:\tools\Microsoft Visual Studio\2022\Community\MSBuild\Microsoft\VC\v170\Microsoft.CppCommon.targets(166,5): error MSB3073:         xcopy "D:\HTC\avboit\The-Forge\Examples_3\Unit_Tests\PC Visual Studio 2019\..\..\..\Common_3\Graphics\ThirdParty\OpenSource\VulkanSDK\bin\Win32\*.dll" "D:\HTC\avboit\The-Forge\Examples_3\Unit_Tests\PC Visual Studio 2019\x64\Release\36_AlgorithmsAndContainers\" /S /Y /D [D:\HTC\avboit\The-Forge\Examples_3\Unit_Tests\PC Visual Studio 2019\36_AlgorithmsAndContainers.vcxproj]
       E:\tools\Microsoft Visual Studio\2022\Community\MSBuild\Microsoft\VC\v170\Microsoft.CppCommon.targets(166,5): error MSB3073:         xcopy "D:\HTC\avboit\The-Forge\Examples_3\Unit_Tests\PC Visual Studio 2019\..\..\..\Common_3\Graphics\ThirdParty\OpenSource\VulkanSDK\bin\Win32\*.json" "D:\HTC\avboit\The-Forge\Examples_3\Unit_Tests\PC Visual Studio 2019\x64\Release\36_AlgorithmsAndContainers\" /S /Y /D [D:\HTC\avboit\The-Forge\Examples_3\Unit_Tests\PC Visual Studio 2019\36_AlgorithmsAndContainers.vcxproj]
       E:\tools\Microsoft Visual Studio\2022\Community\MSBuild\Microsoft\VC\v170\Microsoft.CppCommon.targets(166,5): error MSB3073:         xcopy "D:\HTC\avboit\The-Forge\Examples_3\Unit_Tests\PC Visual Studio 2019\..\..\..\Common_3\Graphics\ThirdParty\OpenSource\ags\ags_lib\lib\amd_ags_x64.dll" "D:\HTC\avboit\The-Forge\Examples_3\Unit_Tests\PC Visual Studio 2019\x64\Release\36_AlgorithmsAndContainers\amd_ags_x64.dll"* /S /Y /D [D:\HTC\avboit\The-Forge\Examples_3\Unit_Tests\PC Visual Studio 2019\36_AlgorithmsAndContainers.vcxproj]
       E:\tools\Microsoft Visual Studio\2022\Community\MSBuild\Microsoft\VC\v170\Microsoft.CppCommon.targets(166,5): error MSB3073:         xcopy "D:\HTC\avboit\The-Forge\Examples_3\Unit_Tests\PC Visual Studio 2019\..\..\..\Common_3\Graphics\ThirdParty\OpenSource\DirectXShaderCompiler\bin\x64\dxcompiler.dll" "D:\HTC\avboit\The-Forge\Examples_3\Unit_Tests\PC Visual Studio 2019\x64\Release\36_AlgorithmsAndContainers\dxcompiler.dll"* /S /Y /D [D:\HTC\avboit\The-Forge\Examples_3\Unit_Tests\PC Visual Studio 2019\36_AlgorithmsAndContainers.vcxproj]
       E:\tools\Microsoft Visual Studio\2022\Community\MSBuild\Microsoft\VC\v170\Microsoft.CppCommon.targets(166,5): error MSB3073:         xcopy "D:\HTC\avboit\The-Forge\Examples_3\Unit_Tests\PC Visual Studio 2019\..\..\..\Common_3\Graphics\ThirdParty\OpenSource\Direct3d12Agility\bin\x64\*.dll" "D:\HTC\avboit\The-Forge\Examples_3\Unit_Tests\PC Visual Studio 2019\x64\Release\36_AlgorithmsAndContainers\"* /S /Y /D [D:\HTC\avboit\The-Forge\Examples_3\Unit_Tests\PC Visual Studio 2019\36_AlgorithmsAndContainers.vcxproj]
       E:\tools\Microsoft Visual Studio\2022\Community\MSBuild\Microsoft\VC\v170\Microsoft.CppCommon.targets(166,5): error MSB3073:         xcopy "D:\HTC\avboit\The-Forge\Examples_3\Unit_Tests\PC Visual Studio 2019\..\..\..\Common_3\OS\ThirdParty\OpenSource\winpixeventruntime\bin\WinPixEventRuntime.dll" "D:\HTC\avboit\The-Forge\Examples_3\Unit_Tests\PC Visual Studio 2019\x64\Release\36_AlgorithmsAndContainers\WinPixEventRunTime.dll"* /S /Y /D [D:\HTC\avboit\The-Forge\Examples_3\Unit_Tests\PC Visual Studio 2019\36_AlgorithmsAndContainers.vcxproj]
       E:\tools\Microsoft Visual Studio\2022\Community\MSBuild\Microsoft\VC\v170\Microsoft.CppCommon.targets(166,5): error MSB3073:          [D:\HTC\avboit\The-Forge\Examples_3\Unit_Tests\PC Visual Studio 2019\36_AlgorithmsAndContainers.vcxproj]
       E:\tools\Microsoft Visual Studio\2022\Community\MSBuild\Microsoft\VC\v170\Microsoft.CppCommon.targets(166,5): error MSB3073:        [D:\HTC\avboit\The-Forge\Examples_3\Unit_Tests\PC Visual Studio 2019\36_AlgorithmsAndContainers.vcxproj]
       E:\tools\Microsoft Visual Studio\2022\Community\MSBuild\Microsoft\VC\v170\Microsoft.CppCommon.targets(166,5): error MSB3073: xcopy "D:\HTC\avboit\The-Forge\Examples_3\Unit_Tests\PC Visual Studio 2019\..\..\..\Art\UnitTestResources\Scripts\*.*" "D:\HTC\avboit\The-Forge\Examples_3\Unit_Tests\PC Visual Studio 2019\x64\Release\36_AlgorithmsAndContainers\Scripts\" /s /y [D:\HTC\avboit\The-Forge\Examples_3\Unit_Tests\PC Visual Studio 2019\36_AlgorithmsAndContainers.vcxproj]
       E:\tools\Microsoft Visual Studio\2022\Community\MSBuild\Microsoft\VC\v170\Microsoft.CppCommon.targets(166,5): error MSB3073: :VCEnd”???,??? 4? [D:\HTC\avboit\The-Forge\Examples_3\Unit_Tests\PC Visual Studio 2019\36_AlgorithmsAndContainers.vcxproj]


       “D:\HTC\avboit\The-Forge\Examples_3\Unit_Tests\PC Visual Studio 2019\Unit_Tests.sln”(Build ??) (1) ->
       “D:\HTC\avboit\The-Forge\Examples_3\Unit_Tests\PC Visual Studio 2019\39_ParticleSystem.vcxproj.metaproj”(????) (24) ->
       “D:\HTC\avboit\The-Forge\Examples_3\Unit_Tests\PC Visual Studio 2019\39_ParticleSystem.vcxproj”(????) (42) ->
         E:\tools\Microsoft Visual Studio\2022\Community\MSBuild\Microsoft\VC\v170\Microsoft.CppCommon.targets(166,5): error MSB3073: ??“ [D:\HTC\avboit\The-Forge\Examples_3\Unit_Tests\PC Visual Studio 2019\39_ParticleSystem.vcxproj]
       E:\tools\Microsoft Visual Studio\2022\Community\MSBuild\Microsoft\VC\v170\Microsoft.CppCommon.targets(166,5): error MSB3073:         xcopy "D:\HTC\avboit\The-Forge\Examples_3\Unit_Tests\PC Visual Studio 2019\..\..\..\Common_3\Graphics\ThirdParty\OpenSource\VulkanSDK\bin\Win32\*.dll" "D:\HTC\avboit\The-Forge\Examples_3\Unit_Tests\PC Visual Studio 2019\x64\Release\39_ParticleSystem\" /S /Y /D [D:\HTC\avboit\The-Forge\Examples_3\Unit_Tests\PC Visual Studio 2019\39_ParticleSystem.vcxproj]
       E:\tools\Microsoft Visual Studio\2022\Community\MSBuild\Microsoft\VC\v170\Microsoft.CppCommon.targets(166,5): error MSB3073:         xcopy "D:\HTC\avboit\The-Forge\Examples_3\Unit_Tests\PC Visual Studio 2019\..\..\..\Common_3\Graphics\ThirdParty\OpenSource\VulkanSDK\bin\Win32\*.json" "D:\HTC\avboit\The-Forge\Examples_3\Unit_Tests\PC Visual Studio 2019\x64\Release\39_ParticleSystem\" /S /Y /D [D:\HTC\avboit\The-Forge\Examples_3\Unit_Tests\PC Visual Studio 2019\39_ParticleSystem.vcxproj]
       E:\tools\Microsoft Visual Studio\2022\Community\MSBuild\Microsoft\VC\v170\Microsoft.CppCommon.targets(166,5): error MSB3073:         xcopy "D:\HTC\avboit\The-Forge\Examples_3\Unit_Tests\PC Visual Studio 2019\..\..\..\Common_3\Graphics\ThirdParty\OpenSource\ags\ags_lib\lib\amd_ags_x64.dll" "D:\HTC\avboit\The-Forge\Examples_3\Unit_Tests\PC Visual Studio 2019\x64\Release\39_ParticleSystem\amd_ags_x64.dll"* /S /Y /D [D:\HTC\avboit\The-Forge\Examples_3\Unit_Tests\PC Visual Studio 2019\39_ParticleSystem.vcxproj]
       E:\tools\Microsoft Visual Studio\2022\Community\MSBuild\Microsoft\VC\v170\Microsoft.CppCommon.targets(166,5): error MSB3073:         xcopy "D:\HTC\avboit\The-Forge\Examples_3\Unit_Tests\PC Visual Studio 2019\..\..\..\Common_3\Graphics\ThirdParty\OpenSource\DirectXShaderCompiler\bin\x64\dxcompiler.dll" "D:\HTC\avboit\The-Forge\Examples_3\Unit_Tests\PC Visual Studio 2019\x64\Release\39_ParticleSystem\dxcompiler.dll"* /S /Y /D [D:\HTC\avboit\The-Forge\Examples_3\Unit_Tests\PC Visual Studio 2019\39_ParticleSystem.vcxproj]
       E:\tools\Microsoft Visual Studio\2022\Community\MSBuild\Microsoft\VC\v170\Microsoft.CppCommon.targets(166,5): error MSB3073:         xcopy "D:\HTC\avboit\The-Forge\Examples_3\Unit_Tests\PC Visual Studio 2019\..\..\..\Common_3\Graphics\ThirdParty\OpenSource\Direct3d12Agility\bin\x64\*.dll" "D:\HTC\avboit\The-Forge\Examples_3\Unit_Tests\PC Visual Studio 2019\x64\Release\39_ParticleSystem\"* /S /Y /D [D:\HTC\avboit\The-Forge\Examples_3\Unit_Tests\PC Visual Studio 2019\39_ParticleSystem.vcxproj]
       E:\tools\Microsoft Visual Studio\2022\Community\MSBuild\Microsoft\VC\v170\Microsoft.CppCommon.targets(166,5): error MSB3073:         xcopy "D:\HTC\avboit\The-Forge\Examples_3\Unit_Tests\PC Visual Studio 2019\..\..\..\Common_3\OS\ThirdParty\OpenSource\winpixeventruntime\bin\WinPixEventRuntime.dll" "D:\HTC\avboit\The-Forge\Examples_3\Unit_Tests\PC Visual Studio 2019\x64\Release\39_ParticleSystem\WinPixEventRunTime.dll"* /S /Y /D [D:\HTC\avboit\The-Forge\Examples_3\Unit_Tests\PC Visual Studio 2019\39_ParticleSystem.vcxproj]
       E:\tools\Microsoft Visual Studio\2022\Community\MSBuild\Microsoft\VC\v170\Microsoft.CppCommon.targets(166,5): error MSB3073:          [D:\HTC\avboit\The-Forge\Examples_3\Unit_Tests\PC Visual Studio 2019\39_ParticleSystem.vcxproj]
       E:\tools\Microsoft Visual Studio\2022\Community\MSBuild\Microsoft\VC\v170\Microsoft.CppCommon.targets(166,5): error MSB3073:        :: Copy Art files [D:\HTC\avboit\The-Forge\Examples_3\Unit_Tests\PC Visual Studio 2019\39_ParticleSystem.vcxproj]
       E:\tools\Microsoft Visual Studio\2022\Community\MSBuild\Microsoft\VC\v170\Microsoft.CppCommon.targets(166,5): error MSB3073: set ART=D:\HTC\avboit\The-Forge\Examples_3\Unit_Tests\PC Visual Studio 2019\..\..\..\Art\ [D:\HTC\avboit\The-Forge\Examples_3\Unit_Tests\PC Visual Studio 2019\39_ParticleSystem.vcxproj]
       E:\tools\Microsoft Visual Studio\2022\Community\MSBuild\Microsoft\VC\v170\Microsoft.CppCommon.targets(166,5): error MSB3073: xcopy /Y /S /D "%ART%\PBR\dds\*.tex" "D:\HTC\avboit\The-Forge\Examples_3\Unit_Tests\PC Visual Studio 2019\x64\Release\39_ParticleSystem\Textures\PBR\" [D:\HTC\avboit\The-Forge\Examples_3\Unit_Tests\PC Visual Studio 2019\39_ParticleSystem.vcxproj]
       E:\tools\Microsoft Visual Studio\2022\Community\MSBuild\Microsoft\VC\v170\Microsoft.CppCommon.targets(166,5): error MSB3073: xcopy /Y /S /D "%ART%\Particles\Textures\dds\*.tex" "D:\HTC\avboit\The-Forge\Examples_3\Unit_Tests\PC Visual Studio 2019\x64\Release\39_ParticleSystem\Textures\" [D:\HTC\avboit\The-Forge\Examples_3\Unit_Tests\PC Visual Studio 2019\39_ParticleSystem.vcxproj]
       E:\tools\Microsoft Visual Studio\2022\Community\MSBuild\Microsoft\VC\v170\Microsoft.CppCommon.targets(166,5): error MSB3073: xcopy /Y /S /D "%ART%\SanMiguel_3\Textures\dds\*.tex" "D:\HTC\avboit\The-Forge\Examples_3\Unit_Tests\PC Visual Studio 2019\x64\Release\39_ParticleSystem\Textures\" [D:\HTC\avboit\The-Forge\Examples_3\Unit_Tests\PC Visual Studio 2019\39_ParticleSystem.vcxproj]
       E:\tools\Microsoft Visual Studio\2022\Community\MSBuild\Microsoft\VC\v170\Microsoft.CppCommon.targets(166,5): error MSB3073: xcopy /Y /S /D "%ART%\SanMiguel_3\Meshes\*" "D:\HTC\avboit\The-Forge\Examples_3\Unit_Tests\PC Visual Studio 2019\x64\Release\39_ParticleSystem\Meshes\" [D:\HTC\avboit\The-Forge\Examples_3\Unit_Tests\PC Visual Studio 2019\39_ParticleSystem.vcxproj]
       E:\tools\Microsoft Visual Studio\2022\Community\MSBuild\Microsoft\VC\v170\Microsoft.CppCommon.targets(166,5): error MSB3073: xcopy /Y /S /D "%ART%\UnitTestResources\cameraPath.bin" "D:\HTC\avboit\The-Forge\Examples_3\Unit_Tests\PC Visual Studio 2019\x64\Release\39_ParticleSystem\" [D:\HTC\avboit\The-Forge\Examples_3\Unit_Tests\PC Visual Studio 2019\39_ParticleSystem.vcxproj]
       E:\tools\Microsoft Visual Studio\2022\Community\MSBuild\Microsoft\VC\v170\Microsoft.CppCommon.targets(166,5): error MSB3073:  [D:\HTC\avboit\The-Forge\Examples_3\Unit_Tests\PC Visual Studio 2019\39_ParticleSystem.vcxproj]
       E:\tools\Microsoft Visual Studio\2022\Community\MSBuild\Microsoft\VC\v170\Microsoft.CppCommon.targets(166,5): error MSB3073: xcopy /Y /S /D "%ART%\UnitTestResources\Fonts\*.ttf" "D:\HTC\avboit\The-Forge\Examples_3\Unit_Tests\PC Visual Studio 2019\x64\Release\39_ParticleSystem\Fonts\" [D:\HTC\avboit\The-Forge\Examples_3\Unit_Tests\PC Visual Studio 2019\39_ParticleSystem.vcxproj]
       E:\tools\Microsoft Visual Studio\2022\Community\MSBuild\Microsoft\VC\v170\Microsoft.CppCommon.targets(166,5): error MSB3073: xcopy /Y /S /D "%ART%\UnitTestResources\Fonts\*.otf" "D:\HTC\avboit\The-Forge\Examples_3\Unit_Tests\PC Visual Studio 2019\x64\Release\39_ParticleSystem\Fonts\" [D:\HTC\avboit\The-Forge\Examples_3\Unit_Tests\PC Visual Studio 2019\39_ParticleSystem.vcxproj]
       E:\tools\Microsoft Visual Studio\2022\Community\MSBuild\Microsoft\VC\v170\Microsoft.CppCommon.targets(166,5): error MSB3073:  [D:\HTC\avboit\The-Forge\Examples_3\Unit_Tests\PC Visual Studio 2019\39_ParticleSystem.vcxproj]
       E:\tools\Microsoft Visual Studio\2022\Community\MSBuild\Microsoft\VC\v170\Microsoft.CppCommon.targets(166,5): error MSB3073: xcopy /Y /S /D /E "D:\HTC\avboit\The-Forge\Examples_3\Unit_Tests\PC Visual Studio 2019\x64\Release\39_ParticleSystem\..\OS\Shaders" "D:\HTC\avboit\The-Forge\Examples_3\Unit_Tests\PC Visual Studio 2019\x64\Release\39_ParticleSystem\Shaders" [D:\HTC\avboit\The-Forge\Examples_3\Unit_Tests\PC Visual Studio 2019\39_ParticleSystem.vcxproj]
       E:\tools\Microsoft Visual Studio\2022\Community\MSBuild\Microsoft\VC\v170\Microsoft.CppCommon.targets(166,5): error MSB3073: xcopy /Y /S /D /E "D:\HTC\avboit\The-Forge\Examples_3\Unit_Tests\PC Visual Studio 2019\x64\Release\39_ParticleSystem\..\OS\CompiledShaders" "D:\HTC\avboit\The-Forge\Examples_3\Unit_Tests\PC Visual Studio 2019\x64\Release\39_ParticleSystem\CompiledShaders" [D:\HTC\avboit\The-Forge\Examples_3\Unit_Tests\PC Visual Studio 2019\39_ParticleSystem.vcxproj]
       E:\tools\Microsoft Visual Studio\2022\Community\MSBuild\Microsoft\VC\v170\Microsoft.CppCommon.targets(166,5): error MSB3073:  [D:\HTC\avboit\The-Forge\Examples_3\Unit_Tests\PC Visual Studio 2019\39_ParticleSystem.vcxproj]
       E:\tools\Microsoft Visual Studio\2022\Community\MSBuild\Microsoft\VC\v170\Microsoft.CppCommon.targets(166,5): error MSB3073: xcopy /Y /S /D "D:\HTC\avboit\The-Forge\Examples_3\Unit_Tests\PC Visual Studio 2019\..\src\39_ParticleSystem\GPUCfg\*.*" "D:\HTC\avboit\The-Forge\Examples_3\Unit_Tests\PC Visual Studio 2019\x64\Release\39_ParticleSystem\GPUCfg\" [D:\HTC\avboit\The-Forge\Examples_3\Unit_Tests\PC Visual Studio 2019\39_ParticleSystem.vcxproj]
       E:\tools\Microsoft Visual Studio\2022\Community\MSBuild\Microsoft\VC\v170\Microsoft.CppCommon.targets(166,5): error MSB3073: xcopy /Y /S /D "D:\HTC\avboit\The-Forge\Examples_3\Unit_Tests\PC Visual Studio 2019\..\..\..\Common_3\OS\Windows\pc_gpu.data" "D:\HTC\avboit\The-Forge\Examples_3\Unit_Tests\PC Visual Studio 2019\x64\Release\39_ParticleSystem\GPUCfg\gpu.data*" [D:\HTC\avboit\The-Forge\Examples_3\Unit_Tests\PC Visual Studio 2019\39_ParticleSystem.vcxproj]
       E:\tools\Microsoft Visual Studio\2022\Community\MSBuild\Microsoft\VC\v170\Microsoft.CppCommon.targets(166,5): error MSB3073:  [D:\HTC\avboit\The-Forge\Examples_3\Unit_Tests\PC Visual Studio 2019\39_ParticleSystem.vcxproj]
       E:\tools\Microsoft Visual Studio\2022\Community\MSBuild\Microsoft\VC\v170\Microsoft.CppCommon.targets(166,5): error MSB3073: xcopy /Y /S /D "D:\HTC\avboit\The-Forge\Examples_3\Unit_Tests\PC Visual Studio 2019\..\src\39_ParticleSystem\Scripts\*.lua" "D:\HTC\avboit\The-Forge\Examples_3\Unit_Tests\PC Visual Studio 2019\x64\Release\39_ParticleSystem\Scripts\" [D:\HTC\avboit\The-Forge\Examples_3\Unit_Tests\PC Visual Studio 2019\39_ParticleSystem.vcxproj]
       E:\tools\Microsoft Visual Studio\2022\Community\MSBuild\Microsoft\VC\v170\Microsoft.CppCommon.targets(166,5): error MSB3073: xcopy /Y /S /D "%ART%\UnitTestResources\Scripts\*.lua" "D:\HTC\avboit\The-Forge\Examples_3\Unit_Tests\PC Visual Studio 2019\x64\Release\39_ParticleSystem\Scripts\" [D:\HTC\avboit\The-Forge\Examples_3\Unit_Tests\PC Visual Studio 2019\39_ParticleSystem.vcxproj]
       E:\tools\Microsoft Visual Studio\2022\Community\MSBuild\Microsoft\VC\v170\Microsoft.CppCommon.targets(166,5): error MSB3073: :VCEnd”???,??? 4? [D:\HTC\avboit\The-Forge\Examples_3\Unit_Tests\PC Visual Studio 2019\39_ParticleSystem.vcxproj]

    0 ???
    2 ???

???? 00:00:18.52
