"name"	"classification"	"processCreated"	"pid"	"exitCode"	"runtimeMs"	"workingDirectory"	"command"	"screenshotCount"	"screenshots"	"bootstrapLogs"	"stdout"	"stderr"
"01_bare_dx12"	"APP_HUNG_OR_CAPTURE_TIMEOUT"	"True"	"176892"	""	"10026"	"D:\HTC\avboit\The-Forge\Examples_3\Unit_Tests\PC Visual Studio 2019\x64\Release\15_Transparency"	"D:\HTC\avboit\The-Forge\Examples_3\Unit_Tests\PC Visual Studio 2019\x64\Release\15_Transparency\15_Transparency.exe --d3d12 --avboit-bootstrap-log-dir=D:\HTC\avboit\The-Forge\LocalVisualResults\P2_6R_DirectionClosure_20260628T054228Z\bootstrap\bootstrap"	"0"	""	"D:\HTC\avboit\The-Forge\LocalVisualResults\P2_6R_DirectionClosure_20260628T054228Z\bootstrap\bootstrap\avboit_bootstrap_20260628T134228_176892.log"	"D:\HTC\avboit\The-Forge\LocalVisualResults\P2_6R_DirectionClosure_20260628T054228Z\bootstrap\01_bare_dx12.stdout.txt"	"D:\HTC\avboit\The-Forge\LocalVisualResults\P2_6R_DirectionClosure_20260628T054228Z\bootstrap\01_bare_dx12.stderr.txt"
"02_mode0_dx12"	"APP_HUNG_OR_CAPTURE_TIMEOUT"	"True"	"173060"	""	"10018"	"D:\HTC\avboit\The-Forge\Examples_3\Unit_Tests\PC Visual Studio 2019\x64\Release\15_Transparency"	"D:\HTC\avboit\The-Forge\Examples_3\Unit_Tests\PC Visual Studio 2019\x64\Release\15_Transparency\15_Transparency.exe --d3d12 --transparency-mode=0 --avboit-bootstrap-log-dir=D:\HTC\avboit\The-Forge\LocalVisualResults\P2_6R_DirectionClosure_20260628T054228Z\bootstrap\bootstrap"	"0"	""	"D:\HTC\avboit\The-Forge\LocalVisualResults\P2_6R_DirectionClosure_20260628T054228Z\bootstrap\bootstrap\avboit_bootstrap_20260628T134238_173060.log"	"D:\HTC\avboit\The-Forge\LocalVisualResults\P2_6R_DirectionClosure_20260628T054228Z\bootstrap\02_mode0_dx12.stdout.txt"	"D:\HTC\avboit\The-Forge\LocalVisualResults\P2_6R_DirectionClosure_20260628T054228Z\bootstrap\02_mode0_dx12.stderr.txt"
"03_mode5_dx12"	"APP_HUNG_OR_CAPTURE_TIMEOUT"	"True"	"176672"	""	"10019"	"D:\HTC\avboit\The-Forge\Examples_3\Unit_Tests\PC Visual Studio 2019\x64\Release\15_Transparency"	"D:\HTC\avboit\The-Forge\Examples_3\Unit_Tests\PC Visual Studio 2019\x64\Release\15_Transparency\15_Transparency.exe --d3d12 --transparency-mode=5 --avboit-bootstrap-log-dir=D:\HTC\avboit\The-Forge\LocalVisualResults\P2_6R_DirectionClosure_20260628T054228Z\bootstrap\bootstrap"	"0"	""	"D:\HTC\avboit\The-Forge\LocalVisualResults\P2_6R_DirectionClosure_20260628T054228Z\bootstrap\bootstrap\avboit_bootstrap_20260628T134248_176672.log"	"D:\HTC\avboit\The-Forge\LocalVisualResults\P2_6R_DirectionClosure_20260628T054228Z\bootstrap\03_mode5_dx12.stdout.txt"	"D:\HTC\avboit\The-Forge\LocalVisualResults\P2_6R_DirectionClosure_20260628T054228Z\bootstrap\03_mode5_dx12.stderr.txt"
"04_capture_mode0_dx12"	"APP_EXITED_ZERO_CAPTURED"	"True"	"178172"	"unreported"	"1794"	"D:\HTC\avboit\The-Forge\Examples_3\Unit_Tests\PC Visual Studio 2019\x64\Release\15_Transparency"	"D:\HTC\avboit\The-Forge\Examples_3\Unit_Tests\PC Visual Studio 2019\x64\Release\15_Transparency\15_Transparency.exe --d3d12 --transparency-mode=0 --avboit-auto-capture --avboit-capture-hide-ui --avboit-capture-frame=60 --avboit-fixed-delta=0.0166666667 --avboit-random-seed=1337 --avboit-output-dir=D:\HTC\avboit\The-Forge\LocalVisualResults\P2_6R_DirectionClosure_20260628T054228Z\bootstrap --avboit-commit-sha=fd47644c --avboit-bootstrap-log-dir=D:\HTC\avboit\The-Forge\LocalVisualResults\P2_6R_DirectionClosure_20260628T054228Z\bootstrap\bootstrap"	"1"	"D:\HTC\avboit\The-Forge\LocalVisualResults\P2_6R_DirectionClosure_20260628T054228Z\bootstrap\DX12_Mode0_1920x1080_Frame60_fd47644c.png"	"D:\HTC\avboit\The-Forge\LocalVisualResults\P2_6R_DirectionClosure_20260628T054228Z\bootstrap\bootstrap\avboit_bootstrap_20260628T134258_178172.log"	"D:\HTC\avboit\The-Forge\LocalVisualResults\P2_6R_DirectionClosure_20260628T054228Z\bootstrap\04_capture_mode0_dx12.stdout.txt"	"D:\HTC\avboit\The-Forge\LocalVisualResults\P2_6R_DirectionClosure_20260628T054228Z\bootstrap\04_capture_mode0_dx12.stderr.txt"
"05_capture_mode5_dx12"	"APP_EXITED_ZERO_CAPTURED"	"True"	"172908"	"unreported"	"1735"	"D:\HTC\avboit\The-Forge\Examples_3\Unit_Tests\PC Visual Studio 2019\x64\Release\15_Transparency"	"D:\HTC\avboit\The-Forge\Examples_3\Unit_Tests\PC Visual Studio 2019\x64\Release\15_Transparency\15_Transparency.exe --d3d12 --transparency-mode=5 --avboit-auto-capture --avboit-capture-hide-ui --avboit-capture-frame=60 --avboit-fixed-delta=0.0166666667 --avboit-random-seed=1337 --avboit-output-dir=D:\HTC\avboit\The-Forge\LocalVisualResults\P2_6R_DirectionClosure_20260628T054228Z\bootstrap --avboit-commit-sha=fd47644c --avboit-bootstrap-log-dir=D:\HTC\avboit\The-Forge\LocalVisualResults\P2_6R_DirectionClosure_20260628T054228Z\bootstrap\bootstrap"	"1"	"D:\HTC\avboit\The-Forge\LocalVisualResults\P2_6R_DirectionClosure_20260628T054228Z\bootstrap\DX12_Mode5_1920x1080_Debug0_Dirlegacy_Mul1.0_Frame60_fd47644c.png"	"D:\HTC\avboit\The-Forge\LocalVisualResults\P2_6R_DirectionClosure_20260628T054228Z\bootstrap\bootstrap\avboit_bootstrap_20260628T134300_172908.log"	"D:\HTC\avboit\The-Forge\LocalVisualResults\P2_6R_DirectionClosure_20260628T054228Z\bootstrap\05_capture_mode5_dx12.stdout.txt"	"D:\HTC\avboit\The-Forge\LocalVisualResults\P2_6R_DirectionClosure_20260628T054228Z\bootstrap\05_capture_mode5_dx12.stderr.txt"
"06_capture_single_dx12"	"APP_EXITED_ZERO_CAPTURED"	"True"	"176132"	"unreported"	"1734"	"D:\HTC\avboit\The-Forge\Examples_3\Unit_Tests\PC Visual Studio 2019\x64\Release\15_Transparency"	"D:\HTC\avboit\The-Forge\Examples_3\Unit_Tests\PC Visual Studio 2019\x64\Release\15_Transparency\15_Transparency.exe --d3d12 --transparency-mode=5 --avboit-auto-capture --avboit-capture-hide-ui --avboit-capture-frame=60 --avboit-fixed-delta=0.0166666667 --avboit-random-seed=1337 --avboit-output-dir=D:\HTC\avboit\The-Forge\LocalVisualResults\P2_6R_DirectionClosure_20260628T054228Z\bootstrap --avboit-commit-sha=fd47644c --avboit-test-scene=single_layer --avboit-test-case=single_a050 --avboit-transmittance-direction=legacy --avboit-bootstrap-log-dir=D:\HTC\avboit\The-Forge\LocalVisualResults\P2_6R_DirectionClosure_20260628T054228Z\bootstrap\bootstrap"	"1"	"D:\HTC\avboit\The-Forge\LocalVisualResults\P2_6R_DirectionClosure_20260628T054228Z\bootstrap\DX12_Mode5_1920x1080_Debug0_Dirlegacy_Mul1.0_Frame60_fd47644c_Scenesingle_layer_Casesingle_a050_Ordernormal_Layerall.png"	"D:\HTC\avboit\The-Forge\LocalVisualResults\P2_6R_DirectionClosure_20260628T054228Z\bootstrap\bootstrap\avboit_bootstrap_20260628T134302_176132.log"	"D:\HTC\avboit\The-Forge\LocalVisualResults\P2_6R_DirectionClosure_20260628T054228Z\bootstrap\06_capture_single_dx12.stdout.txt"	"D:\HTC\avboit\The-Forge\LocalVisualResults\P2_6R_DirectionClosure_20260628T054228Z\bootstrap\06_capture_single_dx12.stderr.txt"
"07_bare_vulkan"	"APP_HUNG_OR_CAPTURE_TIMEOUT"	"True"	"176628"	""	"10008"	"D:\HTC\avboit\The-Forge\Examples_3\Unit_Tests\PC Visual Studio 2019\x64\Release\15_Transparency"	"D:\HTC\avboit\The-Forge\Examples_3\Unit_Tests\PC Visual Studio 2019\x64\Release\15_Transparency\15_Transparency.exe --vulkan --avboit-bootstrap-log-dir=D:\HTC\avboit\The-Forge\LocalVisualResults\P2_6R_DirectionClosure_20260628T054228Z\bootstrap\bootstrap"	"0"	""	"D:\HTC\avboit\The-Forge\LocalVisualResults\P2_6R_DirectionClosure_20260628T054228Z\bootstrap\bootstrap\avboit_bootstrap_20260628T134303_176628.log"	"D:\HTC\avboit\The-Forge\LocalVisualResults\P2_6R_DirectionClosure_20260628T054228Z\bootstrap\07_bare_vulkan.stdout.txt"	"D:\HTC\avboit\The-Forge\LocalVisualResults\P2_6R_DirectionClosure_20260628T054228Z\bootstrap\07_bare_vulkan.stderr.txt"
"08_capture_mode0_vulkan"	"APP_EXITED_ZERO_CAPTURED"	"True"	"171956"	"unreported"	"734"	"D:\HTC\avboit\The-Forge\Examples_3\Unit_Tests\PC Visual Studio 2019\x64\Release\15_Transparency"	"D:\HTC\avboit\The-Forge\Examples_3\Unit_Tests\PC Visual Studio 2019\x64\Release\15_Transparency\15_Transparency.exe --vulkan --transparency-mode=0 --avboit-auto-capture --avboit-capture-hide-ui --avboit-capture-frame=60 --avboit-fixed-delta=0.0166666667 --avboit-random-seed=1337 --avboit-output-dir=D:\HTC\avboit\The-Forge\LocalVisualResults\P2_6R_DirectionClosure_20260628T054228Z\bootstrap --avboit-commit-sha=fd47644c --avboit-bootstrap-log-dir=D:\HTC\avboit\The-Forge\LocalVisualResults\P2_6R_DirectionClosure_20260628T054228Z\bootstrap\bootstrap"	"1"	"D:\HTC\avboit\The-Forge\LocalVisualResults\P2_6R_DirectionClosure_20260628T054228Z\bootstrap\Vulkan_Mode0_1920x1080_Frame60_fd47644c.png"	"D:\HTC\avboit\The-Forge\LocalVisualResults\P2_6R_DirectionClosure_20260628T054228Z\bootstrap\bootstrap\avboit_bootstrap_20260628T134313_171956.log"	"D:\HTC\avboit\The-Forge\LocalVisualResults\P2_6R_DirectionClosure_20260628T054228Z\bootstrap\08_capture_mode0_vulkan.stdout.txt"	"D:\HTC\avboit\The-Forge\LocalVisualResults\P2_6R_DirectionClosure_20260628T054228Z\bootstrap\08_capture_mode0_vulkan.stderr.txt"
"09_capture_mode5_vulkan"	"APP_EXITED_ZERO_CAPTURED"	"True"	"173492"	"unreported"	"739"	"D:\HTC\avboit\The-Forge\Examples_3\Unit_Tests\PC Visual Studio 2019\x64\Release\15_Transparency"	"D:\HTC\avboit\The-Forge\Examples_3\Unit_Tests\PC Visual Studio 2019\x64\Release\15_Transparency\15_Transparency.exe --vulkan --transparency-mode=5 --avboit-auto-capture --avboit-capture-hide-ui --avboit-capture-frame=60 --avboit-fixed-delta=0.0166666667 --avboit-random-seed=1337 --avboit-output-dir=D:\HTC\avboit\The-Forge\LocalVisualResults\P2_6R_DirectionClosure_20260628T054228Z\bootstrap --avboit-commit-sha=fd47644c --avboit-bootstrap-log-dir=D:\HTC\avboit\The-Forge\LocalVisualResults\P2_6R_DirectionClosure_20260628T054228Z\bootstrap\bootstrap"	"1"	"D:\HTC\avboit\The-Forge\LocalVisualResults\P2_6R_DirectionClosure_20260628T054228Z\bootstrap\Vulkan_Mode5_1920x1080_Debug0_Dirlegacy_Mul1.0_Frame60_fd47644c.png"	"D:\HTC\avboit\The-Forge\LocalVisualResults\P2_6R_DirectionClosure_20260628T054228Z\bootstrap\bootstrap\avboit_bootstrap_20260628T134314_173492.log"	"D:\HTC\avboit\The-Forge\LocalVisualResults\P2_6R_DirectionClosure_20260628T054228Z\bootstrap\09_capture_mode5_vulkan.stdout.txt"	"D:\HTC\avboit\The-Forge\LocalVisualResults\P2_6R_DirectionClosure_20260628T054228Z\bootstrap\09_capture_mode5_vulkan.stderr.txt"
"DX12_single_single_a025_mode0_legacy"	"APP_EXITED_ZERO_CAPTURED"	"True"	"174968"	"unreported"	"1776"	"D:\HTC\avboit\The-Forge\Examples_3\Unit_Tests\PC Visual Studio 2019\x64\Release\15_Transparency"	"D:\HTC\avboit\The-Forge\Examples_3\Unit_Tests\PC Visual Studio 2019\x64\Release\15_Transparency\15_Transparency.exe --d3d12 --transparency-mode=0 --avboit-auto-capture --avboit-capture-hide-ui --avboit-capture-frame=60 --avboit-fixed-delta=0.0166666667 --avboit-random-seed=1337 --avboit-output-dir=D:\HTC\avboit\The-Forge\LocalVisualResults\P2_6R_DirectionClosure_20260628T054228Z\analytic --avboit-commit-sha=fd47644c --avboit-test-scene=single_layer --avboit-test-case=single_a025 --avboit-transmittance-direction=legacy --avboit-bootstrap-log-dir=D:\HTC\avboit\The-Forge\LocalVisualResults\P2_6R_DirectionClosure_20260628T054228Z\analytic\bootstrap"	"1"	"D:\HTC\avboit\The-Forge\LocalVisualResults\P2_6R_DirectionClosure_20260628T054228Z\analytic\DX12_Mode0_1920x1080_Frame60_fd47644c_Scenesingle_layer_Casesingle_a025_Ordernormal_Layerall.png"	"D:\HTC\avboit\The-Forge\LocalVisualResults\P2_6R_DirectionClosure_20260628T054228Z\analytic\bootstrap\avboit_bootstrap_20260628T134315_174968.log"	"D:\HTC\avboit\The-Forge\LocalVisualResults\P2_6R_DirectionClosure_20260628T054228Z\analytic\DX12_single_single_a025_mode0_legacy.stdout.txt"	"D:\HTC\avboit\The-Forge\LocalVisualResults\P2_6R_DirectionClosure_20260628T054228Z\analytic\DX12_single_single_a025_mode0_legacy.stderr.txt"
"DX12_single_single_a025_mode5_legacy"	"APP_EXITED_ZERO_CAPTURED"	"True"	"173896"	"unreported"	"1783"	"D:\HTC\avboit\The-Forge\Examples_3\Unit_Tests\PC Visual Studio 2019\x64\Release\15_Transparency"	"D:\HTC\avboit\The-Forge\Examples_3\Unit_Tests\PC Visual Studio 2019\x64\Release\15_Transparency\15_Transparency.exe --d3d12 --transparency-mode=5 --avboit-auto-capture --avboit-capture-hide-ui --avboit-capture-frame=60 --avboit-fixed-delta=0.0166666667 --avboit-random-seed=1337 --avboit-output-dir=D:\HTC\avboit\The-Forge\LocalVisualResults\P2_6R_DirectionClosure_20260628T054228Z\analytic --avboit-commit-sha=fd47644c --avboit-test-scene=single_layer --avboit-test-case=single_a025 --avboit-transmittance-direction=legacy --avboit-bootstrap-log-dir=D:\HTC\avboit\The-Forge\LocalVisualResults\P2_6R_DirectionClosure_20260628T054228Z\analytic\bootstrap"	"1"	"D:\HTC\avboit\The-Forge\LocalVisualResults\P2_6R_DirectionClosure_20260628T054228Z\analytic\DX12_Mode5_1920x1080_Debug0_Dirlegacy_Mul1.0_Frame60_fd47644c_Scenesingle_layer_Casesingle_a025_Ordernormal_Layerall.png"	"D:\HTC\avboit\The-Forge\LocalVisualResults\P2_6R_DirectionClosure_20260628T054228Z\analytic\bootstrap\avboit_bootstrap_20260628T134317_173896.log"	"D:\HTC\avboit\The-Forge\LocalVisualResults\P2_6R_DirectionClosure_20260628T054228Z\analytic\DX12_single_single_a025_mode5_legacy.stdout.txt"	"D:\HTC\avboit\The-Forge\LocalVisualResults\P2_6R_DirectionClosure_20260628T054228Z\analytic\DX12_single_single_a025_mode5_legacy.stderr.txt"
"DX12_single_single_a025_mode5_front"	"APP_EXITED_ZERO_CAPTURED"	"True"	"175480"	"unreported"	"1773"	"D:\HTC\avboit\The-Forge\Examples_3\Unit_Tests\PC Visual Studio 2019\x64\Release\15_Transparency"	"D:\HTC\avboit\The-Forge\Examples_3\Unit_Tests\PC Visual Studio 2019\x64\Release\15_Transparency\15_Transparency.exe --d3d12 --transparency-mode=5 --avboit-auto-capture --avboit-capture-hide-ui --avboit-capture-frame=60 --avboit-fixed-delta=0.0166666667 --avboit-random-seed=1337 --avboit-output-dir=D:\HTC\avboit\The-Forge\LocalVisualResults\P2_6R_DirectionClosure_20260628T054228Z\analytic --avboit-commit-sha=fd47644c --avboit-test-scene=single_layer --avboit-test-case=single_a025 --avboit-transmittance-direction=front --avboit-bootstrap-log-dir=D:\HTC\avboit\The-Forge\LocalVisualResults\P2_6R_DirectionClosure_20260628T054228Z\analytic\bootstrap"	"1"	"D:\HTC\avboit\The-Forge\LocalVisualResults\P2_6R_DirectionClosure_20260628T054228Z\analytic\DX12_Mode5_1920x1080_Debug0_Dirfront_Mul1.0_Frame60_fd47644c_Scenesingle_layer_Casesingle_a025_Ordernormal_Layerall.png"	"D:\HTC\avboit\The-Forge\LocalVisualResults\P2_6R_DirectionClosure_20260628T054228Z\analytic\bootstrap\avboit_bootstrap_20260628T134319_175480.log"	"D:\HTC\avboit\The-Forge\LocalVisualResults\P2_6R_DirectionClosure_20260628T054228Z\analytic\DX12_single_single_a025_mode5_front.stdout.txt"	"D:\HTC\avboit\The-Forge\LocalVisualResults\P2_6R_DirectionClosure_20260628T054228Z\analytic\DX12_single_single_a025_mode5_front.stderr.txt"
"DX12_single_single_a050_mode0_legacy"	"APP_EXITED_ZERO_CAPTURED"	"True"	"174740"	"unreported"	"1736"	"D:\HTC\avboit\The-Forge\Examples_3\Unit_Tests\PC Visual Studio 2019\x64\Release\15_Transparency"	"D:\HTC\avboit\The-Forge\Examples_3\Unit_Tests\PC Visual Studio 2019\x64\Release\15_Transparency\15_Transparency.exe --d3d12 --transparency-mode=0 --avboit-auto-capture --avboit-capture-hide-ui --avboit-capture-frame=60 --avboit-fixed-delta=0.0166666667 --avboit-random-seed=1337 --avboit-output-dir=D:\HTC\avboit\The-Forge\LocalVisualResults\P2_6R_DirectionClosure_20260628T054228Z\analytic --avboit-commit-sha=fd47644c --avboit-test-scene=single_layer --avboit-test-case=single_a050 --avboit-transmittance-direction=legacy --avboit-bootstrap-log-dir=D:\HTC\avboit\The-Forge\LocalVisualResults\P2_6R_DirectionClosure_20260628T054228Z\analytic\bootstrap"	"1"	"D:\HTC\avboit\The-Forge\LocalVisualResults\P2_6R_DirectionClosure_20260628T054228Z\analytic\DX12_Mode0_1920x1080_Frame60_fd47644c_Scenesingle_layer_Casesingle_a050_Ordernormal_Layerall.png"	"D:\HTC\avboit\The-Forge\LocalVisualResults\P2_6R_DirectionClosure_20260628T054228Z\analytic\bootstrap\avboit_bootstrap_20260628T134320_174740.log"	"D:\HTC\avboit\The-Forge\LocalVisualResults\P2_6R_DirectionClosure_20260628T054228Z\analytic\DX12_single_single_a050_mode0_legacy.stdout.txt"	"D:\HTC\avboit\The-Forge\LocalVisualResults\P2_6R_DirectionClosure_20260628T054228Z\analytic\DX12_single_single_a050_mode0_legacy.stderr.txt"
"DX12_single_single_a050_mode5_legacy"	"APP_EXITED_ZERO_CAPTURED"	"True"	"174984"	"unreported"	"1781"	"D:\HTC\avboit\The-Forge\Examples_3\Unit_Tests\PC Visual Studio 2019\x64\Release\15_Transparency"	"D:\HTC\avboit\The-Forge\Examples_3\Unit_Tests\PC Visual Studio 2019\x64\Release\15_Transparency\15_Transparency.exe --d3d12 --transparency-mode=5 --avboit-auto-capture --avboit-capture-hide-ui --avboit-capture-frame=60 --avboit-fixed-delta=0.0166666667 --avboit-random-seed=1337 --avboit-output-dir=D:\HTC\avboit\The-Forge\LocalVisualResults\P2_6R_DirectionClosure_20260628T054228Z\analytic --avboit-commit-sha=fd47644c --avboit-test-scene=single_layer --avboit-test-case=single_a050 --avboit-transmittance-direction=legacy --avboit-bootstrap-log-dir=D:\HTC\avboit\The-Forge\LocalVisualResults\P2_6R_DirectionClosure_20260628T054228Z\analytic\bootstrap"	"1"	"D:\HTC\avboit\The-Forge\LocalVisualResults\P2_6R_DirectionClosure_20260628T054228Z\analytic\DX12_Mode5_1920x1080_Debug0_Dirlegacy_Mul1.0_Frame60_fd47644c_Scenesingle_layer_Casesingle_a050_Ordernormal_Layerall.png"	"D:\HTC\avboit\The-Forge\LocalVisualResults\P2_6R_DirectionClosure_20260628T054228Z\analytic\bootstrap\avboit_bootstrap_20260628T134322_174984.log"	"D:\HTC\avboit\The-Forge\LocalVisualResults\P2_6R_DirectionClosure_20260628T054228Z\analytic\DX12_single_single_a050_mode5_legacy.stdout.txt"	"D:\HTC\avboit\The-Forge\LocalVisualResults\P2_6R_DirectionClosure_20260628T054228Z\analytic\DX12_single_single_a050_mode5_legacy.stderr.txt"
"DX12_single_single_a050_mode5_front"	"APP_EXITED_ZERO_CAPTURED"	"True"	"175700"	"unreported"	"1774"	"D:\HTC\avboit\The-Forge\Examples_3\Unit_Tests\PC Visual Studio 2019\x64\Release\15_Transparency"	"D:\HTC\avboit\The-Forge\Examples_3\Unit_Tests\PC Visual Studio 2019\x64\Release\15_Transparency\15_Transparency.exe --d3d12 --transparency-mode=5 --avboit-auto-capture --avboit-capture-hide-ui --avboit-capture-frame=60 --avboit-fixed-delta=0.0166666667 --avboit-random-seed=1337 --avboit-output-dir=D:\HTC\avboit\The-Forge\LocalVisualResults\P2_6R_DirectionClosure_20260628T054228Z\analytic --avboit-commit-sha=fd47644c --avboit-test-scene=single_layer --avboit-test-case=single_a050 --avboit-transmittance-direction=front --avboit-bootstrap-log-dir=D:\HTC\avboit\The-Forge\LocalVisualResults\P2_6R_DirectionClosure_20260628T054228Z\analytic\bootstrap"	"1"	"D:\HTC\avboit\The-Forge\LocalVisualResults\P2_6R_DirectionClosure_20260628T054228Z\analytic\DX12_Mode5_1920x1080_Debug0_Dirfront_Mul1.0_Frame60_fd47644c_Scenesingle_layer_Casesingle_a050_Ordernormal_Layerall.png"	"D:\HTC\avboit\The-Forge\LocalVisualResults\P2_6R_DirectionClosure_20260628T054228Z\analytic\bootstrap\avboit_bootstrap_20260628T134324_175700.log"	"D:\HTC\avboit\The-Forge\LocalVisualResults\P2_6R_DirectionClosure_20260628T054228Z\analytic\DX12_single_single_a050_mode5_front.stdout.txt"	"D:\HTC\avboit\The-Forge\LocalVisualResults\P2_6R_DirectionClosure_20260628T054228Z\analytic\DX12_single_single_a050_mode5_front.stderr.txt"
"DX12_single_single_a075_mode0_legacy"	"APP_EXITED_ZERO_CAPTURED"	"True"	"173932"	"unreported"	"1737"	"D:\HTC\avboit\The-Forge\Examples_3\Unit_Tests\PC Visual Studio 2019\x64\Release\15_Transparency"	"D:\HTC\avboit\The-Forge\Examples_3\Unit_Tests\PC Visual Studio 2019\x64\Release\15_Transparency\15_Transparency.exe --d3d12 --transparency-mode=0 --avboit-auto-capture --avboit-capture-hide-ui --avboit-capture-frame=60 --avboit-fixed-delta=0.0166666667 --avboit-random-seed=1337 --avboit-output-dir=D:\HTC\avboit\The-Forge\LocalVisualResults\P2_6R_DirectionClosure_20260628T054228Z\analytic --avboit-commit-sha=fd47644c --avboit-test-scene=single_layer --avboit-test-case=single_a075 --avboit-transmittance-direction=legacy --avboit-bootstrap-log-dir=D:\HTC\avboit\The-Forge\LocalVisualResults\P2_6R_DirectionClosure_20260628T054228Z\analytic\bootstrap"	"1"	"D:\HTC\avboit\The-Forge\LocalVisualResults\P2_6R_DirectionClosure_20260628T054228Z\analytic\DX12_Mode0_1920x1080_Frame60_fd47644c_Scenesingle_layer_Casesingle_a075_Ordernormal_Layerall.png"	"D:\HTC\avboit\The-Forge\LocalVisualResults\P2_6R_DirectionClosure_20260628T054228Z\analytic\bootstrap\avboit_bootstrap_20260628T134326_173932.log"	"D:\HTC\avboit\The-Forge\LocalVisualResults\P2_6R_DirectionClosure_20260628T054228Z\analytic\DX12_single_single_a075_mode0_legacy.stdout.txt"	"D:\HTC\avboit\The-Forge\LocalVisualResults\P2_6R_DirectionClosure_20260628T054228Z\analytic\DX12_single_single_a075_mode0_legacy.stderr.txt"
"DX12_single_single_a075_mode5_legacy"	"APP_EXITED_ZERO_CAPTURED"	"True"	"177332"	"unreported"	"1771"	"D:\HTC\avboit\The-Forge\Examples_3\Unit_Tests\PC Visual Studio 2019\x64\Release\15_Transparency"	"D:\HTC\avboit\The-Forge\Examples_3\Unit_Tests\PC Visual Studio 2019\x64\Release\15_Transparency\15_Transparency.exe --d3d12 --transparency-mode=5 --avboit-auto-capture --avboit-capture-hide-ui --avboit-capture-frame=60 --avboit-fixed-delta=0.0166666667 --avboit-random-seed=1337 --avboit-output-dir=D:\HTC\avboit\The-Forge\LocalVisualResults\P2_6R_DirectionClosure_20260628T054228Z\analytic --avboit-commit-sha=fd47644c --avboit-test-scene=single_layer --avboit-test-case=single_a075 --avboit-transmittance-direction=legacy --avboit-bootstrap-log-dir=D:\HTC\avboit\The-Forge\LocalVisualResults\P2_6R_DirectionClosure_20260628T054228Z\analytic\bootstrap"	"1"	"D:\HTC\avboit\The-Forge\LocalVisualResults\P2_6R_DirectionClosure_20260628T054228Z\analytic\DX12_Mode5_1920x1080_Debug0_Dirlegacy_Mul1.0_Frame60_fd47644c_Scenesingle_layer_Casesingle_a075_Ordernormal_Layerall.png"	"D:\HTC\avboit\The-Forge\LocalVisualResults\P2_6R_DirectionClosure_20260628T054228Z\analytic\bootstrap\avboit_bootstrap_20260628T134327_177332.log"	"D:\HTC\avboit\The-Forge\LocalVisualResults\P2_6R_DirectionClosure_20260628T054228Z\analytic\DX12_single_single_a075_mode5_legacy.stdout.txt"	"D:\HTC\avboit\The-Forge\LocalVisualResults\P2_6R_DirectionClosure_20260628T054228Z\analytic\DX12_single_single_a075_mode5_legacy.stderr.txt"
"DX12_single_single_a075_mode5_front"	"APP_EXITED_ZERO_CAPTURED"	"True"	"174868"	"unreported"	"1755"	"D:\HTC\avboit\The-Forge\Examples_3\Unit_Tests\PC Visual Studio 2019\x64\Release\15_Transparency"	"D:\HTC\avboit\The-Forge\Examples_3\Unit_Tests\PC Visual Studio 2019\x64\Release\15_Transparency\15_Transparency.exe --d3d12 --transparency-mode=5 --avboit-auto-capture --avboit-capture-hide-ui --avboit-capture-frame=60 --avboit-fixed-delta=0.0166666667 --avboit-random-seed=1337 --avboit-output-dir=D:\HTC\avboit\The-Forge\LocalVisualResults\P2_6R_DirectionClosure_20260628T054228Z\analytic --avboit-commit-sha=fd47644c --avboit-test-scene=single_layer --avboit-test-case=single_a075 --avboit-transmittance-direction=front --avboit-bootstrap-log-dir=D:\HTC\avboit\The-Forge\LocalVisualResults\P2_6R_DirectionClosure_20260628T054228Z\analytic\bootstrap"	"1"	"D:\HTC\avboit\The-Forge\LocalVisualResults\P2_6R_DirectionClosure_20260628T054228Z\analytic\DX12_Mode5_1920x1080_Debug0_Dirfront_Mul1.0_Frame60_fd47644c_Scenesingle_layer_Casesingle_a075_Ordernormal_Layerall.png"	"D:\HTC\avboit\The-Forge\LocalVisualResults\P2_6R_DirectionClosure_20260628T054228Z\analytic\bootstrap\avboit_bootstrap_20260628T134329_174868.log"	"D:\HTC\avboit\The-Forge\LocalVisualResults\P2_6R_DirectionClosure_20260628T054228Z\analytic\DX12_single_single_a075_mode5_front.stdout.txt"	"D:\HTC\avboit\The-Forge\LocalVisualResults\P2_6R_DirectionClosure_20260628T054228Z\analytic\DX12_single_single_a075_mode5_front.stderr.txt"
"DX12_two_a025_025_normal_mode0_legacy"	"APP_EXITED_ZERO_CAPTURED"	"True"	"174712"	"unreported"	"1780"	"D:\HTC\avboit\The-Forge\Examples_3\Unit_Tests\PC Visual Studio 2019\x64\Release\15_Transparency"	"D:\HTC\avboit\The-Forge\Examples_3\Unit_Tests\PC Visual Studio 2019\x64\Release\15_Transparency\15_Transparency.exe --d3d12 --transparency-mode=0 --avboit-auto-capture --avboit-capture-hide-ui --avboit-capture-frame=60 --avboit-fixed-delta=0.0166666667 --avboit-random-seed=1337 --avboit-output-dir=D:\HTC\avboit\The-Forge\LocalVisualResults\P2_6R_DirectionClosure_20260628T054228Z\analytic --avboit-commit-sha=fd47644c --avboit-test-scene=two_layer --avboit-test-case=two_a025_025 --avboit-submit-order=normal --avboit-transmittance-direction=legacy --avboit-bootstrap-log-dir=D:\HTC\avboit\The-Forge\LocalVisualResults\P2_6R_DirectionClosure_20260628T054228Z\analytic\bootstrap"	"1"	"D:\HTC\avboit\The-Forge\LocalVisualResults\P2_6R_DirectionClosure_20260628T054228Z\analytic\DX12_Mode0_1920x1080_Frame60_fd47644c_Scenetwo_layer_Casetwo_a025_025_Ordernormal_Layerall.png"	"D:\HTC\avboit\The-Forge\LocalVisualResults\P2_6R_DirectionClosure_20260628T054228Z\analytic\bootstrap\avboit_bootstrap_20260628T134331_174712.log"	"D:\HTC\avboit\The-Forge\LocalVisualResults\P2_6R_DirectionClosure_20260628T054228Z\analytic\DX12_two_a025_025_normal_mode0_legacy.stdout.txt"	"D:\HTC\avboit\The-Forge\LocalVisualResults\P2_6R_DirectionClosure_20260628T054228Z\analytic\DX12_two_a025_025_normal_mode0_legacy.stderr.txt"
"DX12_two_a025_025_normal_mode5_legacy"	"APP_EXITED_ZERO_CAPTURED"	"True"	"173552"	"unreported"	"1780"	"D:\HTC\avboit\The-Forge\Examples_3\Unit_Tests\PC Visual Studio 2019\x64\Release\15_Transparency"	"D:\HTC\avboit\The-Forge\Examples_3\Unit_Tests\PC Visual Studio 2019\x64\Release\15_Transparency\15_Transparency.exe --d3d12 --transparency-mode=5 --avboit-auto-capture --avboit-capture-hide-ui --avboit-capture-frame=60 --avboit-fixed-delta=0.0166666667 --avboit-random-seed=1337 --avboit-output-dir=D:\HTC\avboit\The-Forge\LocalVisualResults\P2_6R_DirectionClosure_20260628T054228Z\analytic --avboit-commit-sha=fd47644c --avboit-test-scene=two_layer --avboit-test-case=two_a025_025 --avboit-submit-order=normal --avboit-transmittance-direction=legacy --avboit-bootstrap-log-dir=D:\HTC\avboit\The-Forge\LocalVisualResults\P2_6R_DirectionClosure_20260628T054228Z\analytic\bootstrap"	"1"	"D:\HTC\avboit\The-Forge\LocalVisualResults\P2_6R_DirectionClosure_20260628T054228Z\analytic\DX12_Mode5_1920x1080_Debug0_Dirlegacy_Mul1.0_Frame60_fd47644c_Scenetwo_layer_Casetwo_a025_025_Ordernormal_Layerall.png"	"D:\HTC\avboit\The-Forge\LocalVisualResults\P2_6R_DirectionClosure_20260628T054228Z\analytic\bootstrap\avboit_bootstrap_20260628T134333_173552.log"	"D:\HTC\avboit\The-Forge\LocalVisualResults\P2_6R_DirectionClosure_20260628T054228Z\analytic\DX12_two_a025_025_normal_mode5_legacy.stdout.txt"	"D:\HTC\avboit\The-Forge\LocalVisualResults\P2_6R_DirectionClosure_20260628T054228Z\analytic\DX12_two_a025_025_normal_mode5_legacy.stderr.txt"
"DX12_two_a025_025_normal_mode5_front"	"APP_EXITED_ZERO_CAPTURED"	"True"	"169496"	"unreported"	"1770"	"D:\HTC\avboit\The-Forge\Examples_3\Unit_Tests\PC Visual Studio 2019\x64\Release\15_Transparency"	"D:\HTC\avboit\The-Forge\Examples_3\Unit_Tests\PC Visual Studio 2019\x64\Release\15_Transparency\15_Transparency.exe --d3d12 --transparency-mode=5 --avboit-auto-capture --avboit-capture-hide-ui --avboit-capture-frame=60 --avboit-fixed-delta=0.0166666667 --avboit-random-seed=1337 --avboit-output-dir=D:\HTC\avboit\The-Forge\LocalVisualResults\P2_6R_DirectionClosure_20260628T054228Z\analytic --avboit-commit-sha=fd47644c --avboit-test-scene=two_layer --avboit-test-case=two_a025_025 --avboit-submit-order=normal --avboit-transmittance-direction=front --avboit-bootstrap-log-dir=D:\HTC\avboit\The-Forge\LocalVisualResults\P2_6R_DirectionClosure_20260628T054228Z\analytic\bootstrap"	"1"	"D:\HTC\avboit\The-Forge\LocalVisualResults\P2_6R_DirectionClosure_20260628T054228Z\analytic\DX12_Mode5_1920x1080_Debug0_Dirfront_Mul1.0_Frame60_fd47644c_Scenetwo_layer_Casetwo_a025_025_Ordernormal_Layerall.png"	"D:\HTC\avboit\The-Forge\LocalVisualResults\P2_6R_DirectionClosure_20260628T054228Z\analytic\bootstrap\avboit_bootstrap_20260628T134335_169496.log"	"D:\HTC\avboit\The-Forge\LocalVisualResults\P2_6R_DirectionClosure_20260628T054228Z\analytic\DX12_two_a025_025_normal_mode5_front.stdout.txt"	"D:\HTC\avboit\The-Forge\LocalVisualResults\P2_6R_DirectionClosure_20260628T054228Z\analytic\DX12_two_a025_025_normal_mode5_front.stderr.txt"
"DX12_two_a025_025_reverse_mode0_legacy"	"APP_EXITED_ZERO_CAPTURED"	"True"	"165916"	"unreported"	"1747"	"D:\HTC\avboit\The-Forge\Examples_3\Unit_Tests\PC Visual Studio 2019\x64\Release\15_Transparency"	"D:\HTC\avboit\The-Forge\Examples_3\Unit_Tests\PC Visual Studio 2019\x64\Release\15_Transparency\15_Transparency.exe --d3d12 --transparency-mode=0 --avboit-auto-capture --avboit-capture-hide-ui --avboit-capture-frame=60 --avboit-fixed-delta=0.0166666667 --avboit-random-seed=1337 --avboit-output-dir=D:\HTC\avboit\The-Forge\LocalVisualResults\P2_6R_DirectionClosure_20260628T054228Z\analytic --avboit-commit-sha=fd47644c --avboit-test-scene=two_layer --avboit-test-case=two_a025_025 --avboit-submit-order=reverse --avboit-transmittance-direction=legacy --avboit-bootstrap-log-dir=D:\HTC\avboit\The-Forge\LocalVisualResults\P2_6R_DirectionClosure_20260628T054228Z\analytic\bootstrap"	"1"	"D:\HTC\avboit\The-Forge\LocalVisualResults\P2_6R_DirectionClosure_20260628T054228Z\analytic\DX12_Mode0_1920x1080_Frame60_fd47644c_Scenetwo_layer_Casetwo_a025_025_Orderreverse_Layerall.png"	"D:\HTC\avboit\The-Forge\LocalVisualResults\P2_6R_DirectionClosure_20260628T054228Z\analytic\bootstrap\avboit_bootstrap_20260628T134336_165916.log"	"D:\HTC\avboit\The-Forge\LocalVisualResults\P2_6R_DirectionClosure_20260628T054228Z\analytic\DX12_two_a025_025_reverse_mode0_legacy.stdout.txt"	"D:\HTC\avboit\The-Forge\LocalVisualResults\P2_6R_DirectionClosure_20260628T054228Z\analytic\DX12_two_a025_025_reverse_mode0_legacy.stderr.txt"
"DX12_two_a025_025_reverse_mode5_legacy"	"APP_EXITED_ZERO_CAPTURED"	"True"	"176048"	"unreported"	"1713"	"D:\HTC\avboit\The-Forge\Examples_3\Unit_Tests\PC Visual Studio 2019\x64\Release\15_Transparency"	"D:\HTC\avboit\The-Forge\Examples_3\Unit_Tests\PC Visual Studio 2019\x64\Release\15_Transparency\15_Transparency.exe --d3d12 --transparency-mode=5 --avboit-auto-capture --avboit-capture-hide-ui --avboit-capture-frame=60 --avboit-fixed-delta=0.0166666667 --avboit-random-seed=1337 --avboit-output-dir=D:\HTC\avboit\The-Forge\LocalVisualResults\P2_6R_DirectionClosure_20260628T054228Z\analytic --avboit-commit-sha=fd47644c --avboit-test-scene=two_layer --avboit-test-case=two_a025_025 --avboit-submit-order=reverse --avboit-transmittance-direction=legacy --avboit-bootstrap-log-dir=D:\HTC\avboit\The-Forge\LocalVisualResults\P2_6R_DirectionClosure_20260628T054228Z\analytic\bootstrap"	"1"	"D:\HTC\avboit\The-Forge\LocalVisualResults\P2_6R_DirectionClosure_20260628T054228Z\analytic\DX12_Mode5_1920x1080_Debug0_Dirlegacy_Mul1.0_Frame60_fd47644c_Scenetwo_layer_Casetwo_a025_025_Orderreverse_Layerall.png"	"D:\HTC\avboit\The-Forge\LocalVisualResults\P2_6R_DirectionClosure_20260628T054228Z\analytic\bootstrap\avboit_bootstrap_20260628T134338_176048.log"	"D:\HTC\avboit\The-Forge\LocalVisualResults\P2_6R_DirectionClosure_20260628T054228Z\analytic\DX12_two_a025_025_reverse_mode5_legacy.stdout.txt"	"D:\HTC\avboit\The-Forge\LocalVisualResults\P2_6R_DirectionClosure_20260628T054228Z\analytic\DX12_two_a025_025_reverse_mode5_legacy.stderr.txt"
"DX12_two_a025_025_reverse_mode5_front"	"APP_EXITED_ZERO_CAPTURED"	"True"	"173080"	"unreported"	"1764"	"D:\HTC\avboit\The-Forge\Examples_3\Unit_Tests\PC Visual Studio 2019\x64\Release\15_Transparency"	"D:\HTC\avboit\The-Forge\Examples_3\Unit_Tests\PC Visual Studio 2019\x64\Release\15_Transparency\15_Transparency.exe --d3d12 --transparency-mode=5 --avboit-auto-capture --avboit-capture-hide-ui --avboit-capture-frame=60 --avboit-fixed-delta=0.0166666667 --avboit-random-seed=1337 --avboit-output-dir=D:\HTC\avboit\The-Forge\LocalVisualResults\P2_6R_DirectionClosure_20260628T054228Z\analytic --avboit-commit-sha=fd47644c --avboit-test-scene=two_layer --avboit-test-case=two_a025_025 --avboit-submit-order=reverse --avboit-transmittance-direction=front --avboit-bootstrap-log-dir=D:\HTC\avboit\The-Forge\LocalVisualResults\P2_6R_DirectionClosure_20260628T054228Z\analytic\bootstrap"	"1"	"D:\HTC\avboit\The-Forge\LocalVisualResults\P2_6R_DirectionClosure_20260628T054228Z\analytic\DX12_Mode5_1920x1080_Debug0_Dirfront_Mul1.0_Frame60_fd47644c_Scenetwo_layer_Casetwo_a025_025_Orderreverse_Layerall.png"	"D:\HTC\avboit\The-Forge\LocalVisualResults\P2_6R_DirectionClosure_20260628T054228Z\analytic\bootstrap\avboit_bootstrap_20260628T134340_173080.log"	"D:\HTC\avboit\The-Forge\LocalVisualResults\P2_6R_DirectionClosure_20260628T054228Z\analytic\DX12_two_a025_025_reverse_mode5_front.stdout.txt"	"D:\HTC\avboit\The-Forge\LocalVisualResults\P2_6R_DirectionClosure_20260628T054228Z\analytic\DX12_two_a025_025_reverse_mode5_front.stderr.txt"
"DX12_two_a025_025_coverage_layerall"	"APP_EXITED_ZERO_CAPTURED"	"True"	"176384"	"unreported"	"1644"	"D:\HTC\avboit\The-Forge\Examples_3\Unit_Tests\PC Visual Studio 2019\x64\Release\15_Transparency"	"D:\HTC\avboit\The-Forge\Examples_3\Unit_Tests\PC Visual Studio 2019\x64\Release\15_Transparency\15_Transparency.exe --d3d12 --transparency-mode=5 --avboit-debug-view=2 --avboit-auto-capture --avboit-capture-hide-ui --avboit-capture-frame=60 --avboit-fixed-delta=0.0166666667 --avboit-random-seed=1337 --avboit-output-dir=D:\HTC\avboit\The-Forge\LocalVisualResults\P2_6R_DirectionClosure_20260628T054228Z\analytic --avboit-commit-sha=fd47644c --avboit-test-scene=two_layer --avboit-test-case=two_a025_025 --avboit-analytic-layer-filter=all --avboit-bootstrap-log-dir=D:\HTC\avboit\The-Forge\LocalVisualResults\P2_6R_DirectionClosure_20260628T054228Z\analytic\bootstrap"	"1"	"D:\HTC\avboit\The-Forge\LocalVisualResults\P2_6R_DirectionClosure_20260628T054228Z\analytic\DX12_Mode5_1920x1080_Debug2_Dirlegacy_Mul1.0_Frame60_fd47644c_Scenetwo_layer_Casetwo_a025_025_Ordernormal_Layerall.png"	"D:\HTC\avboit\The-Forge\LocalVisualResults\P2_6R_DirectionClosure_20260628T054228Z\analytic\bootstrap\avboit_bootstrap_20260628T134342_176384.log"	"D:\HTC\avboit\The-Forge\LocalVisualResults\P2_6R_DirectionClosure_20260628T054228Z\analytic\DX12_two_a025_025_coverage_layerall.stdout.txt"	"D:\HTC\avboit\The-Forge\LocalVisualResults\P2_6R_DirectionClosure_20260628T054228Z\analytic\DX12_two_a025_025_coverage_layerall.stderr.txt"
"DX12_two_a025_025_coverage_layer0"	"APP_EXITED_ZERO_CAPTURED"	"True"	"138032"	"unreported"	"1668"	"D:\HTC\avboit\The-Forge\Examples_3\Unit_Tests\PC Visual Studio 2019\x64\Release\15_Transparency"	"D:\HTC\avboit\The-Forge\Examples_3\Unit_Tests\PC Visual Studio 2019\x64\Release\15_Transparency\15_Transparency.exe --d3d12 --transparency-mode=5 --avboit-debug-view=2 --avboit-auto-capture --avboit-capture-hide-ui --avboit-capture-frame=60 --avboit-fixed-delta=0.0166666667 --avboit-random-seed=1337 --avboit-output-dir=D:\HTC\avboit\The-Forge\LocalVisualResults\P2_6R_DirectionClosure_20260628T054228Z\analytic --avboit-commit-sha=fd47644c --avboit-test-scene=two_layer --avboit-test-case=two_a025_025 --avboit-analytic-layer-filter=0 --avboit-bootstrap-log-dir=D:\HTC\avboit\The-Forge\LocalVisualResults\P2_6R_DirectionClosure_20260628T054228Z\analytic\bootstrap"	"1"	"D:\HTC\avboit\The-Forge\LocalVisualResults\P2_6R_DirectionClosure_20260628T054228Z\analytic\DX12_Mode5_1920x1080_Debug2_Dirlegacy_Mul1.0_Frame60_fd47644c_Scenetwo_layer_Casetwo_a025_025_Ordernormal_Layer0.png"	"D:\HTC\avboit\The-Forge\LocalVisualResults\P2_6R_DirectionClosure_20260628T054228Z\analytic\bootstrap\avboit_bootstrap_20260628T134343_138032.log"	"D:\HTC\avboit\The-Forge\LocalVisualResults\P2_6R_DirectionClosure_20260628T054228Z\analytic\DX12_two_a025_025_coverage_layer0.stdout.txt"	"D:\HTC\avboit\The-Forge\LocalVisualResults\P2_6R_DirectionClosure_20260628T054228Z\analytic\DX12_two_a025_025_coverage_layer0.stderr.txt"
"DX12_two_a025_025_coverage_layer1"	"APP_EXITED_ZERO_CAPTURED"	"True"	"148836"	"unreported"	"1672"	"D:\HTC\avboit\The-Forge\Examples_3\Unit_Tests\PC Visual Studio 2019\x64\Release\15_Transparency"	"D:\HTC\avboit\The-Forge\Examples_3\Unit_Tests\PC Visual Studio 2019\x64\Release\15_Transparency\15_Transparency.exe --d3d12 --transparency-mode=5 --avboit-debug-view=2 --avboit-auto-capture --avboit-capture-hide-ui --avboit-capture-frame=60 --avboit-fixed-delta=0.0166666667 --avboit-random-seed=1337 --avboit-output-dir=D:\HTC\avboit\The-Forge\LocalVisualResults\P2_6R_DirectionClosure_20260628T054228Z\analytic --avboit-commit-sha=fd47644c --avboit-test-scene=two_layer --avboit-test-case=two_a025_025 --avboit-analytic-layer-filter=1 --avboit-bootstrap-log-dir=D:\HTC\avboit\The-Forge\LocalVisualResults\P2_6R_DirectionClosure_20260628T054228Z\analytic\bootstrap"	"1"	"D:\HTC\avboit\The-Forge\LocalVisualResults\P2_6R_DirectionClosure_20260628T054228Z\analytic\DX12_Mode5_1920x1080_Debug2_Dirlegacy_Mul1.0_Frame60_fd47644c_Scenetwo_layer_Casetwo_a025_025_Ordernormal_Layer1.png"	"D:\HTC\avboit\The-Forge\LocalVisualResults\P2_6R_DirectionClosure_20260628T054228Z\analytic\bootstrap\avboit_bootstrap_20260628T134345_148836.log"	"D:\HTC\avboit\The-Forge\LocalVisualResults\P2_6R_DirectionClosure_20260628T054228Z\analytic\DX12_two_a025_025_coverage_layer1.stdout.txt"	"D:\HTC\avboit\The-Forge\LocalVisualResults\P2_6R_DirectionClosure_20260628T054228Z\analytic\DX12_two_a025_025_coverage_layer1.stderr.txt"
"DX12_two_a050_050_normal_mode0_legacy"	"APP_EXITED_ZERO_CAPTURED"	"True"	"176164"	"unreported"	"1728"	"D:\HTC\avboit\The-Forge\Examples_3\Unit_Tests\PC Visual Studio 2019\x64\Release\15_Transparency"	"D:\HTC\avboit\The-Forge\Examples_3\Unit_Tests\PC Visual Studio 2019\x64\Release\15_Transparency\15_Transparency.exe --d3d12 --transparency-mode=0 --avboit-auto-capture --avboit-capture-hide-ui --avboit-capture-frame=60 --avboit-fixed-delta=0.0166666667 --avboit-random-seed=1337 --avboit-output-dir=D:\HTC\avboit\The-Forge\LocalVisualResults\P2_6R_DirectionClosure_20260628T054228Z\analytic --avboit-commit-sha=fd47644c --avboit-test-scene=two_layer --avboit-test-case=two_a050_050 --avboit-submit-order=normal --avboit-transmittance-direction=legacy --avboit-bootstrap-log-dir=D:\HTC\avboit\The-Forge\LocalVisualResults\P2_6R_DirectionClosure_20260628T054228Z\analytic\bootstrap"	"1"	"D:\HTC\avboit\The-Forge\LocalVisualResults\P2_6R_DirectionClosure_20260628T054228Z\analytic\DX12_Mode0_1920x1080_Frame60_fd47644c_Scenetwo_layer_Casetwo_a050_050_Ordernormal_Layerall.png"	"D:\HTC\avboit\The-Forge\LocalVisualResults\P2_6R_DirectionClosure_20260628T054228Z\analytic\bootstrap\avboit_bootstrap_20260628T134347_176164.log"	"D:\HTC\avboit\The-Forge\LocalVisualResults\P2_6R_DirectionClosure_20260628T054228Z\analytic\DX12_two_a050_050_normal_mode0_legacy.stdout.txt"	"D:\HTC\avboit\The-Forge\LocalVisualResults\P2_6R_DirectionClosure_20260628T054228Z\analytic\DX12_two_a050_050_normal_mode0_legacy.stderr.txt"
"DX12_two_a050_050_normal_mode5_legacy"	"APP_EXITED_ZERO_CAPTURED"	"True"	"173240"	"unreported"	"1753"	"D:\HTC\avboit\The-Forge\Examples_3\Unit_Tests\PC Visual Studio 2019\x64\Release\15_Transparency"	"D:\HTC\avboit\The-Forge\Examples_3\Unit_Tests\PC Visual Studio 2019\x64\Release\15_Transparency\15_Transparency.exe --d3d12 --transparency-mode=5 --avboit-auto-capture --avboit-capture-hide-ui --avboit-capture-frame=60 --avboit-fixed-delta=0.0166666667 --avboit-random-seed=1337 --avboit-output-dir=D:\HTC\avboit\The-Forge\LocalVisualResults\P2_6R_DirectionClosure_20260628T054228Z\analytic --avboit-commit-sha=fd47644c --avboit-test-scene=two_layer --avboit-test-case=two_a050_050 --avboit-submit-order=normal --avboit-transmittance-direction=legacy --avboit-bootstrap-log-dir=D:\HTC\avboit\The-Forge\LocalVisualResults\P2_6R_DirectionClosure_20260628T054228Z\analytic\bootstrap"	"1"	"D:\HTC\avboit\The-Forge\LocalVisualResults\P2_6R_DirectionClosure_20260628T054228Z\analytic\DX12_Mode5_1920x1080_Debug0_Dirlegacy_Mul1.0_Frame60_fd47644c_Scenetwo_layer_Casetwo_a050_050_Ordernormal_Layerall.png"	"D:\HTC\avboit\The-Forge\LocalVisualResults\P2_6R_DirectionClosure_20260628T054228Z\analytic\bootstrap\avboit_bootstrap_20260628T134348_173240.log"	"D:\HTC\avboit\The-Forge\LocalVisualResults\P2_6R_DirectionClosure_20260628T054228Z\analytic\DX12_two_a050_050_normal_mode5_legacy.stdout.txt"	"D:\HTC\avboit\The-Forge\LocalVisualResults\P2_6R_DirectionClosure_20260628T054228Z\analytic\DX12_two_a050_050_normal_mode5_legacy.stderr.txt"
"DX12_two_a050_050_normal_mode5_front"	"APP_EXITED_ZERO_CAPTURED"	"True"	"169752"	"unreported"	"1767"	"D:\HTC\avboit\The-Forge\Examples_3\Unit_Tests\PC Visual Studio 2019\x64\Release\15_Transparency"	"D:\HTC\avboit\The-Forge\Examples_3\Unit_Tests\PC Visual Studio 2019\x64\Release\15_Transparency\15_Transparency.exe --d3d12 --transparency-mode=5 --avboit-auto-capture --avboit-capture-hide-ui --avboit-capture-frame=60 --avboit-fixed-delta=0.0166666667 --avboit-random-seed=1337 --avboit-output-dir=D:\HTC\avboit\The-Forge\LocalVisualResults\P2_6R_DirectionClosure_20260628T054228Z\analytic --avboit-commit-sha=fd47644c --avboit-test-scene=two_layer --avboit-test-case=two_a050_050 --avboit-submit-order=normal --avboit-transmittance-direction=front --avboit-bootstrap-log-dir=D:\HTC\avboit\The-Forge\LocalVisualResults\P2_6R_DirectionClosure_20260628T054228Z\analytic\bootstrap"	"1"	"D:\HTC\avboit\The-Forge\LocalVisualResults\P2_6R_DirectionClosure_20260628T054228Z\analytic\DX12_Mode5_1920x1080_Debug0_Dirfront_Mul1.0_Frame60_fd47644c_Scenetwo_layer_Casetwo_a050_050_Ordernormal_Layerall.png"	"D:\HTC\avboit\The-Forge\LocalVisualResults\P2_6R_DirectionClosure_20260628T054228Z\analytic\bootstrap\avboit_bootstrap_20260628T134350_169752.log"	"D:\HTC\avboit\The-Forge\LocalVisualResults\P2_6R_DirectionClosure_20260628T054228Z\analytic\DX12_two_a050_050_normal_mode5_front.stdout.txt"	"D:\HTC\avboit\The-Forge\LocalVisualResults\P2_6R_DirectionClosure_20260628T054228Z\analytic\DX12_two_a050_050_normal_mode5_front.stderr.txt"
"DX12_two_a050_050_reverse_mode0_legacy"	"APP_EXITED_ZERO_CAPTURED"	"True"	"176332"	"unreported"	"1763"	"D:\HTC\avboit\The-Forge\Examples_3\Unit_Tests\PC Visual Studio 2019\x64\Release\15_Transparency"	"D:\HTC\avboit\The-Forge\Examples_3\Unit_Tests\PC Visual Studio 2019\x64\Release\15_Transparency\15_Transparency.exe --d3d12 --transparency-mode=0 --avboit-auto-capture --avboit-capture-hide-ui --avboit-capture-frame=60 --avboit-fixed-delta=0.0166666667 --avboit-random-seed=1337 --avboit-output-dir=D:\HTC\avboit\The-Forge\LocalVisualResults\P2_6R_DirectionClosure_20260628T054228Z\analytic --avboit-commit-sha=fd47644c --avboit-test-scene=two_layer --avboit-test-case=two_a050_050 --avboit-submit-order=reverse --avboit-transmittance-direction=legacy --avboit-bootstrap-log-dir=D:\HTC\avboit\The-Forge\LocalVisualResults\P2_6R_DirectionClosure_20260628T054228Z\analytic\bootstrap"	"1"	"D:\HTC\avboit\The-Forge\LocalVisualResults\P2_6R_DirectionClosure_20260628T054228Z\analytic\DX12_Mode0_1920x1080_Frame60_fd47644c_Scenetwo_layer_Casetwo_a050_050_Orderreverse_Layerall.png"	"D:\HTC\avboit\The-Forge\LocalVisualResults\P2_6R_DirectionClosure_20260628T054228Z\analytic\bootstrap\avboit_bootstrap_20260628T134352_176332.log"	"D:\HTC\avboit\The-Forge\LocalVisualResults\P2_6R_DirectionClosure_20260628T054228Z\analytic\DX12_two_a050_050_reverse_mode0_legacy.stdout.txt"	"D:\HTC\avboit\The-Forge\LocalVisualResults\P2_6R_DirectionClosure_20260628T054228Z\analytic\DX12_two_a050_050_reverse_mode0_legacy.stderr.txt"
"DX12_two_a050_050_reverse_mode5_legacy"	"APP_EXITED_ZERO_CAPTURED"	"True"	"172908"	"unreported"	"1758"	"D:\HTC\avboit\The-Forge\Examples_3\Unit_Tests\PC Visual Studio 2019\x64\Release\15_Transparency"	"D:\HTC\avboit\The-Forge\Examples_3\Unit_Tests\PC Visual Studio 2019\x64\Release\15_Transparency\15_Transparency.exe --d3d12 --transparency-mode=5 --avboit-auto-capture --avboit-capture-hide-ui --avboit-capture-frame=60 --avboit-fixed-delta=0.0166666667 --avboit-random-seed=1337 --avboit-output-dir=D:\HTC\avboit\The-Forge\LocalVisualResults\P2_6R_DirectionClosure_20260628T054228Z\analytic --avboit-commit-sha=fd47644c --avboit-test-scene=two_layer --avboit-test-case=two_a050_050 --avboit-submit-order=reverse --avboit-transmittance-direction=legacy --avboit-bootstrap-log-dir=D:\HTC\avboit\The-Forge\LocalVisualResults\P2_6R_DirectionClosure_20260628T054228Z\analytic\bootstrap"	"1"	"D:\HTC\avboit\The-Forge\LocalVisualResults\P2_6R_DirectionClosure_20260628T054228Z\analytic\DX12_Mode5_1920x1080_Debug0_Dirlegacy_Mul1.0_Frame60_fd47644c_Scenetwo_layer_Casetwo_a050_050_Orderreverse_Layerall.png"	"D:\HTC\avboit\The-Forge\LocalVisualResults\P2_6R_DirectionClosure_20260628T054228Z\analytic\bootstrap\avboit_bootstrap_20260628T134354_172908.log"	"D:\HTC\avboit\The-Forge\LocalVisualResults\P2_6R_DirectionClosure_20260628T054228Z\analytic\DX12_two_a050_050_reverse_mode5_legacy.stdout.txt"	"D:\HTC\avboit\The-Forge\LocalVisualResults\P2_6R_DirectionClosure_20260628T054228Z\analytic\DX12_two_a050_050_reverse_mode5_legacy.stderr.txt"
"DX12_two_a050_050_reverse_mode5_front"	"APP_EXITED_ZERO_CAPTURED"	"True"	"174740"	"unreported"	"1815"	"D:\HTC\avboit\The-Forge\Examples_3\Unit_Tests\PC Visual Studio 2019\x64\Release\15_Transparency"	"D:\HTC\avboit\The-Forge\Examples_3\Unit_Tests\PC Visual Studio 2019\x64\Release\15_Transparency\15_Transparency.exe --d3d12 --transparency-mode=5 --avboit-auto-capture --avboit-capture-hide-ui --avboit-capture-frame=60 --avboit-fixed-delta=0.0166666667 --avboit-random-seed=1337 --avboit-output-dir=D:\HTC\avboit\The-Forge\LocalVisualResults\P2_6R_DirectionClosure_20260628T054228Z\analytic --avboit-commit-sha=fd47644c --avboit-test-scene=two_layer --avboit-test-case=two_a050_050 --avboit-submit-order=reverse --avboit-transmittance-direction=front --avboit-bootstrap-log-dir=D:\HTC\avboit\The-Forge\LocalVisualResults\P2_6R_DirectionClosure_20260628T054228Z\analytic\bootstrap"	"1"	"D:\HTC\avboit\The-Forge\LocalVisualResults\P2_6R_DirectionClosure_20260628T054228Z\analytic\DX12_Mode5_1920x1080_Debug0_Dirfront_Mul1.0_Frame60_fd47644c_Scenetwo_layer_Casetwo_a050_050_Orderreverse_Layerall.png"	"D:\HTC\avboit\The-Forge\LocalVisualResults\P2_6R_DirectionClosure_20260628T054228Z\analytic\bootstrap\avboit_bootstrap_20260628T134355_174740.log"	"D:\HTC\avboit\The-Forge\LocalVisualResults\P2_6R_DirectionClosure_20260628T054228Z\analytic\DX12_two_a050_050_reverse_mode5_front.stdout.txt"	"D:\HTC\avboit\The-Forge\LocalVisualResults\P2_6R_DirectionClosure_20260628T054228Z\analytic\DX12_two_a050_050_reverse_mode5_front.stderr.txt"
"DX12_two_a050_050_coverage_layerall"	"APP_EXITED_ZERO_CAPTURED"	"True"	"174796"	"unreported"	"1661"	"D:\HTC\avboit\The-Forge\Examples_3\Unit_Tests\PC Visual Studio 2019\x64\Release\15_Transparency"	"D:\HTC\avboit\The-Forge\Examples_3\Unit_Tests\PC Visual Studio 2019\x64\Release\15_Transparency\15_Transparency.exe --d3d12 --transparency-mode=5 --avboit-debug-view=2 --avboit-auto-capture --avboit-capture-hide-ui --avboit-capture-frame=60 --avboit-fixed-delta=0.0166666667 --avboit-random-seed=1337 --avboit-output-dir=D:\HTC\avboit\The-Forge\LocalVisualResults\P2_6R_DirectionClosure_20260628T054228Z\analytic --avboit-commit-sha=fd47644c --avboit-test-scene=two_layer --avboit-test-case=two_a050_050 --avboit-analytic-layer-filter=all --avboit-bootstrap-log-dir=D:\HTC\avboit\The-Forge\LocalVisualResults\P2_6R_DirectionClosure_20260628T054228Z\analytic\bootstrap"	"1"	"D:\HTC\avboit\The-Forge\LocalVisualResults\P2_6R_DirectionClosure_20260628T054228Z\analytic\DX12_Mode5_1920x1080_Debug2_Dirlegacy_Mul1.0_Frame60_fd47644c_Scenetwo_layer_Casetwo_a050_050_Ordernormal_Layerall.png"	"D:\HTC\avboit\The-Forge\LocalVisualResults\P2_6R_DirectionClosure_20260628T054228Z\analytic\bootstrap\avboit_bootstrap_20260628T134357_174796.log"	"D:\HTC\avboit\The-Forge\LocalVisualResults\P2_6R_DirectionClosure_20260628T054228Z\analytic\DX12_two_a050_050_coverage_layerall.stdout.txt"	"D:\HTC\avboit\The-Forge\LocalVisualResults\P2_6R_DirectionClosure_20260628T054228Z\analytic\DX12_two_a050_050_coverage_layerall.stderr.txt"
"DX12_two_a050_050_coverage_layer0"	"APP_EXITED_ZERO_CAPTURED"	"True"	"174468"	"unreported"	"1676"	"D:\HTC\avboit\The-Forge\Examples_3\Unit_Tests\PC Visual Studio 2019\x64\Release\15_Transparency"	"D:\HTC\avboit\The-Forge\Examples_3\Unit_Tests\PC Visual Studio 2019\x64\Release\15_Transparency\15_Transparency.exe --d3d12 --transparency-mode=5 --avboit-debug-view=2 --avboit-auto-capture --avboit-capture-hide-ui --avboit-capture-frame=60 --avboit-fixed-delta=0.0166666667 --avboit-random-seed=1337 --avboit-output-dir=D:\HTC\avboit\The-Forge\LocalVisualResults\P2_6R_DirectionClosure_20260628T054228Z\analytic --avboit-commit-sha=fd47644c --avboit-test-scene=two_layer --avboit-test-case=two_a050_050 --avboit-analytic-layer-filter=0 --avboit-bootstrap-log-dir=D:\HTC\avboit\The-Forge\LocalVisualResults\P2_6R_DirectionClosure_20260628T054228Z\analytic\bootstrap"	"1"	"D:\HTC\avboit\The-Forge\LocalVisualResults\P2_6R_DirectionClosure_20260628T054228Z\analytic\DX12_Mode5_1920x1080_Debug2_Dirlegacy_Mul1.0_Frame60_fd47644c_Scenetwo_layer_Casetwo_a050_050_Ordernormal_Layer0.png"	"D:\HTC\avboit\The-Forge\LocalVisualResults\P2_6R_DirectionClosure_20260628T054228Z\analytic\bootstrap\avboit_bootstrap_20260628T134359_174468.log"	"D:\HTC\avboit\The-Forge\LocalVisualResults\P2_6R_DirectionClosure_20260628T054228Z\analytic\DX12_two_a050_050_coverage_layer0.stdout.txt"	"D:\HTC\avboit\The-Forge\LocalVisualResults\P2_6R_DirectionClosure_20260628T054228Z\analytic\DX12_two_a050_050_coverage_layer0.stderr.txt"
"DX12_two_a050_050_coverage_layer1"	"APP_EXITED_ZERO_CAPTURED"	"True"	"173016"	"unreported"	"1619"	"D:\HTC\avboit\The-Forge\Examples_3\Unit_Tests\PC Visual Studio 2019\x64\Release\15_Transparency"	"D:\HTC\avboit\The-Forge\Examples_3\Unit_Tests\PC Visual Studio 2019\x64\Release\15_Transparency\15_Transparency.exe --d3d12 --transparency-mode=5 --avboit-debug-view=2 --avboit-auto-capture --avboit-capture-hide-ui --avboit-capture-frame=60 --avboit-fixed-delta=0.0166666667 --avboit-random-seed=1337 --avboit-output-dir=D:\HTC\avboit\The-Forge\LocalVisualResults\P2_6R_DirectionClosure_20260628T054228Z\analytic --avboit-commit-sha=fd47644c --avboit-test-scene=two_layer --avboit-test-case=two_a050_050 --avboit-analytic-layer-filter=1 --avboit-bootstrap-log-dir=D:\HTC\avboit\The-Forge\LocalVisualResults\P2_6R_DirectionClosure_20260628T054228Z\analytic\bootstrap"	"1"	"D:\HTC\avboit\The-Forge\LocalVisualResults\P2_6R_DirectionClosure_20260628T054228Z\analytic\DX12_Mode5_1920x1080_Debug2_Dirlegacy_Mul1.0_Frame60_fd47644c_Scenetwo_layer_Casetwo_a050_050_Ordernormal_Layer1.png"	"D:\HTC\avboit\The-Forge\LocalVisualResults\P2_6R_DirectionClosure_20260628T054228Z\analytic\bootstrap\avboit_bootstrap_20260628T134400_173016.log"	"D:\HTC\avboit\The-Forge\LocalVisualResults\P2_6R_DirectionClosure_20260628T054228Z\analytic\DX12_two_a050_050_coverage_layer1.stdout.txt"	"D:\HTC\avboit\The-Forge\LocalVisualResults\P2_6R_DirectionClosure_20260628T054228Z\analytic\DX12_two_a050_050_coverage_layer1.stderr.txt"
"DX12_two_a075_050_normal_mode0_legacy"	"APP_EXITED_ZERO_CAPTURED"	"True"	"177680"	"unreported"	"1761"	"D:\HTC\avboit\The-Forge\Examples_3\Unit_Tests\PC Visual Studio 2019\x64\Release\15_Transparency"	"D:\HTC\avboit\The-Forge\Examples_3\Unit_Tests\PC Visual Studio 2019\x64\Release\15_Transparency\15_Transparency.exe --d3d12 --transparency-mode=0 --avboit-auto-capture --avboit-capture-hide-ui --avboit-capture-frame=60 --avboit-fixed-delta=0.0166666667 --avboit-random-seed=1337 --avboit-output-dir=D:\HTC\avboit\The-Forge\LocalVisualResults\P2_6R_DirectionClosure_20260628T054228Z\analytic --avboit-commit-sha=fd47644c --avboit-test-scene=two_layer --avboit-test-case=two_a075_050 --avboit-submit-order=normal --avboit-transmittance-direction=legacy --avboit-bootstrap-log-dir=D:\HTC\avboit\The-Forge\LocalVisualResults\P2_6R_DirectionClosure_20260628T054228Z\analytic\bootstrap"	"1"	"D:\HTC\avboit\The-Forge\LocalVisualResults\P2_6R_DirectionClosure_20260628T054228Z\analytic\DX12_Mode0_1920x1080_Frame60_fd47644c_Scenetwo_layer_Casetwo_a075_050_Ordernormal_Layerall.png"	"D:\HTC\avboit\The-Forge\LocalVisualResults\P2_6R_DirectionClosure_20260628T054228Z\analytic\bootstrap\avboit_bootstrap_20260628T134402_177680.log"	"D:\HTC\avboit\The-Forge\LocalVisualResults\P2_6R_DirectionClosure_20260628T054228Z\analytic\DX12_two_a075_050_normal_mode0_legacy.stdout.txt"	"D:\HTC\avboit\The-Forge\LocalVisualResults\P2_6R_DirectionClosure_20260628T054228Z\analytic\DX12_two_a075_050_normal_mode0_legacy.stderr.txt"
"DX12_two_a075_050_normal_mode5_legacy"	"APP_EXITED_ZERO_CAPTURED"	"True"	"177168"	"unreported"	"1766"	"D:\HTC\avboit\The-Forge\Examples_3\Unit_Tests\PC Visual Studio 2019\x64\Release\15_Transparency"	"D:\HTC\avboit\The-Forge\Examples_3\Unit_Tests\PC Visual Studio 2019\x64\Release\15_Transparency\15_Transparency.exe --d3d12 --transparency-mode=5 --avboit-auto-capture --avboit-capture-hide-ui --avboit-capture-frame=60 --avboit-fixed-delta=0.0166666667 --avboit-random-seed=1337 --avboit-output-dir=D:\HTC\avboit\The-Forge\LocalVisualResults\P2_6R_DirectionClosure_20260628T054228Z\analytic --avboit-commit-sha=fd47644c --avboit-test-scene=two_layer --avboit-test-case=two_a075_050 --avboit-submit-order=normal --avboit-transmittance-direction=legacy --avboit-bootstrap-log-dir=D:\HTC\avboit\The-Forge\LocalVisualResults\P2_6R_DirectionClosure_20260628T054228Z\analytic\bootstrap"	"1"	"D:\HTC\avboit\The-Forge\LocalVisualResults\P2_6R_DirectionClosure_20260628T054228Z\analytic\DX12_Mode5_1920x1080_Debug0_Dirlegacy_Mul1.0_Frame60_fd47644c_Scenetwo_layer_Casetwo_a075_050_Ordernormal_Layerall.png"	"D:\HTC\avboit\The-Forge\LocalVisualResults\P2_6R_DirectionClosure_20260628T054228Z\analytic\bootstrap\avboit_bootstrap_20260628T134404_177168.log"	"D:\HTC\avboit\The-Forge\LocalVisualResults\P2_6R_DirectionClosure_20260628T054228Z\analytic\DX12_two_a075_050_normal_mode5_legacy.stdout.txt"	"D:\HTC\avboit\The-Forge\LocalVisualResults\P2_6R_DirectionClosure_20260628T054228Z\analytic\DX12_two_a075_050_normal_mode5_legacy.stderr.txt"
"DX12_two_a075_050_normal_mode5_front"	"APP_EXITED_ZERO_CAPTURED"	"True"	"177348"	"unreported"	"1800"	"D:\HTC\avboit\The-Forge\Examples_3\Unit_Tests\PC Visual Studio 2019\x64\Release\15_Transparency"	"D:\HTC\avboit\The-Forge\Examples_3\Unit_Tests\PC Visual Studio 2019\x64\Release\15_Transparency\15_Transparency.exe --d3d12 --transparency-mode=5 --avboit-auto-capture --avboit-capture-hide-ui --avboit-capture-frame=60 --avboit-fixed-delta=0.0166666667 --avboit-random-seed=1337 --avboit-output-dir=D:\HTC\avboit\The-Forge\LocalVisualResults\P2_6R_DirectionClosure_20260628T054228Z\analytic --avboit-commit-sha=fd47644c --avboit-test-scene=two_layer --avboit-test-case=two_a075_050 --avboit-submit-order=normal --avboit-transmittance-direction=front --avboit-bootstrap-log-dir=D:\HTC\avboit\The-Forge\LocalVisualResults\P2_6R_DirectionClosure_20260628T054228Z\analytic\bootstrap"	"1"	"D:\HTC\avboit\The-Forge\LocalVisualResults\P2_6R_DirectionClosure_20260628T054228Z\analytic\DX12_Mode5_1920x1080_Debug0_Dirfront_Mul1.0_Frame60_fd47644c_Scenetwo_layer_Casetwo_a075_050_Ordernormal_Layerall.png"	"D:\HTC\avboit\The-Forge\LocalVisualResults\P2_6R_DirectionClosure_20260628T054228Z\analytic\bootstrap\avboit_bootstrap_20260628T134406_177348.log"	"D:\HTC\avboit\The-Forge\LocalVisualResults\P2_6R_DirectionClosure_20260628T054228Z\analytic\DX12_two_a075_050_normal_mode5_front.stdout.txt"	"D:\HTC\avboit\The-Forge\LocalVisualResults\P2_6R_DirectionClosure_20260628T054228Z\analytic\DX12_two_a075_050_normal_mode5_front.stderr.txt"
"DX12_two_a075_050_reverse_mode0_legacy"	"APP_EXITED_ZERO_CAPTURED"	"True"	"177556"	"unreported"	"1764"	"D:\HTC\avboit\The-Forge\Examples_3\Unit_Tests\PC Visual Studio 2019\x64\Release\15_Transparency"	"D:\HTC\avboit\The-Forge\Examples_3\Unit_Tests\PC Visual Studio 2019\x64\Release\15_Transparency\15_Transparency.exe --d3d12 --transparency-mode=0 --avboit-auto-capture --avboit-capture-hide-ui --avboit-capture-frame=60 --avboit-fixed-delta=0.0166666667 --avboit-random-seed=1337 --avboit-output-dir=D:\HTC\avboit\The-Forge\LocalVisualResults\P2_6R_DirectionClosure_20260628T054228Z\analytic --avboit-commit-sha=fd47644c --avboit-test-scene=two_layer --avboit-test-case=two_a075_050 --avboit-submit-order=reverse --avboit-transmittance-direction=legacy --avboit-bootstrap-log-dir=D:\HTC\avboit\The-Forge\LocalVisualResults\P2_6R_DirectionClosure_20260628T054228Z\analytic\bootstrap"	"1"	"D:\HTC\avboit\The-Forge\LocalVisualResults\P2_6R_DirectionClosure_20260628T054228Z\analytic\DX12_Mode0_1920x1080_Frame60_fd47644c_Scenetwo_layer_Casetwo_a075_050_Orderreverse_Layerall.png"	"D:\HTC\avboit\The-Forge\LocalVisualResults\P2_6R_DirectionClosure_20260628T054228Z\analytic\bootstrap\avboit_bootstrap_20260628T134407_177556.log"	"D:\HTC\avboit\The-Forge\LocalVisualResults\P2_6R_DirectionClosure_20260628T054228Z\analytic\DX12_two_a075_050_reverse_mode0_legacy.stdout.txt"	"D:\HTC\avboit\The-Forge\LocalVisualResults\P2_6R_DirectionClosure_20260628T054228Z\analytic\DX12_two_a075_050_reverse_mode0_legacy.stderr.txt"
"DX12_two_a075_050_reverse_mode5_legacy"	"APP_EXITED_ZERO_CAPTURED"	"True"	"177252"	"unreported"	"1754"	"D:\HTC\avboit\The-Forge\Examples_3\Unit_Tests\PC Visual Studio 2019\x64\Release\15_Transparency"	"D:\HTC\avboit\The-Forge\Examples_3\Unit_Tests\PC Visual Studio 2019\x64\Release\15_Transparency\15_Transparency.exe --d3d12 --transparency-mode=5 --avboit-auto-capture --avboit-capture-hide-ui --avboit-capture-frame=60 --avboit-fixed-delta=0.0166666667 --avboit-random-seed=1337 --avboit-output-dir=D:\HTC\avboit\The-Forge\LocalVisualResults\P2_6R_DirectionClosure_20260628T054228Z\analytic --avboit-commit-sha=fd47644c --avboit-test-scene=two_layer --avboit-test-case=two_a075_050 --avboit-submit-order=reverse --avboit-transmittance-direction=legacy --avboit-bootstrap-log-dir=D:\HTC\avboit\The-Forge\LocalVisualResults\P2_6R_DirectionClosure_20260628T054228Z\analytic\bootstrap"	"1"	"D:\HTC\avboit\The-Forge\LocalVisualResults\P2_6R_DirectionClosure_20260628T054228Z\analytic\DX12_Mode5_1920x1080_Debug0_Dirlegacy_Mul1.0_Frame60_fd47644c_Scenetwo_layer_Casetwo_a075_050_Orderreverse_Layerall.png"	"D:\HTC\avboit\The-Forge\LocalVisualResults\P2_6R_DirectionClosure_20260628T054228Z\analytic\bootstrap\avboit_bootstrap_20260628T134409_177252.log"	"D:\HTC\avboit\The-Forge\LocalVisualResults\P2_6R_DirectionClosure_20260628T054228Z\analytic\DX12_two_a075_050_reverse_mode5_legacy.stdout.txt"	"D:\HTC\avboit\The-Forge\LocalVisualResults\P2_6R_DirectionClosure_20260628T054228Z\analytic\DX12_two_a075_050_reverse_mode5_legacy.stderr.txt"
"DX12_two_a075_050_reverse_mode5_front"	"APP_EXITED_ZERO_CAPTURED"	"True"	"174808"	"unreported"	"1766"	"D:\HTC\avboit\The-Forge\Examples_3\Unit_Tests\PC Visual Studio 2019\x64\Release\15_Transparency"	"D:\HTC\avboit\The-Forge\Examples_3\Unit_Tests\PC Visual Studio 2019\x64\Release\15_Transparency\15_Transparency.exe --d3d12 --transparency-mode=5 --avboit-auto-capture --avboit-capture-hide-ui --avboit-capture-frame=60 --avboit-fixed-delta=0.0166666667 --avboit-random-seed=1337 --avboit-output-dir=D:\HTC\avboit\The-Forge\LocalVisualResults\P2_6R_DirectionClosure_20260628T054228Z\analytic --avboit-commit-sha=fd47644c --avboit-test-scene=two_layer --avboit-test-case=two_a075_050 --avboit-submit-order=reverse --avboit-transmittance-direction=front --avboit-bootstrap-log-dir=D:\HTC\avboit\The-Forge\LocalVisualResults\P2_6R_DirectionClosure_20260628T054228Z\analytic\bootstrap"	"1"	"D:\HTC\avboit\The-Forge\LocalVisualResults\P2_6R_DirectionClosure_20260628T054228Z\analytic\DX12_Mode5_1920x1080_Debug0_Dirfront_Mul1.0_Frame60_fd47644c_Scenetwo_layer_Casetwo_a075_050_Orderreverse_Layerall.png"	"D:\HTC\avboit\The-Forge\LocalVisualResults\P2_6R_DirectionClosure_20260628T054228Z\analytic\bootstrap\avboit_bootstrap_20260628T134411_174808.log"	"D:\HTC\avboit\The-Forge\LocalVisualResults\P2_6R_DirectionClosure_20260628T054228Z\analytic\DX12_two_a075_050_reverse_mode5_front.stdout.txt"	"D:\HTC\avboit\The-Forge\LocalVisualResults\P2_6R_DirectionClosure_20260628T054228Z\analytic\DX12_two_a075_050_reverse_mode5_front.stderr.txt"
"DX12_two_a075_050_coverage_layerall"	"APP_EXITED_ZERO_CAPTURED"	"True"	"178076"	"unreported"	"1666"	"D:\HTC\avboit\The-Forge\Examples_3\Unit_Tests\PC Visual Studio 2019\x64\Release\15_Transparency"	"D:\HTC\avboit\The-Forge\Examples_3\Unit_Tests\PC Visual Studio 2019\x64\Release\15_Transparency\15_Transparency.exe --d3d12 --transparency-mode=5 --avboit-debug-view=2 --avboit-auto-capture --avboit-capture-hide-ui --avboit-capture-frame=60 --avboit-fixed-delta=0.0166666667 --avboit-random-seed=1337 --avboit-output-dir=D:\HTC\avboit\The-Forge\LocalVisualResults\P2_6R_DirectionClosure_20260628T054228Z\analytic --avboit-commit-sha=fd47644c --avboit-test-scene=two_layer --avboit-test-case=two_a075_050 --avboit-analytic-layer-filter=all --avboit-bootstrap-log-dir=D:\HTC\avboit\The-Forge\LocalVisualResults\P2_6R_DirectionClosure_20260628T054228Z\analytic\bootstrap"	"1"	"D:\HTC\avboit\The-Forge\LocalVisualResults\P2_6R_DirectionClosure_20260628T054228Z\analytic\DX12_Mode5_1920x1080_Debug2_Dirlegacy_Mul1.0_Frame60_fd47644c_Scenetwo_layer_Casetwo_a075_050_Ordernormal_Layerall.png"	"D:\HTC\avboit\The-Forge\LocalVisualResults\P2_6R_DirectionClosure_20260628T054228Z\analytic\bootstrap\avboit_bootstrap_20260628T134413_178076.log"	"D:\HTC\avboit\The-Forge\LocalVisualResults\P2_6R_DirectionClosure_20260628T054228Z\analytic\DX12_two_a075_050_coverage_layerall.stdout.txt"	"D:\HTC\avboit\The-Forge\LocalVisualResults\P2_6R_DirectionClosure_20260628T054228Z\analytic\DX12_two_a075_050_coverage_layerall.stderr.txt"
"DX12_two_a075_050_coverage_layer0"	"APP_EXITED_ZERO_CAPTURED"	"True"	"176312"	"unreported"	"1656"	"D:\HTC\avboit\The-Forge\Examples_3\Unit_Tests\PC Visual Studio 2019\x64\Release\15_Transparency"	"D:\HTC\avboit\The-Forge\Examples_3\Unit_Tests\PC Visual Studio 2019\x64\Release\15_Transparency\15_Transparency.exe --d3d12 --transparency-mode=5 --avboit-debug-view=2 --avboit-auto-capture --avboit-capture-hide-ui --avboit-capture-frame=60 --avboit-fixed-delta=0.0166666667 --avboit-random-seed=1337 --avboit-output-dir=D:\HTC\avboit\The-Forge\LocalVisualResults\P2_6R_DirectionClosure_20260628T054228Z\analytic --avboit-commit-sha=fd47644c --avboit-test-scene=two_layer --avboit-test-case=two_a075_050 --avboit-analytic-layer-filter=0 --avboit-bootstrap-log-dir=D:\HTC\avboit\The-Forge\LocalVisualResults\P2_6R_DirectionClosure_20260628T054228Z\analytic\bootstrap"	"1"	"D:\HTC\avboit\The-Forge\LocalVisualResults\P2_6R_DirectionClosure_20260628T054228Z\analytic\DX12_Mode5_1920x1080_Debug2_Dirlegacy_Mul1.0_Frame60_fd47644c_Scenetwo_layer_Casetwo_a075_050_Ordernormal_Layer0.png"	"D:\HTC\avboit\The-Forge\LocalVisualResults\P2_6R_DirectionClosure_20260628T054228Z\analytic\bootstrap\avboit_bootstrap_20260628T134414_176312.log"	"D:\HTC\avboit\The-Forge\LocalVisualResults\P2_6R_DirectionClosure_20260628T054228Z\analytic\DX12_two_a075_050_coverage_layer0.stdout.txt"	"D:\HTC\avboit\The-Forge\LocalVisualResults\P2_6R_DirectionClosure_20260628T054228Z\analytic\DX12_two_a075_050_coverage_layer0.stderr.txt"
"DX12_two_a075_050_coverage_layer1"	"APP_EXITED_ZERO_CAPTURED"	"True"	"174688"	"unreported"	"1626"	"D:\HTC\avboit\The-Forge\Examples_3\Unit_Tests\PC Visual Studio 2019\x64\Release\15_Transparency"	"D:\HTC\avboit\The-Forge\Examples_3\Unit_Tests\PC Visual Studio 2019\x64\Release\15_Transparency\15_Transparency.exe --d3d12 --transparency-mode=5 --avboit-debug-view=2 --avboit-auto-capture --avboit-capture-hide-ui --avboit-capture-frame=60 --avboit-fixed-delta=0.0166666667 --avboit-random-seed=1337 --avboit-output-dir=D:\HTC\avboit\The-Forge\LocalVisualResults\P2_6R_DirectionClosure_20260628T054228Z\analytic --avboit-commit-sha=fd47644c --avboit-test-scene=two_layer --avboit-test-case=two_a075_050 --avboit-analytic-layer-filter=1 --avboit-bootstrap-log-dir=D:\HTC\avboit\The-Forge\LocalVisualResults\P2_6R_DirectionClosure_20260628T054228Z\analytic\bootstrap"	"1"	"D:\HTC\avboit\The-Forge\LocalVisualResults\P2_6R_DirectionClosure_20260628T054228Z\analytic\DX12_Mode5_1920x1080_Debug2_Dirlegacy_Mul1.0_Frame60_fd47644c_Scenetwo_layer_Casetwo_a075_050_Ordernormal_Layer1.png"	"D:\HTC\avboit\The-Forge\LocalVisualResults\P2_6R_DirectionClosure_20260628T054228Z\analytic\bootstrap\avboit_bootstrap_20260628T134416_174688.log"	"D:\HTC\avboit\The-Forge\LocalVisualResults\P2_6R_DirectionClosure_20260628T054228Z\analytic\DX12_two_a075_050_coverage_layer1.stdout.txt"	"D:\HTC\avboit\The-Forge\LocalVisualResults\P2_6R_DirectionClosure_20260628T054228Z\analytic\DX12_two_a075_050_coverage_layer1.stderr.txt"
"DX12_two_a010_090_normal_mode0_legacy"	"APP_EXITED_ZERO_CAPTURED"	"True"	"164204"	"unreported"	"1766"	"D:\HTC\avboit\The-Forge\Examples_3\Unit_Tests\PC Visual Studio 2019\x64\Release\15_Transparency"	"D:\HTC\avboit\The-Forge\Examples_3\Unit_Tests\PC Visual Studio 2019\x64\Release\15_Transparency\15_Transparency.exe --d3d12 --transparency-mode=0 --avboit-auto-capture --avboit-capture-hide-ui --avboit-capture-frame=60 --avboit-fixed-delta=0.0166666667 --avboit-random-seed=1337 --avboit-output-dir=D:\HTC\avboit\The-Forge\LocalVisualResults\P2_6R_DirectionClosure_20260628T054228Z\analytic --avboit-commit-sha=fd47644c --avboit-test-scene=two_layer --avboit-test-case=two_a010_090 --avboit-submit-order=normal --avboit-transmittance-direction=legacy --avboit-bootstrap-log-dir=D:\HTC\avboit\The-Forge\LocalVisualResults\P2_6R_DirectionClosure_20260628T054228Z\analytic\bootstrap"	"1"	"D:\HTC\avboit\The-Forge\LocalVisualResults\P2_6R_DirectionClosure_20260628T054228Z\analytic\DX12_Mode0_1920x1080_Frame60_fd47644c_Scenetwo_layer_Casetwo_a010_090_Ordernormal_Layerall.png"	"D:\HTC\avboit\The-Forge\LocalVisualResults\P2_6R_DirectionClosure_20260628T054228Z\analytic\bootstrap\avboit_bootstrap_20260628T134418_164204.log"	"D:\HTC\avboit\The-Forge\LocalVisualResults\P2_6R_DirectionClosure_20260628T054228Z\analytic\DX12_two_a010_090_normal_mode0_legacy.stdout.txt"	"D:\HTC\avboit\The-Forge\LocalVisualResults\P2_6R_DirectionClosure_20260628T054228Z\analytic\DX12_two_a010_090_normal_mode0_legacy.stderr.txt"
"DX12_two_a010_090_normal_mode5_legacy"	"APP_EXITED_ZERO_CAPTURED"	"True"	"177440"	"unreported"	"1761"	"D:\HTC\avboit\The-Forge\Examples_3\Unit_Tests\PC Visual Studio 2019\x64\Release\15_Transparency"	"D:\HTC\avboit\The-Forge\Examples_3\Unit_Tests\PC Visual Studio 2019\x64\Release\15_Transparency\15_Transparency.exe --d3d12 --transparency-mode=5 --avboit-auto-capture --avboit-capture-hide-ui --avboit-capture-frame=60 --avboit-fixed-delta=0.0166666667 --avboit-random-seed=1337 --avboit-output-dir=D:\HTC\avboit\The-Forge\LocalVisualResults\P2_6R_DirectionClosure_20260628T054228Z\analytic --avboit-commit-sha=fd47644c --avboit-test-scene=two_layer --avboit-test-case=two_a010_090 --avboit-submit-order=normal --avboit-transmittance-direction=legacy --avboit-bootstrap-log-dir=D:\HTC\avboit\The-Forge\LocalVisualResults\P2_6R_DirectionClosure_20260628T054228Z\analytic\bootstrap"	"1"	"D:\HTC\avboit\The-Forge\LocalVisualResults\P2_6R_DirectionClosure_20260628T054228Z\analytic\DX12_Mode5_1920x1080_Debug0_Dirlegacy_Mul1.0_Frame60_fd47644c_Scenetwo_layer_Casetwo_a010_090_Ordernormal_Layerall.png"	"D:\HTC\avboit\The-Forge\LocalVisualResults\P2_6R_DirectionClosure_20260628T054228Z\analytic\bootstrap\avboit_bootstrap_20260628T134419_177440.log"	"D:\HTC\avboit\The-Forge\LocalVisualResults\P2_6R_DirectionClosure_20260628T054228Z\analytic\DX12_two_a010_090_normal_mode5_legacy.stdout.txt"	"D:\HTC\avboit\The-Forge\LocalVisualResults\P2_6R_DirectionClosure_20260628T054228Z\analytic\DX12_two_a010_090_normal_mode5_legacy.stderr.txt"
"DX12_two_a010_090_normal_mode5_front"	"APP_EXITED_ZERO_CAPTURED"	"True"	"171140"	"unreported"	"1788"	"D:\HTC\avboit\The-Forge\Examples_3\Unit_Tests\PC Visual Studio 2019\x64\Release\15_Transparency"	"D:\HTC\avboit\The-Forge\Examples_3\Unit_Tests\PC Visual Studio 2019\x64\Release\15_Transparency\15_Transparency.exe --d3d12 --transparency-mode=5 --avboit-auto-capture --avboit-capture-hide-ui --avboit-capture-frame=60 --avboit-fixed-delta=0.0166666667 --avboit-random-seed=1337 --avboit-output-dir=D:\HTC\avboit\The-Forge\LocalVisualResults\P2_6R_DirectionClosure_20260628T054228Z\analytic --avboit-commit-sha=fd47644c --avboit-test-scene=two_layer --avboit-test-case=two_a010_090 --avboit-submit-order=normal --avboit-transmittance-direction=front --avboit-bootstrap-log-dir=D:\HTC\avboit\The-Forge\LocalVisualResults\P2_6R_DirectionClosure_20260628T054228Z\analytic\bootstrap"	"1"	"D:\HTC\avboit\The-Forge\LocalVisualResults\P2_6R_DirectionClosure_20260628T054228Z\analytic\DX12_Mode5_1920x1080_Debug0_Dirfront_Mul1.0_Frame60_fd47644c_Scenetwo_layer_Casetwo_a010_090_Ordernormal_Layerall.png"	"D:\HTC\avboit\The-Forge\LocalVisualResults\P2_6R_DirectionClosure_20260628T054228Z\analytic\bootstrap\avboit_bootstrap_20260628T134421_171140.log"	"D:\HTC\avboit\The-Forge\LocalVisualResults\P2_6R_DirectionClosure_20260628T054228Z\analytic\DX12_two_a010_090_normal_mode5_front.stdout.txt"	"D:\HTC\avboit\The-Forge\LocalVisualResults\P2_6R_DirectionClosure_20260628T054228Z\analytic\DX12_two_a010_090_normal_mode5_front.stderr.txt"
"DX12_two_a010_090_reverse_mode0_legacy"	"APP_EXITED_ZERO_CAPTURED"	"True"	"155040"	"unreported"	"1809"	"D:\HTC\avboit\The-Forge\Examples_3\Unit_Tests\PC Visual Studio 2019\x64\Release\15_Transparency"	"D:\HTC\avboit\The-Forge\Examples_3\Unit_Tests\PC Visual Studio 2019\x64\Release\15_Transparency\15_Transparency.exe --d3d12 --transparency-mode=0 --avboit-auto-capture --avboit-capture-hide-ui --avboit-capture-frame=60 --avboit-fixed-delta=0.0166666667 --avboit-random-seed=1337 --avboit-output-dir=D:\HTC\avboit\The-Forge\LocalVisualResults\P2_6R_DirectionClosure_20260628T054228Z\analytic --avboit-commit-sha=fd47644c --avboit-test-scene=two_layer --avboit-test-case=two_a010_090 --avboit-submit-order=reverse --avboit-transmittance-direction=legacy --avboit-bootstrap-log-dir=D:\HTC\avboit\The-Forge\LocalVisualResults\P2_6R_DirectionClosure_20260628T054228Z\analytic\bootstrap"	"1"	"D:\HTC\avboit\The-Forge\LocalVisualResults\P2_6R_DirectionClosure_20260628T054228Z\analytic\DX12_Mode0_1920x1080_Frame60_fd47644c_Scenetwo_layer_Casetwo_a010_090_Orderreverse_Layerall.png"	"D:\HTC\avboit\The-Forge\LocalVisualResults\P2_6R_DirectionClosure_20260628T054228Z\analytic\bootstrap\avboit_bootstrap_20260628T134423_155040.log"	"D:\HTC\avboit\The-Forge\LocalVisualResults\P2_6R_DirectionClosure_20260628T054228Z\analytic\DX12_two_a010_090_reverse_mode0_legacy.stdout.txt"	"D:\HTC\avboit\The-Forge\LocalVisualResults\P2_6R_DirectionClosure_20260628T054228Z\analytic\DX12_two_a010_090_reverse_mode0_legacy.stderr.txt"
"DX12_two_a010_090_reverse_mode5_legacy"	"APP_EXITED_ZERO_CAPTURED"	"True"	"171596"	"unreported"	"1713"	"D:\HTC\avboit\The-Forge\Examples_3\Unit_Tests\PC Visual Studio 2019\x64\Release\15_Transparency"	"D:\HTC\avboit\The-Forge\Examples_3\Unit_Tests\PC Visual Studio 2019\x64\Release\15_Transparency\15_Transparency.exe --d3d12 --transparency-mode=5 --avboit-auto-capture --avboit-capture-hide-ui --avboit-capture-frame=60 --avboit-fixed-delta=0.0166666667 --avboit-random-seed=1337 --avboit-output-dir=D:\HTC\avboit\The-Forge\LocalVisualResults\P2_6R_DirectionClosure_20260628T054228Z\analytic --avboit-commit-sha=fd47644c --avboit-test-scene=two_layer --avboit-test-case=two_a010_090 --avboit-submit-order=reverse --avboit-transmittance-direction=legacy --avboit-bootstrap-log-dir=D:\HTC\avboit\The-Forge\LocalVisualResults\P2_6R_DirectionClosure_20260628T054228Z\analytic\bootstrap"	"1"	"D:\HTC\avboit\The-Forge\LocalVisualResults\P2_6R_DirectionClosure_20260628T054228Z\analytic\DX12_Mode5_1920x1080_Debug0_Dirlegacy_Mul1.0_Frame60_fd47644c_Scenetwo_layer_Casetwo_a010_090_Orderreverse_Layerall.png"	"D:\HTC\avboit\The-Forge\LocalVisualResults\P2_6R_DirectionClosure_20260628T054228Z\analytic\bootstrap\avboit_bootstrap_20260628T134425_171596.log"	"D:\HTC\avboit\The-Forge\LocalVisualResults\P2_6R_DirectionClosure_20260628T054228Z\analytic\DX12_two_a010_090_reverse_mode5_legacy.stdout.txt"	"D:\HTC\avboit\The-Forge\LocalVisualResults\P2_6R_DirectionClosure_20260628T054228Z\analytic\DX12_two_a010_090_reverse_mode5_legacy.stderr.txt"
"DX12_two_a010_090_reverse_mode5_front"	"APP_EXITED_ZERO_CAPTURED"	"True"	"176692"	"unreported"	"1752"	"D:\HTC\avboit\The-Forge\Examples_3\Unit_Tests\PC Visual Studio 2019\x64\Release\15_Transparency"	"D:\HTC\avboit\The-Forge\Examples_3\Unit_Tests\PC Visual Studio 2019\x64\Release\15_Transparency\15_Transparency.exe --d3d12 --transparency-mode=5 --avboit-auto-capture --avboit-capture-hide-ui --avboit-capture-frame=60 --avboit-fixed-delta=0.0166666667 --avboit-random-seed=1337 --avboit-output-dir=D:\HTC\avboit\The-Forge\LocalVisualResults\P2_6R_DirectionClosure_20260628T054228Z\analytic --avboit-commit-sha=fd47644c --avboit-test-scene=two_layer --avboit-test-case=two_a010_090 --avboit-submit-order=reverse --avboit-transmittance-direction=front --avboit-bootstrap-log-dir=D:\HTC\avboit\The-Forge\LocalVisualResults\P2_6R_DirectionClosure_20260628T054228Z\analytic\bootstrap"	"1"	"D:\HTC\avboit\The-Forge\LocalVisualResults\P2_6R_DirectionClosure_20260628T054228Z\analytic\DX12_Mode5_1920x1080_Debug0_Dirfront_Mul1.0_Frame60_fd47644c_Scenetwo_layer_Casetwo_a010_090_Orderreverse_Layerall.png"	"D:\HTC\avboit\The-Forge\LocalVisualResults\P2_6R_DirectionClosure_20260628T054228Z\analytic\bootstrap\avboit_bootstrap_20260628T134427_176692.log"	"D:\HTC\avboit\The-Forge\LocalVisualResults\P2_6R_DirectionClosure_20260628T054228Z\analytic\DX12_two_a010_090_reverse_mode5_front.stdout.txt"	"D:\HTC\avboit\The-Forge\LocalVisualResults\P2_6R_DirectionClosure_20260628T054228Z\analytic\DX12_two_a010_090_reverse_mode5_front.stderr.txt"
"DX12_two_a010_090_coverage_layerall"	"APP_EXITED_ZERO_CAPTURED"	"True"	"176224"	"unreported"	"1647"	"D:\HTC\avboit\The-Forge\Examples_3\Unit_Tests\PC Visual Studio 2019\x64\Release\15_Transparency"	"D:\HTC\avboit\The-Forge\Examples_3\Unit_Tests\PC Visual Studio 2019\x64\Release\15_Transparency\15_Transparency.exe --d3d12 --transparency-mode=5 --avboit-debug-view=2 --avboit-auto-capture --avboit-capture-hide-ui --avboit-capture-frame=60 --avboit-fixed-delta=0.0166666667 --avboit-random-seed=1337 --avboit-output-dir=D:\HTC\avboit\The-Forge\LocalVisualResults\P2_6R_DirectionClosure_20260628T054228Z\analytic --avboit-commit-sha=fd47644c --avboit-test-scene=two_layer --avboit-test-case=two_a010_090 --avboit-analytic-layer-filter=all --avboit-bootstrap-log-dir=D:\HTC\avboit\The-Forge\LocalVisualResults\P2_6R_DirectionClosure_20260628T054228Z\analytic\bootstrap"	"1"	"D:\HTC\avboit\The-Forge\LocalVisualResults\P2_6R_DirectionClosure_20260628T054228Z\analytic\DX12_Mode5_1920x1080_Debug2_Dirlegacy_Mul1.0_Frame60_fd47644c_Scenetwo_layer_Casetwo_a010_090_Ordernormal_Layerall.png"	"D:\HTC\avboit\The-Forge\LocalVisualResults\P2_6R_DirectionClosure_20260628T054228Z\analytic\bootstrap\avboit_bootstrap_20260628T134428_176224.log"	"D:\HTC\avboit\The-Forge\LocalVisualResults\P2_6R_DirectionClosure_20260628T054228Z\analytic\DX12_two_a010_090_coverage_layerall.stdout.txt"	"D:\HTC\avboit\The-Forge\LocalVisualResults\P2_6R_DirectionClosure_20260628T054228Z\analytic\DX12_two_a010_090_coverage_layerall.stderr.txt"
"DX12_two_a010_090_coverage_layer0"	"APP_EXITED_ZERO_CAPTURED"	"True"	"175824"	"unreported"	"1673"	"D:\HTC\avboit\The-Forge\Examples_3\Unit_Tests\PC Visual Studio 2019\x64\Release\15_Transparency"	"D:\HTC\avboit\The-Forge\Examples_3\Unit_Tests\PC Visual Studio 2019\x64\Release\15_Transparency\15_Transparency.exe --d3d12 --transparency-mode=5 --avboit-debug-view=2 --avboit-auto-capture --avboit-capture-hide-ui --avboit-capture-frame=60 --avboit-fixed-delta=0.0166666667 --avboit-random-seed=1337 --avboit-output-dir=D:\HTC\avboit\The-Forge\LocalVisualResults\P2_6R_DirectionClosure_20260628T054228Z\analytic --avboit-commit-sha=fd47644c --avboit-test-scene=two_layer --avboit-test-case=two_a010_090 --avboit-analytic-layer-filter=0 --avboit-bootstrap-log-dir=D:\HTC\avboit\The-Forge\LocalVisualResults\P2_6R_DirectionClosure_20260628T054228Z\analytic\bootstrap"	"1"	"D:\HTC\avboit\The-Forge\LocalVisualResults\P2_6R_DirectionClosure_20260628T054228Z\analytic\DX12_Mode5_1920x1080_Debug2_Dirlegacy_Mul1.0_Frame60_fd47644c_Scenetwo_layer_Casetwo_a010_090_Ordernormal_Layer0.png"	"D:\HTC\avboit\The-Forge\LocalVisualResults\P2_6R_DirectionClosure_20260628T054228Z\analytic\bootstrap\avboit_bootstrap_20260628T134430_175824.log"	"D:\HTC\avboit\The-Forge\LocalVisualResults\P2_6R_DirectionClosure_20260628T054228Z\analytic\DX12_two_a010_090_coverage_layer0.stdout.txt"	"D:\HTC\avboit\The-Forge\LocalVisualResults\P2_6R_DirectionClosure_20260628T054228Z\analytic\DX12_two_a010_090_coverage_layer0.stderr.txt"
"DX12_two_a010_090_coverage_layer1"	"APP_EXITED_ZERO_CAPTURED"	"True"	"155504"	"unreported"	"1616"	"D:\HTC\avboit\The-Forge\Examples_3\Unit_Tests\PC Visual Studio 2019\x64\Release\15_Transparency"	"D:\HTC\avboit\The-Forge\Examples_3\Unit_Tests\PC Visual Studio 2019\x64\Release\15_Transparency\15_Transparency.exe --d3d12 --transparency-mode=5 --avboit-debug-view=2 --avboit-auto-capture --avboit-capture-hide-ui --avboit-capture-frame=60 --avboit-fixed-delta=0.0166666667 --avboit-random-seed=1337 --avboit-output-dir=D:\HTC\avboit\The-Forge\LocalVisualResults\P2_6R_DirectionClosure_20260628T054228Z\analytic --avboit-commit-sha=fd47644c --avboit-test-scene=two_layer --avboit-test-case=two_a010_090 --avboit-analytic-layer-filter=1 --avboit-bootstrap-log-dir=D:\HTC\avboit\The-Forge\LocalVisualResults\P2_6R_DirectionClosure_20260628T054228Z\analytic\bootstrap"	"1"	"D:\HTC\avboit\The-Forge\LocalVisualResults\P2_6R_DirectionClosure_20260628T054228Z\analytic\DX12_Mode5_1920x1080_Debug2_Dirlegacy_Mul1.0_Frame60_fd47644c_Scenetwo_layer_Casetwo_a010_090_Ordernormal_Layer1.png"	"D:\HTC\avboit\The-Forge\LocalVisualResults\P2_6R_DirectionClosure_20260628T054228Z\analytic\bootstrap\avboit_bootstrap_20260628T134432_155504.log"	"D:\HTC\avboit\The-Forge\LocalVisualResults\P2_6R_DirectionClosure_20260628T054228Z\analytic\DX12_two_a010_090_coverage_layer1.stdout.txt"	"D:\HTC\avboit\The-Forge\LocalVisualResults\P2_6R_DirectionClosure_20260628T054228Z\analytic\DX12_two_a010_090_coverage_layer1.stderr.txt"
"DX12_three_a050_050_050_mode0_reference"	"APP_EXITED_ZERO_CAPTURED"	"True"	"172620"	"unreported"	"1778"	"D:\HTC\avboit\The-Forge\Examples_3\Unit_Tests\PC Visual Studio 2019\x64\Release\15_Transparency"	"D:\HTC\avboit\The-Forge\Examples_3\Unit_Tests\PC Visual Studio 2019\x64\Release\15_Transparency\15_Transparency.exe --d3d12 --transparency-mode=0 --avboit-auto-capture --avboit-capture-hide-ui --avboit-capture-frame=60 --avboit-fixed-delta=0.0166666667 --avboit-random-seed=1337 --avboit-output-dir=D:\HTC\avboit\The-Forge\LocalVisualResults\P2_6R_DirectionClosure_20260628T054228Z\analytic --avboit-commit-sha=fd47644c --avboit-test-scene=three_layer --avboit-test-case=three_a050_050_050 --avboit-submit-order=normal --avboit-bootstrap-log-dir=D:\HTC\avboit\The-Forge\LocalVisualResults\P2_6R_DirectionClosure_20260628T054228Z\analytic\bootstrap"	"1"	"D:\HTC\avboit\The-Forge\LocalVisualResults\P2_6R_DirectionClosure_20260628T054228Z\analytic\DX12_Mode0_1920x1080_Frame60_fd47644c_Scenethree_layer_Casethree_a050_050_050_Ordernormal_Layerall.png"	"D:\HTC\avboit\The-Forge\LocalVisualResults\P2_6R_DirectionClosure_20260628T054228Z\analytic\bootstrap\avboit_bootstrap_20260628T134433_172620.log"	"D:\HTC\avboit\The-Forge\LocalVisualResults\P2_6R_DirectionClosure_20260628T054228Z\analytic\DX12_three_a050_050_050_mode0_reference.stdout.txt"	"D:\HTC\avboit\The-Forge\LocalVisualResults\P2_6R_DirectionClosure_20260628T054228Z\analytic\DX12_three_a050_050_050_mode0_reference.stderr.txt"
"DX12_three_a050_050_050_perm012_mode5_legacy"	"APP_EXITED_ZERO_CAPTURED"	"True"	"171956"	"unreported"	"1758"	"D:\HTC\avboit\The-Forge\Examples_3\Unit_Tests\PC Visual Studio 2019\x64\Release\15_Transparency"	"D:\HTC\avboit\The-Forge\Examples_3\Unit_Tests\PC Visual Studio 2019\x64\Release\15_Transparency\15_Transparency.exe --d3d12 --transparency-mode=5 --avboit-auto-capture --avboit-capture-hide-ui --avboit-capture-frame=60 --avboit-fixed-delta=0.0166666667 --avboit-random-seed=1337 --avboit-output-dir=D:\HTC\avboit\The-Forge\LocalVisualResults\P2_6R_DirectionClosure_20260628T054228Z\analytic --avboit-commit-sha=fd47644c --avboit-test-scene=three_layer --avboit-test-case=three_a050_050_050 --avboit-submit-order=perm012 --avboit-transmittance-direction=legacy --avboit-bootstrap-log-dir=D:\HTC\avboit\The-Forge\LocalVisualResults\P2_6R_DirectionClosure_20260628T054228Z\analytic\bootstrap"	"1"	"D:\HTC\avboit\The-Forge\LocalVisualResults\P2_6R_DirectionClosure_20260628T054228Z\analytic\DX12_Mode5_1920x1080_Debug0_Dirlegacy_Mul1.0_Frame60_fd47644c_Scenethree_layer_Casethree_a050_050_050_Orderperm012_Layerall.png"	"D:\HTC\avboit\The-Forge\LocalVisualResults\P2_6R_DirectionClosure_20260628T054228Z\analytic\bootstrap\avboit_bootstrap_20260628T134435_171956.log"	"D:\HTC\avboit\The-Forge\LocalVisualResults\P2_6R_DirectionClosure_20260628T054228Z\analytic\DX12_three_a050_050_050_perm012_mode5_legacy.stdout.txt"	"D:\HTC\avboit\The-Forge\LocalVisualResults\P2_6R_DirectionClosure_20260628T054228Z\analytic\DX12_three_a050_050_050_perm012_mode5_legacy.stderr.txt"
"DX12_three_a050_050_050_perm012_mode5_front"	"APP_EXITED_ZERO_CAPTURED"	"True"	"177512"	"unreported"	"1747"	"D:\HTC\avboit\The-Forge\Examples_3\Unit_Tests\PC Visual Studio 2019\x64\Release\15_Transparency"	"D:\HTC\avboit\The-Forge\Examples_3\Unit_Tests\PC Visual Studio 2019\x64\Release\15_Transparency\15_Transparency.exe --d3d12 --transparency-mode=5 --avboit-auto-capture --avboit-capture-hide-ui --avboit-capture-frame=60 --avboit-fixed-delta=0.0166666667 --avboit-random-seed=1337 --avboit-output-dir=D:\HTC\avboit\The-Forge\LocalVisualResults\P2_6R_DirectionClosure_20260628T054228Z\analytic --avboit-commit-sha=fd47644c --avboit-test-scene=three_layer --avboit-test-case=three_a050_050_050 --avboit-submit-order=perm012 --avboit-transmittance-direction=front --avboit-bootstrap-log-dir=D:\HTC\avboit\The-Forge\LocalVisualResults\P2_6R_DirectionClosure_20260628T054228Z\analytic\bootstrap"	"1"	"D:\HTC\avboit\The-Forge\LocalVisualResults\P2_6R_DirectionClosure_20260628T054228Z\analytic\DX12_Mode5_1920x1080_Debug0_Dirfront_Mul1.0_Frame60_fd47644c_Scenethree_layer_Casethree_a050_050_050_Orderperm012_Layerall.png"	"D:\HTC\avboit\The-Forge\LocalVisualResults\P2_6R_DirectionClosure_20260628T054228Z\analytic\bootstrap\avboit_bootstrap_20260628T134437_177512.log"	"D:\HTC\avboit\The-Forge\LocalVisualResults\P2_6R_DirectionClosure_20260628T054228Z\analytic\DX12_three_a050_050_050_perm012_mode5_front.stdout.txt"	"D:\HTC\avboit\The-Forge\LocalVisualResults\P2_6R_DirectionClosure_20260628T054228Z\analytic\DX12_three_a050_050_050_perm012_mode5_front.stderr.txt"
"DX12_three_a050_050_050_perm021_mode5_legacy"	"APP_EXITED_ZERO_CAPTURED"	"True"	"169592"	"unreported"	"1772"	"D:\HTC\avboit\The-Forge\Examples_3\Unit_Tests\PC Visual Studio 2019\x64\Release\15_Transparency"	"D:\HTC\avboit\The-Forge\Examples_3\Unit_Tests\PC Visual Studio 2019\x64\Release\15_Transparency\15_Transparency.exe --d3d12 --transparency-mode=5 --avboit-auto-capture --avboit-capture-hide-ui --avboit-capture-frame=60 --avboit-fixed-delta=0.0166666667 --avboit-random-seed=1337 --avboit-output-dir=D:\HTC\avboit\The-Forge\LocalVisualResults\P2_6R_DirectionClosure_20260628T054228Z\analytic --avboit-commit-sha=fd47644c --avboit-test-scene=three_layer --avboit-test-case=three_a050_050_050 --avboit-submit-order=perm021 --avboit-transmittance-direction=legacy --avboit-bootstrap-log-dir=D:\HTC\avboit\The-Forge\LocalVisualResults\P2_6R_DirectionClosure_20260628T054228Z\analytic\bootstrap"	"1"	"D:\HTC\avboit\The-Forge\LocalVisualResults\P2_6R_DirectionClosure_20260628T054228Z\analytic\DX12_Mode5_1920x1080_Debug0_Dirlegacy_Mul1.0_Frame60_fd47644c_Scenethree_layer_Casethree_a050_050_050_Orderperm021_Layerall.png"	"D:\HTC\avboit\The-Forge\LocalVisualResults\P2_6R_DirectionClosure_20260628T054228Z\analytic\bootstrap\avboit_bootstrap_20260628T134439_169592.log"	"D:\HTC\avboit\The-Forge\LocalVisualResults\P2_6R_DirectionClosure_20260628T054228Z\analytic\DX12_three_a050_050_050_perm021_mode5_legacy.stdout.txt"	"D:\HTC\avboit\The-Forge\LocalVisualResults\P2_6R_DirectionClosure_20260628T054228Z\analytic\DX12_three_a050_050_050_perm021_mode5_legacy.stderr.txt"
"DX12_three_a050_050_050_perm021_mode5_front"	"APP_EXITED_ZERO_CAPTURED"	"True"	"177908"	"unreported"	"1758"	"D:\HTC\avboit\The-Forge\Examples_3\Unit_Tests\PC Visual Studio 2019\x64\Release\15_Transparency"	"D:\HTC\avboit\The-Forge\Examples_3\Unit_Tests\PC Visual Studio 2019\x64\Release\15_Transparency\15_Transparency.exe --d3d12 --transparency-mode=5 --avboit-auto-capture --avboit-capture-hide-ui --avboit-capture-frame=60 --avboit-fixed-delta=0.0166666667 --avboit-random-seed=1337 --avboit-output-dir=D:\HTC\avboit\The-Forge\LocalVisualResults\P2_6R_DirectionClosure_20260628T054228Z\analytic --avboit-commit-sha=fd47644c --avboit-test-scene=three_layer --avboit-test-case=three_a050_050_050 --avboit-submit-order=perm021 --avboit-transmittance-direction=front --avboit-bootstrap-log-dir=D:\HTC\avboit\The-Forge\LocalVisualResults\P2_6R_DirectionClosure_20260628T054228Z\analytic\bootstrap"	"1"	"D:\HTC\avboit\The-Forge\LocalVisualResults\P2_6R_DirectionClosure_20260628T054228Z\analytic\DX12_Mode5_1920x1080_Debug0_Dirfront_Mul1.0_Frame60_fd47644c_Scenethree_layer_Casethree_a050_050_050_Orderperm021_Layerall.png"	"D:\HTC\avboit\The-Forge\LocalVisualResults\P2_6R_DirectionClosure_20260628T054228Z\analytic\bootstrap\avboit_bootstrap_20260628T134440_177908.log"	"D:\HTC\avboit\The-Forge\LocalVisualResults\P2_6R_DirectionClosure_20260628T054228Z\analytic\DX12_three_a050_050_050_perm021_mode5_front.stdout.txt"	"D:\HTC\avboit\The-Forge\LocalVisualResults\P2_6R_DirectionClosure_20260628T054228Z\analytic\DX12_three_a050_050_050_perm021_mode5_front.stderr.txt"
"DX12_three_a050_050_050_perm102_mode5_legacy"	"APP_EXITED_ZERO_CAPTURED"	"True"	"169864"	"unreported"	"1757"	"D:\HTC\avboit\The-Forge\Examples_3\Unit_Tests\PC Visual Studio 2019\x64\Release\15_Transparency"	"D:\HTC\avboit\The-Forge\Examples_3\Unit_Tests\PC Visual Studio 2019\x64\Release\15_Transparency\15_Transparency.exe --d3d12 --transparency-mode=5 --avboit-auto-capture --avboit-capture-hide-ui --avboit-capture-frame=60 --avboit-fixed-delta=0.0166666667 --avboit-random-seed=1337 --avboit-output-dir=D:\HTC\avboit\The-Forge\LocalVisualResults\P2_6R_DirectionClosure_20260628T054228Z\analytic --avboit-commit-sha=fd47644c --avboit-test-scene=three_layer --avboit-test-case=three_a050_050_050 --avboit-submit-order=perm102 --avboit-transmittance-direction=legacy --avboit-bootstrap-log-dir=D:\HTC\avboit\The-Forge\LocalVisualResults\P2_6R_DirectionClosure_20260628T054228Z\analytic\bootstrap"	"1"	"D:\HTC\avboit\The-Forge\LocalVisualResults\P2_6R_DirectionClosure_20260628T054228Z\analytic\DX12_Mode5_1920x1080_Debug0_Dirlegacy_Mul1.0_Frame60_fd47644c_Scenethree_layer_Casethree_a050_050_050_Orderperm102_Layerall.png"	"D:\HTC\avboit\The-Forge\LocalVisualResults\P2_6R_DirectionClosure_20260628T054228Z\analytic\bootstrap\avboit_bootstrap_20260628T134442_169864.log"	"D:\HTC\avboit\The-Forge\LocalVisualResults\P2_6R_DirectionClosure_20260628T054228Z\analytic\DX12_three_a050_050_050_perm102_mode5_legacy.stdout.txt"	"D:\HTC\avboit\The-Forge\LocalVisualResults\P2_6R_DirectionClosure_20260628T054228Z\analytic\DX12_three_a050_050_050_perm102_mode5_legacy.stderr.txt"
"DX12_three_a050_050_050_perm102_mode5_front"	"APP_EXITED_ZERO_CAPTURED"	"True"	"149936"	"unreported"	"1773"	"D:\HTC\avboit\The-Forge\Examples_3\Unit_Tests\PC Visual Studio 2019\x64\Release\15_Transparency"	"D:\HTC\avboit\The-Forge\Examples_3\Unit_Tests\PC Visual Studio 2019\x64\Release\15_Transparency\15_Transparency.exe --d3d12 --transparency-mode=5 --avboit-auto-capture --avboit-capture-hide-ui --avboit-capture-frame=60 --avboit-fixed-delta=0.0166666667 --avboit-random-seed=1337 --avboit-output-dir=D:\HTC\avboit\The-Forge\LocalVisualResults\P2_6R_DirectionClosure_20260628T054228Z\analytic --avboit-commit-sha=fd47644c --avboit-test-scene=three_layer --avboit-test-case=three_a050_050_050 --avboit-submit-order=perm102 --avboit-transmittance-direction=front --avboit-bootstrap-log-dir=D:\HTC\avboit\The-Forge\LocalVisualResults\P2_6R_DirectionClosure_20260628T054228Z\analytic\bootstrap"	"1"	"D:\HTC\avboit\The-Forge\LocalVisualResults\P2_6R_DirectionClosure_20260628T054228Z\analytic\DX12_Mode5_1920x1080_Debug0_Dirfront_Mul1.0_Frame60_fd47644c_Scenethree_layer_Casethree_a050_050_050_Orderperm102_Layerall.png"	"D:\HTC\avboit\The-Forge\LocalVisualResults\P2_6R_DirectionClosure_20260628T054228Z\analytic\bootstrap\avboit_bootstrap_20260628T134444_149936.log"	"D:\HTC\avboit\The-Forge\LocalVisualResults\P2_6R_DirectionClosure_20260628T054228Z\analytic\DX12_three_a050_050_050_perm102_mode5_front.stdout.txt"	"D:\HTC\avboit\The-Forge\LocalVisualResults\P2_6R_DirectionClosure_20260628T054228Z\analytic\DX12_three_a050_050_050_perm102_mode5_front.stderr.txt"
"DX12_three_a050_050_050_perm120_mode5_legacy"	"APP_EXITED_ZERO_CAPTURED"	"True"	"174628"	"unreported"	"1761"	"D:\HTC\avboit\The-Forge\Examples_3\Unit_Tests\PC Visual Studio 2019\x64\Release\15_Transparency"	"D:\HTC\avboit\The-Forge\Examples_3\Unit_Tests\PC Visual Studio 2019\x64\Release\15_Transparency\15_Transparency.exe --d3d12 --transparency-mode=5 --avboit-auto-capture --avboit-capture-hide-ui --avboit-capture-frame=60 --avboit-fixed-delta=0.0166666667 --avboit-random-seed=1337 --avboit-output-dir=D:\HTC\avboit\The-Forge\LocalVisualResults\P2_6R_DirectionClosure_20260628T054228Z\analytic --avboit-commit-sha=fd47644c --avboit-test-scene=three_layer --avboit-test-case=three_a050_050_050 --avboit-submit-order=perm120 --avboit-transmittance-direction=legacy --avboit-bootstrap-log-dir=D:\HTC\avboit\The-Forge\LocalVisualResults\P2_6R_DirectionClosure_20260628T054228Z\analytic\bootstrap"	"1"	"D:\HTC\avboit\The-Forge\LocalVisualResults\P2_6R_DirectionClosure_20260628T054228Z\analytic\DX12_Mode5_1920x1080_Debug0_Dirlegacy_Mul1.0_Frame60_fd47644c_Scenethree_layer_Casethree_a050_050_050_Orderperm120_Layerall.png"	"D:\HTC\avboit\The-Forge\LocalVisualResults\P2_6R_DirectionClosure_20260628T054228Z\analytic\bootstrap\avboit_bootstrap_20260628T134446_174628.log"	"D:\HTC\avboit\The-Forge\LocalVisualResults\P2_6R_DirectionClosure_20260628T054228Z\analytic\DX12_three_a050_050_050_perm120_mode5_legacy.stdout.txt"	"D:\HTC\avboit\The-Forge\LocalVisualResults\P2_6R_DirectionClosure_20260628T054228Z\analytic\DX12_three_a050_050_050_perm120_mode5_legacy.stderr.txt"
"DX12_three_a050_050_050_perm120_mode5_front"	"APP_EXITED_ZERO_CAPTURED"	"True"	"177640"	"unreported"	"1772"	"D:\HTC\avboit\The-Forge\Examples_3\Unit_Tests\PC Visual Studio 2019\x64\Release\15_Transparency"	"D:\HTC\avboit\The-Forge\Examples_3\Unit_Tests\PC Visual Studio 2019\x64\Release\15_Transparency\15_Transparency.exe --d3d12 --transparency-mode=5 --avboit-auto-capture --avboit-capture-hide-ui --avboit-capture-frame=60 --avboit-fixed-delta=0.0166666667 --avboit-random-seed=1337 --avboit-output-dir=D:\HTC\avboit\The-Forge\LocalVisualResults\P2_6R_DirectionClosure_20260628T054228Z\analytic --avboit-commit-sha=fd47644c --avboit-test-scene=three_layer --avboit-test-case=three_a050_050_050 --avboit-submit-order=perm120 --avboit-transmittance-direction=front --avboit-bootstrap-log-dir=D:\HTC\avboit\The-Forge\LocalVisualResults\P2_6R_DirectionClosure_20260628T054228Z\analytic\bootstrap"	"1"	"D:\HTC\avboit\The-Forge\LocalVisualResults\P2_6R_DirectionClosure_20260628T054228Z\analytic\DX12_Mode5_1920x1080_Debug0_Dirfront_Mul1.0_Frame60_fd47644c_Scenethree_layer_Casethree_a050_050_050_Orderperm120_Layerall.png"	"D:\HTC\avboit\The-Forge\LocalVisualResults\P2_6R_DirectionClosure_20260628T054228Z\analytic\bootstrap\avboit_bootstrap_20260628T134447_177640.log"	"D:\HTC\avboit\The-Forge\LocalVisualResults\P2_6R_DirectionClosure_20260628T054228Z\analytic\DX12_three_a050_050_050_perm120_mode5_front.stdout.txt"	"D:\HTC\avboit\The-Forge\LocalVisualResults\P2_6R_DirectionClosure_20260628T054228Z\analytic\DX12_three_a050_050_050_perm120_mode5_front.stderr.txt"
"DX12_three_a050_050_050_perm201_mode5_legacy"	"APP_EXITED_ZERO_CAPTURED"	"True"	"170264"	"unreported"	"1770"	"D:\HTC\avboit\The-Forge\Examples_3\Unit_Tests\PC Visual Studio 2019\x64\Release\15_Transparency"	"D:\HTC\avboit\The-Forge\Examples_3\Unit_Tests\PC Visual Studio 2019\x64\Release\15_Transparency\15_Transparency.exe --d3d12 --transparency-mode=5 --avboit-auto-capture --avboit-capture-hide-ui --avboit-capture-frame=60 --avboit-fixed-delta=0.0166666667 --avboit-random-seed=1337 --avboit-output-dir=D:\HTC\avboit\The-Forge\LocalVisualResults\P2_6R_DirectionClosure_20260628T054228Z\analytic --avboit-commit-sha=fd47644c --avboit-test-scene=three_layer --avboit-test-case=three_a050_050_050 --avboit-submit-order=perm201 --avboit-transmittance-direction=legacy --avboit-bootstrap-log-dir=D:\HTC\avboit\The-Forge\LocalVisualResults\P2_6R_DirectionClosure_20260628T054228Z\analytic\bootstrap"	"1"	"D:\HTC\avboit\The-Forge\LocalVisualResults\P2_6R_DirectionClosure_20260628T054228Z\analytic\DX12_Mode5_1920x1080_Debug0_Dirlegacy_Mul1.0_Frame60_fd47644c_Scenethree_layer_Casethree_a050_050_050_Orderperm201_Layerall.png"	"D:\HTC\avboit\The-Forge\LocalVisualResults\P2_6R_DirectionClosure_20260628T054228Z\analytic\bootstrap\avboit_bootstrap_20260628T134449_170264.log"	"D:\HTC\avboit\The-Forge\LocalVisualResults\P2_6R_DirectionClosure_20260628T054228Z\analytic\DX12_three_a050_050_050_perm201_mode5_legacy.stdout.txt"	"D:\HTC\avboit\The-Forge\LocalVisualResults\P2_6R_DirectionClosure_20260628T054228Z\analytic\DX12_three_a050_050_050_perm201_mode5_legacy.stderr.txt"
"DX12_three_a050_050_050_perm201_mode5_front"	"APP_EXITED_ZERO_CAPTURED"	"True"	"176656"	"unreported"	"1756"	"D:\HTC\avboit\The-Forge\Examples_3\Unit_Tests\PC Visual Studio 2019\x64\Release\15_Transparency"	"D:\HTC\avboit\The-Forge\Examples_3\Unit_Tests\PC Visual Studio 2019\x64\Release\15_Transparency\15_Transparency.exe --d3d12 --transparency-mode=5 --avboit-auto-capture --avboit-capture-hide-ui --avboit-capture-frame=60 --avboit-fixed-delta=0.0166666667 --avboit-random-seed=1337 --avboit-output-dir=D:\HTC\avboit\The-Forge\LocalVisualResults\P2_6R_DirectionClosure_20260628T054228Z\analytic --avboit-commit-sha=fd47644c --avboit-test-scene=three_layer --avboit-test-case=three_a050_050_050 --avboit-submit-order=perm201 --avboit-transmittance-direction=front --avboit-bootstrap-log-dir=D:\HTC\avboit\The-Forge\LocalVisualResults\P2_6R_DirectionClosure_20260628T054228Z\analytic\bootstrap"	"1"	"D:\HTC\avboit\The-Forge\LocalVisualResults\P2_6R_DirectionClosure_20260628T054228Z\analytic\DX12_Mode5_1920x1080_Debug0_Dirfront_Mul1.0_Frame60_fd47644c_Scenethree_layer_Casethree_a050_050_050_Orderperm201_Layerall.png"	"D:\HTC\avboit\The-Forge\LocalVisualResults\P2_6R_DirectionClosure_20260628T054228Z\analytic\bootstrap\avboit_bootstrap_20260628T134451_176656.log"	"D:\HTC\avboit\The-Forge\LocalVisualResults\P2_6R_DirectionClosure_20260628T054228Z\analytic\DX12_three_a050_050_050_perm201_mode5_front.stdout.txt"	"D:\HTC\avboit\The-Forge\LocalVisualResults\P2_6R_DirectionClosure_20260628T054228Z\analytic\DX12_three_a050_050_050_perm201_mode5_front.stderr.txt"
"DX12_three_a050_050_050_perm210_mode5_legacy"	"APP_EXITED_ZERO_CAPTURED"	"True"	"165916"	"unreported"	"1752"	"D:\HTC\avboit\The-Forge\Examples_3\Unit_Tests\PC Visual Studio 2019\x64\Release\15_Transparency"	"D:\HTC\avboit\The-Forge\Examples_3\Unit_Tests\PC Visual Studio 2019\x64\Release\15_Transparency\15_Transparency.exe --d3d12 --transparency-mode=5 --avboit-auto-capture --avboit-capture-hide-ui --avboit-capture-frame=60 --avboit-fixed-delta=0.0166666667 --avboit-random-seed=1337 --avboit-output-dir=D:\HTC\avboit\The-Forge\LocalVisualResults\P2_6R_DirectionClosure_20260628T054228Z\analytic --avboit-commit-sha=fd47644c --avboit-test-scene=three_layer --avboit-test-case=three_a050_050_050 --avboit-submit-order=perm210 --avboit-transmittance-direction=legacy --avboit-bootstrap-log-dir=D:\HTC\avboit\The-Forge\LocalVisualResults\P2_6R_DirectionClosure_20260628T054228Z\analytic\bootstrap"	"1"	"D:\HTC\avboit\The-Forge\LocalVisualResults\P2_6R_DirectionClosure_20260628T054228Z\analytic\DX12_Mode5_1920x1080_Debug0_Dirlegacy_Mul1.0_Frame60_fd47644c_Scenethree_layer_Casethree_a050_050_050_Orderperm210_Layerall.png"	"D:\HTC\avboit\The-Forge\LocalVisualResults\P2_6R_DirectionClosure_20260628T054228Z\analytic\bootstrap\avboit_bootstrap_20260628T134453_165916.log"	"D:\HTC\avboit\The-Forge\LocalVisualResults\P2_6R_DirectionClosure_20260628T054228Z\analytic\DX12_three_a050_050_050_perm210_mode5_legacy.stdout.txt"	"D:\HTC\avboit\The-Forge\LocalVisualResults\P2_6R_DirectionClosure_20260628T054228Z\analytic\DX12_three_a050_050_050_perm210_mode5_legacy.stderr.txt"
"DX12_three_a050_050_050_perm210_mode5_front"	"APP_EXITED_ZERO_CAPTURED"	"True"	"177996"	"unreported"	"1798"	"D:\HTC\avboit\The-Forge\Examples_3\Unit_Tests\PC Visual Studio 2019\x64\Release\15_Transparency"	"D:\HTC\avboit\The-Forge\Examples_3\Unit_Tests\PC Visual Studio 2019\x64\Release\15_Transparency\15_Transparency.exe --d3d12 --transparency-mode=5 --avboit-auto-capture --avboit-capture-hide-ui --avboit-capture-frame=60 --avboit-fixed-delta=0.0166666667 --avboit-random-seed=1337 --avboit-output-dir=D:\HTC\avboit\The-Forge\LocalVisualResults\P2_6R_DirectionClosure_20260628T054228Z\analytic --avboit-commit-sha=fd47644c --avboit-test-scene=three_layer --avboit-test-case=three_a050_050_050 --avboit-submit-order=perm210 --avboit-transmittance-direction=front --avboit-bootstrap-log-dir=D:\HTC\avboit\The-Forge\LocalVisualResults\P2_6R_DirectionClosure_20260628T054228Z\analytic\bootstrap"	"1"	"D:\HTC\avboit\The-Forge\LocalVisualResults\P2_6R_DirectionClosure_20260628T054228Z\analytic\DX12_Mode5_1920x1080_Debug0_Dirfront_Mul1.0_Frame60_fd47644c_Scenethree_layer_Casethree_a050_050_050_Orderperm210_Layerall.png"	"D:\HTC\avboit\The-Forge\LocalVisualResults\P2_6R_DirectionClosure_20260628T054228Z\analytic\bootstrap\avboit_bootstrap_20260628T134455_177996.log"	"D:\HTC\avboit\The-Forge\LocalVisualResults\P2_6R_DirectionClosure_20260628T054228Z\analytic\DX12_three_a050_050_050_perm210_mode5_front.stdout.txt"	"D:\HTC\avboit\The-Forge\LocalVisualResults\P2_6R_DirectionClosure_20260628T054228Z\analytic\DX12_three_a050_050_050_perm210_mode5_front.stderr.txt"
"DX12_three_a050_050_050_coverage_layerall"	"APP_EXITED_ZERO_CAPTURED"	"True"	"175972"	"unreported"	"1658"	"D:\HTC\avboit\The-Forge\Examples_3\Unit_Tests\PC Visual Studio 2019\x64\Release\15_Transparency"	"D:\HTC\avboit\The-Forge\Examples_3\Unit_Tests\PC Visual Studio 2019\x64\Release\15_Transparency\15_Transparency.exe --d3d12 --transparency-mode=5 --avboit-debug-view=2 --avboit-auto-capture --avboit-capture-hide-ui --avboit-capture-frame=60 --avboit-fixed-delta=0.0166666667 --avboit-random-seed=1337 --avboit-output-dir=D:\HTC\avboit\The-Forge\LocalVisualResults\P2_6R_DirectionClosure_20260628T054228Z\analytic --avboit-commit-sha=fd47644c --avboit-test-scene=three_layer --avboit-test-case=three_a050_050_050 --avboit-analytic-layer-filter=all --avboit-bootstrap-log-dir=D:\HTC\avboit\The-Forge\LocalVisualResults\P2_6R_DirectionClosure_20260628T054228Z\analytic\bootstrap"	"1"	"D:\HTC\avboit\The-Forge\LocalVisualResults\P2_6R_DirectionClosure_20260628T054228Z\analytic\DX12_Mode5_1920x1080_Debug2_Dirlegacy_Mul1.0_Frame60_fd47644c_Scenethree_layer_Casethree_a050_050_050_Ordernormal_Layerall.png"	"D:\HTC\avboit\The-Forge\LocalVisualResults\P2_6R_DirectionClosure_20260628T054228Z\analytic\bootstrap\avboit_bootstrap_20260628T134456_175972.log"	"D:\HTC\avboit\The-Forge\LocalVisualResults\P2_6R_DirectionClosure_20260628T054228Z\analytic\DX12_three_a050_050_050_coverage_layerall.stdout.txt"	"D:\HTC\avboit\The-Forge\LocalVisualResults\P2_6R_DirectionClosure_20260628T054228Z\analytic\DX12_three_a050_050_050_coverage_layerall.stderr.txt"
"DX12_three_a050_050_050_coverage_layer0"	"APP_EXITED_ZERO_CAPTURED"	"True"	"175524"	"unreported"	"1693"	"D:\HTC\avboit\The-Forge\Examples_3\Unit_Tests\PC Visual Studio 2019\x64\Release\15_Transparency"	"D:\HTC\avboit\The-Forge\Examples_3\Unit_Tests\PC Visual Studio 2019\x64\Release\15_Transparency\15_Transparency.exe --d3d12 --transparency-mode=5 --avboit-debug-view=2 --avboit-auto-capture --avboit-capture-hide-ui --avboit-capture-frame=60 --avboit-fixed-delta=0.0166666667 --avboit-random-seed=1337 --avboit-output-dir=D:\HTC\avboit\The-Forge\LocalVisualResults\P2_6R_DirectionClosure_20260628T054228Z\analytic --avboit-commit-sha=fd47644c --avboit-test-scene=three_layer --avboit-test-case=three_a050_050_050 --avboit-analytic-layer-filter=0 --avboit-bootstrap-log-dir=D:\HTC\avboit\The-Forge\LocalVisualResults\P2_6R_DirectionClosure_20260628T054228Z\analytic\bootstrap"	"1"	"D:\HTC\avboit\The-Forge\LocalVisualResults\P2_6R_DirectionClosure_20260628T054228Z\analytic\DX12_Mode5_1920x1080_Debug2_Dirlegacy_Mul1.0_Frame60_fd47644c_Scenethree_layer_Casethree_a050_050_050_Ordernormal_Layer0.png"	"D:\HTC\avboit\The-Forge\LocalVisualResults\P2_6R_DirectionClosure_20260628T054228Z\analytic\bootstrap\avboit_bootstrap_20260628T134458_175524.log"	"D:\HTC\avboit\The-Forge\LocalVisualResults\P2_6R_DirectionClosure_20260628T054228Z\analytic\DX12_three_a050_050_050_coverage_layer0.stdout.txt"	"D:\HTC\avboit\The-Forge\LocalVisualResults\P2_6R_DirectionClosure_20260628T054228Z\analytic\DX12_three_a050_050_050_coverage_layer0.stderr.txt"
"DX12_three_a050_050_050_coverage_layer1"	"APP_EXITED_ZERO_CAPTURED"	"True"	"177372"	"unreported"	"1649"	"D:\HTC\avboit\The-Forge\Examples_3\Unit_Tests\PC Visual Studio 2019\x64\Release\15_Transparency"	"D:\HTC\avboit\The-Forge\Examples_3\Unit_Tests\PC Visual Studio 2019\x64\Release\15_Transparency\15_Transparency.exe --d3d12 --transparency-mode=5 --avboit-debug-view=2 --avboit-auto-capture --avboit-capture-hide-ui --avboit-capture-frame=60 --avboit-fixed-delta=0.0166666667 --avboit-random-seed=1337 --avboit-output-dir=D:\HTC\avboit\The-Forge\LocalVisualResults\P2_6R_DirectionClosure_20260628T054228Z\analytic --avboit-commit-sha=fd47644c --avboit-test-scene=three_layer --avboit-test-case=three_a050_050_050 --avboit-analytic-layer-filter=1 --avboit-bootstrap-log-dir=D:\HTC\avboit\The-Forge\LocalVisualResults\P2_6R_DirectionClosure_20260628T054228Z\analytic\bootstrap"	"1"	"D:\HTC\avboit\The-Forge\LocalVisualResults\P2_6R_DirectionClosure_20260628T054228Z\analytic\DX12_Mode5_1920x1080_Debug2_Dirlegacy_Mul1.0_Frame60_fd47644c_Scenethree_layer_Casethree_a050_050_050_Ordernormal_Layer1.png"	"D:\HTC\avboit\The-Forge\LocalVisualResults\P2_6R_DirectionClosure_20260628T054228Z\analytic\bootstrap\avboit_bootstrap_20260628T134500_177372.log"	"D:\HTC\avboit\The-Forge\LocalVisualResults\P2_6R_DirectionClosure_20260628T054228Z\analytic\DX12_three_a050_050_050_coverage_layer1.stdout.txt"	"D:\HTC\avboit\The-Forge\LocalVisualResults\P2_6R_DirectionClosure_20260628T054228Z\analytic\DX12_three_a050_050_050_coverage_layer1.stderr.txt"
"DX12_three_a050_050_050_coverage_layer2"	"APP_EXITED_ZERO_CAPTURED"	"True"	"147084"	"unreported"	"1673"	"D:\HTC\avboit\The-Forge\Examples_3\Unit_Tests\PC Visual Studio 2019\x64\Release\15_Transparency"	"D:\HTC\avboit\The-Forge\Examples_3\Unit_Tests\PC Visual Studio 2019\x64\Release\15_Transparency\15_Transparency.exe --d3d12 --transparency-mode=5 --avboit-debug-view=2 --avboit-auto-capture --avboit-capture-hide-ui --avboit-capture-frame=60 --avboit-fixed-delta=0.0166666667 --avboit-random-seed=1337 --avboit-output-dir=D:\HTC\avboit\The-Forge\LocalVisualResults\P2_6R_DirectionClosure_20260628T054228Z\analytic --avboit-commit-sha=fd47644c --avboit-test-scene=three_layer --avboit-test-case=three_a050_050_050 --avboit-analytic-layer-filter=2 --avboit-bootstrap-log-dir=D:\HTC\avboit\The-Forge\LocalVisualResults\P2_6R_DirectionClosure_20260628T054228Z\analytic\bootstrap"	"1"	"D:\HTC\avboit\The-Forge\LocalVisualResults\P2_6R_DirectionClosure_20260628T054228Z\analytic\DX12_Mode5_1920x1080_Debug2_Dirlegacy_Mul1.0_Frame60_fd47644c_Scenethree_layer_Casethree_a050_050_050_Ordernormal_Layer2.png"	"D:\HTC\avboit\The-Forge\LocalVisualResults\P2_6R_DirectionClosure_20260628T054228Z\analytic\bootstrap\avboit_bootstrap_20260628T134501_147084.log"	"D:\HTC\avboit\The-Forge\LocalVisualResults\P2_6R_DirectionClosure_20260628T054228Z\analytic\DX12_three_a050_050_050_coverage_layer2.stdout.txt"	"D:\HTC\avboit\The-Forge\LocalVisualResults\P2_6R_DirectionClosure_20260628T054228Z\analytic\DX12_three_a050_050_050_coverage_layer2.stderr.txt"
"DX12_three_a020_060_080_mode0_reference"	"APP_EXITED_ZERO_CAPTURED"	"True"	"177252"	"unreported"	"1741"	"D:\HTC\avboit\The-Forge\Examples_3\Unit_Tests\PC Visual Studio 2019\x64\Release\15_Transparency"	"D:\HTC\avboit\The-Forge\Examples_3\Unit_Tests\PC Visual Studio 2019\x64\Release\15_Transparency\15_Transparency.exe --d3d12 --transparency-mode=0 --avboit-auto-capture --avboit-capture-hide-ui --avboit-capture-frame=60 --avboit-fixed-delta=0.0166666667 --avboit-random-seed=1337 --avboit-output-dir=D:\HTC\avboit\The-Forge\LocalVisualResults\P2_6R_DirectionClosure_20260628T054228Z\analytic --avboit-commit-sha=fd47644c --avboit-test-scene=three_layer --avboit-test-case=three_a020_060_080 --avboit-submit-order=normal --avboit-bootstrap-log-dir=D:\HTC\avboit\The-Forge\LocalVisualResults\P2_6R_DirectionClosure_20260628T054228Z\analytic\bootstrap"	"1"	"D:\HTC\avboit\The-Forge\LocalVisualResults\P2_6R_DirectionClosure_20260628T054228Z\analytic\DX12_Mode0_1920x1080_Frame60_fd47644c_Scenethree_layer_Casethree_a020_060_080_Ordernormal_Layerall.png"	"D:\HTC\avboit\The-Forge\LocalVisualResults\P2_6R_DirectionClosure_20260628T054228Z\analytic\bootstrap\avboit_bootstrap_20260628T134503_177252.log"	"D:\HTC\avboit\The-Forge\LocalVisualResults\P2_6R_DirectionClosure_20260628T054228Z\analytic\DX12_three_a020_060_080_mode0_reference.stdout.txt"	"D:\HTC\avboit\The-Forge\LocalVisualResults\P2_6R_DirectionClosure_20260628T054228Z\analytic\DX12_three_a020_060_080_mode0_reference.stderr.txt"
"DX12_three_a020_060_080_perm012_mode5_legacy"	"APP_EXITED_ZERO_CAPTURED"	"True"	"171736"	"unreported"	"1761"	"D:\HTC\avboit\The-Forge\Examples_3\Unit_Tests\PC Visual Studio 2019\x64\Release\15_Transparency"	"D:\HTC\avboit\The-Forge\Examples_3\Unit_Tests\PC Visual Studio 2019\x64\Release\15_Transparency\15_Transparency.exe --d3d12 --transparency-mode=5 --avboit-auto-capture --avboit-capture-hide-ui --avboit-capture-frame=60 --avboit-fixed-delta=0.0166666667 --avboit-random-seed=1337 --avboit-output-dir=D:\HTC\avboit\The-Forge\LocalVisualResults\P2_6R_DirectionClosure_20260628T054228Z\analytic --avboit-commit-sha=fd47644c --avboit-test-scene=three_layer --avboit-test-case=three_a020_060_080 --avboit-submit-order=perm012 --avboit-transmittance-direction=legacy --avboit-bootstrap-log-dir=D:\HTC\avboit\The-Forge\LocalVisualResults\P2_6R_DirectionClosure_20260628T054228Z\analytic\bootstrap"	"1"	"D:\HTC\avboit\The-Forge\LocalVisualResults\P2_6R_DirectionClosure_20260628T054228Z\analytic\DX12_Mode5_1920x1080_Debug0_Dirlegacy_Mul1.0_Frame60_fd47644c_Scenethree_layer_Casethree_a020_060_080_Orderperm012_Layerall.png"	"D:\HTC\avboit\The-Forge\LocalVisualResults\P2_6R_DirectionClosure_20260628T054228Z\analytic\bootstrap\avboit_bootstrap_20260628T134505_171736.log"	"D:\HTC\avboit\The-Forge\LocalVisualResults\P2_6R_DirectionClosure_20260628T054228Z\analytic\DX12_three_a020_060_080_perm012_mode5_legacy.stdout.txt"	"D:\HTC\avboit\The-Forge\LocalVisualResults\P2_6R_DirectionClosure_20260628T054228Z\analytic\DX12_three_a020_060_080_perm012_mode5_legacy.stderr.txt"
"DX12_three_a020_060_080_perm012_mode5_front"	"APP_EXITED_ZERO_CAPTURED"	"True"	"177952"	"unreported"	"1763"	"D:\HTC\avboit\The-Forge\Examples_3\Unit_Tests\PC Visual Studio 2019\x64\Release\15_Transparency"	"D:\HTC\avboit\The-Forge\Examples_3\Unit_Tests\PC Visual Studio 2019\x64\Release\15_Transparency\15_Transparency.exe --d3d12 --transparency-mode=5 --avboit-auto-capture --avboit-capture-hide-ui --avboit-capture-frame=60 --avboit-fixed-delta=0.0166666667 --avboit-random-seed=1337 --avboit-output-dir=D:\HTC\avboit\The-Forge\LocalVisualResults\P2_6R_DirectionClosure_20260628T054228Z\analytic --avboit-commit-sha=fd47644c --avboit-test-scene=three_layer --avboit-test-case=three_a020_060_080 --avboit-submit-order=perm012 --avboit-transmittance-direction=front --avboit-bootstrap-log-dir=D:\HTC\avboit\The-Forge\LocalVisualResults\P2_6R_DirectionClosure_20260628T054228Z\analytic\bootstrap"	"1"	"D:\HTC\avboit\The-Forge\LocalVisualResults\P2_6R_DirectionClosure_20260628T054228Z\analytic\DX12_Mode5_1920x1080_Debug0_Dirfront_Mul1.0_Frame60_fd47644c_Scenethree_layer_Casethree_a020_060_080_Orderperm012_Layerall.png"	"D:\HTC\avboit\The-Forge\LocalVisualResults\P2_6R_DirectionClosure_20260628T054228Z\analytic\bootstrap\avboit_bootstrap_20260628T134507_177952.log"	"D:\HTC\avboit\The-Forge\LocalVisualResults\P2_6R_DirectionClosure_20260628T054228Z\analytic\DX12_three_a020_060_080_perm012_mode5_front.stdout.txt"	"D:\HTC\avboit\The-Forge\LocalVisualResults\P2_6R_DirectionClosure_20260628T054228Z\analytic\DX12_three_a020_060_080_perm012_mode5_front.stderr.txt"
"DX12_three_a020_060_080_perm021_mode5_legacy"	"APP_EXITED_ZERO_CAPTURED"	"True"	"173604"	"unreported"	"1772"	"D:\HTC\avboit\The-Forge\Examples_3\Unit_Tests\PC Visual Studio 2019\x64\Release\15_Transparency"	"D:\HTC\avboit\The-Forge\Examples_3\Unit_Tests\PC Visual Studio 2019\x64\Release\15_Transparency\15_Transparency.exe --d3d12 --transparency-mode=5 --avboit-auto-capture --avboit-capture-hide-ui --avboit-capture-frame=60 --avboit-fixed-delta=0.0166666667 --avboit-random-seed=1337 --avboit-output-dir=D:\HTC\avboit\The-Forge\LocalVisualResults\P2_6R_DirectionClosure_20260628T054228Z\analytic --avboit-commit-sha=fd47644c --avboit-test-scene=three_layer --avboit-test-case=three_a020_060_080 --avboit-submit-order=perm021 --avboit-transmittance-direction=legacy --avboit-bootstrap-log-dir=D:\HTC\avboit\The-Forge\LocalVisualResults\P2_6R_DirectionClosure_20260628T054228Z\analytic\bootstrap"	"1"	"D:\HTC\avboit\The-Forge\LocalVisualResults\P2_6R_DirectionClosure_20260628T054228Z\analytic\DX12_Mode5_1920x1080_Debug0_Dirlegacy_Mul1.0_Frame60_fd47644c_Scenethree_layer_Casethree_a020_060_080_Orderperm021_Layerall.png"	"D:\HTC\avboit\The-Forge\LocalVisualResults\P2_6R_DirectionClosure_20260628T054228Z\analytic\bootstrap\avboit_bootstrap_20260628T134508_173604.log"	"D:\HTC\avboit\The-Forge\LocalVisualResults\P2_6R_DirectionClosure_20260628T054228Z\analytic\DX12_three_a020_060_080_perm021_mode5_legacy.stdout.txt"	"D:\HTC\avboit\The-Forge\LocalVisualResults\P2_6R_DirectionClosure_20260628T054228Z\analytic\DX12_three_a020_060_080_perm021_mode5_legacy.stderr.txt"
"DX12_three_a020_060_080_perm021_mode5_front"	"APP_EXITED_ZERO_CAPTURED"	"True"	"165624"	"unreported"	"1735"	"D:\HTC\avboit\The-Forge\Examples_3\Unit_Tests\PC Visual Studio 2019\x64\Release\15_Transparency"	"D:\HTC\avboit\The-Forge\Examples_3\Unit_Tests\PC Visual Studio 2019\x64\Release\15_Transparency\15_Transparency.exe --d3d12 --transparency-mode=5 --avboit-auto-capture --avboit-capture-hide-ui --avboit-capture-frame=60 --avboit-fixed-delta=0.0166666667 --avboit-random-seed=1337 --avboit-output-dir=D:\HTC\avboit\The-Forge\LocalVisualResults\P2_6R_DirectionClosure_20260628T054228Z\analytic --avboit-commit-sha=fd47644c --avboit-test-scene=three_layer --avboit-test-case=three_a020_060_080 --avboit-submit-order=perm021 --avboit-transmittance-direction=front --avboit-bootstrap-log-dir=D:\HTC\avboit\The-Forge\LocalVisualResults\P2_6R_DirectionClosure_20260628T054228Z\analytic\bootstrap"	"1"	"D:\HTC\avboit\The-Forge\LocalVisualResults\P2_6R_DirectionClosure_20260628T054228Z\analytic\DX12_Mode5_1920x1080_Debug0_Dirfront_Mul1.0_Frame60_fd47644c_Scenethree_layer_Casethree_a020_060_080_Orderperm021_Layerall.png"	"D:\HTC\avboit\The-Forge\LocalVisualResults\P2_6R_DirectionClosure_20260628T054228Z\analytic\bootstrap\avboit_bootstrap_20260628T134510_165624.log"	"D:\HTC\avboit\The-Forge\LocalVisualResults\P2_6R_DirectionClosure_20260628T054228Z\analytic\DX12_three_a020_060_080_perm021_mode5_front.stdout.txt"	"D:\HTC\avboit\The-Forge\LocalVisualResults\P2_6R_DirectionClosure_20260628T054228Z\analytic\DX12_three_a020_060_080_perm021_mode5_front.stderr.txt"
"DX12_three_a020_060_080_perm102_mode5_legacy"	"APP_EXITED_ZERO_CAPTURED"	"True"	"176588"	"unreported"	"1755"	"D:\HTC\avboit\The-Forge\Examples_3\Unit_Tests\PC Visual Studio 2019\x64\Release\15_Transparency"	"D:\HTC\avboit\The-Forge\Examples_3\Unit_Tests\PC Visual Studio 2019\x64\Release\15_Transparency\15_Transparency.exe --d3d12 --transparency-mode=5 --avboit-auto-capture --avboit-capture-hide-ui --avboit-capture-frame=60 --avboit-fixed-delta=0.0166666667 --avboit-random-seed=1337 --avboit-output-dir=D:\HTC\avboit\The-Forge\LocalVisualResults\P2_6R_DirectionClosure_20260628T054228Z\analytic --avboit-commit-sha=fd47644c --avboit-test-scene=three_layer --avboit-test-case=three_a020_060_080 --avboit-submit-order=perm102 --avboit-transmittance-direction=legacy --avboit-bootstrap-log-dir=D:\HTC\avboit\The-Forge\LocalVisualResults\P2_6R_DirectionClosure_20260628T054228Z\analytic\bootstrap"	"1"	"D:\HTC\avboit\The-Forge\LocalVisualResults\P2_6R_DirectionClosure_20260628T054228Z\analytic\DX12_Mode5_1920x1080_Debug0_Dirlegacy_Mul1.0_Frame60_fd47644c_Scenethree_layer_Casethree_a020_060_080_Orderperm102_Layerall.png"	"D:\HTC\avboit\The-Forge\LocalVisualResults\P2_6R_DirectionClosure_20260628T054228Z\analytic\bootstrap\avboit_bootstrap_20260628T134512_176588.log"	"D:\HTC\avboit\The-Forge\LocalVisualResults\P2_6R_DirectionClosure_20260628T054228Z\analytic\DX12_three_a020_060_080_perm102_mode5_legacy.stdout.txt"	"D:\HTC\avboit\The-Forge\LocalVisualResults\P2_6R_DirectionClosure_20260628T054228Z\analytic\DX12_three_a020_060_080_perm102_mode5_legacy.stderr.txt"
"DX12_three_a020_060_080_perm102_mode5_front"	"APP_EXITED_ZERO_CAPTURED"	"True"	"175976"	"unreported"	"1765"	"D:\HTC\avboit\The-Forge\Examples_3\Unit_Tests\PC Visual Studio 2019\x64\Release\15_Transparency"	"D:\HTC\avboit\The-Forge\Examples_3\Unit_Tests\PC Visual Studio 2019\x64\Release\15_Transparency\15_Transparency.exe --d3d12 --transparency-mode=5 --avboit-auto-capture --avboit-capture-hide-ui --avboit-capture-frame=60 --avboit-fixed-delta=0.0166666667 --avboit-random-seed=1337 --avboit-output-dir=D:\HTC\avboit\The-Forge\LocalVisualResults\P2_6R_DirectionClosure_20260628T054228Z\analytic --avboit-commit-sha=fd47644c --avboit-test-scene=three_layer --avboit-test-case=three_a020_060_080 --avboit-submit-order=perm102 --avboit-transmittance-direction=front --avboit-bootstrap-log-dir=D:\HTC\avboit\The-Forge\LocalVisualResults\P2_6R_DirectionClosure_20260628T054228Z\analytic\bootstrap"	"1"	"D:\HTC\avboit\The-Forge\LocalVisualResults\P2_6R_DirectionClosure_20260628T054228Z\analytic\DX12_Mode5_1920x1080_Debug0_Dirfront_Mul1.0_Frame60_fd47644c_Scenethree_layer_Casethree_a020_060_080_Orderperm102_Layerall.png"	"D:\HTC\avboit\The-Forge\LocalVisualResults\P2_6R_DirectionClosure_20260628T054228Z\analytic\bootstrap\avboit_bootstrap_20260628T134514_175976.log"	"D:\HTC\avboit\The-Forge\LocalVisualResults\P2_6R_DirectionClosure_20260628T054228Z\analytic\DX12_three_a020_060_080_perm102_mode5_front.stdout.txt"	"D:\HTC\avboit\The-Forge\LocalVisualResults\P2_6R_DirectionClosure_20260628T054228Z\analytic\DX12_three_a020_060_080_perm102_mode5_front.stderr.txt"
"DX12_three_a020_060_080_perm120_mode5_legacy"	"APP_EXITED_ZERO_CAPTURED"	"True"	"174728"	"unreported"	"1748"	"D:\HTC\avboit\The-Forge\Examples_3\Unit_Tests\PC Visual Studio 2019\x64\Release\15_Transparency"	"D:\HTC\avboit\The-Forge\Examples_3\Unit_Tests\PC Visual Studio 2019\x64\Release\15_Transparency\15_Transparency.exe --d3d12 --transparency-mode=5 --avboit-auto-capture --avboit-capture-hide-ui --avboit-capture-frame=60 --avboit-fixed-delta=0.0166666667 --avboit-random-seed=1337 --avboit-output-dir=D:\HTC\avboit\The-Forge\LocalVisualResults\P2_6R_DirectionClosure_20260628T054228Z\analytic --avboit-commit-sha=fd47644c --avboit-test-scene=three_layer --avboit-test-case=three_a020_060_080 --avboit-submit-order=perm120 --avboit-transmittance-direction=legacy --avboit-bootstrap-log-dir=D:\HTC\avboit\The-Forge\LocalVisualResults\P2_6R_DirectionClosure_20260628T054228Z\analytic\bootstrap"	"1"	"D:\HTC\avboit\The-Forge\LocalVisualResults\P2_6R_DirectionClosure_20260628T054228Z\analytic\DX12_Mode5_1920x1080_Debug0_Dirlegacy_Mul1.0_Frame60_fd47644c_Scenethree_layer_Casethree_a020_060_080_Orderperm120_Layerall.png"	"D:\HTC\avboit\The-Forge\LocalVisualResults\P2_6R_DirectionClosure_20260628T054228Z\analytic\bootstrap\avboit_bootstrap_20260628T134515_174728.log"	"D:\HTC\avboit\The-Forge\LocalVisualResults\P2_6R_DirectionClosure_20260628T054228Z\analytic\DX12_three_a020_060_080_perm120_mode5_legacy.stdout.txt"	"D:\HTC\avboit\The-Forge\LocalVisualResults\P2_6R_DirectionClosure_20260628T054228Z\analytic\DX12_three_a020_060_080_perm120_mode5_legacy.stderr.txt"
"DX12_three_a020_060_080_perm120_mode5_front"	"APP_EXITED_ZERO_CAPTURED"	"True"	"174008"	"unreported"	"1742"	"D:\HTC\avboit\The-Forge\Examples_3\Unit_Tests\PC Visual Studio 2019\x64\Release\15_Transparency"	"D:\HTC\avboit\The-Forge\Examples_3\Unit_Tests\PC Visual Studio 2019\x64\Release\15_Transparency\15_Transparency.exe --d3d12 --transparency-mode=5 --avboit-auto-capture --avboit-capture-hide-ui --avboit-capture-frame=60 --avboit-fixed-delta=0.0166666667 --avboit-random-seed=1337 --avboit-output-dir=D:\HTC\avboit\The-Forge\LocalVisualResults\P2_6R_DirectionClosure_20260628T054228Z\analytic --avboit-commit-sha=fd47644c --avboit-test-scene=three_layer --avboit-test-case=three_a020_060_080 --avboit-submit-order=perm120 --avboit-transmittance-direction=front --avboit-bootstrap-log-dir=D:\HTC\avboit\The-Forge\LocalVisualResults\P2_6R_DirectionClosure_20260628T054228Z\analytic\bootstrap"	"1"	"D:\HTC\avboit\The-Forge\LocalVisualResults\P2_6R_DirectionClosure_20260628T054228Z\analytic\DX12_Mode5_1920x1080_Debug0_Dirfront_Mul1.0_Frame60_fd47644c_Scenethree_layer_Casethree_a020_060_080_Orderperm120_Layerall.png"	"D:\HTC\avboit\The-Forge\LocalVisualResults\P2_6R_DirectionClosure_20260628T054228Z\analytic\bootstrap\avboit_bootstrap_20260628T134517_174008.log"	"D:\HTC\avboit\The-Forge\LocalVisualResults\P2_6R_DirectionClosure_20260628T054228Z\analytic\DX12_three_a020_060_080_perm120_mode5_front.stdout.txt"	"D:\HTC\avboit\The-Forge\LocalVisualResults\P2_6R_DirectionClosure_20260628T054228Z\analytic\DX12_three_a020_060_080_perm120_mode5_front.stderr.txt"
"DX12_three_a020_060_080_perm201_mode5_legacy"	"APP_EXITED_ZERO_CAPTURED"	"True"	"174088"	"unreported"	"1766"	"D:\HTC\avboit\The-Forge\Examples_3\Unit_Tests\PC Visual Studio 2019\x64\Release\15_Transparency"	"D:\HTC\avboit\The-Forge\Examples_3\Unit_Tests\PC Visual Studio 2019\x64\Release\15_Transparency\15_Transparency.exe --d3d12 --transparency-mode=5 --avboit-auto-capture --avboit-capture-hide-ui --avboit-capture-frame=60 --avboit-fixed-delta=0.0166666667 --avboit-random-seed=1337 --avboit-output-dir=D:\HTC\avboit\The-Forge\LocalVisualResults\P2_6R_DirectionClosure_20260628T054228Z\analytic --avboit-commit-sha=fd47644c --avboit-test-scene=three_layer --avboit-test-case=three_a020_060_080 --avboit-submit-order=perm201 --avboit-transmittance-direction=legacy --avboit-bootstrap-log-dir=D:\HTC\avboit\The-Forge\LocalVisualResults\P2_6R_DirectionClosure_20260628T054228Z\analytic\bootstrap"	"1"	"D:\HTC\avboit\The-Forge\LocalVisualResults\P2_6R_DirectionClosure_20260628T054228Z\analytic\DX12_Mode5_1920x1080_Debug0_Dirlegacy_Mul1.0_Frame60_fd47644c_Scenethree_layer_Casethree_a020_060_080_Orderperm201_Layerall.png"	"D:\HTC\avboit\The-Forge\LocalVisualResults\P2_6R_DirectionClosure_20260628T054228Z\analytic\bootstrap\avboit_bootstrap_20260628T134519_174088.log"	"D:\HTC\avboit\The-Forge\LocalVisualResults\P2_6R_DirectionClosure_20260628T054228Z\analytic\DX12_three_a020_060_080_perm201_mode5_legacy.stdout.txt"	"D:\HTC\avboit\The-Forge\LocalVisualResults\P2_6R_DirectionClosure_20260628T054228Z\analytic\DX12_three_a020_060_080_perm201_mode5_legacy.stderr.txt"
"DX12_three_a020_060_080_perm201_mode5_front"	"APP_EXITED_ZERO_CAPTURED"	"True"	"177000"	"unreported"	"1790"	"D:\HTC\avboit\The-Forge\Examples_3\Unit_Tests\PC Visual Studio 2019\x64\Release\15_Transparency"	"D:\HTC\avboit\The-Forge\Examples_3\Unit_Tests\PC Visual Studio 2019\x64\Release\15_Transparency\15_Transparency.exe --d3d12 --transparency-mode=5 --avboit-auto-capture --avboit-capture-hide-ui --avboit-capture-frame=60 --avboit-fixed-delta=0.0166666667 --avboit-random-seed=1337 --avboit-output-dir=D:\HTC\avboit\The-Forge\LocalVisualResults\P2_6R_DirectionClosure_20260628T054228Z\analytic --avboit-commit-sha=fd47644c --avboit-test-scene=three_layer --avboit-test-case=three_a020_060_080 --avboit-submit-order=perm201 --avboit-transmittance-direction=front --avboit-bootstrap-log-dir=D:\HTC\avboit\The-Forge\LocalVisualResults\P2_6R_DirectionClosure_20260628T054228Z\analytic\bootstrap"	"1"	"D:\HTC\avboit\The-Forge\LocalVisualResults\P2_6R_DirectionClosure_20260628T054228Z\analytic\DX12_Mode5_1920x1080_Debug0_Dirfront_Mul1.0_Frame60_fd47644c_Scenethree_layer_Casethree_a020_060_080_Orderperm201_Layerall.png"	"D:\HTC\avboit\The-Forge\LocalVisualResults\P2_6R_DirectionClosure_20260628T054228Z\analytic\bootstrap\avboit_bootstrap_20260628T134521_177000.log"	"D:\HTC\avboit\The-Forge\LocalVisualResults\P2_6R_DirectionClosure_20260628T054228Z\analytic\DX12_three_a020_060_080_perm201_mode5_front.stdout.txt"	"D:\HTC\avboit\The-Forge\LocalVisualResults\P2_6R_DirectionClosure_20260628T054228Z\analytic\DX12_three_a020_060_080_perm201_mode5_front.stderr.txt"
"DX12_three_a020_060_080_perm210_mode5_legacy"	"APP_EXITED_ZERO_CAPTURED"	"True"	"174284"	"unreported"	"1748"	"D:\HTC\avboit\The-Forge\Examples_3\Unit_Tests\PC Visual Studio 2019\x64\Release\15_Transparency"	"D:\HTC\avboit\The-Forge\Examples_3\Unit_Tests\PC Visual Studio 2019\x64\Release\15_Transparency\15_Transparency.exe --d3d12 --transparency-mode=5 --avboit-auto-capture --avboit-capture-hide-ui --avboit-capture-frame=60 --avboit-fixed-delta=0.0166666667 --avboit-random-seed=1337 --avboit-output-dir=D:\HTC\avboit\The-Forge\LocalVisualResults\P2_6R_DirectionClosure_20260628T054228Z\analytic --avboit-commit-sha=fd47644c --avboit-test-scene=three_layer --avboit-test-case=three_a020_060_080 --avboit-submit-order=perm210 --avboit-transmittance-direction=legacy --avboit-bootstrap-log-dir=D:\HTC\avboit\The-Forge\LocalVisualResults\P2_6R_DirectionClosure_20260628T054228Z\analytic\bootstrap"	"1"	"D:\HTC\avboit\The-Forge\LocalVisualResults\P2_6R_DirectionClosure_20260628T054228Z\analytic\DX12_Mode5_1920x1080_Debug0_Dirlegacy_Mul1.0_Frame60_fd47644c_Scenethree_layer_Casethree_a020_060_080_Orderperm210_Layerall.png"	"D:\HTC\avboit\The-Forge\LocalVisualResults\P2_6R_DirectionClosure_20260628T054228Z\analytic\bootstrap\avboit_bootstrap_20260628T134522_174284.log"	"D:\HTC\avboit\The-Forge\LocalVisualResults\P2_6R_DirectionClosure_20260628T054228Z\analytic\DX12_three_a020_060_080_perm210_mode5_legacy.stdout.txt"	"D:\HTC\avboit\The-Forge\LocalVisualResults\P2_6R_DirectionClosure_20260628T054228Z\analytic\DX12_three_a020_060_080_perm210_mode5_legacy.stderr.txt"
"DX12_three_a020_060_080_perm210_mode5_front"	"APP_EXITED_ZERO_CAPTURED"	"True"	"176992"	"unreported"	"1747"	"D:\HTC\avboit\The-Forge\Examples_3\Unit_Tests\PC Visual Studio 2019\x64\Release\15_Transparency"	"D:\HTC\avboit\The-Forge\Examples_3\Unit_Tests\PC Visual Studio 2019\x64\Release\15_Transparency\15_Transparency.exe --d3d12 --transparency-mode=5 --avboit-auto-capture --avboit-capture-hide-ui --avboit-capture-frame=60 --avboit-fixed-delta=0.0166666667 --avboit-random-seed=1337 --avboit-output-dir=D:\HTC\avboit\The-Forge\LocalVisualResults\P2_6R_DirectionClosure_20260628T054228Z\analytic --avboit-commit-sha=fd47644c --avboit-test-scene=three_layer --avboit-test-case=three_a020_060_080 --avboit-submit-order=perm210 --avboit-transmittance-direction=front --avboit-bootstrap-log-dir=D:\HTC\avboit\The-Forge\LocalVisualResults\P2_6R_DirectionClosure_20260628T054228Z\analytic\bootstrap"	"1"	"D:\HTC\avboit\The-Forge\LocalVisualResults\P2_6R_DirectionClosure_20260628T054228Z\analytic\DX12_Mode5_1920x1080_Debug0_Dirfront_Mul1.0_Frame60_fd47644c_Scenethree_layer_Casethree_a020_060_080_Orderperm210_Layerall.png"	"D:\HTC\avboit\The-Forge\LocalVisualResults\P2_6R_DirectionClosure_20260628T054228Z\analytic\bootstrap\avboit_bootstrap_20260628T134524_176992.log"	"D:\HTC\avboit\The-Forge\LocalVisualResults\P2_6R_DirectionClosure_20260628T054228Z\analytic\DX12_three_a020_060_080_perm210_mode5_front.stdout.txt"	"D:\HTC\avboit\The-Forge\LocalVisualResults\P2_6R_DirectionClosure_20260628T054228Z\analytic\DX12_three_a020_060_080_perm210_mode5_front.stderr.txt"
"DX12_three_a020_060_080_coverage_layerall"	"APP_EXITED_ZERO_CAPTURED"	"True"	"176108"	"unreported"	"1659"	"D:\HTC\avboit\The-Forge\Examples_3\Unit_Tests\PC Visual Studio 2019\x64\Release\15_Transparency"	"D:\HTC\avboit\The-Forge\Examples_3\Unit_Tests\PC Visual Studio 2019\x64\Release\15_Transparency\15_Transparency.exe --d3d12 --transparency-mode=5 --avboit-debug-view=2 --avboit-auto-capture --avboit-capture-hide-ui --avboit-capture-frame=60 --avboit-fixed-delta=0.0166666667 --avboit-random-seed=1337 --avboit-output-dir=D:\HTC\avboit\The-Forge\LocalVisualResults\P2_6R_DirectionClosure_20260628T054228Z\analytic --avboit-commit-sha=fd47644c --avboit-test-scene=three_layer --avboit-test-case=three_a020_060_080 --avboit-analytic-layer-filter=all --avboit-bootstrap-log-dir=D:\HTC\avboit\The-Forge\LocalVisualResults\P2_6R_DirectionClosure_20260628T054228Z\analytic\bootstrap"	"1"	"D:\HTC\avboit\The-Forge\LocalVisualResults\P2_6R_DirectionClosure_20260628T054228Z\analytic\DX12_Mode5_1920x1080_Debug2_Dirlegacy_Mul1.0_Frame60_fd47644c_Scenethree_layer_Casethree_a020_060_080_Ordernormal_Layerall.png"	"D:\HTC\avboit\The-Forge\LocalVisualResults\P2_6R_DirectionClosure_20260628T054228Z\analytic\bootstrap\avboit_bootstrap_20260628T134526_176108.log"	"D:\HTC\avboit\The-Forge\LocalVisualResults\P2_6R_DirectionClosure_20260628T054228Z\analytic\DX12_three_a020_060_080_coverage_layerall.stdout.txt"	"D:\HTC\avboit\The-Forge\LocalVisualResults\P2_6R_DirectionClosure_20260628T054228Z\analytic\DX12_three_a020_060_080_coverage_layerall.stderr.txt"
"DX12_three_a020_060_080_coverage_layer0"	"APP_EXITED_ZERO_CAPTURED"	"True"	"177048"	"unreported"	"1647"	"D:\HTC\avboit\The-Forge\Examples_3\Unit_Tests\PC Visual Studio 2019\x64\Release\15_Transparency"	"D:\HTC\avboit\The-Forge\Examples_3\Unit_Tests\PC Visual Studio 2019\x64\Release\15_Transparency\15_Transparency.exe --d3d12 --transparency-mode=5 --avboit-debug-view=2 --avboit-auto-capture --avboit-capture-hide-ui --avboit-capture-frame=60 --avboit-fixed-delta=0.0166666667 --avboit-random-seed=1337 --avboit-output-dir=D:\HTC\avboit\The-Forge\LocalVisualResults\P2_6R_DirectionClosure_20260628T054228Z\analytic --avboit-commit-sha=fd47644c --avboit-test-scene=three_layer --avboit-test-case=three_a020_060_080 --avboit-analytic-layer-filter=0 --avboit-bootstrap-log-dir=D:\HTC\avboit\The-Forge\LocalVisualResults\P2_6R_DirectionClosure_20260628T054228Z\analytic\bootstrap"	"1"	"D:\HTC\avboit\The-Forge\LocalVisualResults\P2_6R_DirectionClosure_20260628T054228Z\analytic\DX12_Mode5_1920x1080_Debug2_Dirlegacy_Mul1.0_Frame60_fd47644c_Scenethree_layer_Casethree_a020_060_080_Ordernormal_Layer0.png"	"D:\HTC\avboit\The-Forge\LocalVisualResults\P2_6R_DirectionClosure_20260628T054228Z\analytic\bootstrap\avboit_bootstrap_20260628T134528_177048.log"	"D:\HTC\avboit\The-Forge\LocalVisualResults\P2_6R_DirectionClosure_20260628T054228Z\analytic\DX12_three_a020_060_080_coverage_layer0.stdout.txt"	"D:\HTC\avboit\The-Forge\LocalVisualResults\P2_6R_DirectionClosure_20260628T054228Z\analytic\DX12_three_a020_060_080_coverage_layer0.stderr.txt"
"DX12_three_a020_060_080_coverage_layer1"	"APP_EXITED_ZERO_CAPTURED"	"True"	"163300"	"unreported"	"1649"	"D:\HTC\avboit\The-Forge\Examples_3\Unit_Tests\PC Visual Studio 2019\x64\Release\15_Transparency"	"D:\HTC\avboit\The-Forge\Examples_3\Unit_Tests\PC Visual Studio 2019\x64\Release\15_Transparency\15_Transparency.exe --d3d12 --transparency-mode=5 --avboit-debug-view=2 --avboit-auto-capture --avboit-capture-hide-ui --avboit-capture-frame=60 --avboit-fixed-delta=0.0166666667 --avboit-random-seed=1337 --avboit-output-dir=D:\HTC\avboit\The-Forge\LocalVisualResults\P2_6R_DirectionClosure_20260628T054228Z\analytic --avboit-commit-sha=fd47644c --avboit-test-scene=three_layer --avboit-test-case=three_a020_060_080 --avboit-analytic-layer-filter=1 --avboit-bootstrap-log-dir=D:\HTC\avboit\The-Forge\LocalVisualResults\P2_6R_DirectionClosure_20260628T054228Z\analytic\bootstrap"	"1"	"D:\HTC\avboit\The-Forge\LocalVisualResults\P2_6R_DirectionClosure_20260628T054228Z\analytic\DX12_Mode5_1920x1080_Debug2_Dirlegacy_Mul1.0_Frame60_fd47644c_Scenethree_layer_Casethree_a020_060_080_Ordernormal_Layer1.png"	"D:\HTC\avboit\The-Forge\LocalVisualResults\P2_6R_DirectionClosure_20260628T054228Z\analytic\bootstrap\avboit_bootstrap_20260628T134529_163300.log"	"D:\HTC\avboit\The-Forge\LocalVisualResults\P2_6R_DirectionClosure_20260628T054228Z\analytic\DX12_three_a020_060_080_coverage_layer1.stdout.txt"	"D:\HTC\avboit\The-Forge\LocalVisualResults\P2_6R_DirectionClosure_20260628T054228Z\analytic\DX12_three_a020_060_080_coverage_layer1.stderr.txt"
"DX12_three_a020_060_080_coverage_layer2"	"APP_EXITED_ZERO_CAPTURED"	"True"	"174924"	"unreported"	"1655"	"D:\HTC\avboit\The-Forge\Examples_3\Unit_Tests\PC Visual Studio 2019\x64\Release\15_Transparency"	"D:\HTC\avboit\The-Forge\Examples_3\Unit_Tests\PC Visual Studio 2019\x64\Release\15_Transparency\15_Transparency.exe --d3d12 --transparency-mode=5 --avboit-debug-view=2 --avboit-auto-capture --avboit-capture-hide-ui --avboit-capture-frame=60 --avboit-fixed-delta=0.0166666667 --avboit-random-seed=1337 --avboit-output-dir=D:\HTC\avboit\The-Forge\LocalVisualResults\P2_6R_DirectionClosure_20260628T054228Z\analytic --avboit-commit-sha=fd47644c --avboit-test-scene=three_layer --avboit-test-case=three_a020_060_080 --avboit-analytic-layer-filter=2 --avboit-bootstrap-log-dir=D:\HTC\avboit\The-Forge\LocalVisualResults\P2_6R_DirectionClosure_20260628T054228Z\analytic\bootstrap"	"1"	"D:\HTC\avboit\The-Forge\LocalVisualResults\P2_6R_DirectionClosure_20260628T054228Z\analytic\DX12_Mode5_1920x1080_Debug2_Dirlegacy_Mul1.0_Frame60_fd47644c_Scenethree_layer_Casethree_a020_060_080_Ordernormal_Layer2.png"	"D:\HTC\avboit\The-Forge\LocalVisualResults\P2_6R_DirectionClosure_20260628T054228Z\analytic\bootstrap\avboit_bootstrap_20260628T134531_174924.log"	"D:\HTC\avboit\The-Forge\LocalVisualResults\P2_6R_DirectionClosure_20260628T054228Z\analytic\DX12_three_a020_060_080_coverage_layer2.stdout.txt"	"D:\HTC\avboit\The-Forge\LocalVisualResults\P2_6R_DirectionClosure_20260628T054228Z\analytic\DX12_three_a020_060_080_coverage_layer2.stderr.txt"
"DX12_three_a090_020_040_mode0_reference"	"APP_EXITED_ZERO_CAPTURED"	"True"	"171736"	"unreported"	"1764"	"D:\HTC\avboit\The-Forge\Examples_3\Unit_Tests\PC Visual Studio 2019\x64\Release\15_Transparency"	"D:\HTC\avboit\The-Forge\Examples_3\Unit_Tests\PC Visual Studio 2019\x64\Release\15_Transparency\15_Transparency.exe --d3d12 --transparency-mode=0 --avboit-auto-capture --avboit-capture-hide-ui --avboit-capture-frame=60 --avboit-fixed-delta=0.0166666667 --avboit-random-seed=1337 --avboit-output-dir=D:\HTC\avboit\The-Forge\LocalVisualResults\P2_6R_DirectionClosure_20260628T054228Z\analytic --avboit-commit-sha=fd47644c --avboit-test-scene=three_layer --avboit-test-case=three_a090_020_040 --avboit-submit-order=normal --avboit-bootstrap-log-dir=D:\HTC\avboit\The-Forge\LocalVisualResults\P2_6R_DirectionClosure_20260628T054228Z\analytic\bootstrap"	"1"	"D:\HTC\avboit\The-Forge\LocalVisualResults\P2_6R_DirectionClosure_20260628T054228Z\analytic\DX12_Mode0_1920x1080_Frame60_fd47644c_Scenethree_layer_Casethree_a090_020_040_Ordernormal_Layerall.png"	"D:\HTC\avboit\The-Forge\LocalVisualResults\P2_6R_DirectionClosure_20260628T054228Z\analytic\bootstrap\avboit_bootstrap_20260628T134533_171736.log"	"D:\HTC\avboit\The-Forge\LocalVisualResults\P2_6R_DirectionClosure_20260628T054228Z\analytic\DX12_three_a090_020_040_mode0_reference.stdout.txt"	"D:\HTC\avboit\The-Forge\LocalVisualResults\P2_6R_DirectionClosure_20260628T054228Z\analytic\DX12_three_a090_020_040_mode0_reference.stderr.txt"
"DX12_three_a090_020_040_perm012_mode5_legacy"	"APP_EXITED_ZERO_CAPTURED"	"True"	"176000"	"unreported"	"1750"	"D:\HTC\avboit\The-Forge\Examples_3\Unit_Tests\PC Visual Studio 2019\x64\Release\15_Transparency"	"D:\HTC\avboit\The-Forge\Examples_3\Unit_Tests\PC Visual Studio 2019\x64\Release\15_Transparency\15_Transparency.exe --d3d12 --transparency-mode=5 --avboit-auto-capture --avboit-capture-hide-ui --avboit-capture-frame=60 --avboit-fixed-delta=0.0166666667 --avboit-random-seed=1337 --avboit-output-dir=D:\HTC\avboit\The-Forge\LocalVisualResults\P2_6R_DirectionClosure_20260628T054228Z\analytic --avboit-commit-sha=fd47644c --avboit-test-scene=three_layer --avboit-test-case=three_a090_020_040 --avboit-submit-order=perm012 --avboit-transmittance-direction=legacy --avboit-bootstrap-log-dir=D:\HTC\avboit\The-Forge\LocalVisualResults\P2_6R_DirectionClosure_20260628T054228Z\analytic\bootstrap"	"1"	"D:\HTC\avboit\The-Forge\LocalVisualResults\P2_6R_DirectionClosure_20260628T054228Z\analytic\DX12_Mode5_1920x1080_Debug0_Dirlegacy_Mul1.0_Frame60_fd47644c_Scenethree_layer_Casethree_a090_020_040_Orderperm012_Layerall.png"	"D:\HTC\avboit\The-Forge\LocalVisualResults\P2_6R_DirectionClosure_20260628T054228Z\analytic\bootstrap\avboit_bootstrap_20260628T134534_176000.log"	"D:\HTC\avboit\The-Forge\LocalVisualResults\P2_6R_DirectionClosure_20260628T054228Z\analytic\DX12_three_a090_020_040_perm012_mode5_legacy.stdout.txt"	"D:\HTC\avboit\The-Forge\LocalVisualResults\P2_6R_DirectionClosure_20260628T054228Z\analytic\DX12_three_a090_020_040_perm012_mode5_legacy.stderr.txt"
"DX12_three_a090_020_040_perm012_mode5_front"	"APP_EXITED_ZERO_CAPTURED"	"True"	"177168"	"unreported"	"1760"	"D:\HTC\avboit\The-Forge\Examples_3\Unit_Tests\PC Visual Studio 2019\x64\Release\15_Transparency"	"D:\HTC\avboit\The-Forge\Examples_3\Unit_Tests\PC Visual Studio 2019\x64\Release\15_Transparency\15_Transparency.exe --d3d12 --transparency-mode=5 --avboit-auto-capture --avboit-capture-hide-ui --avboit-capture-frame=60 --avboit-fixed-delta=0.0166666667 --avboit-random-seed=1337 --avboit-output-dir=D:\HTC\avboit\The-Forge\LocalVisualResults\P2_6R_DirectionClosure_20260628T054228Z\analytic --avboit-commit-sha=fd47644c --avboit-test-scene=three_layer --avboit-test-case=three_a090_020_040 --avboit-submit-order=perm012 --avboit-transmittance-direction=front --avboit-bootstrap-log-dir=D:\HTC\avboit\The-Forge\LocalVisualResults\P2_6R_DirectionClosure_20260628T054228Z\analytic\bootstrap"	"1"	"D:\HTC\avboit\The-Forge\LocalVisualResults\P2_6R_DirectionClosure_20260628T054228Z\analytic\DX12_Mode5_1920x1080_Debug0_Dirfront_Mul1.0_Frame60_fd47644c_Scenethree_layer_Casethree_a090_020_040_Orderperm012_Layerall.png"	"D:\HTC\avboit\The-Forge\LocalVisualResults\P2_6R_DirectionClosure_20260628T054228Z\analytic\bootstrap\avboit_bootstrap_20260628T134536_177168.log"	"D:\HTC\avboit\The-Forge\LocalVisualResults\P2_6R_DirectionClosure_20260628T054228Z\analytic\DX12_three_a090_020_040_perm012_mode5_front.stdout.txt"	"D:\HTC\avboit\The-Forge\LocalVisualResults\P2_6R_DirectionClosure_20260628T054228Z\analytic\DX12_three_a090_020_040_perm012_mode5_front.stderr.txt"
"DX12_three_a090_020_040_perm021_mode5_legacy"	"APP_EXITED_ZERO_CAPTURED"	"True"	"138032"	"unreported"	"1745"	"D:\HTC\avboit\The-Forge\Examples_3\Unit_Tests\PC Visual Studio 2019\x64\Release\15_Transparency"	"D:\HTC\avboit\The-Forge\Examples_3\Unit_Tests\PC Visual Studio 2019\x64\Release\15_Transparency\15_Transparency.exe --d3d12 --transparency-mode=5 --avboit-auto-capture --avboit-capture-hide-ui --avboit-capture-frame=60 --avboit-fixed-delta=0.0166666667 --avboit-random-seed=1337 --avboit-output-dir=D:\HTC\avboit\The-Forge\LocalVisualResults\P2_6R_DirectionClosure_20260628T054228Z\analytic --avboit-commit-sha=fd47644c --avboit-test-scene=three_layer --avboit-test-case=three_a090_020_040 --avboit-submit-order=perm021 --avboit-transmittance-direction=legacy --avboit-bootstrap-log-dir=D:\HTC\avboit\The-Forge\LocalVisualResults\P2_6R_DirectionClosure_20260628T054228Z\analytic\bootstrap"	"1"	"D:\HTC\avboit\The-Forge\LocalVisualResults\P2_6R_DirectionClosure_20260628T054228Z\analytic\DX12_Mode5_1920x1080_Debug0_Dirlegacy_Mul1.0_Frame60_fd47644c_Scenethree_layer_Casethree_a090_020_040_Orderperm021_Layerall.png"	"D:\HTC\avboit\The-Forge\LocalVisualResults\P2_6R_DirectionClosure_20260628T054228Z\analytic\bootstrap\avboit_bootstrap_20260628T134538_138032.log"	"D:\HTC\avboit\The-Forge\LocalVisualResults\P2_6R_DirectionClosure_20260628T054228Z\analytic\DX12_three_a090_020_040_perm021_mode5_legacy.stdout.txt"	"D:\HTC\avboit\The-Forge\LocalVisualResults\P2_6R_DirectionClosure_20260628T054228Z\analytic\DX12_three_a090_020_040_perm021_mode5_legacy.stderr.txt"
"DX12_three_a090_020_040_perm021_mode5_front"	"APP_EXITED_ZERO_CAPTURED"	"True"	"155852"	"unreported"	"1770"	"D:\HTC\avboit\The-Forge\Examples_3\Unit_Tests\PC Visual Studio 2019\x64\Release\15_Transparency"	"D:\HTC\avboit\The-Forge\Examples_3\Unit_Tests\PC Visual Studio 2019\x64\Release\15_Transparency\15_Transparency.exe --d3d12 --transparency-mode=5 --avboit-auto-capture --avboit-capture-hide-ui --avboit-capture-frame=60 --avboit-fixed-delta=0.0166666667 --avboit-random-seed=1337 --avboit-output-dir=D:\HTC\avboit\The-Forge\LocalVisualResults\P2_6R_DirectionClosure_20260628T054228Z\analytic --avboit-commit-sha=fd47644c --avboit-test-scene=three_layer --avboit-test-case=three_a090_020_040 --avboit-submit-order=perm021 --avboit-transmittance-direction=front --avboit-bootstrap-log-dir=D:\HTC\avboit\The-Forge\LocalVisualResults\P2_6R_DirectionClosure_20260628T054228Z\analytic\bootstrap"	"1"	"D:\HTC\avboit\The-Forge\LocalVisualResults\P2_6R_DirectionClosure_20260628T054228Z\analytic\DX12_Mode5_1920x1080_Debug0_Dirfront_Mul1.0_Frame60_fd47644c_Scenethree_layer_Casethree_a090_020_040_Orderperm021_Layerall.png"	"D:\HTC\avboit\The-Forge\LocalVisualResults\P2_6R_DirectionClosure_20260628T054228Z\analytic\bootstrap\avboit_bootstrap_20260628T134540_155852.log"	"D:\HTC\avboit\The-Forge\LocalVisualResults\P2_6R_DirectionClosure_20260628T054228Z\analytic\DX12_three_a090_020_040_perm021_mode5_front.stdout.txt"	"D:\HTC\avboit\The-Forge\LocalVisualResults\P2_6R_DirectionClosure_20260628T054228Z\analytic\DX12_three_a090_020_040_perm021_mode5_front.stderr.txt"
"DX12_three_a090_020_040_perm102_mode5_legacy"	"APP_EXITED_ZERO_CAPTURED"	"True"	"175580"	"unreported"	"1757"	"D:\HTC\avboit\The-Forge\Examples_3\Unit_Tests\PC Visual Studio 2019\x64\Release\15_Transparency"	"D:\HTC\avboit\The-Forge\Examples_3\Unit_Tests\PC Visual Studio 2019\x64\Release\15_Transparency\15_Transparency.exe --d3d12 --transparency-mode=5 --avboit-auto-capture --avboit-capture-hide-ui --avboit-capture-frame=60 --avboit-fixed-delta=0.0166666667 --avboit-random-seed=1337 --avboit-output-dir=D:\HTC\avboit\The-Forge\LocalVisualResults\P2_6R_DirectionClosure_20260628T054228Z\analytic --avboit-commit-sha=fd47644c --avboit-test-scene=three_layer --avboit-test-case=three_a090_020_040 --avboit-submit-order=perm102 --avboit-transmittance-direction=legacy --avboit-bootstrap-log-dir=D:\HTC\avboit\The-Forge\LocalVisualResults\P2_6R_DirectionClosure_20260628T054228Z\analytic\bootstrap"	"1"	"D:\HTC\avboit\The-Forge\LocalVisualResults\P2_6R_DirectionClosure_20260628T054228Z\analytic\DX12_Mode5_1920x1080_Debug0_Dirlegacy_Mul1.0_Frame60_fd47644c_Scenethree_layer_Casethree_a090_020_040_Orderperm102_Layerall.png"	"D:\HTC\avboit\The-Forge\LocalVisualResults\P2_6R_DirectionClosure_20260628T054228Z\analytic\bootstrap\avboit_bootstrap_20260628T134541_175580.log"	"D:\HTC\avboit\The-Forge\LocalVisualResults\P2_6R_DirectionClosure_20260628T054228Z\analytic\DX12_three_a090_020_040_perm102_mode5_legacy.stdout.txt"	"D:\HTC\avboit\The-Forge\LocalVisualResults\P2_6R_DirectionClosure_20260628T054228Z\analytic\DX12_three_a090_020_040_perm102_mode5_legacy.stderr.txt"
"DX12_three_a090_020_040_perm102_mode5_front"	"APP_EXITED_ZERO_CAPTURED"	"True"	"175616"	"unreported"	"1735"	"D:\HTC\avboit\The-Forge\Examples_3\Unit_Tests\PC Visual Studio 2019\x64\Release\15_Transparency"	"D:\HTC\avboit\The-Forge\Examples_3\Unit_Tests\PC Visual Studio 2019\x64\Release\15_Transparency\15_Transparency.exe --d3d12 --transparency-mode=5 --avboit-auto-capture --avboit-capture-hide-ui --avboit-capture-frame=60 --avboit-fixed-delta=0.0166666667 --avboit-random-seed=1337 --avboit-output-dir=D:\HTC\avboit\The-Forge\LocalVisualResults\P2_6R_DirectionClosure_20260628T054228Z\analytic --avboit-commit-sha=fd47644c --avboit-test-scene=three_layer --avboit-test-case=three_a090_020_040 --avboit-submit-order=perm102 --avboit-transmittance-direction=front --avboit-bootstrap-log-dir=D:\HTC\avboit\The-Forge\LocalVisualResults\P2_6R_DirectionClosure_20260628T054228Z\analytic\bootstrap"	"1"	"D:\HTC\avboit\The-Forge\LocalVisualResults\P2_6R_DirectionClosure_20260628T054228Z\analytic\DX12_Mode5_1920x1080_Debug0_Dirfront_Mul1.0_Frame60_fd47644c_Scenethree_layer_Casethree_a090_020_040_Orderperm102_Layerall.png"	"D:\HTC\avboit\The-Forge\LocalVisualResults\P2_6R_DirectionClosure_20260628T054228Z\analytic\bootstrap\avboit_bootstrap_20260628T134543_175616.log"	"D:\HTC\avboit\The-Forge\LocalVisualResults\P2_6R_DirectionClosure_20260628T054228Z\analytic\DX12_three_a090_020_040_perm102_mode5_front.stdout.txt"	"D:\HTC\avboit\The-Forge\LocalVisualResults\P2_6R_DirectionClosure_20260628T054228Z\analytic\DX12_three_a090_020_040_perm102_mode5_front.stderr.txt"
"DX12_three_a090_020_040_perm120_mode5_legacy"	"APP_EXITED_ZERO_CAPTURED"	"True"	"177076"	"unreported"	"1774"	"D:\HTC\avboit\The-Forge\Examples_3\Unit_Tests\PC Visual Studio 2019\x64\Release\15_Transparency"	"D:\HTC\avboit\The-Forge\Examples_3\Unit_Tests\PC Visual Studio 2019\x64\Release\15_Transparency\15_Transparency.exe --d3d12 --transparency-mode=5 --avboit-auto-capture --avboit-capture-hide-ui --avboit-capture-frame=60 --avboit-fixed-delta=0.0166666667 --avboit-random-seed=1337 --avboit-output-dir=D:\HTC\avboit\The-Forge\LocalVisualResults\P2_6R_DirectionClosure_20260628T054228Z\analytic --avboit-commit-sha=fd47644c --avboit-test-scene=three_layer --avboit-test-case=three_a090_020_040 --avboit-submit-order=perm120 --avboit-transmittance-direction=legacy --avboit-bootstrap-log-dir=D:\HTC\avboit\The-Forge\LocalVisualResults\P2_6R_DirectionClosure_20260628T054228Z\analytic\bootstrap"	"1"	"D:\HTC\avboit\The-Forge\LocalVisualResults\P2_6R_DirectionClosure_20260628T054228Z\analytic\DX12_Mode5_1920x1080_Debug0_Dirlegacy_Mul1.0_Frame60_fd47644c_Scenethree_layer_Casethree_a090_020_040_Orderperm120_Layerall.png"	"D:\HTC\avboit\The-Forge\LocalVisualResults\P2_6R_DirectionClosure_20260628T054228Z\analytic\bootstrap\avboit_bootstrap_20260628T134545_177076.log"	"D:\HTC\avboit\The-Forge\LocalVisualResults\P2_6R_DirectionClosure_20260628T054228Z\analytic\DX12_three_a090_020_040_perm120_mode5_legacy.stdout.txt"	"D:\HTC\avboit\The-Forge\LocalVisualResults\P2_6R_DirectionClosure_20260628T054228Z\analytic\DX12_three_a090_020_040_perm120_mode5_legacy.stderr.txt"
"DX12_three_a090_020_040_perm120_mode5_front"	"APP_EXITED_ZERO_CAPTURED"	"True"	"173672"	"unreported"	"1771"	"D:\HTC\avboit\The-Forge\Examples_3\Unit_Tests\PC Visual Studio 2019\x64\Release\15_Transparency"	"D:\HTC\avboit\The-Forge\Examples_3\Unit_Tests\PC Visual Studio 2019\x64\Release\15_Transparency\15_Transparency.exe --d3d12 --transparency-mode=5 --avboit-auto-capture --avboit-capture-hide-ui --avboit-capture-frame=60 --avboit-fixed-delta=0.0166666667 --avboit-random-seed=1337 --avboit-output-dir=D:\HTC\avboit\The-Forge\LocalVisualResults\P2_6R_DirectionClosure_20260628T054228Z\analytic --avboit-commit-sha=fd47644c --avboit-test-scene=three_layer --avboit-test-case=three_a090_020_040 --avboit-submit-order=perm120 --avboit-transmittance-direction=front --avboit-bootstrap-log-dir=D:\HTC\avboit\The-Forge\LocalVisualResults\P2_6R_DirectionClosure_20260628T054228Z\analytic\bootstrap"	"1"	"D:\HTC\avboit\The-Forge\LocalVisualResults\P2_6R_DirectionClosure_20260628T054228Z\analytic\DX12_Mode5_1920x1080_Debug0_Dirfront_Mul1.0_Frame60_fd47644c_Scenethree_layer_Casethree_a090_020_040_Orderperm120_Layerall.png"	"D:\HTC\avboit\The-Forge\LocalVisualResults\P2_6R_DirectionClosure_20260628T054228Z\analytic\bootstrap\avboit_bootstrap_20260628T134547_173672.log"	"D:\HTC\avboit\The-Forge\LocalVisualResults\P2_6R_DirectionClosure_20260628T054228Z\analytic\DX12_three_a090_020_040_perm120_mode5_front.stdout.txt"	"D:\HTC\avboit\The-Forge\LocalVisualResults\P2_6R_DirectionClosure_20260628T054228Z\analytic\DX12_three_a090_020_040_perm120_mode5_front.stderr.txt"
"DX12_three_a090_020_040_perm201_mode5_legacy"	"APP_EXITED_ZERO_CAPTURED"	"True"	"173708"	"unreported"	"1740"	"D:\HTC\avboit\The-Forge\Examples_3\Unit_Tests\PC Visual Studio 2019\x64\Release\15_Transparency"	"D:\HTC\avboit\The-Forge\Examples_3\Unit_Tests\PC Visual Studio 2019\x64\Release\15_Transparency\15_Transparency.exe --d3d12 --transparency-mode=5 --avboit-auto-capture --avboit-capture-hide-ui --avboit-capture-frame=60 --avboit-fixed-delta=0.0166666667 --avboit-random-seed=1337 --avboit-output-dir=D:\HTC\avboit\The-Forge\LocalVisualResults\P2_6R_DirectionClosure_20260628T054228Z\analytic --avboit-commit-sha=fd47644c --avboit-test-scene=three_layer --avboit-test-case=three_a090_020_040 --avboit-submit-order=perm201 --avboit-transmittance-direction=legacy --avboit-bootstrap-log-dir=D:\HTC\avboit\The-Forge\LocalVisualResults\P2_6R_DirectionClosure_20260628T054228Z\analytic\bootstrap"	"1"	"D:\HTC\avboit\The-Forge\LocalVisualResults\P2_6R_DirectionClosure_20260628T054228Z\analytic\DX12_Mode5_1920x1080_Debug0_Dirlegacy_Mul1.0_Frame60_fd47644c_Scenethree_layer_Casethree_a090_020_040_Orderperm201_Layerall.png"	"D:\HTC\avboit\The-Forge\LocalVisualResults\P2_6R_DirectionClosure_20260628T054228Z\analytic\bootstrap\avboit_bootstrap_20260628T134549_173708.log"	"D:\HTC\avboit\The-Forge\LocalVisualResults\P2_6R_DirectionClosure_20260628T054228Z\analytic\DX12_three_a090_020_040_perm201_mode5_legacy.stdout.txt"	"D:\HTC\avboit\The-Forge\LocalVisualResults\P2_6R_DirectionClosure_20260628T054228Z\analytic\DX12_three_a090_020_040_perm201_mode5_legacy.stderr.txt"
"DX12_three_a090_020_040_perm201_mode5_front"	"APP_EXITED_ZERO_CAPTURED"	"True"	"175180"	"unreported"	"1764"	"D:\HTC\avboit\The-Forge\Examples_3\Unit_Tests\PC Visual Studio 2019\x64\Release\15_Transparency"	"D:\HTC\avboit\The-Forge\Examples_3\Unit_Tests\PC Visual Studio 2019\x64\Release\15_Transparency\15_Transparency.exe --d3d12 --transparency-mode=5 --avboit-auto-capture --avboit-capture-hide-ui --avboit-capture-frame=60 --avboit-fixed-delta=0.0166666667 --avboit-random-seed=1337 --avboit-output-dir=D:\HTC\avboit\The-Forge\LocalVisualResults\P2_6R_DirectionClosure_20260628T054228Z\analytic --avboit-commit-sha=fd47644c --avboit-test-scene=three_layer --avboit-test-case=three_a090_020_040 --avboit-submit-order=perm201 --avboit-transmittance-direction=front --avboit-bootstrap-log-dir=D:\HTC\avboit\The-Forge\LocalVisualResults\P2_6R_DirectionClosure_20260628T054228Z\analytic\bootstrap"	"1"	"D:\HTC\avboit\The-Forge\LocalVisualResults\P2_6R_DirectionClosure_20260628T054228Z\analytic\DX12_Mode5_1920x1080_Debug0_Dirfront_Mul1.0_Frame60_fd47644c_Scenethree_layer_Casethree_a090_020_040_Orderperm201_Layerall.png"	"D:\HTC\avboit\The-Forge\LocalVisualResults\P2_6R_DirectionClosure_20260628T054228Z\analytic\bootstrap\avboit_bootstrap_20260628T134550_175180.log"	"D:\HTC\avboit\The-Forge\LocalVisualResults\P2_6R_DirectionClosure_20260628T054228Z\analytic\DX12_three_a090_020_040_perm201_mode5_front.stdout.txt"	"D:\HTC\avboit\The-Forge\LocalVisualResults\P2_6R_DirectionClosure_20260628T054228Z\analytic\DX12_three_a090_020_040_perm201_mode5_front.stderr.txt"
"DX12_three_a090_020_040_perm210_mode5_legacy"	"APP_EXITED_ZERO_CAPTURED"	"True"	"170204"	"unreported"	"1755"	"D:\HTC\avboit\The-Forge\Examples_3\Unit_Tests\PC Visual Studio 2019\x64\Release\15_Transparency"	"D:\HTC\avboit\The-Forge\Examples_3\Unit_Tests\PC Visual Studio 2019\x64\Release\15_Transparency\15_Transparency.exe --d3d12 --transparency-mode=5 --avboit-auto-capture --avboit-capture-hide-ui --avboit-capture-frame=60 --avboit-fixed-delta=0.0166666667 --avboit-random-seed=1337 --avboit-output-dir=D:\HTC\avboit\The-Forge\LocalVisualResults\P2_6R_DirectionClosure_20260628T054228Z\analytic --avboit-commit-sha=fd47644c --avboit-test-scene=three_layer --avboit-test-case=three_a090_020_040 --avboit-submit-order=perm210 --avboit-transmittance-direction=legacy --avboit-bootstrap-log-dir=D:\HTC\avboit\The-Forge\LocalVisualResults\P2_6R_DirectionClosure_20260628T054228Z\analytic\bootstrap"	"1"	"D:\HTC\avboit\The-Forge\LocalVisualResults\P2_6R_DirectionClosure_20260628T054228Z\analytic\DX12_Mode5_1920x1080_Debug0_Dirlegacy_Mul1.0_Frame60_fd47644c_Scenethree_layer_Casethree_a090_020_040_Orderperm210_Layerall.png"	"D:\HTC\avboit\The-Forge\LocalVisualResults\P2_6R_DirectionClosure_20260628T054228Z\analytic\bootstrap\avboit_bootstrap_20260628T134552_170204.log"	"D:\HTC\avboit\The-Forge\LocalVisualResults\P2_6R_DirectionClosure_20260628T054228Z\analytic\DX12_three_a090_020_040_perm210_mode5_legacy.stdout.txt"	"D:\HTC\avboit\The-Forge\LocalVisualResults\P2_6R_DirectionClosure_20260628T054228Z\analytic\DX12_three_a090_020_040_perm210_mode5_legacy.stderr.txt"
"DX12_three_a090_020_040_perm210_mode5_front"	"APP_EXITED_ZERO_CAPTURED"	"True"	"173476"	"unreported"	"1787"	"D:\HTC\avboit\The-Forge\Examples_3\Unit_Tests\PC Visual Studio 2019\x64\Release\15_Transparency"	"D:\HTC\avboit\The-Forge\Examples_3\Unit_Tests\PC Visual Studio 2019\x64\Release\15_Transparency\15_Transparency.exe --d3d12 --transparency-mode=5 --avboit-auto-capture --avboit-capture-hide-ui --avboit-capture-frame=60 --avboit-fixed-delta=0.0166666667 --avboit-random-seed=1337 --avboit-output-dir=D:\HTC\avboit\The-Forge\LocalVisualResults\P2_6R_DirectionClosure_20260628T054228Z\analytic --avboit-commit-sha=fd47644c --avboit-test-scene=three_layer --avboit-test-case=three_a090_020_040 --avboit-submit-order=perm210 --avboit-transmittance-direction=front --avboit-bootstrap-log-dir=D:\HTC\avboit\The-Forge\LocalVisualResults\P2_6R_DirectionClosure_20260628T054228Z\analytic\bootstrap"	"1"	"D:\HTC\avboit\The-Forge\LocalVisualResults\P2_6R_DirectionClosure_20260628T054228Z\analytic\DX12_Mode5_1920x1080_Debug0_Dirfront_Mul1.0_Frame60_fd47644c_Scenethree_layer_Casethree_a090_020_040_Orderperm210_Layerall.png"	"D:\HTC\avboit\The-Forge\LocalVisualResults\P2_6R_DirectionClosure_20260628T054228Z\analytic\bootstrap\avboit_bootstrap_20260628T134554_173476.log"	"D:\HTC\avboit\The-Forge\LocalVisualResults\P2_6R_DirectionClosure_20260628T054228Z\analytic\DX12_three_a090_020_040_perm210_mode5_front.stdout.txt"	"D:\HTC\avboit\The-Forge\LocalVisualResults\P2_6R_DirectionClosure_20260628T054228Z\analytic\DX12_three_a090_020_040_perm210_mode5_front.stderr.txt"
"DX12_three_a090_020_040_coverage_layerall"	"APP_EXITED_ZERO_CAPTURED"	"True"	"172136"	"unreported"	"1631"	"D:\HTC\avboit\The-Forge\Examples_3\Unit_Tests\PC Visual Studio 2019\x64\Release\15_Transparency"	"D:\HTC\avboit\The-Forge\Examples_3\Unit_Tests\PC Visual Studio 2019\x64\Release\15_Transparency\15_Transparency.exe --d3d12 --transparency-mode=5 --avboit-debug-view=2 --avboit-auto-capture --avboit-capture-hide-ui --avboit-capture-frame=60 --avboit-fixed-delta=0.0166666667 --avboit-random-seed=1337 --avboit-output-dir=D:\HTC\avboit\The-Forge\LocalVisualResults\P2_6R_DirectionClosure_20260628T054228Z\analytic --avboit-commit-sha=fd47644c --avboit-test-scene=three_layer --avboit-test-case=three_a090_020_040 --avboit-analytic-layer-filter=all --avboit-bootstrap-log-dir=D:\HTC\avboit\The-Forge\LocalVisualResults\P2_6R_DirectionClosure_20260628T054228Z\analytic\bootstrap"	"1"	"D:\HTC\avboit\The-Forge\LocalVisualResults\P2_6R_DirectionClosure_20260628T054228Z\analytic\DX12_Mode5_1920x1080_Debug2_Dirlegacy_Mul1.0_Frame60_fd47644c_Scenethree_layer_Casethree_a090_020_040_Ordernormal_Layerall.png"	"D:\HTC\avboit\The-Forge\LocalVisualResults\P2_6R_DirectionClosure_20260628T054228Z\analytic\bootstrap\avboit_bootstrap_20260628T134556_172136.log"	"D:\HTC\avboit\The-Forge\LocalVisualResults\P2_6R_DirectionClosure_20260628T054228Z\analytic\DX12_three_a090_020_040_coverage_layerall.stdout.txt"	"D:\HTC\avboit\The-Forge\LocalVisualResults\P2_6R_DirectionClosure_20260628T054228Z\analytic\DX12_three_a090_020_040_coverage_layerall.stderr.txt"
"DX12_three_a090_020_040_coverage_layer0"	"APP_EXITED_ZERO_CAPTURED"	"True"	"154644"	"unreported"	"1640"	"D:\HTC\avboit\The-Forge\Examples_3\Unit_Tests\PC Visual Studio 2019\x64\Release\15_Transparency"	"D:\HTC\avboit\The-Forge\Examples_3\Unit_Tests\PC Visual Studio 2019\x64\Release\15_Transparency\15_Transparency.exe --d3d12 --transparency-mode=5 --avboit-debug-view=2 --avboit-auto-capture --avboit-capture-hide-ui --avboit-capture-frame=60 --avboit-fixed-delta=0.0166666667 --avboit-random-seed=1337 --avboit-output-dir=D:\HTC\avboit\The-Forge\LocalVisualResults\P2_6R_DirectionClosure_20260628T054228Z\analytic --avboit-commit-sha=fd47644c --avboit-test-scene=three_layer --avboit-test-case=three_a090_020_040 --avboit-analytic-layer-filter=0 --avboit-bootstrap-log-dir=D:\HTC\avboit\The-Forge\LocalVisualResults\P2_6R_DirectionClosure_20260628T054228Z\analytic\bootstrap"	"1"	"D:\HTC\avboit\The-Forge\LocalVisualResults\P2_6R_DirectionClosure_20260628T054228Z\analytic\DX12_Mode5_1920x1080_Debug2_Dirlegacy_Mul1.0_Frame60_fd47644c_Scenethree_layer_Casethree_a090_020_040_Ordernormal_Layer0.png"	"D:\HTC\avboit\The-Forge\LocalVisualResults\P2_6R_DirectionClosure_20260628T054228Z\analytic\bootstrap\avboit_bootstrap_20260628T134557_154644.log"	"D:\HTC\avboit\The-Forge\LocalVisualResults\P2_6R_DirectionClosure_20260628T054228Z\analytic\DX12_three_a090_020_040_coverage_layer0.stdout.txt"	"D:\HTC\avboit\The-Forge\LocalVisualResults\P2_6R_DirectionClosure_20260628T054228Z\analytic\DX12_three_a090_020_040_coverage_layer0.stderr.txt"
"DX12_three_a090_020_040_coverage_layer1"	"APP_EXITED_ZERO_CAPTURED"	"True"	"174984"	"unreported"	"1649"	"D:\HTC\avboit\The-Forge\Examples_3\Unit_Tests\PC Visual Studio 2019\x64\Release\15_Transparency"	"D:\HTC\avboit\The-Forge\Examples_3\Unit_Tests\PC Visual Studio 2019\x64\Release\15_Transparency\15_Transparency.exe --d3d12 --transparency-mode=5 --avboit-debug-view=2 --avboit-auto-capture --avboit-capture-hide-ui --avboit-capture-frame=60 --avboit-fixed-delta=0.0166666667 --avboit-random-seed=1337 --avboit-output-dir=D:\HTC\avboit\The-Forge\LocalVisualResults\P2_6R_DirectionClosure_20260628T054228Z\analytic --avboit-commit-sha=fd47644c --avboit-test-scene=three_layer --avboit-test-case=three_a090_020_040 --avboit-analytic-layer-filter=1 --avboit-bootstrap-log-dir=D:\HTC\avboit\The-Forge\LocalVisualResults\P2_6R_DirectionClosure_20260628T054228Z\analytic\bootstrap"	"1"	"D:\HTC\avboit\The-Forge\LocalVisualResults\P2_6R_DirectionClosure_20260628T054228Z\analytic\DX12_Mode5_1920x1080_Debug2_Dirlegacy_Mul1.0_Frame60_fd47644c_Scenethree_layer_Casethree_a090_020_040_Ordernormal_Layer1.png"	"D:\HTC\avboit\The-Forge\LocalVisualResults\P2_6R_DirectionClosure_20260628T054228Z\analytic\bootstrap\avboit_bootstrap_20260628T134559_174984.log"	"D:\HTC\avboit\The-Forge\LocalVisualResults\P2_6R_DirectionClosure_20260628T054228Z\analytic\DX12_three_a090_020_040_coverage_layer1.stdout.txt"	"D:\HTC\avboit\The-Forge\LocalVisualResults\P2_6R_DirectionClosure_20260628T054228Z\analytic\DX12_three_a090_020_040_coverage_layer1.stderr.txt"
"DX12_three_a090_020_040_coverage_layer2"	"APP_EXITED_ZERO_CAPTURED"	"True"	"176056"	"unreported"	"1683"	"D:\HTC\avboit\The-Forge\Examples_3\Unit_Tests\PC Visual Studio 2019\x64\Release\15_Transparency"	"D:\HTC\avboit\The-Forge\Examples_3\Unit_Tests\PC Visual Studio 2019\x64\Release\15_Transparency\15_Transparency.exe --d3d12 --transparency-mode=5 --avboit-debug-view=2 --avboit-auto-capture --avboit-capture-hide-ui --avboit-capture-frame=60 --avboit-fixed-delta=0.0166666667 --avboit-random-seed=1337 --avboit-output-dir=D:\HTC\avboit\The-Forge\LocalVisualResults\P2_6R_DirectionClosure_20260628T054228Z\analytic --avboit-commit-sha=fd47644c --avboit-test-scene=three_layer --avboit-test-case=three_a090_020_040 --avboit-analytic-layer-filter=2 --avboit-bootstrap-log-dir=D:\HTC\avboit\The-Forge\LocalVisualResults\P2_6R_DirectionClosure_20260628T054228Z\analytic\bootstrap"	"1"	"D:\HTC\avboit\The-Forge\LocalVisualResults\P2_6R_DirectionClosure_20260628T054228Z\analytic\DX12_Mode5_1920x1080_Debug2_Dirlegacy_Mul1.0_Frame60_fd47644c_Scenethree_layer_Casethree_a090_020_040_Ordernormal_Layer2.png"	"D:\HTC\avboit\The-Forge\LocalVisualResults\P2_6R_DirectionClosure_20260628T054228Z\analytic\bootstrap\avboit_bootstrap_20260628T134601_176056.log"	"D:\HTC\avboit\The-Forge\LocalVisualResults\P2_6R_DirectionClosure_20260628T054228Z\analytic\DX12_three_a090_020_040_coverage_layer2.stdout.txt"	"D:\HTC\avboit\The-Forge\LocalVisualResults\P2_6R_DirectionClosure_20260628T054228Z\analytic\DX12_three_a090_020_040_coverage_layer2.stderr.txt"
"DX12_same_a050_050_mode0_reference"	"APP_EXITED_ZERO_CAPTURED"	"True"	"178000"	"unreported"	"1779"	"D:\HTC\avboit\The-Forge\Examples_3\Unit_Tests\PC Visual Studio 2019\x64\Release\15_Transparency"	"D:\HTC\avboit\The-Forge\Examples_3\Unit_Tests\PC Visual Studio 2019\x64\Release\15_Transparency\15_Transparency.exe --d3d12 --transparency-mode=0 --avboit-auto-capture --avboit-capture-hide-ui --avboit-capture-frame=60 --avboit-fixed-delta=0.0166666667 --avboit-random-seed=1337 --avboit-output-dir=D:\HTC\avboit\The-Forge\LocalVisualResults\P2_6R_DirectionClosure_20260628T054228Z\analytic --avboit-commit-sha=fd47644c --avboit-test-scene=same_slice --avboit-test-case=same_a050_050 --avboit-submit-order=normal --avboit-bootstrap-log-dir=D:\HTC\avboit\The-Forge\LocalVisualResults\P2_6R_DirectionClosure_20260628T054228Z\analytic\bootstrap"	"1"	"D:\HTC\avboit\The-Forge\LocalVisualResults\P2_6R_DirectionClosure_20260628T054228Z\analytic\DX12_Mode0_1920x1080_Frame60_fd47644c_Scenesame_slice_Casesame_a050_050_Ordernormal_Layerall.png"	"D:\HTC\avboit\The-Forge\LocalVisualResults\P2_6R_DirectionClosure_20260628T054228Z\analytic\bootstrap\avboit_bootstrap_20260628T134602_178000.log"	"D:\HTC\avboit\The-Forge\LocalVisualResults\P2_6R_DirectionClosure_20260628T054228Z\analytic\DX12_same_a050_050_mode0_reference.stdout.txt"	"D:\HTC\avboit\The-Forge\LocalVisualResults\P2_6R_DirectionClosure_20260628T054228Z\analytic\DX12_same_a050_050_mode0_reference.stderr.txt"
"DX12_same_a050_050_normal_mode5_legacy"	"APP_EXITED_ZERO_CAPTURED"	"True"	"177488"	"unreported"	"1762"	"D:\HTC\avboit\The-Forge\Examples_3\Unit_Tests\PC Visual Studio 2019\x64\Release\15_Transparency"	"D:\HTC\avboit\The-Forge\Examples_3\Unit_Tests\PC Visual Studio 2019\x64\Release\15_Transparency\15_Transparency.exe --d3d12 --transparency-mode=5 --avboit-auto-capture --avboit-capture-hide-ui --avboit-capture-frame=60 --avboit-fixed-delta=0.0166666667 --avboit-random-seed=1337 --avboit-output-dir=D:\HTC\avboit\The-Forge\LocalVisualResults\P2_6R_DirectionClosure_20260628T054228Z\analytic --avboit-commit-sha=fd47644c --avboit-test-scene=same_slice --avboit-test-case=same_a050_050 --avboit-submit-order=normal --avboit-transmittance-direction=legacy --avboit-bootstrap-log-dir=D:\HTC\avboit\The-Forge\LocalVisualResults\P2_6R_DirectionClosure_20260628T054228Z\analytic\bootstrap"	"1"	"D:\HTC\avboit\The-Forge\LocalVisualResults\P2_6R_DirectionClosure_20260628T054228Z\analytic\DX12_Mode5_1920x1080_Debug0_Dirlegacy_Mul1.0_Frame60_fd47644c_Scenesame_slice_Casesame_a050_050_Ordernormal_Layerall.png"	"D:\HTC\avboit\The-Forge\LocalVisualResults\P2_6R_DirectionClosure_20260628T054228Z\analytic\bootstrap\avboit_bootstrap_20260628T134604_177488.log"	"D:\HTC\avboit\The-Forge\LocalVisualResults\P2_6R_DirectionClosure_20260628T054228Z\analytic\DX12_same_a050_050_normal_mode5_legacy.stdout.txt"	"D:\HTC\avboit\The-Forge\LocalVisualResults\P2_6R_DirectionClosure_20260628T054228Z\analytic\DX12_same_a050_050_normal_mode5_legacy.stderr.txt"
"DX12_same_a050_050_normal_mode5_front"	"APP_EXITED_ZERO_CAPTURED"	"True"	"176560"	"unreported"	"1769"	"D:\HTC\avboit\The-Forge\Examples_3\Unit_Tests\PC Visual Studio 2019\x64\Release\15_Transparency"	"D:\HTC\avboit\The-Forge\Examples_3\Unit_Tests\PC Visual Studio 2019\x64\Release\15_Transparency\15_Transparency.exe --d3d12 --transparency-mode=5 --avboit-auto-capture --avboit-capture-hide-ui --avboit-capture-frame=60 --avboit-fixed-delta=0.0166666667 --avboit-random-seed=1337 --avboit-output-dir=D:\HTC\avboit\The-Forge\LocalVisualResults\P2_6R_DirectionClosure_20260628T054228Z\analytic --avboit-commit-sha=fd47644c --avboit-test-scene=same_slice --avboit-test-case=same_a050_050 --avboit-submit-order=normal --avboit-transmittance-direction=front --avboit-bootstrap-log-dir=D:\HTC\avboit\The-Forge\LocalVisualResults\P2_6R_DirectionClosure_20260628T054228Z\analytic\bootstrap"	"1"	"D:\HTC\avboit\The-Forge\LocalVisualResults\P2_6R_DirectionClosure_20260628T054228Z\analytic\DX12_Mode5_1920x1080_Debug0_Dirfront_Mul1.0_Frame60_fd47644c_Scenesame_slice_Casesame_a050_050_Ordernormal_Layerall.png"	"D:\HTC\avboit\The-Forge\LocalVisualResults\P2_6R_DirectionClosure_20260628T054228Z\analytic\bootstrap\avboit_bootstrap_20260628T134606_176560.log"	"D:\HTC\avboit\The-Forge\LocalVisualResults\P2_6R_DirectionClosure_20260628T054228Z\analytic\DX12_same_a050_050_normal_mode5_front.stdout.txt"	"D:\HTC\avboit\The-Forge\LocalVisualResults\P2_6R_DirectionClosure_20260628T054228Z\analytic\DX12_same_a050_050_normal_mode5_front.stderr.txt"
"DX12_same_a050_050_reverse_mode5_legacy"	"APP_EXITED_ZERO_CAPTURED"	"True"	"173812"	"unreported"	"1749"	"D:\HTC\avboit\The-Forge\Examples_3\Unit_Tests\PC Visual Studio 2019\x64\Release\15_Transparency"	"D:\HTC\avboit\The-Forge\Examples_3\Unit_Tests\PC Visual Studio 2019\x64\Release\15_Transparency\15_Transparency.exe --d3d12 --transparency-mode=5 --avboit-auto-capture --avboit-capture-hide-ui --avboit-capture-frame=60 --avboit-fixed-delta=0.0166666667 --avboit-random-seed=1337 --avboit-output-dir=D:\HTC\avboit\The-Forge\LocalVisualResults\P2_6R_DirectionClosure_20260628T054228Z\analytic --avboit-commit-sha=fd47644c --avboit-test-scene=same_slice --avboit-test-case=same_a050_050 --avboit-submit-order=reverse --avboit-transmittance-direction=legacy --avboit-bootstrap-log-dir=D:\HTC\avboit\The-Forge\LocalVisualResults\P2_6R_DirectionClosure_20260628T054228Z\analytic\bootstrap"	"1"	"D:\HTC\avboit\The-Forge\LocalVisualResults\P2_6R_DirectionClosure_20260628T054228Z\analytic\DX12_Mode5_1920x1080_Debug0_Dirlegacy_Mul1.0_Frame60_fd47644c_Scenesame_slice_Casesame_a050_050_Orderreverse_Layerall.png"	"D:\HTC\avboit\The-Forge\LocalVisualResults\P2_6R_DirectionClosure_20260628T054228Z\analytic\bootstrap\avboit_bootstrap_20260628T134608_173812.log"	"D:\HTC\avboit\The-Forge\LocalVisualResults\P2_6R_DirectionClosure_20260628T054228Z\analytic\DX12_same_a050_050_reverse_mode5_legacy.stdout.txt"	"D:\HTC\avboit\The-Forge\LocalVisualResults\P2_6R_DirectionClosure_20260628T054228Z\analytic\DX12_same_a050_050_reverse_mode5_legacy.stderr.txt"
"DX12_same_a050_050_reverse_mode5_front"	"APP_EXITED_ZERO_CAPTURED"	"True"	"173476"	"unreported"	"1755"	"D:\HTC\avboit\The-Forge\Examples_3\Unit_Tests\PC Visual Studio 2019\x64\Release\15_Transparency"	"D:\HTC\avboit\The-Forge\Examples_3\Unit_Tests\PC Visual Studio 2019\x64\Release\15_Transparency\15_Transparency.exe --d3d12 --transparency-mode=5 --avboit-auto-capture --avboit-capture-hide-ui --avboit-capture-frame=60 --avboit-fixed-delta=0.0166666667 --avboit-random-seed=1337 --avboit-output-dir=D:\HTC\avboit\The-Forge\LocalVisualResults\P2_6R_DirectionClosure_20260628T054228Z\analytic --avboit-commit-sha=fd47644c --avboit-test-scene=same_slice --avboit-test-case=same_a050_050 --avboit-submit-order=reverse --avboit-transmittance-direction=front --avboit-bootstrap-log-dir=D:\HTC\avboit\The-Forge\LocalVisualResults\P2_6R_DirectionClosure_20260628T054228Z\analytic\bootstrap"	"1"	"D:\HTC\avboit\The-Forge\LocalVisualResults\P2_6R_DirectionClosure_20260628T054228Z\analytic\DX12_Mode5_1920x1080_Debug0_Dirfront_Mul1.0_Frame60_fd47644c_Scenesame_slice_Casesame_a050_050_Orderreverse_Layerall.png"	"D:\HTC\avboit\The-Forge\LocalVisualResults\P2_6R_DirectionClosure_20260628T054228Z\analytic\bootstrap\avboit_bootstrap_20260628T134609_173476.log"	"D:\HTC\avboit\The-Forge\LocalVisualResults\P2_6R_DirectionClosure_20260628T054228Z\analytic\DX12_same_a050_050_reverse_mode5_front.stdout.txt"	"D:\HTC\avboit\The-Forge\LocalVisualResults\P2_6R_DirectionClosure_20260628T054228Z\analytic\DX12_same_a050_050_reverse_mode5_front.stderr.txt"
"DX12_same_three_a020_060_080_mode0_reference"	"APP_EXITED_ZERO_CAPTURED"	"True"	"167268"	"unreported"	"1786"	"D:\HTC\avboit\The-Forge\Examples_3\Unit_Tests\PC Visual Studio 2019\x64\Release\15_Transparency"	"D:\HTC\avboit\The-Forge\Examples_3\Unit_Tests\PC Visual Studio 2019\x64\Release\15_Transparency\15_Transparency.exe --d3d12 --transparency-mode=0 --avboit-auto-capture --avboit-capture-hide-ui --avboit-capture-frame=60 --avboit-fixed-delta=0.0166666667 --avboit-random-seed=1337 --avboit-output-dir=D:\HTC\avboit\The-Forge\LocalVisualResults\P2_6R_DirectionClosure_20260628T054228Z\analytic --avboit-commit-sha=fd47644c --avboit-test-scene=same_slice --avboit-test-case=same_three_a020_060_080 --avboit-submit-order=normal --avboit-bootstrap-log-dir=D:\HTC\avboit\The-Forge\LocalVisualResults\P2_6R_DirectionClosure_20260628T054228Z\analytic\bootstrap"	"1"	"D:\HTC\avboit\The-Forge\LocalVisualResults\P2_6R_DirectionClosure_20260628T054228Z\analytic\DX12_Mode0_1920x1080_Frame60_fd47644c_Scenesame_slice_Casesame_three_a020_060_080_Ordernormal_Layerall.png"	"D:\HTC\avboit\The-Forge\LocalVisualResults\P2_6R_DirectionClosure_20260628T054228Z\analytic\bootstrap\avboit_bootstrap_20260628T134611_167268.log"	"D:\HTC\avboit\The-Forge\LocalVisualResults\P2_6R_DirectionClosure_20260628T054228Z\analytic\DX12_same_three_a020_060_080_mode0_reference.stdout.txt"	"D:\HTC\avboit\The-Forge\LocalVisualResults\P2_6R_DirectionClosure_20260628T054228Z\analytic\DX12_same_three_a020_060_080_mode0_reference.stderr.txt"
"DX12_same_three_a020_060_080_perm012_mode5_legacy"	"APP_EXITED_ZERO_CAPTURED"	"True"	"172368"	"unreported"	"1731"	"D:\HTC\avboit\The-Forge\Examples_3\Unit_Tests\PC Visual Studio 2019\x64\Release\15_Transparency"	"D:\HTC\avboit\The-Forge\Examples_3\Unit_Tests\PC Visual Studio 2019\x64\Release\15_Transparency\15_Transparency.exe --d3d12 --transparency-mode=5 --avboit-auto-capture --avboit-capture-hide-ui --avboit-capture-frame=60 --avboit-fixed-delta=0.0166666667 --avboit-random-seed=1337 --avboit-output-dir=D:\HTC\avboit\The-Forge\LocalVisualResults\P2_6R_DirectionClosure_20260628T054228Z\analytic --avboit-commit-sha=fd47644c --avboit-test-scene=same_slice --avboit-test-case=same_three_a020_060_080 --avboit-submit-order=perm012 --avboit-transmittance-direction=legacy --avboit-bootstrap-log-dir=D:\HTC\avboit\The-Forge\LocalVisualResults\P2_6R_DirectionClosure_20260628T054228Z\analytic\bootstrap"	"1"	"D:\HTC\avboit\The-Forge\LocalVisualResults\P2_6R_DirectionClosure_20260628T054228Z\analytic\DX12_Mode5_1920x1080_Debug0_Dirlegacy_Mul1.0_Frame60_fd47644c_Scenesame_slice_Casesame_three_a020_060_080_Orderperm012_Layerall.png"	"D:\HTC\avboit\The-Forge\LocalVisualResults\P2_6R_DirectionClosure_20260628T054228Z\analytic\bootstrap\avboit_bootstrap_20260628T134613_172368.log"	"D:\HTC\avboit\The-Forge\LocalVisualResults\P2_6R_DirectionClosure_20260628T054228Z\analytic\DX12_same_three_a020_060_080_perm012_mode5_legacy.stdout.txt"	"D:\HTC\avboit\The-Forge\LocalVisualResults\P2_6R_DirectionClosure_20260628T054228Z\analytic\DX12_same_three_a020_060_080_perm012_mode5_legacy.stderr.txt"
"DX12_same_three_a020_060_080_perm012_mode5_front"	"APP_EXITED_ZERO_CAPTURED"	"True"	"174624"	"unreported"	"1753"	"D:\HTC\avboit\The-Forge\Examples_3\Unit_Tests\PC Visual Studio 2019\x64\Release\15_Transparency"	"D:\HTC\avboit\The-Forge\Examples_3\Unit_Tests\PC Visual Studio 2019\x64\Release\15_Transparency\15_Transparency.exe --d3d12 --transparency-mode=5 --avboit-auto-capture --avboit-capture-hide-ui --avboit-capture-frame=60 --avboit-fixed-delta=0.0166666667 --avboit-random-seed=1337 --avboit-output-dir=D:\HTC\avboit\The-Forge\LocalVisualResults\P2_6R_DirectionClosure_20260628T054228Z\analytic --avboit-commit-sha=fd47644c --avboit-test-scene=same_slice --avboit-test-case=same_three_a020_060_080 --avboit-submit-order=perm012 --avboit-transmittance-direction=front --avboit-bootstrap-log-dir=D:\HTC\avboit\The-Forge\LocalVisualResults\P2_6R_DirectionClosure_20260628T054228Z\analytic\bootstrap"	"1"	"D:\HTC\avboit\The-Forge\LocalVisualResults\P2_6R_DirectionClosure_20260628T054228Z\analytic\DX12_Mode5_1920x1080_Debug0_Dirfront_Mul1.0_Frame60_fd47644c_Scenesame_slice_Casesame_three_a020_060_080_Orderperm012_Layerall.png"	"D:\HTC\avboit\The-Forge\LocalVisualResults\P2_6R_DirectionClosure_20260628T054228Z\analytic\bootstrap\avboit_bootstrap_20260628T134615_174624.log"	"D:\HTC\avboit\The-Forge\LocalVisualResults\P2_6R_DirectionClosure_20260628T054228Z\analytic\DX12_same_three_a020_060_080_perm012_mode5_front.stdout.txt"	"D:\HTC\avboit\The-Forge\LocalVisualResults\P2_6R_DirectionClosure_20260628T054228Z\analytic\DX12_same_three_a020_060_080_perm012_mode5_front.stderr.txt"
"DX12_same_three_a020_060_080_perm021_mode5_legacy"	"APP_EXITED_ZERO_CAPTURED"	"True"	"175720"	"unreported"	"1761"	"D:\HTC\avboit\The-Forge\Examples_3\Unit_Tests\PC Visual Studio 2019\x64\Release\15_Transparency"	"D:\HTC\avboit\The-Forge\Examples_3\Unit_Tests\PC Visual Studio 2019\x64\Release\15_Transparency\15_Transparency.exe --d3d12 --transparency-mode=5 --avboit-auto-capture --avboit-capture-hide-ui --avboit-capture-frame=60 --avboit-fixed-delta=0.0166666667 --avboit-random-seed=1337 --avboit-output-dir=D:\HTC\avboit\The-Forge\LocalVisualResults\P2_6R_DirectionClosure_20260628T054228Z\analytic --avboit-commit-sha=fd47644c --avboit-test-scene=same_slice --avboit-test-case=same_three_a020_060_080 --avboit-submit-order=perm021 --avboit-transmittance-direction=legacy --avboit-bootstrap-log-dir=D:\HTC\avboit\The-Forge\LocalVisualResults\P2_6R_DirectionClosure_20260628T054228Z\analytic\bootstrap"	"1"	"D:\HTC\avboit\The-Forge\LocalVisualResults\P2_6R_DirectionClosure_20260628T054228Z\analytic\DX12_Mode5_1920x1080_Debug0_Dirlegacy_Mul1.0_Frame60_fd47644c_Scenesame_slice_Casesame_three_a020_060_080_Orderperm021_Layerall.png"	"D:\HTC\avboit\The-Forge\LocalVisualResults\P2_6R_DirectionClosure_20260628T054228Z\analytic\bootstrap\avboit_bootstrap_20260628T134616_175720.log"	"D:\HTC\avboit\The-Forge\LocalVisualResults\P2_6R_DirectionClosure_20260628T054228Z\analytic\DX12_same_three_a020_060_080_perm021_mode5_legacy.stdout.txt"	"D:\HTC\avboit\The-Forge\LocalVisualResults\P2_6R_DirectionClosure_20260628T054228Z\analytic\DX12_same_three_a020_060_080_perm021_mode5_legacy.stderr.txt"
"DX12_same_three_a020_060_080_perm021_mode5_front"	"APP_EXITED_ZERO_CAPTURED"	"True"	"172452"	"unreported"	"1764"	"D:\HTC\avboit\The-Forge\Examples_3\Unit_Tests\PC Visual Studio 2019\x64\Release\15_Transparency"	"D:\HTC\avboit\The-Forge\Examples_3\Unit_Tests\PC Visual Studio 2019\x64\Release\15_Transparency\15_Transparency.exe --d3d12 --transparency-mode=5 --avboit-auto-capture --avboit-capture-hide-ui --avboit-capture-frame=60 --avboit-fixed-delta=0.0166666667 --avboit-random-seed=1337 --avboit-output-dir=D:\HTC\avboit\The-Forge\LocalVisualResults\P2_6R_DirectionClosure_20260628T054228Z\analytic --avboit-commit-sha=fd47644c --avboit-test-scene=same_slice --avboit-test-case=same_three_a020_060_080 --avboit-submit-order=perm021 --avboit-transmittance-direction=front --avboit-bootstrap-log-dir=D:\HTC\avboit\The-Forge\LocalVisualResults\P2_6R_DirectionClosure_20260628T054228Z\analytic\bootstrap"	"1"	"D:\HTC\avboit\The-Forge\LocalVisualResults\P2_6R_DirectionClosure_20260628T054228Z\analytic\DX12_Mode5_1920x1080_Debug0_Dirfront_Mul1.0_Frame60_fd47644c_Scenesame_slice_Casesame_three_a020_060_080_Orderperm021_Layerall.png"	"D:\HTC\avboit\The-Forge\LocalVisualResults\P2_6R_DirectionClosure_20260628T054228Z\analytic\bootstrap\avboit_bootstrap_20260628T134618_172452.log"	"D:\HTC\avboit\The-Forge\LocalVisualResults\P2_6R_DirectionClosure_20260628T054228Z\analytic\DX12_same_three_a020_060_080_perm021_mode5_front.stdout.txt"	"D:\HTC\avboit\The-Forge\LocalVisualResults\P2_6R_DirectionClosure_20260628T054228Z\analytic\DX12_same_three_a020_060_080_perm021_mode5_front.stderr.txt"
"DX12_same_three_a020_060_080_perm102_mode5_legacy"	"APP_EXITED_ZERO_CAPTURED"	"True"	"175732"	"unreported"	"1763"	"D:\HTC\avboit\The-Forge\Examples_3\Unit_Tests\PC Visual Studio 2019\x64\Release\15_Transparency"	"D:\HTC\avboit\The-Forge\Examples_3\Unit_Tests\PC Visual Studio 2019\x64\Release\15_Transparency\15_Transparency.exe --d3d12 --transparency-mode=5 --avboit-auto-capture --avboit-capture-hide-ui --avboit-capture-frame=60 --avboit-fixed-delta=0.0166666667 --avboit-random-seed=1337 --avboit-output-dir=D:\HTC\avboit\The-Forge\LocalVisualResults\P2_6R_DirectionClosure_20260628T054228Z\analytic --avboit-commit-sha=fd47644c --avboit-test-scene=same_slice --avboit-test-case=same_three_a020_060_080 --avboit-submit-order=perm102 --avboit-transmittance-direction=legacy --avboit-bootstrap-log-dir=D:\HTC\avboit\The-Forge\LocalVisualResults\P2_6R_DirectionClosure_20260628T054228Z\analytic\bootstrap"	"1"	"D:\HTC\avboit\The-Forge\LocalVisualResults\P2_6R_DirectionClosure_20260628T054228Z\analytic\DX12_Mode5_1920x1080_Debug0_Dirlegacy_Mul1.0_Frame60_fd47644c_Scenesame_slice_Casesame_three_a020_060_080_Orderperm102_Layerall.png"	"D:\HTC\avboit\The-Forge\LocalVisualResults\P2_6R_DirectionClosure_20260628T054228Z\analytic\bootstrap\avboit_bootstrap_20260628T134620_175732.log"	"D:\HTC\avboit\The-Forge\LocalVisualResults\P2_6R_DirectionClosure_20260628T054228Z\analytic\DX12_same_three_a020_060_080_perm102_mode5_legacy.stdout.txt"	"D:\HTC\avboit\The-Forge\LocalVisualResults\P2_6R_DirectionClosure_20260628T054228Z\analytic\DX12_same_three_a020_060_080_perm102_mode5_legacy.stderr.txt"
"DX12_same_three_a020_060_080_perm102_mode5_front"	"APP_EXITED_ZERO_CAPTURED"	"True"	"175676"	"unreported"	"1737"	"D:\HTC\avboit\The-Forge\Examples_3\Unit_Tests\PC Visual Studio 2019\x64\Release\15_Transparency"	"D:\HTC\avboit\The-Forge\Examples_3\Unit_Tests\PC Visual Studio 2019\x64\Release\15_Transparency\15_Transparency.exe --d3d12 --transparency-mode=5 --avboit-auto-capture --avboit-capture-hide-ui --avboit-capture-frame=60 --avboit-fixed-delta=0.0166666667 --avboit-random-seed=1337 --avboit-output-dir=D:\HTC\avboit\The-Forge\LocalVisualResults\P2_6R_DirectionClosure_20260628T054228Z\analytic --avboit-commit-sha=fd47644c --avboit-test-scene=same_slice --avboit-test-case=same_three_a020_060_080 --avboit-submit-order=perm102 --avboit-transmittance-direction=front --avboit-bootstrap-log-dir=D:\HTC\avboit\The-Forge\LocalVisualResults\P2_6R_DirectionClosure_20260628T054228Z\analytic\bootstrap"	"1"	"D:\HTC\avboit\The-Forge\LocalVisualResults\P2_6R_DirectionClosure_20260628T054228Z\analytic\DX12_Mode5_1920x1080_Debug0_Dirfront_Mul1.0_Frame60_fd47644c_Scenesame_slice_Casesame_three_a020_060_080_Orderperm102_Layerall.png"	"D:\HTC\avboit\The-Forge\LocalVisualResults\P2_6R_DirectionClosure_20260628T054228Z\analytic\bootstrap\avboit_bootstrap_20260628T134622_175676.log"	"D:\HTC\avboit\The-Forge\LocalVisualResults\P2_6R_DirectionClosure_20260628T054228Z\analytic\DX12_same_three_a020_060_080_perm102_mode5_front.stdout.txt"	"D:\HTC\avboit\The-Forge\LocalVisualResults\P2_6R_DirectionClosure_20260628T054228Z\analytic\DX12_same_three_a020_060_080_perm102_mode5_front.stderr.txt"
"DX12_same_three_a020_060_080_perm120_mode5_legacy"	"APP_EXITED_ZERO_CAPTURED"	"True"	"166836"	"unreported"	"1741"	"D:\HTC\avboit\The-Forge\Examples_3\Unit_Tests\PC Visual Studio 2019\x64\Release\15_Transparency"	"D:\HTC\avboit\The-Forge\Examples_3\Unit_Tests\PC Visual Studio 2019\x64\Release\15_Transparency\15_Transparency.exe --d3d12 --transparency-mode=5 --avboit-auto-capture --avboit-capture-hide-ui --avboit-capture-frame=60 --avboit-fixed-delta=0.0166666667 --avboit-random-seed=1337 --avboit-output-dir=D:\HTC\avboit\The-Forge\LocalVisualResults\P2_6R_DirectionClosure_20260628T054228Z\analytic --avboit-commit-sha=fd47644c --avboit-test-scene=same_slice --avboit-test-case=same_three_a020_060_080 --avboit-submit-order=perm120 --avboit-transmittance-direction=legacy --avboit-bootstrap-log-dir=D:\HTC\avboit\The-Forge\LocalVisualResults\P2_6R_DirectionClosure_20260628T054228Z\analytic\bootstrap"	"1"	"D:\HTC\avboit\The-Forge\LocalVisualResults\P2_6R_DirectionClosure_20260628T054228Z\analytic\DX12_Mode5_1920x1080_Debug0_Dirlegacy_Mul1.0_Frame60_fd47644c_Scenesame_slice_Casesame_three_a020_060_080_Orderperm120_Layerall.png"	"D:\HTC\avboit\The-Forge\LocalVisualResults\P2_6R_DirectionClosure_20260628T054228Z\analytic\bootstrap\avboit_bootstrap_20260628T134624_166836.log"	"D:\HTC\avboit\The-Forge\LocalVisualResults\P2_6R_DirectionClosure_20260628T054228Z\analytic\DX12_same_three_a020_060_080_perm120_mode5_legacy.stdout.txt"	"D:\HTC\avboit\The-Forge\LocalVisualResults\P2_6R_DirectionClosure_20260628T054228Z\analytic\DX12_same_three_a020_060_080_perm120_mode5_legacy.stderr.txt"
"DX12_same_three_a020_060_080_perm120_mode5_front"	"APP_EXITED_ZERO_CAPTURED"	"True"	"173988"	"unreported"	"1735"	"D:\HTC\avboit\The-Forge\Examples_3\Unit_Tests\PC Visual Studio 2019\x64\Release\15_Transparency"	"D:\HTC\avboit\The-Forge\Examples_3\Unit_Tests\PC Visual Studio 2019\x64\Release\15_Transparency\15_Transparency.exe --d3d12 --transparency-mode=5 --avboit-auto-capture --avboit-capture-hide-ui --avboit-capture-frame=60 --avboit-fixed-delta=0.0166666667 --avboit-random-seed=1337 --avboit-output-dir=D:\HTC\avboit\The-Forge\LocalVisualResults\P2_6R_DirectionClosure_20260628T054228Z\analytic --avboit-commit-sha=fd47644c --avboit-test-scene=same_slice --avboit-test-case=same_three_a020_060_080 --avboit-submit-order=perm120 --avboit-transmittance-direction=front --avboit-bootstrap-log-dir=D:\HTC\avboit\The-Forge\LocalVisualResults\P2_6R_DirectionClosure_20260628T054228Z\analytic\bootstrap"	"1"	"D:\HTC\avboit\The-Forge\LocalVisualResults\P2_6R_DirectionClosure_20260628T054228Z\analytic\DX12_Mode5_1920x1080_Debug0_Dirfront_Mul1.0_Frame60_fd47644c_Scenesame_slice_Casesame_three_a020_060_080_Orderperm120_Layerall.png"	"D:\HTC\avboit\The-Forge\LocalVisualResults\P2_6R_DirectionClosure_20260628T054228Z\analytic\bootstrap\avboit_bootstrap_20260628T134625_173988.log"	"D:\HTC\avboit\The-Forge\LocalVisualResults\P2_6R_DirectionClosure_20260628T054228Z\analytic\DX12_same_three_a020_060_080_perm120_mode5_front.stdout.txt"	"D:\HTC\avboit\The-Forge\LocalVisualResults\P2_6R_DirectionClosure_20260628T054228Z\analytic\DX12_same_three_a020_060_080_perm120_mode5_front.stderr.txt"
"DX12_same_three_a020_060_080_perm201_mode5_legacy"	"APP_EXITED_ZERO_CAPTURED"	"True"	"174304"	"unreported"	"1749"	"D:\HTC\avboit\The-Forge\Examples_3\Unit_Tests\PC Visual Studio 2019\x64\Release\15_Transparency"	"D:\HTC\avboit\The-Forge\Examples_3\Unit_Tests\PC Visual Studio 2019\x64\Release\15_Transparency\15_Transparency.exe --d3d12 --transparency-mode=5 --avboit-auto-capture --avboit-capture-hide-ui --avboit-capture-frame=60 --avboit-fixed-delta=0.0166666667 --avboit-random-seed=1337 --avboit-output-dir=D:\HTC\avboit\The-Forge\LocalVisualResults\P2_6R_DirectionClosure_20260628T054228Z\analytic --avboit-commit-sha=fd47644c --avboit-test-scene=same_slice --avboit-test-case=same_three_a020_060_080 --avboit-submit-order=perm201 --avboit-transmittance-direction=legacy --avboit-bootstrap-log-dir=D:\HTC\avboit\The-Forge\LocalVisualResults\P2_6R_DirectionClosure_20260628T054228Z\analytic\bootstrap"	"1"	"D:\HTC\avboit\The-Forge\LocalVisualResults\P2_6R_DirectionClosure_20260628T054228Z\analytic\DX12_Mode5_1920x1080_Debug0_Dirlegacy_Mul1.0_Frame60_fd47644c_Scenesame_slice_Casesame_three_a020_060_080_Orderperm201_Layerall.png"	"D:\HTC\avboit\The-Forge\LocalVisualResults\P2_6R_DirectionClosure_20260628T054228Z\analytic\bootstrap\avboit_bootstrap_20260628T134627_174304.log"	"D:\HTC\avboit\The-Forge\LocalVisualResults\P2_6R_DirectionClosure_20260628T054228Z\analytic\DX12_same_three_a020_060_080_perm201_mode5_legacy.stdout.txt"	"D:\HTC\avboit\The-Forge\LocalVisualResults\P2_6R_DirectionClosure_20260628T054228Z\analytic\DX12_same_three_a020_060_080_perm201_mode5_legacy.stderr.txt"
"DX12_same_three_a020_060_080_perm201_mode5_front"	"APP_EXITED_ZERO_CAPTURED"	"True"	"164648"	"unreported"	"1751"	"D:\HTC\avboit\The-Forge\Examples_3\Unit_Tests\PC Visual Studio 2019\x64\Release\15_Transparency"	"D:\HTC\avboit\The-Forge\Examples_3\Unit_Tests\PC Visual Studio 2019\x64\Release\15_Transparency\15_Transparency.exe --d3d12 --transparency-mode=5 --avboit-auto-capture --avboit-capture-hide-ui --avboit-capture-frame=60 --avboit-fixed-delta=0.0166666667 --avboit-random-seed=1337 --avboit-output-dir=D:\HTC\avboit\The-Forge\LocalVisualResults\P2_6R_DirectionClosure_20260628T054228Z\analytic --avboit-commit-sha=fd47644c --avboit-test-scene=same_slice --avboit-test-case=same_three_a020_060_080 --avboit-submit-order=perm201 --avboit-transmittance-direction=front --avboit-bootstrap-log-dir=D:\HTC\avboit\The-Forge\LocalVisualResults\P2_6R_DirectionClosure_20260628T054228Z\analytic\bootstrap"	"1"	"D:\HTC\avboit\The-Forge\LocalVisualResults\P2_6R_DirectionClosure_20260628T054228Z\analytic\DX12_Mode5_1920x1080_Debug0_Dirfront_Mul1.0_Frame60_fd47644c_Scenesame_slice_Casesame_three_a020_060_080_Orderperm201_Layerall.png"	"D:\HTC\avboit\The-Forge\LocalVisualResults\P2_6R_DirectionClosure_20260628T054228Z\analytic\bootstrap\avboit_bootstrap_20260628T134629_164648.log"	"D:\HTC\avboit\The-Forge\LocalVisualResults\P2_6R_DirectionClosure_20260628T054228Z\analytic\DX12_same_three_a020_060_080_perm201_mode5_front.stdout.txt"	"D:\HTC\avboit\The-Forge\LocalVisualResults\P2_6R_DirectionClosure_20260628T054228Z\analytic\DX12_same_three_a020_060_080_perm201_mode5_front.stderr.txt"
"DX12_same_three_a020_060_080_perm210_mode5_legacy"	"APP_EXITED_ZERO_CAPTURED"	"True"	"174836"	"unreported"	"1770"	"D:\HTC\avboit\The-Forge\Examples_3\Unit_Tests\PC Visual Studio 2019\x64\Release\15_Transparency"	"D:\HTC\avboit\The-Forge\Examples_3\Unit_Tests\PC Visual Studio 2019\x64\Release\15_Transparency\15_Transparency.exe --d3d12 --transparency-mode=5 --avboit-auto-capture --avboit-capture-hide-ui --avboit-capture-frame=60 --avboit-fixed-delta=0.0166666667 --avboit-random-seed=1337 --avboit-output-dir=D:\HTC\avboit\The-Forge\LocalVisualResults\P2_6R_DirectionClosure_20260628T054228Z\analytic --avboit-commit-sha=fd47644c --avboit-test-scene=same_slice --avboit-test-case=same_three_a020_060_080 --avboit-submit-order=perm210 --avboit-transmittance-direction=legacy --avboit-bootstrap-log-dir=D:\HTC\avboit\The-Forge\LocalVisualResults\P2_6R_DirectionClosure_20260628T054228Z\analytic\bootstrap"	"1"	"D:\HTC\avboit\The-Forge\LocalVisualResults\P2_6R_DirectionClosure_20260628T054228Z\analytic\DX12_Mode5_1920x1080_Debug0_Dirlegacy_Mul1.0_Frame60_fd47644c_Scenesame_slice_Casesame_three_a020_060_080_Orderperm210_Layerall.png"	"D:\HTC\avboit\The-Forge\LocalVisualResults\P2_6R_DirectionClosure_20260628T054228Z\analytic\bootstrap\avboit_bootstrap_20260628T134631_174836.log"	"D:\HTC\avboit\The-Forge\LocalVisualResults\P2_6R_DirectionClosure_20260628T054228Z\analytic\DX12_same_three_a020_060_080_perm210_mode5_legacy.stdout.txt"	"D:\HTC\avboit\The-Forge\LocalVisualResults\P2_6R_DirectionClosure_20260628T054228Z\analytic\DX12_same_three_a020_060_080_perm210_mode5_legacy.stderr.txt"
"DX12_same_three_a020_060_080_perm210_mode5_front"	"APP_EXITED_ZERO_CAPTURED"	"True"	"177396"	"unreported"	"1734"	"D:\HTC\avboit\The-Forge\Examples_3\Unit_Tests\PC Visual Studio 2019\x64\Release\15_Transparency"	"D:\HTC\avboit\The-Forge\Examples_3\Unit_Tests\PC Visual Studio 2019\x64\Release\15_Transparency\15_Transparency.exe --d3d12 --transparency-mode=5 --avboit-auto-capture --avboit-capture-hide-ui --avboit-capture-frame=60 --avboit-fixed-delta=0.0166666667 --avboit-random-seed=1337 --avboit-output-dir=D:\HTC\avboit\The-Forge\LocalVisualResults\P2_6R_DirectionClosure_20260628T054228Z\analytic --avboit-commit-sha=fd47644c --avboit-test-scene=same_slice --avboit-test-case=same_three_a020_060_080 --avboit-submit-order=perm210 --avboit-transmittance-direction=front --avboit-bootstrap-log-dir=D:\HTC\avboit\The-Forge\LocalVisualResults\P2_6R_DirectionClosure_20260628T054228Z\analytic\bootstrap"	"1"	"D:\HTC\avboit\The-Forge\LocalVisualResults\P2_6R_DirectionClosure_20260628T054228Z\analytic\DX12_Mode5_1920x1080_Debug0_Dirfront_Mul1.0_Frame60_fd47644c_Scenesame_slice_Casesame_three_a020_060_080_Orderperm210_Layerall.png"	"D:\HTC\avboit\The-Forge\LocalVisualResults\P2_6R_DirectionClosure_20260628T054228Z\analytic\bootstrap\avboit_bootstrap_20260628T134632_177396.log"	"D:\HTC\avboit\The-Forge\LocalVisualResults\P2_6R_DirectionClosure_20260628T054228Z\analytic\DX12_same_three_a020_060_080_perm210_mode5_front.stdout.txt"	"D:\HTC\avboit\The-Forge\LocalVisualResults\P2_6R_DirectionClosure_20260628T054228Z\analytic\DX12_same_three_a020_060_080_perm210_mode5_front.stderr.txt"
