"name"	"phase"	"classification"	"processCreated"	"pid"	"exitCode"	"runtimeMs"	"command"	"pngCount"	"jsonCount"	"binCount"	"outputs"	"stdout"	"stderr"
"dx12_depth_near_1_1_debug21"	"depth-calibration"	"APP_EXITED_NONZERO"	"True"	"179428"	""	"1778"	"D:\HTC\avboit\The-Forge\Examples_3\Unit_Tests\PC Visual Studio 2019\x64\Release\15_Transparency\15_Transparency.exe --d3d12 --transparency-mode=5 --avboit-auto-capture --avboit-capture-hide-ui --avboit-capture-frame=60 --avboit-fixed-delta=0.0166666667 --avboit-random-seed=1337 --avboit-output-dir=D:\HTC\avboit\The-Forge\LocalVisualResults\P2_6T_ReverseZDepth_20260628T164524Z\depth_calibration\dx12 --avboit-commit-sha=dbeb4094 --avboit-multiplier=1.0 --avboit-debug-view=21 --avboit-test-scene=depth_calibration --avboit-test-case=near_1_1 --avboit-depth-mapping=legacy --avboit-dump-raw-accum --avboit-bootstrap-log-dir=D:\HTC\avboit\The-Forge\LocalVisualResults\P2_6T_ReverseZDepth_20260628T164524Z\depth_calibration\dx12\bootstrap"	"1"	"4"	"2"	"D:\HTC\avboit\The-Forge\LocalVisualResults\P2_6T_ReverseZDepth_20260628T164524Z\depth_calibration\dx12\dx12_depth_near_1_1_debug21.stderr.txt;D:\HTC\avboit\The-Forge\LocalVisualResults\P2_6T_ReverseZDepth_20260628T164524Z\depth_calibration\dx12\dx12_depth_near_1_1_debug21.stdout.txt;D:\HTC\avboit\The-Forge\LocalVisualResults\P2_6T_ReverseZDepth_20260628T164524Z\depth_calibration\dx12\DX12_Mode5_1920x1080_Debug21_Dirlegacy_Depthlegacy_Mul1.0_Frame60_dbeb4094_Scenedepth_calibration_Casenear_1_1_Ordernormal_Layerall.json;D:\HTC\avboit\The-Forge\LocalVisualResults\P2_6T_ReverseZDepth_20260628T164524Z\depth_calibration\dx12\DX12_Mode5_1920x1080_Debug21_Dirlegacy_Depthlegacy_Mul1.0_Frame60_dbeb4094_Scenedepth_calibration_Casenear_1_1_Ordernormal_Layerall.png;D:\HTC\avboit\The-Forge\LocalVisualResults\P2_6T_ReverseZDepth_20260628T164524Z\depth_calibration\dx12\raw_f707af64_AVBOITAccumColorWeight.bin;D:\HTC\avboit\The-Forge\LocalVisualResults\P2_6T_ReverseZDepth_20260628T164524Z\depth_calibration\dx12\raw_f707af64_AVBOITAccumColorWeight.json;D:\HTC\avboit\The-Forge\LocalVisualResults\P2_6T_ReverseZDepth_20260628T164524Z\depth_calibration\dx12\raw_f707af64_AVBOITAccumDiagnostics.json;D:\HTC\avboit\The-Forge\LocalVisualResults\P2_6T_ReverseZDepth_20260628T164524Z\depth_calibration\dx12\raw_f707af64_AVBOITAccumExtinction.bin;D:\HTC\avboit\The-Forge\LocalVisualResults\P2_6T_ReverseZDepth_20260628T164524Z\depth_calibration\dx12\raw_f707af64_AVBOITAccumExtinction.json"	"D:\HTC\avboit\The-Forge\LocalVisualResults\P2_6T_ReverseZDepth_20260628T164524Z\depth_calibration\dx12\dx12_depth_near_1_1_debug21.stdout.txt"	"D:\HTC\avboit\The-Forge\LocalVisualResults\P2_6T_ReverseZDepth_20260628T164524Z\depth_calibration\dx12\dx12_depth_near_1_1_debug21.stderr.txt"
"dx12_depth_near_1_1_debug22"	"depth-calibration"	"APP_EXITED_NONZERO"	"True"	"180032"	""	"1777"	"D:\HTC\avboit\The-Forge\Examples_3\Unit_Tests\PC Visual Studio 2019\x64\Release\15_Transparency\15_Transparency.exe --d3d12 --transparency-mode=5 --avboit-auto-capture --avboit-capture-hide-ui --avboit-capture-frame=60 --avboit-fixed-delta=0.0166666667 --avboit-random-seed=1337 --avboit-output-dir=D:\HTC\avboit\The-Forge\LocalVisualResults\P2_6T_ReverseZDepth_20260628T164524Z\depth_calibration\dx12 --avboit-commit-sha=dbeb4094 --avboit-multiplier=1.0 --avboit-debug-view=22 --avboit-test-scene=depth_calibration --avboit-test-case=near_1_1 --avboit-depth-mapping=legacy --avboit-dump-raw-accum --avboit-bootstrap-log-dir=D:\HTC\avboit\The-Forge\LocalVisualResults\P2_6T_ReverseZDepth_20260628T164524Z\depth_calibration\dx12\bootstrap"	"1"	"4"	"2"	"D:\HTC\avboit\The-Forge\LocalVisualResults\P2_6T_ReverseZDepth_20260628T164524Z\depth_calibration\dx12\dx12_depth_near_1_1_debug22.stderr.txt;D:\HTC\avboit\The-Forge\LocalVisualResults\P2_6T_ReverseZDepth_20260628T164524Z\depth_calibration\dx12\dx12_depth_near_1_1_debug22.stdout.txt;D:\HTC\avboit\The-Forge\LocalVisualResults\P2_6T_ReverseZDepth_20260628T164524Z\depth_calibration\dx12\DX12_Mode5_1920x1080_Debug22_Dirlegacy_Depthlegacy_Mul1.0_Frame60_dbeb4094_Scenedepth_calibration_Casenear_1_1_Ordernormal_Layerall.json;D:\HTC\avboit\The-Forge\LocalVisualResults\P2_6T_ReverseZDepth_20260628T164524Z\depth_calibration\dx12\DX12_Mode5_1920x1080_Debug22_Dirlegacy_Depthlegacy_Mul1.0_Frame60_dbeb4094_Scenedepth_calibration_Casenear_1_1_Ordernormal_Layerall.png;D:\HTC\avboit\The-Forge\LocalVisualResults\P2_6T_ReverseZDepth_20260628T164524Z\depth_calibration\dx12\raw_6974a8bf_AVBOITAccumColorWeight.bin;D:\HTC\avboit\The-Forge\LocalVisualResults\P2_6T_ReverseZDepth_20260628T164524Z\depth_calibration\dx12\raw_6974a8bf_AVBOITAccumColorWeight.json;D:\HTC\avboit\The-Forge\LocalVisualResults\P2_6T_ReverseZDepth_20260628T164524Z\depth_calibration\dx12\raw_6974a8bf_AVBOITAccumDiagnostics.json;D:\HTC\avboit\The-Forge\LocalVisualResults\P2_6T_ReverseZDepth_20260628T164524Z\depth_calibration\dx12\raw_6974a8bf_AVBOITAccumExtinction.bin;D:\HTC\avboit\The-Forge\LocalVisualResults\P2_6T_ReverseZDepth_20260628T164524Z\depth_calibration\dx12\raw_6974a8bf_AVBOITAccumExtinction.json"	"D:\HTC\avboit\The-Forge\LocalVisualResults\P2_6T_ReverseZDepth_20260628T164524Z\depth_calibration\dx12\dx12_depth_near_1_1_debug22.stdout.txt"	"D:\HTC\avboit\The-Forge\LocalVisualResults\P2_6T_ReverseZDepth_20260628T164524Z\depth_calibration\dx12\dx12_depth_near_1_1_debug22.stderr.txt"
"dx12_depth_near_1_1_debug23"	"depth-calibration"	"APP_EXITED_NONZERO"	"True"	"179652"	""	"1735"	"D:\HTC\avboit\The-Forge\Examples_3\Unit_Tests\PC Visual Studio 2019\x64\Release\15_Transparency\15_Transparency.exe --d3d12 --transparency-mode=5 --avboit-auto-capture --avboit-capture-hide-ui --avboit-capture-frame=60 --avboit-fixed-delta=0.0166666667 --avboit-random-seed=1337 --avboit-output-dir=D:\HTC\avboit\The-Forge\LocalVisualResults\P2_6T_ReverseZDepth_20260628T164524Z\depth_calibration\dx12 --avboit-commit-sha=dbeb4094 --avboit-multiplier=1.0 --avboit-debug-view=23 --avboit-test-scene=depth_calibration --avboit-test-case=near_1_1 --avboit-depth-mapping=legacy --avboit-dump-raw-accum --avboit-bootstrap-log-dir=D:\HTC\avboit\The-Forge\LocalVisualResults\P2_6T_ReverseZDepth_20260628T164524Z\depth_calibration\dx12\bootstrap"	"1"	"4"	"2"	"D:\HTC\avboit\The-Forge\LocalVisualResults\P2_6T_ReverseZDepth_20260628T164524Z\depth_calibration\dx12\dx12_depth_near_1_1_debug23.stderr.txt;D:\HTC\avboit\The-Forge\LocalVisualResults\P2_6T_ReverseZDepth_20260628T164524Z\depth_calibration\dx12\dx12_depth_near_1_1_debug23.stdout.txt;D:\HTC\avboit\The-Forge\LocalVisualResults\P2_6T_ReverseZDepth_20260628T164524Z\depth_calibration\dx12\DX12_Mode5_1920x1080_Debug23_Dirlegacy_Depthlegacy_Mul1.0_Frame60_dbeb4094_Scenedepth_calibration_Casenear_1_1_Ordernormal_Layerall.json;D:\HTC\avboit\The-Forge\LocalVisualResults\P2_6T_ReverseZDepth_20260628T164524Z\depth_calibration\dx12\DX12_Mode5_1920x1080_Debug23_Dirlegacy_Depthlegacy_Mul1.0_Frame60_dbeb4094_Scenedepth_calibration_Casenear_1_1_Ordernormal_Layerall.png;D:\HTC\avboit\The-Forge\LocalVisualResults\P2_6T_ReverseZDepth_20260628T164524Z\depth_calibration\dx12\raw_40fc8726_AVBOITAccumColorWeight.bin;D:\HTC\avboit\The-Forge\LocalVisualResults\P2_6T_ReverseZDepth_20260628T164524Z\depth_calibration\dx12\raw_40fc8726_AVBOITAccumColorWeight.json;D:\HTC\avboit\The-Forge\LocalVisualResults\P2_6T_ReverseZDepth_20260628T164524Z\depth_calibration\dx12\raw_40fc8726_AVBOITAccumDiagnostics.json;D:\HTC\avboit\The-Forge\LocalVisualResults\P2_6T_ReverseZDepth_20260628T164524Z\depth_calibration\dx12\raw_40fc8726_AVBOITAccumExtinction.bin;D:\HTC\avboit\The-Forge\LocalVisualResults\P2_6T_ReverseZDepth_20260628T164524Z\depth_calibration\dx12\raw_40fc8726_AVBOITAccumExtinction.json"	"D:\HTC\avboit\The-Forge\LocalVisualResults\P2_6T_ReverseZDepth_20260628T164524Z\depth_calibration\dx12\dx12_depth_near_1_1_debug23.stdout.txt"	"D:\HTC\avboit\The-Forge\LocalVisualResults\P2_6T_ReverseZDepth_20260628T164524Z\depth_calibration\dx12\dx12_depth_near_1_1_debug23.stderr.txt"
"dx12_depth_near_1_1_debug24"	"depth-calibration"	"APP_EXITED_NONZERO"	"True"	"156408"	""	"1765"	"D:\HTC\avboit\The-Forge\Examples_3\Unit_Tests\PC Visual Studio 2019\x64\Release\15_Transparency\15_Transparency.exe --d3d12 --transparency-mode=5 --avboit-auto-capture --avboit-capture-hide-ui --avboit-capture-frame=60 --avboit-fixed-delta=0.0166666667 --avboit-random-seed=1337 --avboit-output-dir=D:\HTC\avboit\The-Forge\LocalVisualResults\P2_6T_ReverseZDepth_20260628T164524Z\depth_calibration\dx12 --avboit-commit-sha=dbeb4094 --avboit-multiplier=1.0 --avboit-debug-view=24 --avboit-test-scene=depth_calibration --avboit-test-case=near_1_1 --avboit-depth-mapping=legacy --avboit-dump-raw-accum --avboit-bootstrap-log-dir=D:\HTC\avboit\The-Forge\LocalVisualResults\P2_6T_ReverseZDepth_20260628T164524Z\depth_calibration\dx12\bootstrap"	"1"	"4"	"2"	"D:\HTC\avboit\The-Forge\LocalVisualResults\P2_6T_ReverseZDepth_20260628T164524Z\depth_calibration\dx12\dx12_depth_near_1_1_debug24.stderr.txt;D:\HTC\avboit\The-Forge\LocalVisualResults\P2_6T_ReverseZDepth_20260628T164524Z\depth_calibration\dx12\dx12_depth_near_1_1_debug24.stdout.txt;D:\HTC\avboit\The-Forge\LocalVisualResults\P2_6T_ReverseZDepth_20260628T164524Z\depth_calibration\dx12\DX12_Mode5_1920x1080_Debug24_Dirlegacy_Depthlegacy_Mul1.0_Frame60_dbeb4094_Scenedepth_calibration_Casenear_1_1_Ordernormal_Layerall.json;D:\HTC\avboit\The-Forge\LocalVisualResults\P2_6T_ReverseZDepth_20260628T164524Z\depth_calibration\dx12\DX12_Mode5_1920x1080_Debug24_Dirlegacy_Depthlegacy_Mul1.0_Frame60_dbeb4094_Scenedepth_calibration_Casenear_1_1_Ordernormal_Layerall.png;D:\HTC\avboit\The-Forge\LocalVisualResults\P2_6T_ReverseZDepth_20260628T164524Z\depth_calibration\dx12\raw_c4134de1_AVBOITAccumColorWeight.bin;D:\HTC\avboit\The-Forge\LocalVisualResults\P2_6T_ReverseZDepth_20260628T164524Z\depth_calibration\dx12\raw_c4134de1_AVBOITAccumColorWeight.json;D:\HTC\avboit\The-Forge\LocalVisualResults\P2_6T_ReverseZDepth_20260628T164524Z\depth_calibration\dx12\raw_c4134de1_AVBOITAccumDiagnostics.json;D:\HTC\avboit\The-Forge\LocalVisualResults\P2_6T_ReverseZDepth_20260628T164524Z\depth_calibration\dx12\raw_c4134de1_AVBOITAccumExtinction.bin;D:\HTC\avboit\The-Forge\LocalVisualResults\P2_6T_ReverseZDepth_20260628T164524Z\depth_calibration\dx12\raw_c4134de1_AVBOITAccumExtinction.json"	"D:\HTC\avboit\The-Forge\LocalVisualResults\P2_6T_ReverseZDepth_20260628T164524Z\depth_calibration\dx12\dx12_depth_near_1_1_debug24.stdout.txt"	"D:\HTC\avboit\The-Forge\LocalVisualResults\P2_6T_ReverseZDepth_20260628T164524Z\depth_calibration\dx12\dx12_depth_near_1_1_debug24.stderr.txt"
"dx12_depth_near_1_1_debug25"	"depth-calibration"	"APP_EXITED_NONZERO"	"True"	"177196"	""	"1822"	"D:\HTC\avboit\The-Forge\Examples_3\Unit_Tests\PC Visual Studio 2019\x64\Release\15_Transparency\15_Transparency.exe --d3d12 --transparency-mode=5 --avboit-auto-capture --avboit-capture-hide-ui --avboit-capture-frame=60 --avboit-fixed-delta=0.0166666667 --avboit-random-seed=1337 --avboit-output-dir=D:\HTC\avboit\The-Forge\LocalVisualResults\P2_6T_ReverseZDepth_20260628T164524Z\depth_calibration\dx12 --avboit-commit-sha=dbeb4094 --avboit-multiplier=1.0 --avboit-debug-view=25 --avboit-test-scene=depth_calibration --avboit-test-case=near_1_1 --avboit-depth-mapping=legacy --avboit-dump-raw-accum --avboit-bootstrap-log-dir=D:\HTC\avboit\The-Forge\LocalVisualResults\P2_6T_ReverseZDepth_20260628T164524Z\depth_calibration\dx12\bootstrap"	"1"	"4"	"2"	"D:\HTC\avboit\The-Forge\LocalVisualResults\P2_6T_ReverseZDepth_20260628T164524Z\depth_calibration\dx12\dx12_depth_near_1_1_debug25.stderr.txt;D:\HTC\avboit\The-Forge\LocalVisualResults\P2_6T_ReverseZDepth_20260628T164524Z\depth_calibration\dx12\dx12_depth_near_1_1_debug25.stdout.txt;D:\HTC\avboit\The-Forge\LocalVisualResults\P2_6T_ReverseZDepth_20260628T164524Z\depth_calibration\dx12\DX12_Mode5_1920x1080_Debug25_Dirlegacy_Depthlegacy_Mul1.0_Frame60_dbeb4094_Scenedepth_calibration_Casenear_1_1_Ordernormal_Layerall.json;D:\HTC\avboit\The-Forge\LocalVisualResults\P2_6T_ReverseZDepth_20260628T164524Z\depth_calibration\dx12\DX12_Mode5_1920x1080_Debug25_Dirlegacy_Depthlegacy_Mul1.0_Frame60_dbeb4094_Scenedepth_calibration_Casenear_1_1_Ordernormal_Layerall.png;D:\HTC\avboit\The-Forge\LocalVisualResults\P2_6T_ReverseZDepth_20260628T164524Z\depth_calibration\dx12\raw_345d3e60_AVBOITAccumColorWeight.bin;D:\HTC\avboit\The-Forge\LocalVisualResults\P2_6T_ReverseZDepth_20260628T164524Z\depth_calibration\dx12\raw_345d3e60_AVBOITAccumColorWeight.json;D:\HTC\avboit\The-Forge\LocalVisualResults\P2_6T_ReverseZDepth_20260628T164524Z\depth_calibration\dx12\raw_345d3e60_AVBOITAccumDiagnostics.json;D:\HTC\avboit\The-Forge\LocalVisualResults\P2_6T_ReverseZDepth_20260628T164524Z\depth_calibration\dx12\raw_345d3e60_AVBOITAccumExtinction.bin;D:\HTC\avboit\The-Forge\LocalVisualResults\P2_6T_ReverseZDepth_20260628T164524Z\depth_calibration\dx12\raw_345d3e60_AVBOITAccumExtinction.json"	"D:\HTC\avboit\The-Forge\LocalVisualResults\P2_6T_ReverseZDepth_20260628T164524Z\depth_calibration\dx12\dx12_depth_near_1_1_debug25.stdout.txt"	"D:\HTC\avboit\The-Forge\LocalVisualResults\P2_6T_ReverseZDepth_20260628T164524Z\depth_calibration\dx12\dx12_depth_near_1_1_debug25.stderr.txt"
"dx12_depth_slice48_debug21"	"depth-calibration"	"APP_EXITED_NONZERO"	"True"	"176136"	""	"1844"	"D:\HTC\avboit\The-Forge\Examples_3\Unit_Tests\PC Visual Studio 2019\x64\Release\15_Transparency\15_Transparency.exe --d3d12 --transparency-mode=5 --avboit-auto-capture --avboit-capture-hide-ui --avboit-capture-frame=60 --avboit-fixed-delta=0.0166666667 --avboit-random-seed=1337 --avboit-output-dir=D:\HTC\avboit\The-Forge\LocalVisualResults\P2_6T_ReverseZDepth_20260628T164524Z\depth_calibration\dx12 --avboit-commit-sha=dbeb4094 --avboit-multiplier=1.0 --avboit-debug-view=21 --avboit-test-scene=depth_calibration --avboit-test-case=slice48 --avboit-depth-mapping=legacy --avboit-dump-raw-accum --avboit-bootstrap-log-dir=D:\HTC\avboit\The-Forge\LocalVisualResults\P2_6T_ReverseZDepth_20260628T164524Z\depth_calibration\dx12\bootstrap"	"1"	"4"	"2"	"D:\HTC\avboit\The-Forge\LocalVisualResults\P2_6T_ReverseZDepth_20260628T164524Z\depth_calibration\dx12\dx12_depth_slice48_debug21.stderr.txt;D:\HTC\avboit\The-Forge\LocalVisualResults\P2_6T_ReverseZDepth_20260628T164524Z\depth_calibration\dx12\dx12_depth_slice48_debug21.stdout.txt;D:\HTC\avboit\The-Forge\LocalVisualResults\P2_6T_ReverseZDepth_20260628T164524Z\depth_calibration\dx12\DX12_Mode5_1920x1080_Debug21_Dirlegacy_Depthlegacy_Mul1.0_Frame60_dbeb4094_Scenedepth_calibration_Caseslice48_Ordernormal_Layerall.json;D:\HTC\avboit\The-Forge\LocalVisualResults\P2_6T_ReverseZDepth_20260628T164524Z\depth_calibration\dx12\DX12_Mode5_1920x1080_Debug21_Dirlegacy_Depthlegacy_Mul1.0_Frame60_dbeb4094_Scenedepth_calibration_Caseslice48_Ordernormal_Layerall.png;D:\HTC\avboit\The-Forge\LocalVisualResults\P2_6T_ReverseZDepth_20260628T164524Z\depth_calibration\dx12\raw_e0527f4a_AVBOITAccumColorWeight.bin;D:\HTC\avboit\The-Forge\LocalVisualResults\P2_6T_ReverseZDepth_20260628T164524Z\depth_calibration\dx12\raw_e0527f4a_AVBOITAccumColorWeight.json;D:\HTC\avboit\The-Forge\LocalVisualResults\P2_6T_ReverseZDepth_20260628T164524Z\depth_calibration\dx12\raw_e0527f4a_AVBOITAccumDiagnostics.json;D:\HTC\avboit\The-Forge\LocalVisualResults\P2_6T_ReverseZDepth_20260628T164524Z\depth_calibration\dx12\raw_e0527f4a_AVBOITAccumExtinction.bin;D:\HTC\avboit\The-Forge\LocalVisualResults\P2_6T_ReverseZDepth_20260628T164524Z\depth_calibration\dx12\raw_e0527f4a_AVBOITAccumExtinction.json"	"D:\HTC\avboit\The-Forge\LocalVisualResults\P2_6T_ReverseZDepth_20260628T164524Z\depth_calibration\dx12\dx12_depth_slice48_debug21.stdout.txt"	"D:\HTC\avboit\The-Forge\LocalVisualResults\P2_6T_ReverseZDepth_20260628T164524Z\depth_calibration\dx12\dx12_depth_slice48_debug21.stderr.txt"
"dx12_depth_slice48_debug22"	"depth-calibration"	"APP_EXITED_NONZERO"	"True"	"178564"	""	"1840"	"D:\HTC\avboit\The-Forge\Examples_3\Unit_Tests\PC Visual Studio 2019\x64\Release\15_Transparency\15_Transparency.exe --d3d12 --transparency-mode=5 --avboit-auto-capture --avboit-capture-hide-ui --avboit-capture-frame=60 --avboit-fixed-delta=0.0166666667 --avboit-random-seed=1337 --avboit-output-dir=D:\HTC\avboit\The-Forge\LocalVisualResults\P2_6T_ReverseZDepth_20260628T164524Z\depth_calibration\dx12 --avboit-commit-sha=dbeb4094 --avboit-multiplier=1.0 --avboit-debug-view=22 --avboit-test-scene=depth_calibration --avboit-test-case=slice48 --avboit-depth-mapping=legacy --avboit-dump-raw-accum --avboit-bootstrap-log-dir=D:\HTC\avboit\The-Forge\LocalVisualResults\P2_6T_ReverseZDepth_20260628T164524Z\depth_calibration\dx12\bootstrap"	"1"	"4"	"2"	"D:\HTC\avboit\The-Forge\LocalVisualResults\P2_6T_ReverseZDepth_20260628T164524Z\depth_calibration\dx12\dx12_depth_slice48_debug22.stderr.txt;D:\HTC\avboit\The-Forge\LocalVisualResults\P2_6T_ReverseZDepth_20260628T164524Z\depth_calibration\dx12\dx12_depth_slice48_debug22.stdout.txt;D:\HTC\avboit\The-Forge\LocalVisualResults\P2_6T_ReverseZDepth_20260628T164524Z\depth_calibration\dx12\DX12_Mode5_1920x1080_Debug22_Dirlegacy_Depthlegacy_Mul1.0_Frame60_dbeb4094_Scenedepth_calibration_Caseslice48_Ordernormal_Layerall.json;D:\HTC\avboit\The-Forge\LocalVisualResults\P2_6T_ReverseZDepth_20260628T164524Z\depth_calibration\dx12\DX12_Mode5_1920x1080_Debug22_Dirlegacy_Depthlegacy_Mul1.0_Frame60_dbeb4094_Scenedepth_calibration_Caseslice48_Ordernormal_Layerall.png;D:\HTC\avboit\The-Forge\LocalVisualResults\P2_6T_ReverseZDepth_20260628T164524Z\depth_calibration\dx12\raw_37395c7b_AVBOITAccumColorWeight.bin;D:\HTC\avboit\The-Forge\LocalVisualResults\P2_6T_ReverseZDepth_20260628T164524Z\depth_calibration\dx12\raw_37395c7b_AVBOITAccumColorWeight.json;D:\HTC\avboit\The-Forge\LocalVisualResults\P2_6T_ReverseZDepth_20260628T164524Z\depth_calibration\dx12\raw_37395c7b_AVBOITAccumDiagnostics.json;D:\HTC\avboit\The-Forge\LocalVisualResults\P2_6T_ReverseZDepth_20260628T164524Z\depth_calibration\dx12\raw_37395c7b_AVBOITAccumExtinction.bin;D:\HTC\avboit\The-Forge\LocalVisualResults\P2_6T_ReverseZDepth_20260628T164524Z\depth_calibration\dx12\raw_37395c7b_AVBOITAccumExtinction.json"	"D:\HTC\avboit\The-Forge\LocalVisualResults\P2_6T_ReverseZDepth_20260628T164524Z\depth_calibration\dx12\dx12_depth_slice48_debug22.stdout.txt"	"D:\HTC\avboit\The-Forge\LocalVisualResults\P2_6T_ReverseZDepth_20260628T164524Z\depth_calibration\dx12\dx12_depth_slice48_debug22.stderr.txt"
"dx12_depth_slice48_debug23"	"depth-calibration"	"APP_EXITED_NONZERO"	"True"	"174248"	""	"1822"	"D:\HTC\avboit\The-Forge\Examples_3\Unit_Tests\PC Visual Studio 2019\x64\Release\15_Transparency\15_Transparency.exe --d3d12 --transparency-mode=5 --avboit-auto-capture --avboit-capture-hide-ui --avboit-capture-frame=60 --avboit-fixed-delta=0.0166666667 --avboit-random-seed=1337 --avboit-output-dir=D:\HTC\avboit\The-Forge\LocalVisualResults\P2_6T_ReverseZDepth_20260628T164524Z\depth_calibration\dx12 --avboit-commit-sha=dbeb4094 --avboit-multiplier=1.0 --avboit-debug-view=23 --avboit-test-scene=depth_calibration --avboit-test-case=slice48 --avboit-depth-mapping=legacy --avboit-dump-raw-accum --avboit-bootstrap-log-dir=D:\HTC\avboit\The-Forge\LocalVisualResults\P2_6T_ReverseZDepth_20260628T164524Z\depth_calibration\dx12\bootstrap"	"1"	"4"	"2"	"D:\HTC\avboit\The-Forge\LocalVisualResults\P2_6T_ReverseZDepth_20260628T164524Z\depth_calibration\dx12\dx12_depth_slice48_debug23.stderr.txt;D:\HTC\avboit\The-Forge\LocalVisualResults\P2_6T_ReverseZDepth_20260628T164524Z\depth_calibration\dx12\dx12_depth_slice48_debug23.stdout.txt;D:\HTC\avboit\The-Forge\LocalVisualResults\P2_6T_ReverseZDepth_20260628T164524Z\depth_calibration\dx12\DX12_Mode5_1920x1080_Debug23_Dirlegacy_Depthlegacy_Mul1.0_Frame60_dbeb4094_Scenedepth_calibration_Caseslice48_Ordernormal_Layerall.json;D:\HTC\avboit\The-Forge\LocalVisualResults\P2_6T_ReverseZDepth_20260628T164524Z\depth_calibration\dx12\DX12_Mode5_1920x1080_Debug23_Dirlegacy_Depthlegacy_Mul1.0_Frame60_dbeb4094_Scenedepth_calibration_Caseslice48_Ordernormal_Layerall.png;D:\HTC\avboit\The-Forge\LocalVisualResults\P2_6T_ReverseZDepth_20260628T164524Z\depth_calibration\dx12\raw_cf18e260_AVBOITAccumColorWeight.bin;D:\HTC\avboit\The-Forge\LocalVisualResults\P2_6T_ReverseZDepth_20260628T164524Z\depth_calibration\dx12\raw_cf18e260_AVBOITAccumColorWeight.json;D:\HTC\avboit\The-Forge\LocalVisualResults\P2_6T_ReverseZDepth_20260628T164524Z\depth_calibration\dx12\raw_cf18e260_AVBOITAccumDiagnostics.json;D:\HTC\avboit\The-Forge\LocalVisualResults\P2_6T_ReverseZDepth_20260628T164524Z\depth_calibration\dx12\raw_cf18e260_AVBOITAccumExtinction.bin;D:\HTC\avboit\The-Forge\LocalVisualResults\P2_6T_ReverseZDepth_20260628T164524Z\depth_calibration\dx12\raw_cf18e260_AVBOITAccumExtinction.json"	"D:\HTC\avboit\The-Forge\LocalVisualResults\P2_6T_ReverseZDepth_20260628T164524Z\depth_calibration\dx12\dx12_depth_slice48_debug23.stdout.txt"	"D:\HTC\avboit\The-Forge\LocalVisualResults\P2_6T_ReverseZDepth_20260628T164524Z\depth_calibration\dx12\dx12_depth_slice48_debug23.stderr.txt"
"dx12_depth_slice48_debug24"	"depth-calibration"	"APP_EXITED_NONZERO"	"True"	"179820"	""	"1820"	"D:\HTC\avboit\The-Forge\Examples_3\Unit_Tests\PC Visual Studio 2019\x64\Release\15_Transparency\15_Transparency.exe --d3d12 --transparency-mode=5 --avboit-auto-capture --avboit-capture-hide-ui --avboit-capture-frame=60 --avboit-fixed-delta=0.0166666667 --avboit-random-seed=1337 --avboit-output-dir=D:\HTC\avboit\The-Forge\LocalVisualResults\P2_6T_ReverseZDepth_20260628T164524Z\depth_calibration\dx12 --avboit-commit-sha=dbeb4094 --avboit-multiplier=1.0 --avboit-debug-view=24 --avboit-test-scene=depth_calibration --avboit-test-case=slice48 --avboit-depth-mapping=legacy --avboit-dump-raw-accum --avboit-bootstrap-log-dir=D:\HTC\avboit\The-Forge\LocalVisualResults\P2_6T_ReverseZDepth_20260628T164524Z\depth_calibration\dx12\bootstrap"	"1"	"4"	"2"	"D:\HTC\avboit\The-Forge\LocalVisualResults\P2_6T_ReverseZDepth_20260628T164524Z\depth_calibration\dx12\dx12_depth_slice48_debug24.stderr.txt;D:\HTC\avboit\The-Forge\LocalVisualResults\P2_6T_ReverseZDepth_20260628T164524Z\depth_calibration\dx12\dx12_depth_slice48_debug24.stdout.txt;D:\HTC\avboit\The-Forge\LocalVisualResults\P2_6T_ReverseZDepth_20260628T164524Z\depth_calibration\dx12\DX12_Mode5_1920x1080_Debug24_Dirlegacy_Depthlegacy_Mul1.0_Frame60_dbeb4094_Scenedepth_calibration_Caseslice48_Ordernormal_Layerall.json;D:\HTC\avboit\The-Forge\LocalVisualResults\P2_6T_ReverseZDepth_20260628T164524Z\depth_calibration\dx12\DX12_Mode5_1920x1080_Debug24_Dirlegacy_Depthlegacy_Mul1.0_Frame60_dbeb4094_Scenedepth_calibration_Caseslice48_Ordernormal_Layerall.png;D:\HTC\avboit\The-Forge\LocalVisualResults\P2_6T_ReverseZDepth_20260628T164524Z\depth_calibration\dx12\raw_857caa69_AVBOITAccumColorWeight.bin;D:\HTC\avboit\The-Forge\LocalVisualResults\P2_6T_ReverseZDepth_20260628T164524Z\depth_calibration\dx12\raw_857caa69_AVBOITAccumColorWeight.json;D:\HTC\avboit\The-Forge\LocalVisualResults\P2_6T_ReverseZDepth_20260628T164524Z\depth_calibration\dx12\raw_857caa69_AVBOITAccumDiagnostics.json;D:\HTC\avboit\The-Forge\LocalVisualResults\P2_6T_ReverseZDepth_20260628T164524Z\depth_calibration\dx12\raw_857caa69_AVBOITAccumExtinction.bin;D:\HTC\avboit\The-Forge\LocalVisualResults\P2_6T_ReverseZDepth_20260628T164524Z\depth_calibration\dx12\raw_857caa69_AVBOITAccumExtinction.json"	"D:\HTC\avboit\The-Forge\LocalVisualResults\P2_6T_ReverseZDepth_20260628T164524Z\depth_calibration\dx12\dx12_depth_slice48_debug24.stdout.txt"	"D:\HTC\avboit\The-Forge\LocalVisualResults\P2_6T_ReverseZDepth_20260628T164524Z\depth_calibration\dx12\dx12_depth_slice48_debug24.stderr.txt"
"dx12_depth_slice48_debug25"	"depth-calibration"	"APP_EXITED_NONZERO"	"True"	"172884"	""	"1776"	"D:\HTC\avboit\The-Forge\Examples_3\Unit_Tests\PC Visual Studio 2019\x64\Release\15_Transparency\15_Transparency.exe --d3d12 --transparency-mode=5 --avboit-auto-capture --avboit-capture-hide-ui --avboit-capture-frame=60 --avboit-fixed-delta=0.0166666667 --avboit-random-seed=1337 --avboit-output-dir=D:\HTC\avboit\The-Forge\LocalVisualResults\P2_6T_ReverseZDepth_20260628T164524Z\depth_calibration\dx12 --avboit-commit-sha=dbeb4094 --avboit-multiplier=1.0 --avboit-debug-view=25 --avboit-test-scene=depth_calibration --avboit-test-case=slice48 --avboit-depth-mapping=legacy --avboit-dump-raw-accum --avboit-bootstrap-log-dir=D:\HTC\avboit\The-Forge\LocalVisualResults\P2_6T_ReverseZDepth_20260628T164524Z\depth_calibration\dx12\bootstrap"	"1"	"4"	"2"	"D:\HTC\avboit\The-Forge\LocalVisualResults\P2_6T_ReverseZDepth_20260628T164524Z\depth_calibration\dx12\dx12_depth_slice48_debug25.stderr.txt;D:\HTC\avboit\The-Forge\LocalVisualResults\P2_6T_ReverseZDepth_20260628T164524Z\depth_calibration\dx12\dx12_depth_slice48_debug25.stdout.txt;D:\HTC\avboit\The-Forge\LocalVisualResults\P2_6T_ReverseZDepth_20260628T164524Z\depth_calibration\dx12\DX12_Mode5_1920x1080_Debug25_Dirlegacy_Depthlegacy_Mul1.0_Frame60_dbeb4094_Scenedepth_calibration_Caseslice48_Ordernormal_Layerall.json;D:\HTC\avboit\The-Forge\LocalVisualResults\P2_6T_ReverseZDepth_20260628T164524Z\depth_calibration\dx12\DX12_Mode5_1920x1080_Debug25_Dirlegacy_Depthlegacy_Mul1.0_Frame60_dbeb4094_Scenedepth_calibration_Caseslice48_Ordernormal_Layerall.png;D:\HTC\avboit\The-Forge\LocalVisualResults\P2_6T_ReverseZDepth_20260628T164524Z\depth_calibration\dx12\raw_ec496886_AVBOITAccumColorWeight.bin;D:\HTC\avboit\The-Forge\LocalVisualResults\P2_6T_ReverseZDepth_20260628T164524Z\depth_calibration\dx12\raw_ec496886_AVBOITAccumColorWeight.json;D:\HTC\avboit\The-Forge\LocalVisualResults\P2_6T_ReverseZDepth_20260628T164524Z\depth_calibration\dx12\raw_ec496886_AVBOITAccumDiagnostics.json;D:\HTC\avboit\The-Forge\LocalVisualResults\P2_6T_ReverseZDepth_20260628T164524Z\depth_calibration\dx12\raw_ec496886_AVBOITAccumExtinction.bin;D:\HTC\avboit\The-Forge\LocalVisualResults\P2_6T_ReverseZDepth_20260628T164524Z\depth_calibration\dx12\raw_ec496886_AVBOITAccumExtinction.json"	"D:\HTC\avboit\The-Forge\LocalVisualResults\P2_6T_ReverseZDepth_20260628T164524Z\depth_calibration\dx12\dx12_depth_slice48_debug25.stdout.txt"	"D:\HTC\avboit\The-Forge\LocalVisualResults\P2_6T_ReverseZDepth_20260628T164524Z\depth_calibration\dx12\dx12_depth_slice48_debug25.stderr.txt"
"dx12_depth_slice32_debug21"	"depth-calibration"	"APP_EXITED_NONZERO"	"True"	"162412"	""	"1862"	"D:\HTC\avboit\The-Forge\Examples_3\Unit_Tests\PC Visual Studio 2019\x64\Release\15_Transparency\15_Transparency.exe --d3d12 --transparency-mode=5 --avboit-auto-capture --avboit-capture-hide-ui --avboit-capture-frame=60 --avboit-fixed-delta=0.0166666667 --avboit-random-seed=1337 --avboit-output-dir=D:\HTC\avboit\The-Forge\LocalVisualResults\P2_6T_ReverseZDepth_20260628T164524Z\depth_calibration\dx12 --avboit-commit-sha=dbeb4094 --avboit-multiplier=1.0 --avboit-debug-view=21 --avboit-test-scene=depth_calibration --avboit-test-case=slice32 --avboit-depth-mapping=legacy --avboit-dump-raw-accum --avboit-bootstrap-log-dir=D:\HTC\avboit\The-Forge\LocalVisualResults\P2_6T_ReverseZDepth_20260628T164524Z\depth_calibration\dx12\bootstrap"	"1"	"4"	"2"	"D:\HTC\avboit\The-Forge\LocalVisualResults\P2_6T_ReverseZDepth_20260628T164524Z\depth_calibration\dx12\dx12_depth_slice32_debug21.stderr.txt;D:\HTC\avboit\The-Forge\LocalVisualResults\P2_6T_ReverseZDepth_20260628T164524Z\depth_calibration\dx12\dx12_depth_slice32_debug21.stdout.txt;D:\HTC\avboit\The-Forge\LocalVisualResults\P2_6T_ReverseZDepth_20260628T164524Z\depth_calibration\dx12\DX12_Mode5_1920x1080_Debug21_Dirlegacy_Depthlegacy_Mul1.0_Frame60_dbeb4094_Scenedepth_calibration_Caseslice32_Ordernormal_Layerall.json;D:\HTC\avboit\The-Forge\LocalVisualResults\P2_6T_ReverseZDepth_20260628T164524Z\depth_calibration\dx12\DX12_Mode5_1920x1080_Debug21_Dirlegacy_Depthlegacy_Mul1.0_Frame60_dbeb4094_Scenedepth_calibration_Caseslice32_Ordernormal_Layerall.png;D:\HTC\avboit\The-Forge\LocalVisualResults\P2_6T_ReverseZDepth_20260628T164524Z\depth_calibration\dx12\raw_b545957d_AVBOITAccumColorWeight.bin;D:\HTC\avboit\The-Forge\LocalVisualResults\P2_6T_ReverseZDepth_20260628T164524Z\depth_calibration\dx12\raw_b545957d_AVBOITAccumColorWeight.json;D:\HTC\avboit\The-Forge\LocalVisualResults\P2_6T_ReverseZDepth_20260628T164524Z\depth_calibration\dx12\raw_b545957d_AVBOITAccumDiagnostics.json;D:\HTC\avboit\The-Forge\LocalVisualResults\P2_6T_ReverseZDepth_20260628T164524Z\depth_calibration\dx12\raw_b545957d_AVBOITAccumExtinction.bin;D:\HTC\avboit\The-Forge\LocalVisualResults\P2_6T_ReverseZDepth_20260628T164524Z\depth_calibration\dx12\raw_b545957d_AVBOITAccumExtinction.json"	"D:\HTC\avboit\The-Forge\LocalVisualResults\P2_6T_ReverseZDepth_20260628T164524Z\depth_calibration\dx12\dx12_depth_slice32_debug21.stdout.txt"	"D:\HTC\avboit\The-Forge\LocalVisualResults\P2_6T_ReverseZDepth_20260628T164524Z\depth_calibration\dx12\dx12_depth_slice32_debug21.stderr.txt"
"dx12_depth_slice32_debug22"	"depth-calibration"	"APP_EXITED_NONZERO"	"True"	"179788"	""	"1793"	"D:\HTC\avboit\The-Forge\Examples_3\Unit_Tests\PC Visual Studio 2019\x64\Release\15_Transparency\15_Transparency.exe --d3d12 --transparency-mode=5 --avboit-auto-capture --avboit-capture-hide-ui --avboit-capture-frame=60 --avboit-fixed-delta=0.0166666667 --avboit-random-seed=1337 --avboit-output-dir=D:\HTC\avboit\The-Forge\LocalVisualResults\P2_6T_ReverseZDepth_20260628T164524Z\depth_calibration\dx12 --avboit-commit-sha=dbeb4094 --avboit-multiplier=1.0 --avboit-debug-view=22 --avboit-test-scene=depth_calibration --avboit-test-case=slice32 --avboit-depth-mapping=legacy --avboit-dump-raw-accum --avboit-bootstrap-log-dir=D:\HTC\avboit\The-Forge\LocalVisualResults\P2_6T_ReverseZDepth_20260628T164524Z\depth_calibration\dx12\bootstrap"	"1"	"4"	"2"	"D:\HTC\avboit\The-Forge\LocalVisualResults\P2_6T_ReverseZDepth_20260628T164524Z\depth_calibration\dx12\dx12_depth_slice32_debug22.stderr.txt;D:\HTC\avboit\The-Forge\LocalVisualResults\P2_6T_ReverseZDepth_20260628T164524Z\depth_calibration\dx12\dx12_depth_slice32_debug22.stdout.txt;D:\HTC\avboit\The-Forge\LocalVisualResults\P2_6T_ReverseZDepth_20260628T164524Z\depth_calibration\dx12\DX12_Mode5_1920x1080_Debug22_Dirlegacy_Depthlegacy_Mul1.0_Frame60_dbeb4094_Scenedepth_calibration_Caseslice32_Ordernormal_Layerall.json;D:\HTC\avboit\The-Forge\LocalVisualResults\P2_6T_ReverseZDepth_20260628T164524Z\depth_calibration\dx12\DX12_Mode5_1920x1080_Debug22_Dirlegacy_Depthlegacy_Mul1.0_Frame60_dbeb4094_Scenedepth_calibration_Caseslice32_Ordernormal_Layerall.png;D:\HTC\avboit\The-Forge\LocalVisualResults\P2_6T_ReverseZDepth_20260628T164524Z\depth_calibration\dx12\raw_a2f1abf4_AVBOITAccumColorWeight.bin;D:\HTC\avboit\The-Forge\LocalVisualResults\P2_6T_ReverseZDepth_20260628T164524Z\depth_calibration\dx12\raw_a2f1abf4_AVBOITAccumColorWeight.json;D:\HTC\avboit\The-Forge\LocalVisualResults\P2_6T_ReverseZDepth_20260628T164524Z\depth_calibration\dx12\raw_a2f1abf4_AVBOITAccumDiagnostics.json;D:\HTC\avboit\The-Forge\LocalVisualResults\P2_6T_ReverseZDepth_20260628T164524Z\depth_calibration\dx12\raw_a2f1abf4_AVBOITAccumExtinction.bin;D:\HTC\avboit\The-Forge\LocalVisualResults\P2_6T_ReverseZDepth_20260628T164524Z\depth_calibration\dx12\raw_a2f1abf4_AVBOITAccumExtinction.json"	"D:\HTC\avboit\The-Forge\LocalVisualResults\P2_6T_ReverseZDepth_20260628T164524Z\depth_calibration\dx12\dx12_depth_slice32_debug22.stdout.txt"	"D:\HTC\avboit\The-Forge\LocalVisualResults\P2_6T_ReverseZDepth_20260628T164524Z\depth_calibration\dx12\dx12_depth_slice32_debug22.stderr.txt"
"dx12_depth_slice32_debug23"	"depth-calibration"	"APP_EXITED_NONZERO"	"True"	"175964"	""	"1760"	"D:\HTC\avboit\The-Forge\Examples_3\Unit_Tests\PC Visual Studio 2019\x64\Release\15_Transparency\15_Transparency.exe --d3d12 --transparency-mode=5 --avboit-auto-capture --avboit-capture-hide-ui --avboit-capture-frame=60 --avboit-fixed-delta=0.0166666667 --avboit-random-seed=1337 --avboit-output-dir=D:\HTC\avboit\The-Forge\LocalVisualResults\P2_6T_ReverseZDepth_20260628T164524Z\depth_calibration\dx12 --avboit-commit-sha=dbeb4094 --avboit-multiplier=1.0 --avboit-debug-view=23 --avboit-test-scene=depth_calibration --avboit-test-case=slice32 --avboit-depth-mapping=legacy --avboit-dump-raw-accum --avboit-bootstrap-log-dir=D:\HTC\avboit\The-Forge\LocalVisualResults\P2_6T_ReverseZDepth_20260628T164524Z\depth_calibration\dx12\bootstrap"	"1"	"4"	"2"	"D:\HTC\avboit\The-Forge\LocalVisualResults\P2_6T_ReverseZDepth_20260628T164524Z\depth_calibration\dx12\dx12_depth_slice32_debug23.stderr.txt;D:\HTC\avboit\The-Forge\LocalVisualResults\P2_6T_ReverseZDepth_20260628T164524Z\depth_calibration\dx12\dx12_depth_slice32_debug23.stdout.txt;D:\HTC\avboit\The-Forge\LocalVisualResults\P2_6T_ReverseZDepth_20260628T164524Z\depth_calibration\dx12\DX12_Mode5_1920x1080_Debug23_Dirlegacy_Depthlegacy_Mul1.0_Frame60_dbeb4094_Scenedepth_calibration_Caseslice32_Ordernormal_Layerall.json;D:\HTC\avboit\The-Forge\LocalVisualResults\P2_6T_ReverseZDepth_20260628T164524Z\depth_calibration\dx12\DX12_Mode5_1920x1080_Debug23_Dirlegacy_Depthlegacy_Mul1.0_Frame60_dbeb4094_Scenedepth_calibration_Caseslice32_Ordernormal_Layerall.png;D:\HTC\avboit\The-Forge\LocalVisualResults\P2_6T_ReverseZDepth_20260628T164524Z\depth_calibration\dx12\raw_85d7bd3b_AVBOITAccumColorWeight.bin;D:\HTC\avboit\The-Forge\LocalVisualResults\P2_6T_ReverseZDepth_20260628T164524Z\depth_calibration\dx12\raw_85d7bd3b_AVBOITAccumColorWeight.json;D:\HTC\avboit\The-Forge\LocalVisualResults\P2_6T_ReverseZDepth_20260628T164524Z\depth_calibration\dx12\raw_85d7bd3b_AVBOITAccumDiagnostics.json;D:\HTC\avboit\The-Forge\LocalVisualResults\P2_6T_ReverseZDepth_20260628T164524Z\depth_calibration\dx12\raw_85d7bd3b_AVBOITAccumExtinction.bin;D:\HTC\avboit\The-Forge\LocalVisualResults\P2_6T_ReverseZDepth_20260628T164524Z\depth_calibration\dx12\raw_85d7bd3b_AVBOITAccumExtinction.json"	"D:\HTC\avboit\The-Forge\LocalVisualResults\P2_6T_ReverseZDepth_20260628T164524Z\depth_calibration\dx12\dx12_depth_slice32_debug23.stdout.txt"	"D:\HTC\avboit\The-Forge\LocalVisualResults\P2_6T_ReverseZDepth_20260628T164524Z\depth_calibration\dx12\dx12_depth_slice32_debug23.stderr.txt"
"dx12_depth_slice32_debug24"	"depth-calibration"	"APP_EXITED_NONZERO"	"True"	"178540"	""	"1827"	"D:\HTC\avboit\The-Forge\Examples_3\Unit_Tests\PC Visual Studio 2019\x64\Release\15_Transparency\15_Transparency.exe --d3d12 --transparency-mode=5 --avboit-auto-capture --avboit-capture-hide-ui --avboit-capture-frame=60 --avboit-fixed-delta=0.0166666667 --avboit-random-seed=1337 --avboit-output-dir=D:\HTC\avboit\The-Forge\LocalVisualResults\P2_6T_ReverseZDepth_20260628T164524Z\depth_calibration\dx12 --avboit-commit-sha=dbeb4094 --avboit-multiplier=1.0 --avboit-debug-view=24 --avboit-test-scene=depth_calibration --avboit-test-case=slice32 --avboit-depth-mapping=legacy --avboit-dump-raw-accum --avboit-bootstrap-log-dir=D:\HTC\avboit\The-Forge\LocalVisualResults\P2_6T_ReverseZDepth_20260628T164524Z\depth_calibration\dx12\bootstrap"	"1"	"4"	"2"	"D:\HTC\avboit\The-Forge\LocalVisualResults\P2_6T_ReverseZDepth_20260628T164524Z\depth_calibration\dx12\dx12_depth_slice32_debug24.stderr.txt;D:\HTC\avboit\The-Forge\LocalVisualResults\P2_6T_ReverseZDepth_20260628T164524Z\depth_calibration\dx12\dx12_depth_slice32_debug24.stdout.txt;D:\HTC\avboit\The-Forge\LocalVisualResults\P2_6T_ReverseZDepth_20260628T164524Z\depth_calibration\dx12\DX12_Mode5_1920x1080_Debug24_Dirlegacy_Depthlegacy_Mul1.0_Frame60_dbeb4094_Scenedepth_calibration_Caseslice32_Ordernormal_Layerall.json;D:\HTC\avboit\The-Forge\LocalVisualResults\P2_6T_ReverseZDepth_20260628T164524Z\depth_calibration\dx12\DX12_Mode5_1920x1080_Debug24_Dirlegacy_Depthlegacy_Mul1.0_Frame60_dbeb4094_Scenedepth_calibration_Caseslice32_Ordernormal_Layerall.png;D:\HTC\avboit\The-Forge\LocalVisualResults\P2_6T_ReverseZDepth_20260628T164524Z\depth_calibration\dx12\raw_ea030aea_AVBOITAccumColorWeight.bin;D:\HTC\avboit\The-Forge\LocalVisualResults\P2_6T_ReverseZDepth_20260628T164524Z\depth_calibration\dx12\raw_ea030aea_AVBOITAccumColorWeight.json;D:\HTC\avboit\The-Forge\LocalVisualResults\P2_6T_ReverseZDepth_20260628T164524Z\depth_calibration\dx12\raw_ea030aea_AVBOITAccumDiagnostics.json;D:\HTC\avboit\The-Forge\LocalVisualResults\P2_6T_ReverseZDepth_20260628T164524Z\depth_calibration\dx12\raw_ea030aea_AVBOITAccumExtinction.bin;D:\HTC\avboit\The-Forge\LocalVisualResults\P2_6T_ReverseZDepth_20260628T164524Z\depth_calibration\dx12\raw_ea030aea_AVBOITAccumExtinction.json"	"D:\HTC\avboit\The-Forge\LocalVisualResults\P2_6T_ReverseZDepth_20260628T164524Z\depth_calibration\dx12\dx12_depth_slice32_debug24.stdout.txt"	"D:\HTC\avboit\The-Forge\LocalVisualResults\P2_6T_ReverseZDepth_20260628T164524Z\depth_calibration\dx12\dx12_depth_slice32_debug24.stderr.txt"
"dx12_depth_slice32_debug25"	"depth-calibration"	"APP_EXITED_NONZERO"	"True"	"166084"	""	"1794"	"D:\HTC\avboit\The-Forge\Examples_3\Unit_Tests\PC Visual Studio 2019\x64\Release\15_Transparency\15_Transparency.exe --d3d12 --transparency-mode=5 --avboit-auto-capture --avboit-capture-hide-ui --avboit-capture-frame=60 --avboit-fixed-delta=0.0166666667 --avboit-random-seed=1337 --avboit-output-dir=D:\HTC\avboit\The-Forge\LocalVisualResults\P2_6T_ReverseZDepth_20260628T164524Z\depth_calibration\dx12 --avboit-commit-sha=dbeb4094 --avboit-multiplier=1.0 --avboit-debug-view=25 --avboit-test-scene=depth_calibration --avboit-test-case=slice32 --avboit-depth-mapping=legacy --avboit-dump-raw-accum --avboit-bootstrap-log-dir=D:\HTC\avboit\The-Forge\LocalVisualResults\P2_6T_ReverseZDepth_20260628T164524Z\depth_calibration\dx12\bootstrap"	"1"	"4"	"2"	"D:\HTC\avboit\The-Forge\LocalVisualResults\P2_6T_ReverseZDepth_20260628T164524Z\depth_calibration\dx12\dx12_depth_slice32_debug25.stderr.txt;D:\HTC\avboit\The-Forge\LocalVisualResults\P2_6T_ReverseZDepth_20260628T164524Z\depth_calibration\dx12\dx12_depth_slice32_debug25.stdout.txt;D:\HTC\avboit\The-Forge\LocalVisualResults\P2_6T_ReverseZDepth_20260628T164524Z\depth_calibration\dx12\DX12_Mode5_1920x1080_Debug25_Dirlegacy_Depthlegacy_Mul1.0_Frame60_dbeb4094_Scenedepth_calibration_Caseslice32_Ordernormal_Layerall.json;D:\HTC\avboit\The-Forge\LocalVisualResults\P2_6T_ReverseZDepth_20260628T164524Z\depth_calibration\dx12\DX12_Mode5_1920x1080_Debug25_Dirlegacy_Depthlegacy_Mul1.0_Frame60_dbeb4094_Scenedepth_calibration_Caseslice32_Ordernormal_Layerall.png;D:\HTC\avboit\The-Forge\LocalVisualResults\P2_6T_ReverseZDepth_20260628T164524Z\depth_calibration\dx12\raw_0d009bb1_AVBOITAccumColorWeight.bin;D:\HTC\avboit\The-Forge\LocalVisualResults\P2_6T_ReverseZDepth_20260628T164524Z\depth_calibration\dx12\raw_0d009bb1_AVBOITAccumColorWeight.json;D:\HTC\avboit\The-Forge\LocalVisualResults\P2_6T_ReverseZDepth_20260628T164524Z\depth_calibration\dx12\raw_0d009bb1_AVBOITAccumDiagnostics.json;D:\HTC\avboit\The-Forge\LocalVisualResults\P2_6T_ReverseZDepth_20260628T164524Z\depth_calibration\dx12\raw_0d009bb1_AVBOITAccumExtinction.bin;D:\HTC\avboit\The-Forge\LocalVisualResults\P2_6T_ReverseZDepth_20260628T164524Z\depth_calibration\dx12\raw_0d009bb1_AVBOITAccumExtinction.json"	"D:\HTC\avboit\The-Forge\LocalVisualResults\P2_6T_ReverseZDepth_20260628T164524Z\depth_calibration\dx12\dx12_depth_slice32_debug25.stdout.txt"	"D:\HTC\avboit\The-Forge\LocalVisualResults\P2_6T_ReverseZDepth_20260628T164524Z\depth_calibration\dx12\dx12_depth_slice32_debug25.stderr.txt"
"dx12_depth_slice16_debug21"	"depth-calibration"	"APP_EXITED_NONZERO"	"True"	"177396"	""	"1791"	"D:\HTC\avboit\The-Forge\Examples_3\Unit_Tests\PC Visual Studio 2019\x64\Release\15_Transparency\15_Transparency.exe --d3d12 --transparency-mode=5 --avboit-auto-capture --avboit-capture-hide-ui --avboit-capture-frame=60 --avboit-fixed-delta=0.0166666667 --avboit-random-seed=1337 --avboit-output-dir=D:\HTC\avboit\The-Forge\LocalVisualResults\P2_6T_ReverseZDepth_20260628T164524Z\depth_calibration\dx12 --avboit-commit-sha=dbeb4094 --avboit-multiplier=1.0 --avboit-debug-view=21 --avboit-test-scene=depth_calibration --avboit-test-case=slice16 --avboit-depth-mapping=legacy --avboit-dump-raw-accum --avboit-bootstrap-log-dir=D:\HTC\avboit\The-Forge\LocalVisualResults\P2_6T_ReverseZDepth_20260628T164524Z\depth_calibration\dx12\bootstrap"	"1"	"4"	"2"	"D:\HTC\avboit\The-Forge\LocalVisualResults\P2_6T_ReverseZDepth_20260628T164524Z\depth_calibration\dx12\dx12_depth_slice16_debug21.stderr.txt;D:\HTC\avboit\The-Forge\LocalVisualResults\P2_6T_ReverseZDepth_20260628T164524Z\depth_calibration\dx12\dx12_depth_slice16_debug21.stdout.txt;D:\HTC\avboit\The-Forge\LocalVisualResults\P2_6T_ReverseZDepth_20260628T164524Z\depth_calibration\dx12\DX12_Mode5_1920x1080_Debug21_Dirlegacy_Depthlegacy_Mul1.0_Frame60_dbeb4094_Scenedepth_calibration_Caseslice16_Ordernormal_Layerall.json;D:\HTC\avboit\The-Forge\LocalVisualResults\P2_6T_ReverseZDepth_20260628T164524Z\depth_calibration\dx12\DX12_Mode5_1920x1080_Debug21_Dirlegacy_Depthlegacy_Mul1.0_Frame60_dbeb4094_Scenedepth_calibration_Caseslice16_Ordernormal_Layerall.png;D:\HTC\avboit\The-Forge\LocalVisualResults\P2_6T_ReverseZDepth_20260628T164524Z\depth_calibration\dx12\raw_4e819cb3_AVBOITAccumColorWeight.bin;D:\HTC\avboit\The-Forge\LocalVisualResults\P2_6T_ReverseZDepth_20260628T164524Z\depth_calibration\dx12\raw_4e819cb3_AVBOITAccumColorWeight.json;D:\HTC\avboit\The-Forge\LocalVisualResults\P2_6T_ReverseZDepth_20260628T164524Z\depth_calibration\dx12\raw_4e819cb3_AVBOITAccumDiagnostics.json;D:\HTC\avboit\The-Forge\LocalVisualResults\P2_6T_ReverseZDepth_20260628T164524Z\depth_calibration\dx12\raw_4e819cb3_AVBOITAccumExtinction.bin;D:\HTC\avboit\The-Forge\LocalVisualResults\P2_6T_ReverseZDepth_20260628T164524Z\depth_calibration\dx12\raw_4e819cb3_AVBOITAccumExtinction.json"	"D:\HTC\avboit\The-Forge\LocalVisualResults\P2_6T_ReverseZDepth_20260628T164524Z\depth_calibration\dx12\dx12_depth_slice16_debug21.stdout.txt"	"D:\HTC\avboit\The-Forge\LocalVisualResults\P2_6T_ReverseZDepth_20260628T164524Z\depth_calibration\dx12\dx12_depth_slice16_debug21.stderr.txt"
"dx12_depth_slice16_debug22"	"depth-calibration"	"APP_EXITED_NONZERO"	"True"	"173676"	""	"1826"	"D:\HTC\avboit\The-Forge\Examples_3\Unit_Tests\PC Visual Studio 2019\x64\Release\15_Transparency\15_Transparency.exe --d3d12 --transparency-mode=5 --avboit-auto-capture --avboit-capture-hide-ui --avboit-capture-frame=60 --avboit-fixed-delta=0.0166666667 --avboit-random-seed=1337 --avboit-output-dir=D:\HTC\avboit\The-Forge\LocalVisualResults\P2_6T_ReverseZDepth_20260628T164524Z\depth_calibration\dx12 --avboit-commit-sha=dbeb4094 --avboit-multiplier=1.0 --avboit-debug-view=22 --avboit-test-scene=depth_calibration --avboit-test-case=slice16 --avboit-depth-mapping=legacy --avboit-dump-raw-accum --avboit-bootstrap-log-dir=D:\HTC\avboit\The-Forge\LocalVisualResults\P2_6T_ReverseZDepth_20260628T164524Z\depth_calibration\dx12\bootstrap"	"1"	"4"	"2"	"D:\HTC\avboit\The-Forge\LocalVisualResults\P2_6T_ReverseZDepth_20260628T164524Z\depth_calibration\dx12\dx12_depth_slice16_debug22.stderr.txt;D:\HTC\avboit\The-Forge\LocalVisualResults\P2_6T_ReverseZDepth_20260628T164524Z\depth_calibration\dx12\dx12_depth_slice16_debug22.stdout.txt;D:\HTC\avboit\The-Forge\LocalVisualResults\P2_6T_ReverseZDepth_20260628T164524Z\depth_calibration\dx12\DX12_Mode5_1920x1080_Debug22_Dirlegacy_Depthlegacy_Mul1.0_Frame60_dbeb4094_Scenedepth_calibration_Caseslice16_Ordernormal_Layerall.json;D:\HTC\avboit\The-Forge\LocalVisualResults\P2_6T_ReverseZDepth_20260628T164524Z\depth_calibration\dx12\DX12_Mode5_1920x1080_Debug22_Dirlegacy_Depthlegacy_Mul1.0_Frame60_dbeb4094_Scenedepth_calibration_Caseslice16_Ordernormal_Layerall.png;D:\HTC\avboit\The-Forge\LocalVisualResults\P2_6T_ReverseZDepth_20260628T164524Z\depth_calibration\dx12\raw_24994ece_AVBOITAccumColorWeight.bin;D:\HTC\avboit\The-Forge\LocalVisualResults\P2_6T_ReverseZDepth_20260628T164524Z\depth_calibration\dx12\raw_24994ece_AVBOITAccumColorWeight.json;D:\HTC\avboit\The-Forge\LocalVisualResults\P2_6T_ReverseZDepth_20260628T164524Z\depth_calibration\dx12\raw_24994ece_AVBOITAccumDiagnostics.json;D:\HTC\avboit\The-Forge\LocalVisualResults\P2_6T_ReverseZDepth_20260628T164524Z\depth_calibration\dx12\raw_24994ece_AVBOITAccumExtinction.bin;D:\HTC\avboit\The-Forge\LocalVisualResults\P2_6T_ReverseZDepth_20260628T164524Z\depth_calibration\dx12\raw_24994ece_AVBOITAccumExtinction.json"	"D:\HTC\avboit\The-Forge\LocalVisualResults\P2_6T_ReverseZDepth_20260628T164524Z\depth_calibration\dx12\dx12_depth_slice16_debug22.stdout.txt"	"D:\HTC\avboit\The-Forge\LocalVisualResults\P2_6T_ReverseZDepth_20260628T164524Z\depth_calibration\dx12\dx12_depth_slice16_debug22.stderr.txt"
"dx12_depth_slice16_debug23"	"depth-calibration"	"APP_EXITED_NONZERO"	"True"	"175416"	""	"1804"	"D:\HTC\avboit\The-Forge\Examples_3\Unit_Tests\PC Visual Studio 2019\x64\Release\15_Transparency\15_Transparency.exe --d3d12 --transparency-mode=5 --avboit-auto-capture --avboit-capture-hide-ui --avboit-capture-frame=60 --avboit-fixed-delta=0.0166666667 --avboit-random-seed=1337 --avboit-output-dir=D:\HTC\avboit\The-Forge\LocalVisualResults\P2_6T_ReverseZDepth_20260628T164524Z\depth_calibration\dx12 --avboit-commit-sha=dbeb4094 --avboit-multiplier=1.0 --avboit-debug-view=23 --avboit-test-scene=depth_calibration --avboit-test-case=slice16 --avboit-depth-mapping=legacy --avboit-dump-raw-accum --avboit-bootstrap-log-dir=D:\HTC\avboit\The-Forge\LocalVisualResults\P2_6T_ReverseZDepth_20260628T164524Z\depth_calibration\dx12\bootstrap"	"1"	"4"	"2"	"D:\HTC\avboit\The-Forge\LocalVisualResults\P2_6T_ReverseZDepth_20260628T164524Z\depth_calibration\dx12\dx12_depth_slice16_debug23.stderr.txt;D:\HTC\avboit\The-Forge\LocalVisualResults\P2_6T_ReverseZDepth_20260628T164524Z\depth_calibration\dx12\dx12_depth_slice16_debug23.stdout.txt;D:\HTC\avboit\The-Forge\LocalVisualResults\P2_6T_ReverseZDepth_20260628T164524Z\depth_calibration\dx12\DX12_Mode5_1920x1080_Debug23_Dirlegacy_Depthlegacy_Mul1.0_Frame60_dbeb4094_Scenedepth_calibration_Caseslice16_Ordernormal_Layerall.json;D:\HTC\avboit\The-Forge\LocalVisualResults\P2_6T_ReverseZDepth_20260628T164524Z\depth_calibration\dx12\DX12_Mode5_1920x1080_Debug23_Dirlegacy_Depthlegacy_Mul1.0_Frame60_dbeb4094_Scenedepth_calibration_Caseslice16_Ordernormal_Layerall.png;D:\HTC\avboit\The-Forge\LocalVisualResults\P2_6T_ReverseZDepth_20260628T164524Z\depth_calibration\dx12\raw_a936c8ed_AVBOITAccumColorWeight.bin;D:\HTC\avboit\The-Forge\LocalVisualResults\P2_6T_ReverseZDepth_20260628T164524Z\depth_calibration\dx12\raw_a936c8ed_AVBOITAccumColorWeight.json;D:\HTC\avboit\The-Forge\LocalVisualResults\P2_6T_ReverseZDepth_20260628T164524Z\depth_calibration\dx12\raw_a936c8ed_AVBOITAccumDiagnostics.json;D:\HTC\avboit\The-Forge\LocalVisualResults\P2_6T_ReverseZDepth_20260628T164524Z\depth_calibration\dx12\raw_a936c8ed_AVBOITAccumExtinction.bin;D:\HTC\avboit\The-Forge\LocalVisualResults\P2_6T_ReverseZDepth_20260628T164524Z\depth_calibration\dx12\raw_a936c8ed_AVBOITAccumExtinction.json"	"D:\HTC\avboit\The-Forge\LocalVisualResults\P2_6T_ReverseZDepth_20260628T164524Z\depth_calibration\dx12\dx12_depth_slice16_debug23.stdout.txt"	"D:\HTC\avboit\The-Forge\LocalVisualResults\P2_6T_ReverseZDepth_20260628T164524Z\depth_calibration\dx12\dx12_depth_slice16_debug23.stderr.txt"
"dx12_depth_slice16_debug24"	"depth-calibration"	"APP_EXITED_NONZERO"	"True"	"171084"	""	"1823"	"D:\HTC\avboit\The-Forge\Examples_3\Unit_Tests\PC Visual Studio 2019\x64\Release\15_Transparency\15_Transparency.exe --d3d12 --transparency-mode=5 --avboit-auto-capture --avboit-capture-hide-ui --avboit-capture-frame=60 --avboit-fixed-delta=0.0166666667 --avboit-random-seed=1337 --avboit-output-dir=D:\HTC\avboit\The-Forge\LocalVisualResults\P2_6T_ReverseZDepth_20260628T164524Z\depth_calibration\dx12 --avboit-commit-sha=dbeb4094 --avboit-multiplier=1.0 --avboit-debug-view=24 --avboit-test-scene=depth_calibration --avboit-test-case=slice16 --avboit-depth-mapping=legacy --avboit-dump-raw-accum --avboit-bootstrap-log-dir=D:\HTC\avboit\The-Forge\LocalVisualResults\P2_6T_ReverseZDepth_20260628T164524Z\depth_calibration\dx12\bootstrap"	"1"	"4"	"2"	"D:\HTC\avboit\The-Forge\LocalVisualResults\P2_6T_ReverseZDepth_20260628T164524Z\depth_calibration\dx12\dx12_depth_slice16_debug24.stderr.txt;D:\HTC\avboit\The-Forge\LocalVisualResults\P2_6T_ReverseZDepth_20260628T164524Z\depth_calibration\dx12\dx12_depth_slice16_debug24.stdout.txt;D:\HTC\avboit\The-Forge\LocalVisualResults\P2_6T_ReverseZDepth_20260628T164524Z\depth_calibration\dx12\DX12_Mode5_1920x1080_Debug24_Dirlegacy_Depthlegacy_Mul1.0_Frame60_dbeb4094_Scenedepth_calibration_Caseslice16_Ordernormal_Layerall.json;D:\HTC\avboit\The-Forge\LocalVisualResults\P2_6T_ReverseZDepth_20260628T164524Z\depth_calibration\dx12\DX12_Mode5_1920x1080_Debug24_Dirlegacy_Depthlegacy_Mul1.0_Frame60_dbeb4094_Scenedepth_calibration_Caseslice16_Ordernormal_Layerall.png;D:\HTC\avboit\The-Forge\LocalVisualResults\P2_6T_ReverseZDepth_20260628T164524Z\depth_calibration\dx12\raw_e6c19c78_AVBOITAccumColorWeight.bin;D:\HTC\avboit\The-Forge\LocalVisualResults\P2_6T_ReverseZDepth_20260628T164524Z\depth_calibration\dx12\raw_e6c19c78_AVBOITAccumColorWeight.json;D:\HTC\avboit\The-Forge\LocalVisualResults\P2_6T_ReverseZDepth_20260628T164524Z\depth_calibration\dx12\raw_e6c19c78_AVBOITAccumDiagnostics.json;D:\HTC\avboit\The-Forge\LocalVisualResults\P2_6T_ReverseZDepth_20260628T164524Z\depth_calibration\dx12\raw_e6c19c78_AVBOITAccumExtinction.bin;D:\HTC\avboit\The-Forge\LocalVisualResults\P2_6T_ReverseZDepth_20260628T164524Z\depth_calibration\dx12\raw_e6c19c78_AVBOITAccumExtinction.json"	"D:\HTC\avboit\The-Forge\LocalVisualResults\P2_6T_ReverseZDepth_20260628T164524Z\depth_calibration\dx12\dx12_depth_slice16_debug24.stdout.txt"	"D:\HTC\avboit\The-Forge\LocalVisualResults\P2_6T_ReverseZDepth_20260628T164524Z\depth_calibration\dx12\dx12_depth_slice16_debug24.stderr.txt"
"dx12_depth_slice16_debug25"	"depth-calibration"	"APP_EXITED_NONZERO"	"True"	"156400"	""	"1843"	"D:\HTC\avboit\The-Forge\Examples_3\Unit_Tests\PC Visual Studio 2019\x64\Release\15_Transparency\15_Transparency.exe --d3d12 --transparency-mode=5 --avboit-auto-capture --avboit-capture-hide-ui --avboit-capture-frame=60 --avboit-fixed-delta=0.0166666667 --avboit-random-seed=1337 --avboit-output-dir=D:\HTC\avboit\The-Forge\LocalVisualResults\P2_6T_ReverseZDepth_20260628T164524Z\depth_calibration\dx12 --avboit-commit-sha=dbeb4094 --avboit-multiplier=1.0 --avboit-debug-view=25 --avboit-test-scene=depth_calibration --avboit-test-case=slice16 --avboit-depth-mapping=legacy --avboit-dump-raw-accum --avboit-bootstrap-log-dir=D:\HTC\avboit\The-Forge\LocalVisualResults\P2_6T_ReverseZDepth_20260628T164524Z\depth_calibration\dx12\bootstrap"	"1"	"4"	"2"	"D:\HTC\avboit\The-Forge\LocalVisualResults\P2_6T_ReverseZDepth_20260628T164524Z\depth_calibration\dx12\dx12_depth_slice16_debug25.stderr.txt;D:\HTC\avboit\The-Forge\LocalVisualResults\P2_6T_ReverseZDepth_20260628T164524Z\depth_calibration\dx12\dx12_depth_slice16_debug25.stdout.txt;D:\HTC\avboit\The-Forge\LocalVisualResults\P2_6T_ReverseZDepth_20260628T164524Z\depth_calibration\dx12\DX12_Mode5_1920x1080_Debug25_Dirlegacy_Depthlegacy_Mul1.0_Frame60_dbeb4094_Scenedepth_calibration_Caseslice16_Ordernormal_Layerall.json;D:\HTC\avboit\The-Forge\LocalVisualResults\P2_6T_ReverseZDepth_20260628T164524Z\depth_calibration\dx12\DX12_Mode5_1920x1080_Debug25_Dirlegacy_Depthlegacy_Mul1.0_Frame60_dbeb4094_Scenedepth_calibration_Caseslice16_Ordernormal_Layerall.png;D:\HTC\avboit\The-Forge\LocalVisualResults\P2_6T_ReverseZDepth_20260628T164524Z\depth_calibration\dx12\raw_12c9fe0f_AVBOITAccumColorWeight.bin;D:\HTC\avboit\The-Forge\LocalVisualResults\P2_6T_ReverseZDepth_20260628T164524Z\depth_calibration\dx12\raw_12c9fe0f_AVBOITAccumColorWeight.json;D:\HTC\avboit\The-Forge\LocalVisualResults\P2_6T_ReverseZDepth_20260628T164524Z\depth_calibration\dx12\raw_12c9fe0f_AVBOITAccumDiagnostics.json;D:\HTC\avboit\The-Forge\LocalVisualResults\P2_6T_ReverseZDepth_20260628T164524Z\depth_calibration\dx12\raw_12c9fe0f_AVBOITAccumExtinction.bin;D:\HTC\avboit\The-Forge\LocalVisualResults\P2_6T_ReverseZDepth_20260628T164524Z\depth_calibration\dx12\raw_12c9fe0f_AVBOITAccumExtinction.json"	"D:\HTC\avboit\The-Forge\LocalVisualResults\P2_6T_ReverseZDepth_20260628T164524Z\depth_calibration\dx12\dx12_depth_slice16_debug25.stdout.txt"	"D:\HTC\avboit\The-Forge\LocalVisualResults\P2_6T_ReverseZDepth_20260628T164524Z\depth_calibration\dx12\dx12_depth_slice16_debug25.stderr.txt"
"dx12_depth_far_3500_debug21"	"depth-calibration"	"APP_EXITED_NONZERO"	"True"	"169836"	""	"1785"	"D:\HTC\avboit\The-Forge\Examples_3\Unit_Tests\PC Visual Studio 2019\x64\Release\15_Transparency\15_Transparency.exe --d3d12 --transparency-mode=5 --avboit-auto-capture --avboit-capture-hide-ui --avboit-capture-frame=60 --avboit-fixed-delta=0.0166666667 --avboit-random-seed=1337 --avboit-output-dir=D:\HTC\avboit\The-Forge\LocalVisualResults\P2_6T_ReverseZDepth_20260628T164524Z\depth_calibration\dx12 --avboit-commit-sha=dbeb4094 --avboit-multiplier=1.0 --avboit-debug-view=21 --avboit-test-scene=depth_calibration --avboit-test-case=far_3500 --avboit-depth-mapping=legacy --avboit-dump-raw-accum --avboit-bootstrap-log-dir=D:\HTC\avboit\The-Forge\LocalVisualResults\P2_6T_ReverseZDepth_20260628T164524Z\depth_calibration\dx12\bootstrap"	"1"	"4"	"2"	"D:\HTC\avboit\The-Forge\LocalVisualResults\P2_6T_ReverseZDepth_20260628T164524Z\depth_calibration\dx12\dx12_depth_far_3500_debug21.stderr.txt;D:\HTC\avboit\The-Forge\LocalVisualResults\P2_6T_ReverseZDepth_20260628T164524Z\depth_calibration\dx12\dx12_depth_far_3500_debug21.stdout.txt;D:\HTC\avboit\The-Forge\LocalVisualResults\P2_6T_ReverseZDepth_20260628T164524Z\depth_calibration\dx12\DX12_Mode5_1920x1080_Debug21_Dirlegacy_Depthlegacy_Mul1.0_Frame60_dbeb4094_Scenedepth_calibration_Casefar_3500_Ordernormal_Layerall.json;D:\HTC\avboit\The-Forge\LocalVisualResults\P2_6T_ReverseZDepth_20260628T164524Z\depth_calibration\dx12\DX12_Mode5_1920x1080_Debug21_Dirlegacy_Depthlegacy_Mul1.0_Frame60_dbeb4094_Scenedepth_calibration_Casefar_3500_Ordernormal_Layerall.png;D:\HTC\avboit\The-Forge\LocalVisualResults\P2_6T_ReverseZDepth_20260628T164524Z\depth_calibration\dx12\raw_5e67b344_AVBOITAccumColorWeight.bin;D:\HTC\avboit\The-Forge\LocalVisualResults\P2_6T_ReverseZDepth_20260628T164524Z\depth_calibration\dx12\raw_5e67b344_AVBOITAccumColorWeight.json;D:\HTC\avboit\The-Forge\LocalVisualResults\P2_6T_ReverseZDepth_20260628T164524Z\depth_calibration\dx12\raw_5e67b344_AVBOITAccumDiagnostics.json;D:\HTC\avboit\The-Forge\LocalVisualResults\P2_6T_ReverseZDepth_20260628T164524Z\depth_calibration\dx12\raw_5e67b344_AVBOITAccumExtinction.bin;D:\HTC\avboit\The-Forge\LocalVisualResults\P2_6T_ReverseZDepth_20260628T164524Z\depth_calibration\dx12\raw_5e67b344_AVBOITAccumExtinction.json"	"D:\HTC\avboit\The-Forge\LocalVisualResults\P2_6T_ReverseZDepth_20260628T164524Z\depth_calibration\dx12\dx12_depth_far_3500_debug21.stdout.txt"	"D:\HTC\avboit\The-Forge\LocalVisualResults\P2_6T_ReverseZDepth_20260628T164524Z\depth_calibration\dx12\dx12_depth_far_3500_debug21.stderr.txt"
"dx12_depth_far_3500_debug22"	"depth-calibration"	"APP_EXITED_NONZERO"	"True"	"180120"	""	"1828"	"D:\HTC\avboit\The-Forge\Examples_3\Unit_Tests\PC Visual Studio 2019\x64\Release\15_Transparency\15_Transparency.exe --d3d12 --transparency-mode=5 --avboit-auto-capture --avboit-capture-hide-ui --avboit-capture-frame=60 --avboit-fixed-delta=0.0166666667 --avboit-random-seed=1337 --avboit-output-dir=D:\HTC\avboit\The-Forge\LocalVisualResults\P2_6T_ReverseZDepth_20260628T164524Z\depth_calibration\dx12 --avboit-commit-sha=dbeb4094 --avboit-multiplier=1.0 --avboit-debug-view=22 --avboit-test-scene=depth_calibration --avboit-test-case=far_3500 --avboit-depth-mapping=legacy --avboit-dump-raw-accum --avboit-bootstrap-log-dir=D:\HTC\avboit\The-Forge\LocalVisualResults\P2_6T_ReverseZDepth_20260628T164524Z\depth_calibration\dx12\bootstrap"	"1"	"4"	"2"	"D:\HTC\avboit\The-Forge\LocalVisualResults\P2_6T_ReverseZDepth_20260628T164524Z\depth_calibration\dx12\dx12_depth_far_3500_debug22.stderr.txt;D:\HTC\avboit\The-Forge\LocalVisualResults\P2_6T_ReverseZDepth_20260628T164524Z\depth_calibration\dx12\dx12_depth_far_3500_debug22.stdout.txt;D:\HTC\avboit\The-Forge\LocalVisualResults\P2_6T_ReverseZDepth_20260628T164524Z\depth_calibration\dx12\DX12_Mode5_1920x1080_Debug22_Dirlegacy_Depthlegacy_Mul1.0_Frame60_dbeb4094_Scenedepth_calibration_Casefar_3500_Ordernormal_Layerall.json;D:\HTC\avboit\The-Forge\LocalVisualResults\P2_6T_ReverseZDepth_20260628T164524Z\depth_calibration\dx12\DX12_Mode5_1920x1080_Debug22_Dirlegacy_Depthlegacy_Mul1.0_Frame60_dbeb4094_Scenedepth_calibration_Casefar_3500_Ordernormal_Layerall.png;D:\HTC\avboit\The-Forge\LocalVisualResults\P2_6T_ReverseZDepth_20260628T164524Z\depth_calibration\dx12\raw_8061d7d7_AVBOITAccumColorWeight.bin;D:\HTC\avboit\The-Forge\LocalVisualResults\P2_6T_ReverseZDepth_20260628T164524Z\depth_calibration\dx12\raw_8061d7d7_AVBOITAccumColorWeight.json;D:\HTC\avboit\The-Forge\LocalVisualResults\P2_6T_ReverseZDepth_20260628T164524Z\depth_calibration\dx12\raw_8061d7d7_AVBOITAccumDiagnostics.json;D:\HTC\avboit\The-Forge\LocalVisualResults\P2_6T_ReverseZDepth_20260628T164524Z\depth_calibration\dx12\raw_8061d7d7_AVBOITAccumExtinction.bin;D:\HTC\avboit\The-Forge\LocalVisualResults\P2_6T_ReverseZDepth_20260628T164524Z\depth_calibration\dx12\raw_8061d7d7_AVBOITAccumExtinction.json"	"D:\HTC\avboit\The-Forge\LocalVisualResults\P2_6T_ReverseZDepth_20260628T164524Z\depth_calibration\dx12\dx12_depth_far_3500_debug22.stdout.txt"	"D:\HTC\avboit\The-Forge\LocalVisualResults\P2_6T_ReverseZDepth_20260628T164524Z\depth_calibration\dx12\dx12_depth_far_3500_debug22.stderr.txt"
"dx12_depth_far_3500_debug23"	"depth-calibration"	"APP_EXITED_NONZERO"	"True"	"174256"	""	"1794"	"D:\HTC\avboit\The-Forge\Examples_3\Unit_Tests\PC Visual Studio 2019\x64\Release\15_Transparency\15_Transparency.exe --d3d12 --transparency-mode=5 --avboit-auto-capture --avboit-capture-hide-ui --avboit-capture-frame=60 --avboit-fixed-delta=0.0166666667 --avboit-random-seed=1337 --avboit-output-dir=D:\HTC\avboit\The-Forge\LocalVisualResults\P2_6T_ReverseZDepth_20260628T164524Z\depth_calibration\dx12 --avboit-commit-sha=dbeb4094 --avboit-multiplier=1.0 --avboit-debug-view=23 --avboit-test-scene=depth_calibration --avboit-test-case=far_3500 --avboit-depth-mapping=legacy --avboit-dump-raw-accum --avboit-bootstrap-log-dir=D:\HTC\avboit\The-Forge\LocalVisualResults\P2_6T_ReverseZDepth_20260628T164524Z\depth_calibration\dx12\bootstrap"	"1"	"4"	"2"	"D:\HTC\avboit\The-Forge\LocalVisualResults\P2_6T_ReverseZDepth_20260628T164524Z\depth_calibration\dx12\dx12_depth_far_3500_debug23.stderr.txt;D:\HTC\avboit\The-Forge\LocalVisualResults\P2_6T_ReverseZDepth_20260628T164524Z\depth_calibration\dx12\dx12_depth_far_3500_debug23.stdout.txt;D:\HTC\avboit\The-Forge\LocalVisualResults\P2_6T_ReverseZDepth_20260628T164524Z\depth_calibration\dx12\DX12_Mode5_1920x1080_Debug23_Dirlegacy_Depthlegacy_Mul1.0_Frame60_dbeb4094_Scenedepth_calibration_Casefar_3500_Ordernormal_Layerall.json;D:\HTC\avboit\The-Forge\LocalVisualResults\P2_6T_ReverseZDepth_20260628T164524Z\depth_calibration\dx12\DX12_Mode5_1920x1080_Debug23_Dirlegacy_Depthlegacy_Mul1.0_Frame60_dbeb4094_Scenedepth_calibration_Casefar_3500_Ordernormal_Layerall.png;D:\HTC\avboit\The-Forge\LocalVisualResults\P2_6T_ReverseZDepth_20260628T164524Z\depth_calibration\dx12\raw_9da75a5e_AVBOITAccumColorWeight.bin;D:\HTC\avboit\The-Forge\LocalVisualResults\P2_6T_ReverseZDepth_20260628T164524Z\depth_calibration\dx12\raw_9da75a5e_AVBOITAccumColorWeight.json;D:\HTC\avboit\The-Forge\LocalVisualResults\P2_6T_ReverseZDepth_20260628T164524Z\depth_calibration\dx12\raw_9da75a5e_AVBOITAccumDiagnostics.json;D:\HTC\avboit\The-Forge\LocalVisualResults\P2_6T_ReverseZDepth_20260628T164524Z\depth_calibration\dx12\raw_9da75a5e_AVBOITAccumExtinction.bin;D:\HTC\avboit\The-Forge\LocalVisualResults\P2_6T_ReverseZDepth_20260628T164524Z\depth_calibration\dx12\raw_9da75a5e_AVBOITAccumExtinction.json"	"D:\HTC\avboit\The-Forge\LocalVisualResults\P2_6T_ReverseZDepth_20260628T164524Z\depth_calibration\dx12\dx12_depth_far_3500_debug23.stdout.txt"	"D:\HTC\avboit\The-Forge\LocalVisualResults\P2_6T_ReverseZDepth_20260628T164524Z\depth_calibration\dx12\dx12_depth_far_3500_debug23.stderr.txt"
"dx12_depth_far_3500_debug24"	"depth-calibration"	"APP_EXITED_NONZERO"	"True"	"163224"	""	"1773"	"D:\HTC\avboit\The-Forge\Examples_3\Unit_Tests\PC Visual Studio 2019\x64\Release\15_Transparency\15_Transparency.exe --d3d12 --transparency-mode=5 --avboit-auto-capture --avboit-capture-hide-ui --avboit-capture-frame=60 --avboit-fixed-delta=0.0166666667 --avboit-random-seed=1337 --avboit-output-dir=D:\HTC\avboit\The-Forge\LocalVisualResults\P2_6T_ReverseZDepth_20260628T164524Z\depth_calibration\dx12 --avboit-commit-sha=dbeb4094 --avboit-multiplier=1.0 --avboit-debug-view=24 --avboit-test-scene=depth_calibration --avboit-test-case=far_3500 --avboit-depth-mapping=legacy --avboit-dump-raw-accum --avboit-bootstrap-log-dir=D:\HTC\avboit\The-Forge\LocalVisualResults\P2_6T_ReverseZDepth_20260628T164524Z\depth_calibration\dx12\bootstrap"	"1"	"4"	"2"	"D:\HTC\avboit\The-Forge\LocalVisualResults\P2_6T_ReverseZDepth_20260628T164524Z\depth_calibration\dx12\dx12_depth_far_3500_debug24.stderr.txt;D:\HTC\avboit\The-Forge\LocalVisualResults\P2_6T_ReverseZDepth_20260628T164524Z\depth_calibration\dx12\dx12_depth_far_3500_debug24.stdout.txt;D:\HTC\avboit\The-Forge\LocalVisualResults\P2_6T_ReverseZDepth_20260628T164524Z\depth_calibration\dx12\DX12_Mode5_1920x1080_Debug24_Dirlegacy_Depthlegacy_Mul1.0_Frame60_dbeb4094_Scenedepth_calibration_Casefar_3500_Ordernormal_Layerall.json;D:\HTC\avboit\The-Forge\LocalVisualResults\P2_6T_ReverseZDepth_20260628T164524Z\depth_calibration\dx12\DX12_Mode5_1920x1080_Debug24_Dirlegacy_Depthlegacy_Mul1.0_Frame60_dbeb4094_Scenedepth_calibration_Casefar_3500_Ordernormal_Layerall.png;D:\HTC\avboit\The-Forge\LocalVisualResults\P2_6T_ReverseZDepth_20260628T164524Z\depth_calibration\dx12\raw_4b0f5b29_AVBOITAccumColorWeight.bin;D:\HTC\avboit\The-Forge\LocalVisualResults\P2_6T_ReverseZDepth_20260628T164524Z\depth_calibration\dx12\raw_4b0f5b29_AVBOITAccumColorWeight.json;D:\HTC\avboit\The-Forge\LocalVisualResults\P2_6T_ReverseZDepth_20260628T164524Z\depth_calibration\dx12\raw_4b0f5b29_AVBOITAccumDiagnostics.json;D:\HTC\avboit\The-Forge\LocalVisualResults\P2_6T_ReverseZDepth_20260628T164524Z\depth_calibration\dx12\raw_4b0f5b29_AVBOITAccumExtinction.bin;D:\HTC\avboit\The-Forge\LocalVisualResults\P2_6T_ReverseZDepth_20260628T164524Z\depth_calibration\dx12\raw_4b0f5b29_AVBOITAccumExtinction.json"	"D:\HTC\avboit\The-Forge\LocalVisualResults\P2_6T_ReverseZDepth_20260628T164524Z\depth_calibration\dx12\dx12_depth_far_3500_debug24.stdout.txt"	"D:\HTC\avboit\The-Forge\LocalVisualResults\P2_6T_ReverseZDepth_20260628T164524Z\depth_calibration\dx12\dx12_depth_far_3500_debug24.stderr.txt"
"dx12_depth_far_3500_debug25"	"depth-calibration"	"APP_EXITED_NONZERO"	"True"	"175380"	""	"1883"	"D:\HTC\avboit\The-Forge\Examples_3\Unit_Tests\PC Visual Studio 2019\x64\Release\15_Transparency\15_Transparency.exe --d3d12 --transparency-mode=5 --avboit-auto-capture --avboit-capture-hide-ui --avboit-capture-frame=60 --avboit-fixed-delta=0.0166666667 --avboit-random-seed=1337 --avboit-output-dir=D:\HTC\avboit\The-Forge\LocalVisualResults\P2_6T_ReverseZDepth_20260628T164524Z\depth_calibration\dx12 --avboit-commit-sha=dbeb4094 --avboit-multiplier=1.0 --avboit-debug-view=25 --avboit-test-scene=depth_calibration --avboit-test-case=far_3500 --avboit-depth-mapping=legacy --avboit-dump-raw-accum --avboit-bootstrap-log-dir=D:\HTC\avboit\The-Forge\LocalVisualResults\P2_6T_ReverseZDepth_20260628T164524Z\depth_calibration\dx12\bootstrap"	"1"	"4"	"2"	"D:\HTC\avboit\The-Forge\LocalVisualResults\P2_6T_ReverseZDepth_20260628T164524Z\depth_calibration\dx12\dx12_depth_far_3500_debug25.stderr.txt;D:\HTC\avboit\The-Forge\LocalVisualResults\P2_6T_ReverseZDepth_20260628T164524Z\depth_calibration\dx12\dx12_depth_far_3500_debug25.stdout.txt;D:\HTC\avboit\The-Forge\LocalVisualResults\P2_6T_ReverseZDepth_20260628T164524Z\depth_calibration\dx12\DX12_Mode5_1920x1080_Debug25_Dirlegacy_Depthlegacy_Mul1.0_Frame60_dbeb4094_Scenedepth_calibration_Casefar_3500_Ordernormal_Layerall.json;D:\HTC\avboit\The-Forge\LocalVisualResults\P2_6T_ReverseZDepth_20260628T164524Z\depth_calibration\dx12\DX12_Mode5_1920x1080_Debug25_Dirlegacy_Depthlegacy_Mul1.0_Frame60_dbeb4094_Scenedepth_calibration_Casefar_3500_Ordernormal_Layerall.png;D:\HTC\avboit\The-Forge\LocalVisualResults\P2_6T_ReverseZDepth_20260628T164524Z\depth_calibration\dx12\raw_bee54b88_AVBOITAccumColorWeight.bin;D:\HTC\avboit\The-Forge\LocalVisualResults\P2_6T_ReverseZDepth_20260628T164524Z\depth_calibration\dx12\raw_bee54b88_AVBOITAccumColorWeight.json;D:\HTC\avboit\The-Forge\LocalVisualResults\P2_6T_ReverseZDepth_20260628T164524Z\depth_calibration\dx12\raw_bee54b88_AVBOITAccumDiagnostics.json;D:\HTC\avboit\The-Forge\LocalVisualResults\P2_6T_ReverseZDepth_20260628T164524Z\depth_calibration\dx12\raw_bee54b88_AVBOITAccumExtinction.bin;D:\HTC\avboit\The-Forge\LocalVisualResults\P2_6T_ReverseZDepth_20260628T164524Z\depth_calibration\dx12\raw_bee54b88_AVBOITAccumExtinction.json"	"D:\HTC\avboit\The-Forge\LocalVisualResults\P2_6T_ReverseZDepth_20260628T164524Z\depth_calibration\dx12\dx12_depth_far_3500_debug25.stdout.txt"	"D:\HTC\avboit\The-Forge\LocalVisualResults\P2_6T_ReverseZDepth_20260628T164524Z\depth_calibration\dx12\dx12_depth_far_3500_debug25.stderr.txt"
"dx12_slice_two_layer_two_a050_050_layer0_legacy"	"slice-validation"	"APP_EXITED_NONZERO"	"True"	"175564"	""	"1800"	"D:\HTC\avboit\The-Forge\Examples_3\Unit_Tests\PC Visual Studio 2019\x64\Release\15_Transparency\15_Transparency.exe --d3d12 --transparency-mode=5 --avboit-auto-capture --avboit-capture-hide-ui --avboit-capture-frame=60 --avboit-fixed-delta=0.0166666667 --avboit-random-seed=1337 --avboit-output-dir=D:\HTC\avboit\The-Forge\LocalVisualResults\P2_6T_ReverseZDepth_20260628T164524Z\slice_validation\dx12 --avboit-commit-sha=dbeb4094 --avboit-multiplier=1.0 --avboit-debug-view=6 --avboit-test-scene=two_layer --avboit-test-case=two_a050_050 --avboit-analytic-layer-filter=0 --avboit-depth-mapping=legacy --avboit-bootstrap-log-dir=D:\HTC\avboit\The-Forge\LocalVisualResults\P2_6T_ReverseZDepth_20260628T164524Z\slice_validation\dx12\bootstrap"	"1"	"1"	"0"	"D:\HTC\avboit\The-Forge\LocalVisualResults\P2_6T_ReverseZDepth_20260628T164524Z\slice_validation\dx12\DX12_Mode5_1920x1080_Debug6_Dirlegacy_Depthlegacy_Mul1.0_Frame60_dbeb4094_Scenetwo_layer_Casetwo_a050_050_Ordernormal_Layer0.json;D:\HTC\avboit\The-Forge\LocalVisualResults\P2_6T_ReverseZDepth_20260628T164524Z\slice_validation\dx12\DX12_Mode5_1920x1080_Debug6_Dirlegacy_Depthlegacy_Mul1.0_Frame60_dbeb4094_Scenetwo_layer_Casetwo_a050_050_Ordernormal_Layer0.png;D:\HTC\avboit\The-Forge\LocalVisualResults\P2_6T_ReverseZDepth_20260628T164524Z\slice_validation\dx12\dx12_slice_two_layer_two_a050_050_layer0_legacy.stderr.txt;D:\HTC\avboit\The-Forge\LocalVisualResults\P2_6T_ReverseZDepth_20260628T164524Z\slice_validation\dx12\dx12_slice_two_layer_two_a050_050_layer0_legacy.stdout.txt"	"D:\HTC\avboit\The-Forge\LocalVisualResults\P2_6T_ReverseZDepth_20260628T164524Z\slice_validation\dx12\dx12_slice_two_layer_two_a050_050_layer0_legacy.stdout.txt"	"D:\HTC\avboit\The-Forge\LocalVisualResults\P2_6T_ReverseZDepth_20260628T164524Z\slice_validation\dx12\dx12_slice_two_layer_two_a050_050_layer0_legacy.stderr.txt"
"dx12_slice_two_layer_two_a050_050_layer1_legacy"	"slice-validation"	"APP_EXITED_NONZERO"	"True"	"175832"	""	"1791"	"D:\HTC\avboit\The-Forge\Examples_3\Unit_Tests\PC Visual Studio 2019\x64\Release\15_Transparency\15_Transparency.exe --d3d12 --transparency-mode=5 --avboit-auto-capture --avboit-capture-hide-ui --avboit-capture-frame=60 --avboit-fixed-delta=0.0166666667 --avboit-random-seed=1337 --avboit-output-dir=D:\HTC\avboit\The-Forge\LocalVisualResults\P2_6T_ReverseZDepth_20260628T164524Z\slice_validation\dx12 --avboit-commit-sha=dbeb4094 --avboit-multiplier=1.0 --avboit-debug-view=6 --avboit-test-scene=two_layer --avboit-test-case=two_a050_050 --avboit-analytic-layer-filter=1 --avboit-depth-mapping=legacy --avboit-bootstrap-log-dir=D:\HTC\avboit\The-Forge\LocalVisualResults\P2_6T_ReverseZDepth_20260628T164524Z\slice_validation\dx12\bootstrap"	"1"	"1"	"0"	"D:\HTC\avboit\The-Forge\LocalVisualResults\P2_6T_ReverseZDepth_20260628T164524Z\slice_validation\dx12\DX12_Mode5_1920x1080_Debug6_Dirlegacy_Depthlegacy_Mul1.0_Frame60_dbeb4094_Scenetwo_layer_Casetwo_a050_050_Ordernormal_Layer1.json;D:\HTC\avboit\The-Forge\LocalVisualResults\P2_6T_ReverseZDepth_20260628T164524Z\slice_validation\dx12\DX12_Mode5_1920x1080_Debug6_Dirlegacy_Depthlegacy_Mul1.0_Frame60_dbeb4094_Scenetwo_layer_Casetwo_a050_050_Ordernormal_Layer1.png;D:\HTC\avboit\The-Forge\LocalVisualResults\P2_6T_ReverseZDepth_20260628T164524Z\slice_validation\dx12\dx12_slice_two_layer_two_a050_050_layer1_legacy.stderr.txt;D:\HTC\avboit\The-Forge\LocalVisualResults\P2_6T_ReverseZDepth_20260628T164524Z\slice_validation\dx12\dx12_slice_two_layer_two_a050_050_layer1_legacy.stdout.txt"	"D:\HTC\avboit\The-Forge\LocalVisualResults\P2_6T_ReverseZDepth_20260628T164524Z\slice_validation\dx12\dx12_slice_two_layer_two_a050_050_layer1_legacy.stdout.txt"	"D:\HTC\avboit\The-Forge\LocalVisualResults\P2_6T_ReverseZDepth_20260628T164524Z\slice_validation\dx12\dx12_slice_two_layer_two_a050_050_layer1_legacy.stderr.txt"
"dx12_slice_three_layer_three_a050_050_050_layer0_legacy"	"slice-validation"	"APP_EXITED_NONZERO"	"True"	"139156"	""	"1825"	"D:\HTC\avboit\The-Forge\Examples_3\Unit_Tests\PC Visual Studio 2019\x64\Release\15_Transparency\15_Transparency.exe --d3d12 --transparency-mode=5 --avboit-auto-capture --avboit-capture-hide-ui --avboit-capture-frame=60 --avboit-fixed-delta=0.0166666667 --avboit-random-seed=1337 --avboit-output-dir=D:\HTC\avboit\The-Forge\LocalVisualResults\P2_6T_ReverseZDepth_20260628T164524Z\slice_validation\dx12 --avboit-commit-sha=dbeb4094 --avboit-multiplier=1.0 --avboit-debug-view=6 --avboit-test-scene=three_layer --avboit-test-case=three_a050_050_050 --avboit-analytic-layer-filter=0 --avboit-depth-mapping=legacy --avboit-bootstrap-log-dir=D:\HTC\avboit\The-Forge\LocalVisualResults\P2_6T_ReverseZDepth_20260628T164524Z\slice_validation\dx12\bootstrap"	"1"	"1"	"0"	"D:\HTC\avboit\The-Forge\LocalVisualResults\P2_6T_ReverseZDepth_20260628T164524Z\slice_validation\dx12\DX12_Mode5_1920x1080_Debug6_Dirlegacy_Depthlegacy_Mul1.0_Frame60_dbeb4094_Scenethree_layer_Casethree_a050_050_050_Ordernormal_Layer0.json;D:\HTC\avboit\The-Forge\LocalVisualResults\P2_6T_ReverseZDepth_20260628T164524Z\slice_validation\dx12\DX12_Mode5_1920x1080_Debug6_Dirlegacy_Depthlegacy_Mul1.0_Frame60_dbeb4094_Scenethree_layer_Casethree_a050_050_050_Ordernormal_Layer0.png;D:\HTC\avboit\The-Forge\LocalVisualResults\P2_6T_ReverseZDepth_20260628T164524Z\slice_validation\dx12\dx12_slice_three_layer_three_a050_050_050_layer0_legacy.stderr.txt;D:\HTC\avboit\The-Forge\LocalVisualResults\P2_6T_ReverseZDepth_20260628T164524Z\slice_validation\dx12\dx12_slice_three_layer_three_a050_050_050_layer0_legacy.stdout.txt"	"D:\HTC\avboit\The-Forge\LocalVisualResults\P2_6T_ReverseZDepth_20260628T164524Z\slice_validation\dx12\dx12_slice_three_layer_three_a050_050_050_layer0_legacy.stdout.txt"	"D:\HTC\avboit\The-Forge\LocalVisualResults\P2_6T_ReverseZDepth_20260628T164524Z\slice_validation\dx12\dx12_slice_three_layer_three_a050_050_050_layer0_legacy.stderr.txt"
"dx12_slice_three_layer_three_a050_050_050_layer1_legacy"	"slice-validation"	"APP_EXITED_NONZERO"	"True"	"165540"	""	"1786"	"D:\HTC\avboit\The-Forge\Examples_3\Unit_Tests\PC Visual Studio 2019\x64\Release\15_Transparency\15_Transparency.exe --d3d12 --transparency-mode=5 --avboit-auto-capture --avboit-capture-hide-ui --avboit-capture-frame=60 --avboit-fixed-delta=0.0166666667 --avboit-random-seed=1337 --avboit-output-dir=D:\HTC\avboit\The-Forge\LocalVisualResults\P2_6T_ReverseZDepth_20260628T164524Z\slice_validation\dx12 --avboit-commit-sha=dbeb4094 --avboit-multiplier=1.0 --avboit-debug-view=6 --avboit-test-scene=three_layer --avboit-test-case=three_a050_050_050 --avboit-analytic-layer-filter=1 --avboit-depth-mapping=legacy --avboit-bootstrap-log-dir=D:\HTC\avboit\The-Forge\LocalVisualResults\P2_6T_ReverseZDepth_20260628T164524Z\slice_validation\dx12\bootstrap"	"1"	"1"	"0"	"D:\HTC\avboit\The-Forge\LocalVisualResults\P2_6T_ReverseZDepth_20260628T164524Z\slice_validation\dx12\DX12_Mode5_1920x1080_Debug6_Dirlegacy_Depthlegacy_Mul1.0_Frame60_dbeb4094_Scenethree_layer_Casethree_a050_050_050_Ordernormal_Layer1.json;D:\HTC\avboit\The-Forge\LocalVisualResults\P2_6T_ReverseZDepth_20260628T164524Z\slice_validation\dx12\DX12_Mode5_1920x1080_Debug6_Dirlegacy_Depthlegacy_Mul1.0_Frame60_dbeb4094_Scenethree_layer_Casethree_a050_050_050_Ordernormal_Layer1.png;D:\HTC\avboit\The-Forge\LocalVisualResults\P2_6T_ReverseZDepth_20260628T164524Z\slice_validation\dx12\dx12_slice_three_layer_three_a050_050_050_layer1_legacy.stderr.txt;D:\HTC\avboit\The-Forge\LocalVisualResults\P2_6T_ReverseZDepth_20260628T164524Z\slice_validation\dx12\dx12_slice_three_layer_three_a050_050_050_layer1_legacy.stdout.txt"	"D:\HTC\avboit\The-Forge\LocalVisualResults\P2_6T_ReverseZDepth_20260628T164524Z\slice_validation\dx12\dx12_slice_three_layer_three_a050_050_050_layer1_legacy.stdout.txt"	"D:\HTC\avboit\The-Forge\LocalVisualResults\P2_6T_ReverseZDepth_20260628T164524Z\slice_validation\dx12\dx12_slice_three_layer_three_a050_050_050_layer1_legacy.stderr.txt"
"dx12_slice_three_layer_three_a050_050_050_layer2_legacy"	"slice-validation"	"APP_EXITED_NONZERO"	"True"	"177640"	""	"1868"	"D:\HTC\avboit\The-Forge\Examples_3\Unit_Tests\PC Visual Studio 2019\x64\Release\15_Transparency\15_Transparency.exe --d3d12 --transparency-mode=5 --avboit-auto-capture --avboit-capture-hide-ui --avboit-capture-frame=60 --avboit-fixed-delta=0.0166666667 --avboit-random-seed=1337 --avboit-output-dir=D:\HTC\avboit\The-Forge\LocalVisualResults\P2_6T_ReverseZDepth_20260628T164524Z\slice_validation\dx12 --avboit-commit-sha=dbeb4094 --avboit-multiplier=1.0 --avboit-debug-view=6 --avboit-test-scene=three_layer --avboit-test-case=three_a050_050_050 --avboit-analytic-layer-filter=2 --avboit-depth-mapping=legacy --avboit-bootstrap-log-dir=D:\HTC\avboit\The-Forge\LocalVisualResults\P2_6T_ReverseZDepth_20260628T164524Z\slice_validation\dx12\bootstrap"	"1"	"1"	"0"	"D:\HTC\avboit\The-Forge\LocalVisualResults\P2_6T_ReverseZDepth_20260628T164524Z\slice_validation\dx12\DX12_Mode5_1920x1080_Debug6_Dirlegacy_Depthlegacy_Mul1.0_Frame60_dbeb4094_Scenethree_layer_Casethree_a050_050_050_Ordernormal_Layer2.json;D:\HTC\avboit\The-Forge\LocalVisualResults\P2_6T_ReverseZDepth_20260628T164524Z\slice_validation\dx12\DX12_Mode5_1920x1080_Debug6_Dirlegacy_Depthlegacy_Mul1.0_Frame60_dbeb4094_Scenethree_layer_Casethree_a050_050_050_Ordernormal_Layer2.png;D:\HTC\avboit\The-Forge\LocalVisualResults\P2_6T_ReverseZDepth_20260628T164524Z\slice_validation\dx12\dx12_slice_three_layer_three_a050_050_050_layer2_legacy.stderr.txt;D:\HTC\avboit\The-Forge\LocalVisualResults\P2_6T_ReverseZDepth_20260628T164524Z\slice_validation\dx12\dx12_slice_three_layer_three_a050_050_050_layer2_legacy.stdout.txt"	"D:\HTC\avboit\The-Forge\LocalVisualResults\P2_6T_ReverseZDepth_20260628T164524Z\slice_validation\dx12\dx12_slice_three_layer_three_a050_050_050_layer2_legacy.stdout.txt"	"D:\HTC\avboit\The-Forge\LocalVisualResults\P2_6T_ReverseZDepth_20260628T164524Z\slice_validation\dx12\dx12_slice_three_layer_three_a050_050_050_layer2_legacy.stderr.txt"
"dx12_slice_same_slice_same_a050_050_layer0_legacy"	"slice-validation"	"APP_EXITED_NONZERO"	"True"	"178060"	""	"1821"	"D:\HTC\avboit\The-Forge\Examples_3\Unit_Tests\PC Visual Studio 2019\x64\Release\15_Transparency\15_Transparency.exe --d3d12 --transparency-mode=5 --avboit-auto-capture --avboit-capture-hide-ui --avboit-capture-frame=60 --avboit-fixed-delta=0.0166666667 --avboit-random-seed=1337 --avboit-output-dir=D:\HTC\avboit\The-Forge\LocalVisualResults\P2_6T_ReverseZDepth_20260628T164524Z\slice_validation\dx12 --avboit-commit-sha=dbeb4094 --avboit-multiplier=1.0 --avboit-debug-view=6 --avboit-test-scene=same_slice --avboit-test-case=same_a050_050 --avboit-analytic-layer-filter=0 --avboit-depth-mapping=legacy --avboit-bootstrap-log-dir=D:\HTC\avboit\The-Forge\LocalVisualResults\P2_6T_ReverseZDepth_20260628T164524Z\slice_validation\dx12\bootstrap"	"1"	"1"	"0"	"D:\HTC\avboit\The-Forge\LocalVisualResults\P2_6T_ReverseZDepth_20260628T164524Z\slice_validation\dx12\DX12_Mode5_1920x1080_Debug6_Dirlegacy_Depthlegacy_Mul1.0_Frame60_dbeb4094_Scenesame_slice_Casesame_a050_050_Ordernormal_Layer0.json;D:\HTC\avboit\The-Forge\LocalVisualResults\P2_6T_ReverseZDepth_20260628T164524Z\slice_validation\dx12\DX12_Mode5_1920x1080_Debug6_Dirlegacy_Depthlegacy_Mul1.0_Frame60_dbeb4094_Scenesame_slice_Casesame_a050_050_Ordernormal_Layer0.png;D:\HTC\avboit\The-Forge\LocalVisualResults\P2_6T_ReverseZDepth_20260628T164524Z\slice_validation\dx12\dx12_slice_same_slice_same_a050_050_layer0_legacy.stderr.txt;D:\HTC\avboit\The-Forge\LocalVisualResults\P2_6T_ReverseZDepth_20260628T164524Z\slice_validation\dx12\dx12_slice_same_slice_same_a050_050_layer0_legacy.stdout.txt"	"D:\HTC\avboit\The-Forge\LocalVisualResults\P2_6T_ReverseZDepth_20260628T164524Z\slice_validation\dx12\dx12_slice_same_slice_same_a050_050_layer0_legacy.stdout.txt"	"D:\HTC\avboit\The-Forge\LocalVisualResults\P2_6T_ReverseZDepth_20260628T164524Z\slice_validation\dx12\dx12_slice_same_slice_same_a050_050_layer0_legacy.stderr.txt"
"dx12_slice_same_slice_same_a050_050_layer1_legacy"	"slice-validation"	"APP_EXITED_NONZERO"	"True"	"177292"	""	"1782"	"D:\HTC\avboit\The-Forge\Examples_3\Unit_Tests\PC Visual Studio 2019\x64\Release\15_Transparency\15_Transparency.exe --d3d12 --transparency-mode=5 --avboit-auto-capture --avboit-capture-hide-ui --avboit-capture-frame=60 --avboit-fixed-delta=0.0166666667 --avboit-random-seed=1337 --avboit-output-dir=D:\HTC\avboit\The-Forge\LocalVisualResults\P2_6T_ReverseZDepth_20260628T164524Z\slice_validation\dx12 --avboit-commit-sha=dbeb4094 --avboit-multiplier=1.0 --avboit-debug-view=6 --avboit-test-scene=same_slice --avboit-test-case=same_a050_050 --avboit-analytic-layer-filter=1 --avboit-depth-mapping=legacy --avboit-bootstrap-log-dir=D:\HTC\avboit\The-Forge\LocalVisualResults\P2_6T_ReverseZDepth_20260628T164524Z\slice_validation\dx12\bootstrap"	"1"	"1"	"0"	"D:\HTC\avboit\The-Forge\LocalVisualResults\P2_6T_ReverseZDepth_20260628T164524Z\slice_validation\dx12\DX12_Mode5_1920x1080_Debug6_Dirlegacy_Depthlegacy_Mul1.0_Frame60_dbeb4094_Scenesame_slice_Casesame_a050_050_Ordernormal_Layer1.json;D:\HTC\avboit\The-Forge\LocalVisualResults\P2_6T_ReverseZDepth_20260628T164524Z\slice_validation\dx12\DX12_Mode5_1920x1080_Debug6_Dirlegacy_Depthlegacy_Mul1.0_Frame60_dbeb4094_Scenesame_slice_Casesame_a050_050_Ordernormal_Layer1.png;D:\HTC\avboit\The-Forge\LocalVisualResults\P2_6T_ReverseZDepth_20260628T164524Z\slice_validation\dx12\dx12_slice_same_slice_same_a050_050_layer1_legacy.stderr.txt;D:\HTC\avboit\The-Forge\LocalVisualResults\P2_6T_ReverseZDepth_20260628T164524Z\slice_validation\dx12\dx12_slice_same_slice_same_a050_050_layer1_legacy.stdout.txt"	"D:\HTC\avboit\The-Forge\LocalVisualResults\P2_6T_ReverseZDepth_20260628T164524Z\slice_validation\dx12\dx12_slice_same_slice_same_a050_050_layer1_legacy.stdout.txt"	"D:\HTC\avboit\The-Forge\LocalVisualResults\P2_6T_ReverseZDepth_20260628T164524Z\slice_validation\dx12\dx12_slice_same_slice_same_a050_050_layer1_legacy.stderr.txt"
"dx12_slice_two_layer_two_a050_050_layer0_reverse_correct"	"slice-validation"	"APP_EXITED_NONZERO"	"True"	"178508"	""	"1846"	"D:\HTC\avboit\The-Forge\Examples_3\Unit_Tests\PC Visual Studio 2019\x64\Release\15_Transparency\15_Transparency.exe --d3d12 --transparency-mode=5 --avboit-auto-capture --avboit-capture-hide-ui --avboit-capture-frame=60 --avboit-fixed-delta=0.0166666667 --avboit-random-seed=1337 --avboit-output-dir=D:\HTC\avboit\The-Forge\LocalVisualResults\P2_6T_ReverseZDepth_20260628T164524Z\slice_validation\dx12 --avboit-commit-sha=dbeb4094 --avboit-multiplier=1.0 --avboit-debug-view=6 --avboit-test-scene=two_layer --avboit-test-case=two_a050_050 --avboit-analytic-layer-filter=0 --avboit-depth-mapping=reverse_correct --avboit-bootstrap-log-dir=D:\HTC\avboit\The-Forge\LocalVisualResults\P2_6T_ReverseZDepth_20260628T164524Z\slice_validation\dx12\bootstrap"	"1"	"1"	"0"	"D:\HTC\avboit\The-Forge\LocalVisualResults\P2_6T_ReverseZDepth_20260628T164524Z\slice_validation\dx12\DX12_Mode5_1920x1080_Debug6_Dirlegacy_Depthreverse_correct_Mul1.0_Frame60_dbeb4094_Scenetwo_layer_Casetwo_a050_050_Ordernormal_Layer0.json;D:\HTC\avboit\The-Forge\LocalVisualResults\P2_6T_ReverseZDepth_20260628T164524Z\slice_validation\dx12\DX12_Mode5_1920x1080_Debug6_Dirlegacy_Depthreverse_correct_Mul1.0_Frame60_dbeb4094_Scenetwo_layer_Casetwo_a050_050_Ordernormal_Layer0.png;D:\HTC\avboit\The-Forge\LocalVisualResults\P2_6T_ReverseZDepth_20260628T164524Z\slice_validation\dx12\dx12_slice_two_layer_two_a050_050_layer0_reverse_correct.stderr.txt;D:\HTC\avboit\The-Forge\LocalVisualResults\P2_6T_ReverseZDepth_20260628T164524Z\slice_validation\dx12\dx12_slice_two_layer_two_a050_050_layer0_reverse_correct.stdout.txt"	"D:\HTC\avboit\The-Forge\LocalVisualResults\P2_6T_ReverseZDepth_20260628T164524Z\slice_validation\dx12\dx12_slice_two_layer_two_a050_050_layer0_reverse_correct.stdout.txt"	"D:\HTC\avboit\The-Forge\LocalVisualResults\P2_6T_ReverseZDepth_20260628T164524Z\slice_validation\dx12\dx12_slice_two_layer_two_a050_050_layer0_reverse_correct.stderr.txt"
"dx12_slice_two_layer_two_a050_050_layer1_reverse_correct"	"slice-validation"	"APP_EXITED_NONZERO"	"True"	"180116"	""	"1781"	"D:\HTC\avboit\The-Forge\Examples_3\Unit_Tests\PC Visual Studio 2019\x64\Release\15_Transparency\15_Transparency.exe --d3d12 --transparency-mode=5 --avboit-auto-capture --avboit-capture-hide-ui --avboit-capture-frame=60 --avboit-fixed-delta=0.0166666667 --avboit-random-seed=1337 --avboit-output-dir=D:\HTC\avboit\The-Forge\LocalVisualResults\P2_6T_ReverseZDepth_20260628T164524Z\slice_validation\dx12 --avboit-commit-sha=dbeb4094 --avboit-multiplier=1.0 --avboit-debug-view=6 --avboit-test-scene=two_layer --avboit-test-case=two_a050_050 --avboit-analytic-layer-filter=1 --avboit-depth-mapping=reverse_correct --avboit-bootstrap-log-dir=D:\HTC\avboit\The-Forge\LocalVisualResults\P2_6T_ReverseZDepth_20260628T164524Z\slice_validation\dx12\bootstrap"	"1"	"1"	"0"	"D:\HTC\avboit\The-Forge\LocalVisualResults\P2_6T_ReverseZDepth_20260628T164524Z\slice_validation\dx12\DX12_Mode5_1920x1080_Debug6_Dirlegacy_Depthreverse_correct_Mul1.0_Frame60_dbeb4094_Scenetwo_layer_Casetwo_a050_050_Ordernormal_Layer1.json;D:\HTC\avboit\The-Forge\LocalVisualResults\P2_6T_ReverseZDepth_20260628T164524Z\slice_validation\dx12\DX12_Mode5_1920x1080_Debug6_Dirlegacy_Depthreverse_correct_Mul1.0_Frame60_dbeb4094_Scenetwo_layer_Casetwo_a050_050_Ordernormal_Layer1.png;D:\HTC\avboit\The-Forge\LocalVisualResults\P2_6T_ReverseZDepth_20260628T164524Z\slice_validation\dx12\dx12_slice_two_layer_two_a050_050_layer1_reverse_correct.stderr.txt;D:\HTC\avboit\The-Forge\LocalVisualResults\P2_6T_ReverseZDepth_20260628T164524Z\slice_validation\dx12\dx12_slice_two_layer_two_a050_050_layer1_reverse_correct.stdout.txt"	"D:\HTC\avboit\The-Forge\LocalVisualResults\P2_6T_ReverseZDepth_20260628T164524Z\slice_validation\dx12\dx12_slice_two_layer_two_a050_050_layer1_reverse_correct.stdout.txt"	"D:\HTC\avboit\The-Forge\LocalVisualResults\P2_6T_ReverseZDepth_20260628T164524Z\slice_validation\dx12\dx12_slice_two_layer_two_a050_050_layer1_reverse_correct.stderr.txt"
"dx12_slice_three_layer_three_a050_050_050_layer0_reverse_correct"	"slice-validation"	"APP_EXITED_NONZERO"	"True"	"176676"	""	"1842"	"D:\HTC\avboit\The-Forge\Examples_3\Unit_Tests\PC Visual Studio 2019\x64\Release\15_Transparency\15_Transparency.exe --d3d12 --transparency-mode=5 --avboit-auto-capture --avboit-capture-hide-ui --avboit-capture-frame=60 --avboit-fixed-delta=0.0166666667 --avboit-random-seed=1337 --avboit-output-dir=D:\HTC\avboit\The-Forge\LocalVisualResults\P2_6T_ReverseZDepth_20260628T164524Z\slice_validation\dx12 --avboit-commit-sha=dbeb4094 --avboit-multiplier=1.0 --avboit-debug-view=6 --avboit-test-scene=three_layer --avboit-test-case=three_a050_050_050 --avboit-analytic-layer-filter=0 --avboit-depth-mapping=reverse_correct --avboit-bootstrap-log-dir=D:\HTC\avboit\The-Forge\LocalVisualResults\P2_6T_ReverseZDepth_20260628T164524Z\slice_validation\dx12\bootstrap"	"1"	"1"	"0"	"D:\HTC\avboit\The-Forge\LocalVisualResults\P2_6T_ReverseZDepth_20260628T164524Z\slice_validation\dx12\DX12_Mode5_1920x1080_Debug6_Dirlegacy_Depthreverse_correct_Mul1.0_Frame60_dbeb4094_Scenethree_layer_Casethree_a050_050_050_Ordernormal_Layer0.json;D:\HTC\avboit\The-Forge\LocalVisualResults\P2_6T_ReverseZDepth_20260628T164524Z\slice_validation\dx12\DX12_Mode5_1920x1080_Debug6_Dirlegacy_Depthreverse_correct_Mul1.0_Frame60_dbeb4094_Scenethree_layer_Casethree_a050_050_050_Ordernormal_Layer0.png;D:\HTC\avboit\The-Forge\LocalVisualResults\P2_6T_ReverseZDepth_20260628T164524Z\slice_validation\dx12\dx12_slice_three_layer_three_a050_050_050_layer0_reverse_correct.stderr.txt;D:\HTC\avboit\The-Forge\LocalVisualResults\P2_6T_ReverseZDepth_20260628T164524Z\slice_validation\dx12\dx12_slice_three_layer_three_a050_050_050_layer0_reverse_correct.stdout.txt"	"D:\HTC\avboit\The-Forge\LocalVisualResults\P2_6T_ReverseZDepth_20260628T164524Z\slice_validation\dx12\dx12_slice_three_layer_three_a050_050_050_layer0_reverse_correct.stdout.txt"	"D:\HTC\avboit\The-Forge\LocalVisualResults\P2_6T_ReverseZDepth_20260628T164524Z\slice_validation\dx12\dx12_slice_three_layer_three_a050_050_050_layer0_reverse_correct.stderr.txt"
"dx12_slice_three_layer_three_a050_050_050_layer1_reverse_correct"	"slice-validation"	"APP_EXITED_NONZERO"	"True"	"170032"	""	"1818"	"D:\HTC\avboit\The-Forge\Examples_3\Unit_Tests\PC Visual Studio 2019\x64\Release\15_Transparency\15_Transparency.exe --d3d12 --transparency-mode=5 --avboit-auto-capture --avboit-capture-hide-ui --avboit-capture-frame=60 --avboit-fixed-delta=0.0166666667 --avboit-random-seed=1337 --avboit-output-dir=D:\HTC\avboit\The-Forge\LocalVisualResults\P2_6T_ReverseZDepth_20260628T164524Z\slice_validation\dx12 --avboit-commit-sha=dbeb4094 --avboit-multiplier=1.0 --avboit-debug-view=6 --avboit-test-scene=three_layer --avboit-test-case=three_a050_050_050 --avboit-analytic-layer-filter=1 --avboit-depth-mapping=reverse_correct --avboit-bootstrap-log-dir=D:\HTC\avboit\The-Forge\LocalVisualResults\P2_6T_ReverseZDepth_20260628T164524Z\slice_validation\dx12\bootstrap"	"1"	"1"	"0"	"D:\HTC\avboit\The-Forge\LocalVisualResults\P2_6T_ReverseZDepth_20260628T164524Z\slice_validation\dx12\DX12_Mode5_1920x1080_Debug6_Dirlegacy_Depthreverse_correct_Mul1.0_Frame60_dbeb4094_Scenethree_layer_Casethree_a050_050_050_Ordernormal_Layer1.json;D:\HTC\avboit\The-Forge\LocalVisualResults\P2_6T_ReverseZDepth_20260628T164524Z\slice_validation\dx12\DX12_Mode5_1920x1080_Debug6_Dirlegacy_Depthreverse_correct_Mul1.0_Frame60_dbeb4094_Scenethree_layer_Casethree_a050_050_050_Ordernormal_Layer1.png;D:\HTC\avboit\The-Forge\LocalVisualResults\P2_6T_ReverseZDepth_20260628T164524Z\slice_validation\dx12\dx12_slice_three_layer_three_a050_050_050_layer1_reverse_correct.stderr.txt;D:\HTC\avboit\The-Forge\LocalVisualResults\P2_6T_ReverseZDepth_20260628T164524Z\slice_validation\dx12\dx12_slice_three_layer_three_a050_050_050_layer1_reverse_correct.stdout.txt"	"D:\HTC\avboit\The-Forge\LocalVisualResults\P2_6T_ReverseZDepth_20260628T164524Z\slice_validation\dx12\dx12_slice_three_layer_three_a050_050_050_layer1_reverse_correct.stdout.txt"	"D:\HTC\avboit\The-Forge\LocalVisualResults\P2_6T_ReverseZDepth_20260628T164524Z\slice_validation\dx12\dx12_slice_three_layer_three_a050_050_050_layer1_reverse_correct.stderr.txt"
"dx12_slice_three_layer_three_a050_050_050_layer2_reverse_correct"	"slice-validation"	"APP_EXITED_NONZERO"	"True"	"175984"	""	"1820"	"D:\HTC\avboit\The-Forge\Examples_3\Unit_Tests\PC Visual Studio 2019\x64\Release\15_Transparency\15_Transparency.exe --d3d12 --transparency-mode=5 --avboit-auto-capture --avboit-capture-hide-ui --avboit-capture-frame=60 --avboit-fixed-delta=0.0166666667 --avboit-random-seed=1337 --avboit-output-dir=D:\HTC\avboit\The-Forge\LocalVisualResults\P2_6T_ReverseZDepth_20260628T164524Z\slice_validation\dx12 --avboit-commit-sha=dbeb4094 --avboit-multiplier=1.0 --avboit-debug-view=6 --avboit-test-scene=three_layer --avboit-test-case=three_a050_050_050 --avboit-analytic-layer-filter=2 --avboit-depth-mapping=reverse_correct --avboit-bootstrap-log-dir=D:\HTC\avboit\The-Forge\LocalVisualResults\P2_6T_ReverseZDepth_20260628T164524Z\slice_validation\dx12\bootstrap"	"1"	"1"	"0"	"D:\HTC\avboit\The-Forge\LocalVisualResults\P2_6T_ReverseZDepth_20260628T164524Z\slice_validation\dx12\DX12_Mode5_1920x1080_Debug6_Dirlegacy_Depthreverse_correct_Mul1.0_Frame60_dbeb4094_Scenethree_layer_Casethree_a050_050_050_Ordernormal_Layer2.json;D:\HTC\avboit\The-Forge\LocalVisualResults\P2_6T_ReverseZDepth_20260628T164524Z\slice_validation\dx12\DX12_Mode5_1920x1080_Debug6_Dirlegacy_Depthreverse_correct_Mul1.0_Frame60_dbeb4094_Scenethree_layer_Casethree_a050_050_050_Ordernormal_Layer2.png;D:\HTC\avboit\The-Forge\LocalVisualResults\P2_6T_ReverseZDepth_20260628T164524Z\slice_validation\dx12\dx12_slice_three_layer_three_a050_050_050_layer2_reverse_correct.stderr.txt;D:\HTC\avboit\The-Forge\LocalVisualResults\P2_6T_ReverseZDepth_20260628T164524Z\slice_validation\dx12\dx12_slice_three_layer_three_a050_050_050_layer2_reverse_correct.stdout.txt"	"D:\HTC\avboit\The-Forge\LocalVisualResults\P2_6T_ReverseZDepth_20260628T164524Z\slice_validation\dx12\dx12_slice_three_layer_three_a050_050_050_layer2_reverse_correct.stdout.txt"	"D:\HTC\avboit\The-Forge\LocalVisualResults\P2_6T_ReverseZDepth_20260628T164524Z\slice_validation\dx12\dx12_slice_three_layer_three_a050_050_050_layer2_reverse_correct.stderr.txt"
"dx12_slice_same_slice_same_a050_050_layer0_reverse_correct"	"slice-validation"	"APP_EXITED_NONZERO"	"True"	"156348"	""	"1832"	"D:\HTC\avboit\The-Forge\Examples_3\Unit_Tests\PC Visual Studio 2019\x64\Release\15_Transparency\15_Transparency.exe --d3d12 --transparency-mode=5 --avboit-auto-capture --avboit-capture-hide-ui --avboit-capture-frame=60 --avboit-fixed-delta=0.0166666667 --avboit-random-seed=1337 --avboit-output-dir=D:\HTC\avboit\The-Forge\LocalVisualResults\P2_6T_ReverseZDepth_20260628T164524Z\slice_validation\dx12 --avboit-commit-sha=dbeb4094 --avboit-multiplier=1.0 --avboit-debug-view=6 --avboit-test-scene=same_slice --avboit-test-case=same_a050_050 --avboit-analytic-layer-filter=0 --avboit-depth-mapping=reverse_correct --avboit-bootstrap-log-dir=D:\HTC\avboit\The-Forge\LocalVisualResults\P2_6T_ReverseZDepth_20260628T164524Z\slice_validation\dx12\bootstrap"	"1"	"1"	"0"	"D:\HTC\avboit\The-Forge\LocalVisualResults\P2_6T_ReverseZDepth_20260628T164524Z\slice_validation\dx12\DX12_Mode5_1920x1080_Debug6_Dirlegacy_Depthreverse_correct_Mul1.0_Frame60_dbeb4094_Scenesame_slice_Casesame_a050_050_Ordernormal_Layer0.json;D:\HTC\avboit\The-Forge\LocalVisualResults\P2_6T_ReverseZDepth_20260628T164524Z\slice_validation\dx12\DX12_Mode5_1920x1080_Debug6_Dirlegacy_Depthreverse_correct_Mul1.0_Frame60_dbeb4094_Scenesame_slice_Casesame_a050_050_Ordernormal_Layer0.png;D:\HTC\avboit\The-Forge\LocalVisualResults\P2_6T_ReverseZDepth_20260628T164524Z\slice_validation\dx12\dx12_slice_same_slice_same_a050_050_layer0_reverse_correct.stderr.txt;D:\HTC\avboit\The-Forge\LocalVisualResults\P2_6T_ReverseZDepth_20260628T164524Z\slice_validation\dx12\dx12_slice_same_slice_same_a050_050_layer0_reverse_correct.stdout.txt"	"D:\HTC\avboit\The-Forge\LocalVisualResults\P2_6T_ReverseZDepth_20260628T164524Z\slice_validation\dx12\dx12_slice_same_slice_same_a050_050_layer0_reverse_correct.stdout.txt"	"D:\HTC\avboit\The-Forge\LocalVisualResults\P2_6T_ReverseZDepth_20260628T164524Z\slice_validation\dx12\dx12_slice_same_slice_same_a050_050_layer0_reverse_correct.stderr.txt"
"dx12_slice_same_slice_same_a050_050_layer1_reverse_correct"	"slice-validation"	"APP_EXITED_NONZERO"	"True"	"178088"	""	"1820"	"D:\HTC\avboit\The-Forge\Examples_3\Unit_Tests\PC Visual Studio 2019\x64\Release\15_Transparency\15_Transparency.exe --d3d12 --transparency-mode=5 --avboit-auto-capture --avboit-capture-hide-ui --avboit-capture-frame=60 --avboit-fixed-delta=0.0166666667 --avboit-random-seed=1337 --avboit-output-dir=D:\HTC\avboit\The-Forge\LocalVisualResults\P2_6T_ReverseZDepth_20260628T164524Z\slice_validation\dx12 --avboit-commit-sha=dbeb4094 --avboit-multiplier=1.0 --avboit-debug-view=6 --avboit-test-scene=same_slice --avboit-test-case=same_a050_050 --avboit-analytic-layer-filter=1 --avboit-depth-mapping=reverse_correct --avboit-bootstrap-log-dir=D:\HTC\avboit\The-Forge\LocalVisualResults\P2_6T_ReverseZDepth_20260628T164524Z\slice_validation\dx12\bootstrap"	"1"	"1"	"0"	"D:\HTC\avboit\The-Forge\LocalVisualResults\P2_6T_ReverseZDepth_20260628T164524Z\slice_validation\dx12\DX12_Mode5_1920x1080_Debug6_Dirlegacy_Depthreverse_correct_Mul1.0_Frame60_dbeb4094_Scenesame_slice_Casesame_a050_050_Ordernormal_Layer1.json;D:\HTC\avboit\The-Forge\LocalVisualResults\P2_6T_ReverseZDepth_20260628T164524Z\slice_validation\dx12\DX12_Mode5_1920x1080_Debug6_Dirlegacy_Depthreverse_correct_Mul1.0_Frame60_dbeb4094_Scenesame_slice_Casesame_a050_050_Ordernormal_Layer1.png;D:\HTC\avboit\The-Forge\LocalVisualResults\P2_6T_ReverseZDepth_20260628T164524Z\slice_validation\dx12\dx12_slice_same_slice_same_a050_050_layer1_reverse_correct.stderr.txt;D:\HTC\avboit\The-Forge\LocalVisualResults\P2_6T_ReverseZDepth_20260628T164524Z\slice_validation\dx12\dx12_slice_same_slice_same_a050_050_layer1_reverse_correct.stdout.txt"	"D:\HTC\avboit\The-Forge\LocalVisualResults\P2_6T_ReverseZDepth_20260628T164524Z\slice_validation\dx12\dx12_slice_same_slice_same_a050_050_layer1_reverse_correct.stdout.txt"	"D:\HTC\avboit\The-Forge\LocalVisualResults\P2_6T_ReverseZDepth_20260628T164524Z\slice_validation\dx12\dx12_slice_same_slice_same_a050_050_layer1_reverse_correct.stderr.txt"
"dx12_forced_layer_a"	"forced-weight"	"APP_EXITED_NONZERO"	"True"	"172724"	""	"1975"	"D:\HTC\avboit\The-Forge\Examples_3\Unit_Tests\PC Visual Studio 2019\x64\Release\15_Transparency\15_Transparency.exe --d3d12 --transparency-mode=5 --avboit-auto-capture --avboit-capture-hide-ui --avboit-capture-frame=60 --avboit-fixed-delta=0.0166666667 --avboit-random-seed=1337 --avboit-output-dir=D:\HTC\avboit\The-Forge\LocalVisualResults\P2_6T_ReverseZDepth_20260628T164524Z\forced_weight\dx12 --avboit-commit-sha=dbeb4094 --avboit-multiplier=1.0 --avboit-debug-view=0 --avboit-test-scene=two_layer --avboit-test-case=two_a050_050 --avboit-depth-mapping=reverse_correct --avboit-weight-source=layer_id --avboit-weight-pattern=a --avboit-dual-direction-diagnostic --avboit-dump-raw-accum --avboit-bootstrap-log-dir=D:\HTC\avboit\The-Forge\LocalVisualResults\P2_6T_ReverseZDepth_20260628T164524Z\forced_weight\dx12\bootstrap"	"1"	"4"	"2"	"D:\HTC\avboit\The-Forge\LocalVisualResults\P2_6T_ReverseZDepth_20260628T164524Z\forced_weight\dx12\dx12_forced_layer_a.stderr.txt;D:\HTC\avboit\The-Forge\LocalVisualResults\P2_6T_ReverseZDepth_20260628T164524Z\forced_weight\dx12\dx12_forced_layer_a.stdout.txt;D:\HTC\avboit\The-Forge\LocalVisualResults\P2_6T_ReverseZDepth_20260628T164524Z\forced_weight\dx12\DX12_Mode5_1920x1080_Debug0_Dirlegacy_Depthreverse_correct_Mul1.0_Frame60_dbeb4094_Scenetwo_layer_Casetwo_a050_050_Ordernormal_Layerall_WeightlayerA.json;D:\HTC\avboit\The-Forge\LocalVisualResults\P2_6T_ReverseZDepth_20260628T164524Z\forced_weight\dx12\DX12_Mode5_1920x1080_Debug0_Dirlegacy_Depthreverse_correct_Mul1.0_Frame60_dbeb4094_Scenetwo_layer_Casetwo_a050_050_Ordernormal_Layerall_WeightlayerA.png;D:\HTC\avboit\The-Forge\LocalVisualResults\P2_6T_ReverseZDepth_20260628T164524Z\forced_weight\dx12\raw_0676d25f_AVBOITAccumColorWeight.bin;D:\HTC\avboit\The-Forge\LocalVisualResults\P2_6T_ReverseZDepth_20260628T164524Z\forced_weight\dx12\raw_0676d25f_AVBOITAccumColorWeight.json;D:\HTC\avboit\The-Forge\LocalVisualResults\P2_6T_ReverseZDepth_20260628T164524Z\forced_weight\dx12\raw_0676d25f_AVBOITAccumDiagnostics.json;D:\HTC\avboit\The-Forge\LocalVisualResults\P2_6T_ReverseZDepth_20260628T164524Z\forced_weight\dx12\raw_0676d25f_AVBOITAccumExtinction.bin;D:\HTC\avboit\The-Forge\LocalVisualResults\P2_6T_ReverseZDepth_20260628T164524Z\forced_weight\dx12\raw_0676d25f_AVBOITAccumExtinction.json"	"D:\HTC\avboit\The-Forge\LocalVisualResults\P2_6T_ReverseZDepth_20260628T164524Z\forced_weight\dx12\dx12_forced_layer_a.stdout.txt"	"D:\HTC\avboit\The-Forge\LocalVisualResults\P2_6T_ReverseZDepth_20260628T164524Z\forced_weight\dx12\dx12_forced_layer_a.stderr.txt"
"dx12_forced_layer_b"	"forced-weight"	"APP_EXITED_NONZERO"	"True"	"173332"	""	"1936"	"D:\HTC\avboit\The-Forge\Examples_3\Unit_Tests\PC Visual Studio 2019\x64\Release\15_Transparency\15_Transparency.exe --d3d12 --transparency-mode=5 --avboit-auto-capture --avboit-capture-hide-ui --avboit-capture-frame=60 --avboit-fixed-delta=0.0166666667 --avboit-random-seed=1337 --avboit-output-dir=D:\HTC\avboit\The-Forge\LocalVisualResults\P2_6T_ReverseZDepth_20260628T164524Z\forced_weight\dx12 --avboit-commit-sha=dbeb4094 --avboit-multiplier=1.0 --avboit-debug-view=0 --avboit-test-scene=two_layer --avboit-test-case=two_a050_050 --avboit-depth-mapping=reverse_correct --avboit-weight-source=layer_id --avboit-weight-pattern=b --avboit-dual-direction-diagnostic --avboit-dump-raw-accum --avboit-bootstrap-log-dir=D:\HTC\avboit\The-Forge\LocalVisualResults\P2_6T_ReverseZDepth_20260628T164524Z\forced_weight\dx12\bootstrap"	"1"	"4"	"2"	"D:\HTC\avboit\The-Forge\LocalVisualResults\P2_6T_ReverseZDepth_20260628T164524Z\forced_weight\dx12\dx12_forced_layer_b.stderr.txt;D:\HTC\avboit\The-Forge\LocalVisualResults\P2_6T_ReverseZDepth_20260628T164524Z\forced_weight\dx12\dx12_forced_layer_b.stdout.txt;D:\HTC\avboit\The-Forge\LocalVisualResults\P2_6T_ReverseZDepth_20260628T164524Z\forced_weight\dx12\DX12_Mode5_1920x1080_Debug0_Dirlegacy_Depthreverse_correct_Mul1.0_Frame60_dbeb4094_Scenetwo_layer_Casetwo_a050_050_Ordernormal_Layerall_WeightlayerB.json;D:\HTC\avboit\The-Forge\LocalVisualResults\P2_6T_ReverseZDepth_20260628T164524Z\forced_weight\dx12\DX12_Mode5_1920x1080_Debug0_Dirlegacy_Depthreverse_correct_Mul1.0_Frame60_dbeb4094_Scenetwo_layer_Casetwo_a050_050_Ordernormal_Layerall_WeightlayerB.png;D:\HTC\avboit\The-Forge\LocalVisualResults\P2_6T_ReverseZDepth_20260628T164524Z\forced_weight\dx12\raw_0776d3f2_AVBOITAccumColorWeight.bin;D:\HTC\avboit\The-Forge\LocalVisualResults\P2_6T_ReverseZDepth_20260628T164524Z\forced_weight\dx12\raw_0776d3f2_AVBOITAccumColorWeight.json;D:\HTC\avboit\The-Forge\LocalVisualResults\P2_6T_ReverseZDepth_20260628T164524Z\forced_weight\dx12\raw_0776d3f2_AVBOITAccumDiagnostics.json;D:\HTC\avboit\The-Forge\LocalVisualResults\P2_6T_ReverseZDepth_20260628T164524Z\forced_weight\dx12\raw_0776d3f2_AVBOITAccumExtinction.bin;D:\HTC\avboit\The-Forge\LocalVisualResults\P2_6T_ReverseZDepth_20260628T164524Z\forced_weight\dx12\raw_0776d3f2_AVBOITAccumExtinction.json"	"D:\HTC\avboit\The-Forge\LocalVisualResults\P2_6T_ReverseZDepth_20260628T164524Z\forced_weight\dx12\dx12_forced_layer_b.stdout.txt"	"D:\HTC\avboit\The-Forge\LocalVisualResults\P2_6T_ReverseZDepth_20260628T164524Z\forced_weight\dx12\dx12_forced_layer_b.stderr.txt"
"dx12_dual_two_a050_050_legacy_debug15"	"dual-direction"	"APP_EXITED_NONZERO"	"True"	"178320"	""	"1831"	"D:\HTC\avboit\The-Forge\Examples_3\Unit_Tests\PC Visual Studio 2019\x64\Release\15_Transparency\15_Transparency.exe --d3d12 --transparency-mode=5 --avboit-auto-capture --avboit-capture-hide-ui --avboit-capture-frame=60 --avboit-fixed-delta=0.0166666667 --avboit-random-seed=1337 --avboit-output-dir=D:\HTC\avboit\The-Forge\LocalVisualResults\P2_6T_ReverseZDepth_20260628T164524Z\dual_direction\dx12 --avboit-commit-sha=dbeb4094 --avboit-multiplier=1.0 --avboit-debug-view=15 --avboit-test-scene=two_layer --avboit-test-case=two_a050_050 --avboit-depth-mapping=reverse_correct --avboit-transmittance-direction=legacy --avboit-dual-direction-diagnostic --avboit-dump-raw-accum --avboit-bootstrap-log-dir=D:\HTC\avboit\The-Forge\LocalVisualResults\P2_6T_ReverseZDepth_20260628T164524Z\dual_direction\dx12\bootstrap"	"1"	"4"	"2"	"D:\HTC\avboit\The-Forge\LocalVisualResults\P2_6T_ReverseZDepth_20260628T164524Z\dual_direction\dx12\dx12_dual_two_a050_050_legacy_debug15.stderr.txt;D:\HTC\avboit\The-Forge\LocalVisualResults\P2_6T_ReverseZDepth_20260628T164524Z\dual_direction\dx12\dx12_dual_two_a050_050_legacy_debug15.stdout.txt;D:\HTC\avboit\The-Forge\LocalVisualResults\P2_6T_ReverseZDepth_20260628T164524Z\dual_direction\dx12\DX12_Mode5_1920x1080_Debug15_Dirlegacy_Depthreverse_correct_Mul1.0_Frame60_dbeb4094_Scenetwo_layer_Casetwo_a050_050_Ordernormal_Layerall.json;D:\HTC\avboit\The-Forge\LocalVisualResults\P2_6T_ReverseZDepth_20260628T164524Z\dual_direction\dx12\DX12_Mode5_1920x1080_Debug15_Dirlegacy_Depthreverse_correct_Mul1.0_Frame60_dbeb4094_Scenetwo_layer_Casetwo_a050_050_Ordernormal_Layerall.png;D:\HTC\avboit\The-Forge\LocalVisualResults\P2_6T_ReverseZDepth_20260628T164524Z\dual_direction\dx12\raw_6b229a86_AVBOITAccumColorWeight.bin;D:\HTC\avboit\The-Forge\LocalVisualResults\P2_6T_ReverseZDepth_20260628T164524Z\dual_direction\dx12\raw_6b229a86_AVBOITAccumColorWeight.json;D:\HTC\avboit\The-Forge\LocalVisualResults\P2_6T_ReverseZDepth_20260628T164524Z\dual_direction\dx12\raw_6b229a86_AVBOITAccumDiagnostics.json;D:\HTC\avboit\The-Forge\LocalVisualResults\P2_6T_ReverseZDepth_20260628T164524Z\dual_direction\dx12\raw_6b229a86_AVBOITAccumExtinction.bin;D:\HTC\avboit\The-Forge\LocalVisualResults\P2_6T_ReverseZDepth_20260628T164524Z\dual_direction\dx12\raw_6b229a86_AVBOITAccumExtinction.json"	"D:\HTC\avboit\The-Forge\LocalVisualResults\P2_6T_ReverseZDepth_20260628T164524Z\dual_direction\dx12\dx12_dual_two_a050_050_legacy_debug15.stdout.txt"	"D:\HTC\avboit\The-Forge\LocalVisualResults\P2_6T_ReverseZDepth_20260628T164524Z\dual_direction\dx12\dx12_dual_two_a050_050_legacy_debug15.stderr.txt"
"dx12_dual_two_a050_050_legacy_debug16"	"dual-direction"	"APP_EXITED_NONZERO"	"True"	"179840"	""	"1782"	"D:\HTC\avboit\The-Forge\Examples_3\Unit_Tests\PC Visual Studio 2019\x64\Release\15_Transparency\15_Transparency.exe --d3d12 --transparency-mode=5 --avboit-auto-capture --avboit-capture-hide-ui --avboit-capture-frame=60 --avboit-fixed-delta=0.0166666667 --avboit-random-seed=1337 --avboit-output-dir=D:\HTC\avboit\The-Forge\LocalVisualResults\P2_6T_ReverseZDepth_20260628T164524Z\dual_direction\dx12 --avboit-commit-sha=dbeb4094 --avboit-multiplier=1.0 --avboit-debug-view=16 --avboit-test-scene=two_layer --avboit-test-case=two_a050_050 --avboit-depth-mapping=reverse_correct --avboit-transmittance-direction=legacy --avboit-dual-direction-diagnostic --avboit-dump-raw-accum --avboit-bootstrap-log-dir=D:\HTC\avboit\The-Forge\LocalVisualResults\P2_6T_ReverseZDepth_20260628T164524Z\dual_direction\dx12\bootstrap"	"1"	"4"	"2"	"D:\HTC\avboit\The-Forge\LocalVisualResults\P2_6T_ReverseZDepth_20260628T164524Z\dual_direction\dx12\dx12_dual_two_a050_050_legacy_debug16.stderr.txt;D:\HTC\avboit\The-Forge\LocalVisualResults\P2_6T_ReverseZDepth_20260628T164524Z\dual_direction\dx12\dx12_dual_two_a050_050_legacy_debug16.stdout.txt;D:\HTC\avboit\The-Forge\LocalVisualResults\P2_6T_ReverseZDepth_20260628T164524Z\dual_direction\dx12\DX12_Mode5_1920x1080_Debug16_Dirlegacy_Depthreverse_correct_Mul1.0_Frame60_dbeb4094_Scenetwo_layer_Casetwo_a050_050_Ordernormal_Layerall.json;D:\HTC\avboit\The-Forge\LocalVisualResults\P2_6T_ReverseZDepth_20260628T164524Z\dual_direction\dx12\DX12_Mode5_1920x1080_Debug16_Dirlegacy_Depthreverse_correct_Mul1.0_Frame60_dbeb4094_Scenetwo_layer_Casetwo_a050_050_Ordernormal_Layerall.png;D:\HTC\avboit\The-Forge\LocalVisualResults\P2_6T_ReverseZDepth_20260628T164524Z\dual_direction\dx12\raw_e3d04c23_AVBOITAccumColorWeight.bin;D:\HTC\avboit\The-Forge\LocalVisualResults\P2_6T_ReverseZDepth_20260628T164524Z\dual_direction\dx12\raw_e3d04c23_AVBOITAccumColorWeight.json;D:\HTC\avboit\The-Forge\LocalVisualResults\P2_6T_ReverseZDepth_20260628T164524Z\dual_direction\dx12\raw_e3d04c23_AVBOITAccumDiagnostics.json;D:\HTC\avboit\The-Forge\LocalVisualResults\P2_6T_ReverseZDepth_20260628T164524Z\dual_direction\dx12\raw_e3d04c23_AVBOITAccumExtinction.bin;D:\HTC\avboit\The-Forge\LocalVisualResults\P2_6T_ReverseZDepth_20260628T164524Z\dual_direction\dx12\raw_e3d04c23_AVBOITAccumExtinction.json"	"D:\HTC\avboit\The-Forge\LocalVisualResults\P2_6T_ReverseZDepth_20260628T164524Z\dual_direction\dx12\dx12_dual_two_a050_050_legacy_debug16.stdout.txt"	"D:\HTC\avboit\The-Forge\LocalVisualResults\P2_6T_ReverseZDepth_20260628T164524Z\dual_direction\dx12\dx12_dual_two_a050_050_legacy_debug16.stderr.txt"
"dx12_dual_two_a050_050_legacy_debug17"	"dual-direction"	"APP_EXITED_NONZERO"	"True"	"172908"	""	"1797"	"D:\HTC\avboit\The-Forge\Examples_3\Unit_Tests\PC Visual Studio 2019\x64\Release\15_Transparency\15_Transparency.exe --d3d12 --transparency-mode=5 --avboit-auto-capture --avboit-capture-hide-ui --avboit-capture-frame=60 --avboit-fixed-delta=0.0166666667 --avboit-random-seed=1337 --avboit-output-dir=D:\HTC\avboit\The-Forge\LocalVisualResults\P2_6T_ReverseZDepth_20260628T164524Z\dual_direction\dx12 --avboit-commit-sha=dbeb4094 --avboit-multiplier=1.0 --avboit-debug-view=17 --avboit-test-scene=two_layer --avboit-test-case=two_a050_050 --avboit-depth-mapping=reverse_correct --avboit-transmittance-direction=legacy --avboit-dual-direction-diagnostic --avboit-dump-raw-accum --avboit-bootstrap-log-dir=D:\HTC\avboit\The-Forge\LocalVisualResults\P2_6T_ReverseZDepth_20260628T164524Z\dual_direction\dx12\bootstrap"	"1"	"4"	"2"	"D:\HTC\avboit\The-Forge\LocalVisualResults\P2_6T_ReverseZDepth_20260628T164524Z\dual_direction\dx12\dx12_dual_two_a050_050_legacy_debug17.stderr.txt;D:\HTC\avboit\The-Forge\LocalVisualResults\P2_6T_ReverseZDepth_20260628T164524Z\dual_direction\dx12\dx12_dual_two_a050_050_legacy_debug17.stdout.txt;D:\HTC\avboit\The-Forge\LocalVisualResults\P2_6T_ReverseZDepth_20260628T164524Z\dual_direction\dx12\DX12_Mode5_1920x1080_Debug17_Dirlegacy_Depthreverse_correct_Mul1.0_Frame60_dbeb4094_Scenetwo_layer_Casetwo_a050_050_Ordernormal_Layerall.json;D:\HTC\avboit\The-Forge\LocalVisualResults\P2_6T_ReverseZDepth_20260628T164524Z\dual_direction\dx12\DX12_Mode5_1920x1080_Debug17_Dirlegacy_Depthreverse_correct_Mul1.0_Frame60_dbeb4094_Scenetwo_layer_Casetwo_a050_050_Ordernormal_Layerall.png;D:\HTC\avboit\The-Forge\LocalVisualResults\P2_6T_ReverseZDepth_20260628T164524Z\dual_direction\dx12\raw_5cc167c4_AVBOITAccumColorWeight.bin;D:\HTC\avboit\The-Forge\LocalVisualResults\P2_6T_ReverseZDepth_20260628T164524Z\dual_direction\dx12\raw_5cc167c4_AVBOITAccumColorWeight.json;D:\HTC\avboit\The-Forge\LocalVisualResults\P2_6T_ReverseZDepth_20260628T164524Z\dual_direction\dx12\raw_5cc167c4_AVBOITAccumDiagnostics.json;D:\HTC\avboit\The-Forge\LocalVisualResults\P2_6T_ReverseZDepth_20260628T164524Z\dual_direction\dx12\raw_5cc167c4_AVBOITAccumExtinction.bin;D:\HTC\avboit\The-Forge\LocalVisualResults\P2_6T_ReverseZDepth_20260628T164524Z\dual_direction\dx12\raw_5cc167c4_AVBOITAccumExtinction.json"	"D:\HTC\avboit\The-Forge\LocalVisualResults\P2_6T_ReverseZDepth_20260628T164524Z\dual_direction\dx12\dx12_dual_two_a050_050_legacy_debug17.stdout.txt"	"D:\HTC\avboit\The-Forge\LocalVisualResults\P2_6T_ReverseZDepth_20260628T164524Z\dual_direction\dx12\dx12_dual_two_a050_050_legacy_debug17.stderr.txt"
"dx12_dual_two_a050_050_front_debug15"	"dual-direction"	"APP_EXITED_NONZERO"	"True"	"173988"	""	"1820"	"D:\HTC\avboit\The-Forge\Examples_3\Unit_Tests\PC Visual Studio 2019\x64\Release\15_Transparency\15_Transparency.exe --d3d12 --transparency-mode=5 --avboit-auto-capture --avboit-capture-hide-ui --avboit-capture-frame=60 --avboit-fixed-delta=0.0166666667 --avboit-random-seed=1337 --avboit-output-dir=D:\HTC\avboit\The-Forge\LocalVisualResults\P2_6T_ReverseZDepth_20260628T164524Z\dual_direction\dx12 --avboit-commit-sha=dbeb4094 --avboit-multiplier=1.0 --avboit-debug-view=15 --avboit-test-scene=two_layer --avboit-test-case=two_a050_050 --avboit-depth-mapping=reverse_correct --avboit-transmittance-direction=front --avboit-dual-direction-diagnostic --avboit-dump-raw-accum --avboit-bootstrap-log-dir=D:\HTC\avboit\The-Forge\LocalVisualResults\P2_6T_ReverseZDepth_20260628T164524Z\dual_direction\dx12\bootstrap"	"1"	"4"	"2"	"D:\HTC\avboit\The-Forge\LocalVisualResults\P2_6T_ReverseZDepth_20260628T164524Z\dual_direction\dx12\dx12_dual_two_a050_050_front_debug15.stderr.txt;D:\HTC\avboit\The-Forge\LocalVisualResults\P2_6T_ReverseZDepth_20260628T164524Z\dual_direction\dx12\dx12_dual_two_a050_050_front_debug15.stdout.txt;D:\HTC\avboit\The-Forge\LocalVisualResults\P2_6T_ReverseZDepth_20260628T164524Z\dual_direction\dx12\DX12_Mode5_1920x1080_Debug15_Dirfront_Depthreverse_correct_Mul1.0_Frame60_dbeb4094_Scenetwo_layer_Casetwo_a050_050_Ordernormal_Layerall.json;D:\HTC\avboit\The-Forge\LocalVisualResults\P2_6T_ReverseZDepth_20260628T164524Z\dual_direction\dx12\DX12_Mode5_1920x1080_Debug15_Dirfront_Depthreverse_correct_Mul1.0_Frame60_dbeb4094_Scenetwo_layer_Casetwo_a050_050_Ordernormal_Layerall.png;D:\HTC\avboit\The-Forge\LocalVisualResults\P2_6T_ReverseZDepth_20260628T164524Z\dual_direction\dx12\raw_f4185b54_AVBOITAccumColorWeight.bin;D:\HTC\avboit\The-Forge\LocalVisualResults\P2_6T_ReverseZDepth_20260628T164524Z\dual_direction\dx12\raw_f4185b54_AVBOITAccumColorWeight.json;D:\HTC\avboit\The-Forge\LocalVisualResults\P2_6T_ReverseZDepth_20260628T164524Z\dual_direction\dx12\raw_f4185b54_AVBOITAccumDiagnostics.json;D:\HTC\avboit\The-Forge\LocalVisualResults\P2_6T_ReverseZDepth_20260628T164524Z\dual_direction\dx12\raw_f4185b54_AVBOITAccumExtinction.bin;D:\HTC\avboit\The-Forge\LocalVisualResults\P2_6T_ReverseZDepth_20260628T164524Z\dual_direction\dx12\raw_f4185b54_AVBOITAccumExtinction.json"	"D:\HTC\avboit\The-Forge\LocalVisualResults\P2_6T_ReverseZDepth_20260628T164524Z\dual_direction\dx12\dx12_dual_two_a050_050_front_debug15.stdout.txt"	"D:\HTC\avboit\The-Forge\LocalVisualResults\P2_6T_ReverseZDepth_20260628T164524Z\dual_direction\dx12\dx12_dual_two_a050_050_front_debug15.stderr.txt"
"dx12_dual_two_a050_050_front_debug16"	"dual-direction"	"APP_EXITED_NONZERO"	"True"	"161956"	""	"1782"	"D:\HTC\avboit\The-Forge\Examples_3\Unit_Tests\PC Visual Studio 2019\x64\Release\15_Transparency\15_Transparency.exe --d3d12 --transparency-mode=5 --avboit-auto-capture --avboit-capture-hide-ui --avboit-capture-frame=60 --avboit-fixed-delta=0.0166666667 --avboit-random-seed=1337 --avboit-output-dir=D:\HTC\avboit\The-Forge\LocalVisualResults\P2_6T_ReverseZDepth_20260628T164524Z\dual_direction\dx12 --avboit-commit-sha=dbeb4094 --avboit-multiplier=1.0 --avboit-debug-view=16 --avboit-test-scene=two_layer --avboit-test-case=two_a050_050 --avboit-depth-mapping=reverse_correct --avboit-transmittance-direction=front --avboit-dual-direction-diagnostic --avboit-dump-raw-accum --avboit-bootstrap-log-dir=D:\HTC\avboit\The-Forge\LocalVisualResults\P2_6T_ReverseZDepth_20260628T164524Z\dual_direction\dx12\bootstrap"	"1"	"4"	"2"	"D:\HTC\avboit\The-Forge\LocalVisualResults\P2_6T_ReverseZDepth_20260628T164524Z\dual_direction\dx12\dx12_dual_two_a050_050_front_debug16.stderr.txt;D:\HTC\avboit\The-Forge\LocalVisualResults\P2_6T_ReverseZDepth_20260628T164524Z\dual_direction\dx12\dx12_dual_two_a050_050_front_debug16.stdout.txt;D:\HTC\avboit\The-Forge\LocalVisualResults\P2_6T_ReverseZDepth_20260628T164524Z\dual_direction\dx12\DX12_Mode5_1920x1080_Debug16_Dirfront_Depthreverse_correct_Mul1.0_Frame60_dbeb4094_Scenetwo_layer_Casetwo_a050_050_Ordernormal_Layerall.json;D:\HTC\avboit\The-Forge\LocalVisualResults\P2_6T_ReverseZDepth_20260628T164524Z\dual_direction\dx12\DX12_Mode5_1920x1080_Debug16_Dirfront_Depthreverse_correct_Mul1.0_Frame60_dbeb4094_Scenetwo_layer_Casetwo_a050_050_Ordernormal_Layerall.png;D:\HTC\avboit\The-Forge\LocalVisualResults\P2_6T_ReverseZDepth_20260628T164524Z\dual_direction\dx12\raw_a5f73907_AVBOITAccumColorWeight.bin;D:\HTC\avboit\The-Forge\LocalVisualResults\P2_6T_ReverseZDepth_20260628T164524Z\dual_direction\dx12\raw_a5f73907_AVBOITAccumColorWeight.json;D:\HTC\avboit\The-Forge\LocalVisualResults\P2_6T_ReverseZDepth_20260628T164524Z\dual_direction\dx12\raw_a5f73907_AVBOITAccumDiagnostics.json;D:\HTC\avboit\The-Forge\LocalVisualResults\P2_6T_ReverseZDepth_20260628T164524Z\dual_direction\dx12\raw_a5f73907_AVBOITAccumExtinction.bin;D:\HTC\avboit\The-Forge\LocalVisualResults\P2_6T_ReverseZDepth_20260628T164524Z\dual_direction\dx12\raw_a5f73907_AVBOITAccumExtinction.json"	"D:\HTC\avboit\The-Forge\LocalVisualResults\P2_6T_ReverseZDepth_20260628T164524Z\dual_direction\dx12\dx12_dual_two_a050_050_front_debug16.stdout.txt"	"D:\HTC\avboit\The-Forge\LocalVisualResults\P2_6T_ReverseZDepth_20260628T164524Z\dual_direction\dx12\dx12_dual_two_a050_050_front_debug16.stderr.txt"
"dx12_dual_two_a050_050_front_debug17"	"dual-direction"	"APP_EXITED_NONZERO"	"True"	"173060"	""	"1837"	"D:\HTC\avboit\The-Forge\Examples_3\Unit_Tests\PC Visual Studio 2019\x64\Release\15_Transparency\15_Transparency.exe --d3d12 --transparency-mode=5 --avboit-auto-capture --avboit-capture-hide-ui --avboit-capture-frame=60 --avboit-fixed-delta=0.0166666667 --avboit-random-seed=1337 --avboit-output-dir=D:\HTC\avboit\The-Forge\LocalVisualResults\P2_6T_ReverseZDepth_20260628T164524Z\dual_direction\dx12 --avboit-commit-sha=dbeb4094 --avboit-multiplier=1.0 --avboit-debug-view=17 --avboit-test-scene=two_layer --avboit-test-case=two_a050_050 --avboit-depth-mapping=reverse_correct --avboit-transmittance-direction=front --avboit-dual-direction-diagnostic --avboit-dump-raw-accum --avboit-bootstrap-log-dir=D:\HTC\avboit\The-Forge\LocalVisualResults\P2_6T_ReverseZDepth_20260628T164524Z\dual_direction\dx12\bootstrap"	"1"	"4"	"2"	"D:\HTC\avboit\The-Forge\LocalVisualResults\P2_6T_ReverseZDepth_20260628T164524Z\dual_direction\dx12\dx12_dual_two_a050_050_front_debug17.stderr.txt;D:\HTC\avboit\The-Forge\LocalVisualResults\P2_6T_ReverseZDepth_20260628T164524Z\dual_direction\dx12\dx12_dual_two_a050_050_front_debug17.stdout.txt;D:\HTC\avboit\The-Forge\LocalVisualResults\P2_6T_ReverseZDepth_20260628T164524Z\dual_direction\dx12\DX12_Mode5_1920x1080_Debug17_Dirfront_Depthreverse_correct_Mul1.0_Frame60_dbeb4094_Scenetwo_layer_Casetwo_a050_050_Ordernormal_Layerall.json;D:\HTC\avboit\The-Forge\LocalVisualResults\P2_6T_ReverseZDepth_20260628T164524Z\dual_direction\dx12\DX12_Mode5_1920x1080_Debug17_Dirfront_Depthreverse_correct_Mul1.0_Frame60_dbeb4094_Scenetwo_layer_Casetwo_a050_050_Ordernormal_Layerall.png;D:\HTC\avboit\The-Forge\LocalVisualResults\P2_6T_ReverseZDepth_20260628T164524Z\dual_direction\dx12\raw_ca9570de_AVBOITAccumColorWeight.bin;D:\HTC\avboit\The-Forge\LocalVisualResults\P2_6T_ReverseZDepth_20260628T164524Z\dual_direction\dx12\raw_ca9570de_AVBOITAccumColorWeight.json;D:\HTC\avboit\The-Forge\LocalVisualResults\P2_6T_ReverseZDepth_20260628T164524Z\dual_direction\dx12\raw_ca9570de_AVBOITAccumDiagnostics.json;D:\HTC\avboit\The-Forge\LocalVisualResults\P2_6T_ReverseZDepth_20260628T164524Z\dual_direction\dx12\raw_ca9570de_AVBOITAccumExtinction.bin;D:\HTC\avboit\The-Forge\LocalVisualResults\P2_6T_ReverseZDepth_20260628T164524Z\dual_direction\dx12\raw_ca9570de_AVBOITAccumExtinction.json"	"D:\HTC\avboit\The-Forge\LocalVisualResults\P2_6T_ReverseZDepth_20260628T164524Z\dual_direction\dx12\dx12_dual_two_a050_050_front_debug17.stdout.txt"	"D:\HTC\avboit\The-Forge\LocalVisualResults\P2_6T_ReverseZDepth_20260628T164524Z\dual_direction\dx12\dx12_dual_two_a050_050_front_debug17.stderr.txt"
"dx12_forced_layer_a"	"forced-weight"	"APP_EXITED_NONZERO"	"True"	"179724"	""	"1930"	"D:\HTC\avboit\The-Forge\Examples_3\Unit_Tests\PC Visual Studio 2019\x64\Release\15_Transparency\15_Transparency.exe --d3d12 --transparency-mode=5 --avboit-auto-capture --avboit-capture-hide-ui --avboit-capture-frame=60 --avboit-fixed-delta=0.0166666667 --avboit-random-seed=1337 --avboit-output-dir=D:\HTC\avboit\The-Forge\LocalVisualResults\P2_6T_ReverseZDepth_20260628T164524Z\forced_weight\dx12 --avboit-commit-sha=dbeb4094 --avboit-multiplier=1.0 --avboit-debug-view=0 --avboit-test-scene=two_layer --avboit-test-case=two_a050_050 --avboit-depth-mapping=reverse_correct --avboit-weight-source=layer_id --avboit-weight-pattern=a --avboit-dual-direction-diagnostic --avboit-dump-raw-accum --avboit-bootstrap-log-dir=D:\HTC\avboit\The-Forge\LocalVisualResults\P2_6T_ReverseZDepth_20260628T164524Z\forced_weight\dx12\bootstrap"	"1"	"4"	"2"	"D:\HTC\avboit\The-Forge\LocalVisualResults\P2_6T_ReverseZDepth_20260628T164524Z\forced_weight\dx12\dx12_forced_layer_a.stderr.txt;D:\HTC\avboit\The-Forge\LocalVisualResults\P2_6T_ReverseZDepth_20260628T164524Z\forced_weight\dx12\dx12_forced_layer_a.stdout.txt;D:\HTC\avboit\The-Forge\LocalVisualResults\P2_6T_ReverseZDepth_20260628T164524Z\forced_weight\dx12\DX12_Mode5_1920x1080_Debug0_Dirlegacy_Depthreverse_correct_Mul1.0_Frame60_dbeb4094_Scenetwo_layer_Casetwo_a050_050_Ordernormal_Layerall_WeightlayerA.json;D:\HTC\avboit\The-Forge\LocalVisualResults\P2_6T_ReverseZDepth_20260628T164524Z\forced_weight\dx12\DX12_Mode5_1920x1080_Debug0_Dirlegacy_Depthreverse_correct_Mul1.0_Frame60_dbeb4094_Scenetwo_layer_Casetwo_a050_050_Ordernormal_Layerall_WeightlayerA.png;D:\HTC\avboit\The-Forge\LocalVisualResults\P2_6T_ReverseZDepth_20260628T164524Z\forced_weight\dx12\raw_0676d25f_AVBOITAccumColorWeight.bin;D:\HTC\avboit\The-Forge\LocalVisualResults\P2_6T_ReverseZDepth_20260628T164524Z\forced_weight\dx12\raw_0676d25f_AVBOITAccumColorWeight.json;D:\HTC\avboit\The-Forge\LocalVisualResults\P2_6T_ReverseZDepth_20260628T164524Z\forced_weight\dx12\raw_0676d25f_AVBOITAccumDiagnostics.json;D:\HTC\avboit\The-Forge\LocalVisualResults\P2_6T_ReverseZDepth_20260628T164524Z\forced_weight\dx12\raw_0676d25f_AVBOITAccumExtinction.bin;D:\HTC\avboit\The-Forge\LocalVisualResults\P2_6T_ReverseZDepth_20260628T164524Z\forced_weight\dx12\raw_0676d25f_AVBOITAccumExtinction.json"	"D:\HTC\avboit\The-Forge\LocalVisualResults\P2_6T_ReverseZDepth_20260628T164524Z\forced_weight\dx12\dx12_forced_layer_a.stdout.txt"	"D:\HTC\avboit\The-Forge\LocalVisualResults\P2_6T_ReverseZDepth_20260628T164524Z\forced_weight\dx12\dx12_forced_layer_a.stderr.txt"
"dx12_forced_layer_b"	"forced-weight"	"APP_EXITED_NONZERO"	"True"	"175528"	""	"1928"	"D:\HTC\avboit\The-Forge\Examples_3\Unit_Tests\PC Visual Studio 2019\x64\Release\15_Transparency\15_Transparency.exe --d3d12 --transparency-mode=5 --avboit-auto-capture --avboit-capture-hide-ui --avboit-capture-frame=60 --avboit-fixed-delta=0.0166666667 --avboit-random-seed=1337 --avboit-output-dir=D:\HTC\avboit\The-Forge\LocalVisualResults\P2_6T_ReverseZDepth_20260628T164524Z\forced_weight\dx12 --avboit-commit-sha=dbeb4094 --avboit-multiplier=1.0 --avboit-debug-view=0 --avboit-test-scene=two_layer --avboit-test-case=two_a050_050 --avboit-depth-mapping=reverse_correct --avboit-weight-source=layer_id --avboit-weight-pattern=b --avboit-dual-direction-diagnostic --avboit-dump-raw-accum --avboit-bootstrap-log-dir=D:\HTC\avboit\The-Forge\LocalVisualResults\P2_6T_ReverseZDepth_20260628T164524Z\forced_weight\dx12\bootstrap"	"1"	"4"	"2"	"D:\HTC\avboit\The-Forge\LocalVisualResults\P2_6T_ReverseZDepth_20260628T164524Z\forced_weight\dx12\dx12_forced_layer_b.stderr.txt;D:\HTC\avboit\The-Forge\LocalVisualResults\P2_6T_ReverseZDepth_20260628T164524Z\forced_weight\dx12\dx12_forced_layer_b.stdout.txt;D:\HTC\avboit\The-Forge\LocalVisualResults\P2_6T_ReverseZDepth_20260628T164524Z\forced_weight\dx12\DX12_Mode5_1920x1080_Debug0_Dirlegacy_Depthreverse_correct_Mul1.0_Frame60_dbeb4094_Scenetwo_layer_Casetwo_a050_050_Ordernormal_Layerall_WeightlayerB.json;D:\HTC\avboit\The-Forge\LocalVisualResults\P2_6T_ReverseZDepth_20260628T164524Z\forced_weight\dx12\DX12_Mode5_1920x1080_Debug0_Dirlegacy_Depthreverse_correct_Mul1.0_Frame60_dbeb4094_Scenetwo_layer_Casetwo_a050_050_Ordernormal_Layerall_WeightlayerB.png;D:\HTC\avboit\The-Forge\LocalVisualResults\P2_6T_ReverseZDepth_20260628T164524Z\forced_weight\dx12\raw_0776d3f2_AVBOITAccumColorWeight.bin;D:\HTC\avboit\The-Forge\LocalVisualResults\P2_6T_ReverseZDepth_20260628T164524Z\forced_weight\dx12\raw_0776d3f2_AVBOITAccumColorWeight.json;D:\HTC\avboit\The-Forge\LocalVisualResults\P2_6T_ReverseZDepth_20260628T164524Z\forced_weight\dx12\raw_0776d3f2_AVBOITAccumDiagnostics.json;D:\HTC\avboit\The-Forge\LocalVisualResults\P2_6T_ReverseZDepth_20260628T164524Z\forced_weight\dx12\raw_0776d3f2_AVBOITAccumExtinction.bin;D:\HTC\avboit\The-Forge\LocalVisualResults\P2_6T_ReverseZDepth_20260628T164524Z\forced_weight\dx12\raw_0776d3f2_AVBOITAccumExtinction.json"	"D:\HTC\avboit\The-Forge\LocalVisualResults\P2_6T_ReverseZDepth_20260628T164524Z\forced_weight\dx12\dx12_forced_layer_b.stdout.txt"	"D:\HTC\avboit\The-Forge\LocalVisualResults\P2_6T_ReverseZDepth_20260628T164524Z\forced_weight\dx12\dx12_forced_layer_b.stderr.txt"
"dx12_dual_two_a050_050_legacy_debug15"	"dual-direction"	"APP_EXITED_NONZERO"	"True"	"172264"	""	"1822"	"D:\HTC\avboit\The-Forge\Examples_3\Unit_Tests\PC Visual Studio 2019\x64\Release\15_Transparency\15_Transparency.exe --d3d12 --transparency-mode=5 --avboit-auto-capture --avboit-capture-hide-ui --avboit-capture-frame=60 --avboit-fixed-delta=0.0166666667 --avboit-random-seed=1337 --avboit-output-dir=D:\HTC\avboit\The-Forge\LocalVisualResults\P2_6T_ReverseZDepth_20260628T164524Z\dual_direction\dx12 --avboit-commit-sha=dbeb4094 --avboit-multiplier=1.0 --avboit-debug-view=15 --avboit-test-scene=two_layer --avboit-test-case=two_a050_050 --avboit-depth-mapping=reverse_correct --avboit-transmittance-direction=legacy --avboit-dual-direction-diagnostic --avboit-dump-raw-accum --avboit-bootstrap-log-dir=D:\HTC\avboit\The-Forge\LocalVisualResults\P2_6T_ReverseZDepth_20260628T164524Z\dual_direction\dx12\bootstrap"	"1"	"4"	"2"	"D:\HTC\avboit\The-Forge\LocalVisualResults\P2_6T_ReverseZDepth_20260628T164524Z\dual_direction\dx12\dx12_dual_two_a050_050_legacy_debug15.stderr.txt;D:\HTC\avboit\The-Forge\LocalVisualResults\P2_6T_ReverseZDepth_20260628T164524Z\dual_direction\dx12\dx12_dual_two_a050_050_legacy_debug15.stdout.txt;D:\HTC\avboit\The-Forge\LocalVisualResults\P2_6T_ReverseZDepth_20260628T164524Z\dual_direction\dx12\DX12_Mode5_1920x1080_Debug15_Dirlegacy_Depthreverse_correct_Mul1.0_Frame60_dbeb4094_Scenetwo_layer_Casetwo_a050_050_Ordernormal_Layerall.json;D:\HTC\avboit\The-Forge\LocalVisualResults\P2_6T_ReverseZDepth_20260628T164524Z\dual_direction\dx12\DX12_Mode5_1920x1080_Debug15_Dirlegacy_Depthreverse_correct_Mul1.0_Frame60_dbeb4094_Scenetwo_layer_Casetwo_a050_050_Ordernormal_Layerall.png;D:\HTC\avboit\The-Forge\LocalVisualResults\P2_6T_ReverseZDepth_20260628T164524Z\dual_direction\dx12\raw_6b229a86_AVBOITAccumColorWeight.bin;D:\HTC\avboit\The-Forge\LocalVisualResults\P2_6T_ReverseZDepth_20260628T164524Z\dual_direction\dx12\raw_6b229a86_AVBOITAccumColorWeight.json;D:\HTC\avboit\The-Forge\LocalVisualResults\P2_6T_ReverseZDepth_20260628T164524Z\dual_direction\dx12\raw_6b229a86_AVBOITAccumDiagnostics.json;D:\HTC\avboit\The-Forge\LocalVisualResults\P2_6T_ReverseZDepth_20260628T164524Z\dual_direction\dx12\raw_6b229a86_AVBOITAccumExtinction.bin;D:\HTC\avboit\The-Forge\LocalVisualResults\P2_6T_ReverseZDepth_20260628T164524Z\dual_direction\dx12\raw_6b229a86_AVBOITAccumExtinction.json"	"D:\HTC\avboit\The-Forge\LocalVisualResults\P2_6T_ReverseZDepth_20260628T164524Z\dual_direction\dx12\dx12_dual_two_a050_050_legacy_debug15.stdout.txt"	"D:\HTC\avboit\The-Forge\LocalVisualResults\P2_6T_ReverseZDepth_20260628T164524Z\dual_direction\dx12\dx12_dual_two_a050_050_legacy_debug15.stderr.txt"
"dx12_dual_two_a050_050_legacy_debug16"	"dual-direction"	"APP_EXITED_NONZERO"	"True"	"177412"	""	"1804"	"D:\HTC\avboit\The-Forge\Examples_3\Unit_Tests\PC Visual Studio 2019\x64\Release\15_Transparency\15_Transparency.exe --d3d12 --transparency-mode=5 --avboit-auto-capture --avboit-capture-hide-ui --avboit-capture-frame=60 --avboit-fixed-delta=0.0166666667 --avboit-random-seed=1337 --avboit-output-dir=D:\HTC\avboit\The-Forge\LocalVisualResults\P2_6T_ReverseZDepth_20260628T164524Z\dual_direction\dx12 --avboit-commit-sha=dbeb4094 --avboit-multiplier=1.0 --avboit-debug-view=16 --avboit-test-scene=two_layer --avboit-test-case=two_a050_050 --avboit-depth-mapping=reverse_correct --avboit-transmittance-direction=legacy --avboit-dual-direction-diagnostic --avboit-dump-raw-accum --avboit-bootstrap-log-dir=D:\HTC\avboit\The-Forge\LocalVisualResults\P2_6T_ReverseZDepth_20260628T164524Z\dual_direction\dx12\bootstrap"	"1"	"4"	"2"	"D:\HTC\avboit\The-Forge\LocalVisualResults\P2_6T_ReverseZDepth_20260628T164524Z\dual_direction\dx12\dx12_dual_two_a050_050_legacy_debug16.stderr.txt;D:\HTC\avboit\The-Forge\LocalVisualResults\P2_6T_ReverseZDepth_20260628T164524Z\dual_direction\dx12\dx12_dual_two_a050_050_legacy_debug16.stdout.txt;D:\HTC\avboit\The-Forge\LocalVisualResults\P2_6T_ReverseZDepth_20260628T164524Z\dual_direction\dx12\DX12_Mode5_1920x1080_Debug16_Dirlegacy_Depthreverse_correct_Mul1.0_Frame60_dbeb4094_Scenetwo_layer_Casetwo_a050_050_Ordernormal_Layerall.json;D:\HTC\avboit\The-Forge\LocalVisualResults\P2_6T_ReverseZDepth_20260628T164524Z\dual_direction\dx12\DX12_Mode5_1920x1080_Debug16_Dirlegacy_Depthreverse_correct_Mul1.0_Frame60_dbeb4094_Scenetwo_layer_Casetwo_a050_050_Ordernormal_Layerall.png;D:\HTC\avboit\The-Forge\LocalVisualResults\P2_6T_ReverseZDepth_20260628T164524Z\dual_direction\dx12\raw_e3d04c23_AVBOITAccumColorWeight.bin;D:\HTC\avboit\The-Forge\LocalVisualResults\P2_6T_ReverseZDepth_20260628T164524Z\dual_direction\dx12\raw_e3d04c23_AVBOITAccumColorWeight.json;D:\HTC\avboit\The-Forge\LocalVisualResults\P2_6T_ReverseZDepth_20260628T164524Z\dual_direction\dx12\raw_e3d04c23_AVBOITAccumDiagnostics.json;D:\HTC\avboit\The-Forge\LocalVisualResults\P2_6T_ReverseZDepth_20260628T164524Z\dual_direction\dx12\raw_e3d04c23_AVBOITAccumExtinction.bin;D:\HTC\avboit\The-Forge\LocalVisualResults\P2_6T_ReverseZDepth_20260628T164524Z\dual_direction\dx12\raw_e3d04c23_AVBOITAccumExtinction.json"	"D:\HTC\avboit\The-Forge\LocalVisualResults\P2_6T_ReverseZDepth_20260628T164524Z\dual_direction\dx12\dx12_dual_two_a050_050_legacy_debug16.stdout.txt"	"D:\HTC\avboit\The-Forge\LocalVisualResults\P2_6T_ReverseZDepth_20260628T164524Z\dual_direction\dx12\dx12_dual_two_a050_050_legacy_debug16.stderr.txt"
"dx12_dual_two_a050_050_legacy_debug17"	"dual-direction"	"APP_EXITED_NONZERO"	"True"	"174016"	""	"1769"	"D:\HTC\avboit\The-Forge\Examples_3\Unit_Tests\PC Visual Studio 2019\x64\Release\15_Transparency\15_Transparency.exe --d3d12 --transparency-mode=5 --avboit-auto-capture --avboit-capture-hide-ui --avboit-capture-frame=60 --avboit-fixed-delta=0.0166666667 --avboit-random-seed=1337 --avboit-output-dir=D:\HTC\avboit\The-Forge\LocalVisualResults\P2_6T_ReverseZDepth_20260628T164524Z\dual_direction\dx12 --avboit-commit-sha=dbeb4094 --avboit-multiplier=1.0 --avboit-debug-view=17 --avboit-test-scene=two_layer --avboit-test-case=two_a050_050 --avboit-depth-mapping=reverse_correct --avboit-transmittance-direction=legacy --avboit-dual-direction-diagnostic --avboit-dump-raw-accum --avboit-bootstrap-log-dir=D:\HTC\avboit\The-Forge\LocalVisualResults\P2_6T_ReverseZDepth_20260628T164524Z\dual_direction\dx12\bootstrap"	"1"	"4"	"2"	"D:\HTC\avboit\The-Forge\LocalVisualResults\P2_6T_ReverseZDepth_20260628T164524Z\dual_direction\dx12\dx12_dual_two_a050_050_legacy_debug17.stderr.txt;D:\HTC\avboit\The-Forge\LocalVisualResults\P2_6T_ReverseZDepth_20260628T164524Z\dual_direction\dx12\dx12_dual_two_a050_050_legacy_debug17.stdout.txt;D:\HTC\avboit\The-Forge\LocalVisualResults\P2_6T_ReverseZDepth_20260628T164524Z\dual_direction\dx12\DX12_Mode5_1920x1080_Debug17_Dirlegacy_Depthreverse_correct_Mul1.0_Frame60_dbeb4094_Scenetwo_layer_Casetwo_a050_050_Ordernormal_Layerall.json;D:\HTC\avboit\The-Forge\LocalVisualResults\P2_6T_ReverseZDepth_20260628T164524Z\dual_direction\dx12\DX12_Mode5_1920x1080_Debug17_Dirlegacy_Depthreverse_correct_Mul1.0_Frame60_dbeb4094_Scenetwo_layer_Casetwo_a050_050_Ordernormal_Layerall.png;D:\HTC\avboit\The-Forge\LocalVisualResults\P2_6T_ReverseZDepth_20260628T164524Z\dual_direction\dx12\raw_5cc167c4_AVBOITAccumColorWeight.bin;D:\HTC\avboit\The-Forge\LocalVisualResults\P2_6T_ReverseZDepth_20260628T164524Z\dual_direction\dx12\raw_5cc167c4_AVBOITAccumColorWeight.json;D:\HTC\avboit\The-Forge\LocalVisualResults\P2_6T_ReverseZDepth_20260628T164524Z\dual_direction\dx12\raw_5cc167c4_AVBOITAccumDiagnostics.json;D:\HTC\avboit\The-Forge\LocalVisualResults\P2_6T_ReverseZDepth_20260628T164524Z\dual_direction\dx12\raw_5cc167c4_AVBOITAccumExtinction.bin;D:\HTC\avboit\The-Forge\LocalVisualResults\P2_6T_ReverseZDepth_20260628T164524Z\dual_direction\dx12\raw_5cc167c4_AVBOITAccumExtinction.json"	"D:\HTC\avboit\The-Forge\LocalVisualResults\P2_6T_ReverseZDepth_20260628T164524Z\dual_direction\dx12\dx12_dual_two_a050_050_legacy_debug17.stdout.txt"	"D:\HTC\avboit\The-Forge\LocalVisualResults\P2_6T_ReverseZDepth_20260628T164524Z\dual_direction\dx12\dx12_dual_two_a050_050_legacy_debug17.stderr.txt"
"dx12_dual_two_a050_050_front_debug15"	"dual-direction"	"APP_EXITED_NONZERO"	"True"	"176364"	""	"1850"	"D:\HTC\avboit\The-Forge\Examples_3\Unit_Tests\PC Visual Studio 2019\x64\Release\15_Transparency\15_Transparency.exe --d3d12 --transparency-mode=5 --avboit-auto-capture --avboit-capture-hide-ui --avboit-capture-frame=60 --avboit-fixed-delta=0.0166666667 --avboit-random-seed=1337 --avboit-output-dir=D:\HTC\avboit\The-Forge\LocalVisualResults\P2_6T_ReverseZDepth_20260628T164524Z\dual_direction\dx12 --avboit-commit-sha=dbeb4094 --avboit-multiplier=1.0 --avboit-debug-view=15 --avboit-test-scene=two_layer --avboit-test-case=two_a050_050 --avboit-depth-mapping=reverse_correct --avboit-transmittance-direction=front --avboit-dual-direction-diagnostic --avboit-dump-raw-accum --avboit-bootstrap-log-dir=D:\HTC\avboit\The-Forge\LocalVisualResults\P2_6T_ReverseZDepth_20260628T164524Z\dual_direction\dx12\bootstrap"	"1"	"4"	"2"	"D:\HTC\avboit\The-Forge\LocalVisualResults\P2_6T_ReverseZDepth_20260628T164524Z\dual_direction\dx12\dx12_dual_two_a050_050_front_debug15.stderr.txt;D:\HTC\avboit\The-Forge\LocalVisualResults\P2_6T_ReverseZDepth_20260628T164524Z\dual_direction\dx12\dx12_dual_two_a050_050_front_debug15.stdout.txt;D:\HTC\avboit\The-Forge\LocalVisualResults\P2_6T_ReverseZDepth_20260628T164524Z\dual_direction\dx12\DX12_Mode5_1920x1080_Debug15_Dirfront_Depthreverse_correct_Mul1.0_Frame60_dbeb4094_Scenetwo_layer_Casetwo_a050_050_Ordernormal_Layerall.json;D:\HTC\avboit\The-Forge\LocalVisualResults\P2_6T_ReverseZDepth_20260628T164524Z\dual_direction\dx12\DX12_Mode5_1920x1080_Debug15_Dirfront_Depthreverse_correct_Mul1.0_Frame60_dbeb4094_Scenetwo_layer_Casetwo_a050_050_Ordernormal_Layerall.png;D:\HTC\avboit\The-Forge\LocalVisualResults\P2_6T_ReverseZDepth_20260628T164524Z\dual_direction\dx12\raw_f4185b54_AVBOITAccumColorWeight.bin;D:\HTC\avboit\The-Forge\LocalVisualResults\P2_6T_ReverseZDepth_20260628T164524Z\dual_direction\dx12\raw_f4185b54_AVBOITAccumColorWeight.json;D:\HTC\avboit\The-Forge\LocalVisualResults\P2_6T_ReverseZDepth_20260628T164524Z\dual_direction\dx12\raw_f4185b54_AVBOITAccumDiagnostics.json;D:\HTC\avboit\The-Forge\LocalVisualResults\P2_6T_ReverseZDepth_20260628T164524Z\dual_direction\dx12\raw_f4185b54_AVBOITAccumExtinction.bin;D:\HTC\avboit\The-Forge\LocalVisualResults\P2_6T_ReverseZDepth_20260628T164524Z\dual_direction\dx12\raw_f4185b54_AVBOITAccumExtinction.json"	"D:\HTC\avboit\The-Forge\LocalVisualResults\P2_6T_ReverseZDepth_20260628T164524Z\dual_direction\dx12\dx12_dual_two_a050_050_front_debug15.stdout.txt"	"D:\HTC\avboit\The-Forge\LocalVisualResults\P2_6T_ReverseZDepth_20260628T164524Z\dual_direction\dx12\dx12_dual_two_a050_050_front_debug15.stderr.txt"
"dx12_dual_two_a050_050_front_debug16"	"dual-direction"	"APP_EXITED_NONZERO"	"True"	"177132"	""	"1805"	"D:\HTC\avboit\The-Forge\Examples_3\Unit_Tests\PC Visual Studio 2019\x64\Release\15_Transparency\15_Transparency.exe --d3d12 --transparency-mode=5 --avboit-auto-capture --avboit-capture-hide-ui --avboit-capture-frame=60 --avboit-fixed-delta=0.0166666667 --avboit-random-seed=1337 --avboit-output-dir=D:\HTC\avboit\The-Forge\LocalVisualResults\P2_6T_ReverseZDepth_20260628T164524Z\dual_direction\dx12 --avboit-commit-sha=dbeb4094 --avboit-multiplier=1.0 --avboit-debug-view=16 --avboit-test-scene=two_layer --avboit-test-case=two_a050_050 --avboit-depth-mapping=reverse_correct --avboit-transmittance-direction=front --avboit-dual-direction-diagnostic --avboit-dump-raw-accum --avboit-bootstrap-log-dir=D:\HTC\avboit\The-Forge\LocalVisualResults\P2_6T_ReverseZDepth_20260628T164524Z\dual_direction\dx12\bootstrap"	"1"	"4"	"2"	"D:\HTC\avboit\The-Forge\LocalVisualResults\P2_6T_ReverseZDepth_20260628T164524Z\dual_direction\dx12\dx12_dual_two_a050_050_front_debug16.stderr.txt;D:\HTC\avboit\The-Forge\LocalVisualResults\P2_6T_ReverseZDepth_20260628T164524Z\dual_direction\dx12\dx12_dual_two_a050_050_front_debug16.stdout.txt;D:\HTC\avboit\The-Forge\LocalVisualResults\P2_6T_ReverseZDepth_20260628T164524Z\dual_direction\dx12\DX12_Mode5_1920x1080_Debug16_Dirfront_Depthreverse_correct_Mul1.0_Frame60_dbeb4094_Scenetwo_layer_Casetwo_a050_050_Ordernormal_Layerall.json;D:\HTC\avboit\The-Forge\LocalVisualResults\P2_6T_ReverseZDepth_20260628T164524Z\dual_direction\dx12\DX12_Mode5_1920x1080_Debug16_Dirfront_Depthreverse_correct_Mul1.0_Frame60_dbeb4094_Scenetwo_layer_Casetwo_a050_050_Ordernormal_Layerall.png;D:\HTC\avboit\The-Forge\LocalVisualResults\P2_6T_ReverseZDepth_20260628T164524Z\dual_direction\dx12\raw_a5f73907_AVBOITAccumColorWeight.bin;D:\HTC\avboit\The-Forge\LocalVisualResults\P2_6T_ReverseZDepth_20260628T164524Z\dual_direction\dx12\raw_a5f73907_AVBOITAccumColorWeight.json;D:\HTC\avboit\The-Forge\LocalVisualResults\P2_6T_ReverseZDepth_20260628T164524Z\dual_direction\dx12\raw_a5f73907_AVBOITAccumDiagnostics.json;D:\HTC\avboit\The-Forge\LocalVisualResults\P2_6T_ReverseZDepth_20260628T164524Z\dual_direction\dx12\raw_a5f73907_AVBOITAccumExtinction.bin;D:\HTC\avboit\The-Forge\LocalVisualResults\P2_6T_ReverseZDepth_20260628T164524Z\dual_direction\dx12\raw_a5f73907_AVBOITAccumExtinction.json"	"D:\HTC\avboit\The-Forge\LocalVisualResults\P2_6T_ReverseZDepth_20260628T164524Z\dual_direction\dx12\dx12_dual_two_a050_050_front_debug16.stdout.txt"	"D:\HTC\avboit\The-Forge\LocalVisualResults\P2_6T_ReverseZDepth_20260628T164524Z\dual_direction\dx12\dx12_dual_two_a050_050_front_debug16.stderr.txt"
"dx12_dual_two_a050_050_front_debug17"	"dual-direction"	"APP_EXITED_NONZERO"	"True"	"175052"	""	"1764"	"D:\HTC\avboit\The-Forge\Examples_3\Unit_Tests\PC Visual Studio 2019\x64\Release\15_Transparency\15_Transparency.exe --d3d12 --transparency-mode=5 --avboit-auto-capture --avboit-capture-hide-ui --avboit-capture-frame=60 --avboit-fixed-delta=0.0166666667 --avboit-random-seed=1337 --avboit-output-dir=D:\HTC\avboit\The-Forge\LocalVisualResults\P2_6T_ReverseZDepth_20260628T164524Z\dual_direction\dx12 --avboit-commit-sha=dbeb4094 --avboit-multiplier=1.0 --avboit-debug-view=17 --avboit-test-scene=two_layer --avboit-test-case=two_a050_050 --avboit-depth-mapping=reverse_correct --avboit-transmittance-direction=front --avboit-dual-direction-diagnostic --avboit-dump-raw-accum --avboit-bootstrap-log-dir=D:\HTC\avboit\The-Forge\LocalVisualResults\P2_6T_ReverseZDepth_20260628T164524Z\dual_direction\dx12\bootstrap"	"1"	"4"	"2"	"D:\HTC\avboit\The-Forge\LocalVisualResults\P2_6T_ReverseZDepth_20260628T164524Z\dual_direction\dx12\dx12_dual_two_a050_050_front_debug17.stderr.txt;D:\HTC\avboit\The-Forge\LocalVisualResults\P2_6T_ReverseZDepth_20260628T164524Z\dual_direction\dx12\dx12_dual_two_a050_050_front_debug17.stdout.txt;D:\HTC\avboit\The-Forge\LocalVisualResults\P2_6T_ReverseZDepth_20260628T164524Z\dual_direction\dx12\DX12_Mode5_1920x1080_Debug17_Dirfront_Depthreverse_correct_Mul1.0_Frame60_dbeb4094_Scenetwo_layer_Casetwo_a050_050_Ordernormal_Layerall.json;D:\HTC\avboit\The-Forge\LocalVisualResults\P2_6T_ReverseZDepth_20260628T164524Z\dual_direction\dx12\DX12_Mode5_1920x1080_Debug17_Dirfront_Depthreverse_correct_Mul1.0_Frame60_dbeb4094_Scenetwo_layer_Casetwo_a050_050_Ordernormal_Layerall.png;D:\HTC\avboit\The-Forge\LocalVisualResults\P2_6T_ReverseZDepth_20260628T164524Z\dual_direction\dx12\raw_ca9570de_AVBOITAccumColorWeight.bin;D:\HTC\avboit\The-Forge\LocalVisualResults\P2_6T_ReverseZDepth_20260628T164524Z\dual_direction\dx12\raw_ca9570de_AVBOITAccumColorWeight.json;D:\HTC\avboit\The-Forge\LocalVisualResults\P2_6T_ReverseZDepth_20260628T164524Z\dual_direction\dx12\raw_ca9570de_AVBOITAccumDiagnostics.json;D:\HTC\avboit\The-Forge\LocalVisualResults\P2_6T_ReverseZDepth_20260628T164524Z\dual_direction\dx12\raw_ca9570de_AVBOITAccumExtinction.bin;D:\HTC\avboit\The-Forge\LocalVisualResults\P2_6T_ReverseZDepth_20260628T164524Z\dual_direction\dx12\raw_ca9570de_AVBOITAccumExtinction.json"	"D:\HTC\avboit\The-Forge\LocalVisualResults\P2_6T_ReverseZDepth_20260628T164524Z\dual_direction\dx12\dx12_dual_two_a050_050_front_debug17.stdout.txt"	"D:\HTC\avboit\The-Forge\LocalVisualResults\P2_6T_ReverseZDepth_20260628T164524Z\dual_direction\dx12\dx12_dual_two_a050_050_front_debug17.stderr.txt"
"dx12_dir_mode0_two_a025_025_normal"	"direction-matrix"	"APP_EXITED_NONZERO"	"True"	"179460"	""	"1863"	"D:\HTC\avboit\The-Forge\Examples_3\Unit_Tests\PC Visual Studio 2019\x64\Release\15_Transparency\15_Transparency.exe --d3d12 --transparency-mode=0 --avboit-auto-capture --avboit-capture-hide-ui --avboit-capture-frame=60 --avboit-fixed-delta=0.0166666667 --avboit-random-seed=1337 --avboit-output-dir=D:\HTC\avboit\The-Forge\LocalVisualResults\P2_6T_ReverseZDepth_20260628T164524Z\direction_matrix\dx12 --avboit-commit-sha=dbeb4094 --avboit-multiplier=1.0 --avboit-test-scene=two_layer --avboit-test-case=two_a025_025 --avboit-submit-order=normal --avboit-bootstrap-log-dir=D:\HTC\avboit\The-Forge\LocalVisualResults\P2_6T_ReverseZDepth_20260628T164524Z\direction_matrix\dx12\bootstrap"	"1"	"1"	"0"	"D:\HTC\avboit\The-Forge\LocalVisualResults\P2_6T_ReverseZDepth_20260628T164524Z\direction_matrix\dx12\dx12_dir_mode0_two_a025_025_normal.stderr.txt;D:\HTC\avboit\The-Forge\LocalVisualResults\P2_6T_ReverseZDepth_20260628T164524Z\direction_matrix\dx12\dx12_dir_mode0_two_a025_025_normal.stdout.txt;D:\HTC\avboit\The-Forge\LocalVisualResults\P2_6T_ReverseZDepth_20260628T164524Z\direction_matrix\dx12\DX12_Mode0_1920x1080_Frame60_dbeb4094_Scenetwo_layer_Casetwo_a025_025_Ordernormal_Layerall.json;D:\HTC\avboit\The-Forge\LocalVisualResults\P2_6T_ReverseZDepth_20260628T164524Z\direction_matrix\dx12\DX12_Mode0_1920x1080_Frame60_dbeb4094_Scenetwo_layer_Casetwo_a025_025_Ordernormal_Layerall.png"	"D:\HTC\avboit\The-Forge\LocalVisualResults\P2_6T_ReverseZDepth_20260628T164524Z\direction_matrix\dx12\dx12_dir_mode0_two_a025_025_normal.stdout.txt"	"D:\HTC\avboit\The-Forge\LocalVisualResults\P2_6T_ReverseZDepth_20260628T164524Z\direction_matrix\dx12\dx12_dir_mode0_two_a025_025_normal.stderr.txt"
"dx12_dir_two_two_a025_025_normal_legacy"	"direction-matrix"	"APP_EXITED_NONZERO"	"True"	"179380"	""	"1901"	"D:\HTC\avboit\The-Forge\Examples_3\Unit_Tests\PC Visual Studio 2019\x64\Release\15_Transparency\15_Transparency.exe --d3d12 --transparency-mode=5 --avboit-auto-capture --avboit-capture-hide-ui --avboit-capture-frame=60 --avboit-fixed-delta=0.0166666667 --avboit-random-seed=1337 --avboit-output-dir=D:\HTC\avboit\The-Forge\LocalVisualResults\P2_6T_ReverseZDepth_20260628T164524Z\direction_matrix\dx12 --avboit-commit-sha=dbeb4094 --avboit-multiplier=1.0 --avboit-debug-view=0 --avboit-test-scene=two_layer --avboit-test-case=two_a025_025 --avboit-submit-order=normal --avboit-depth-mapping=reverse_correct --avboit-transmittance-direction=legacy --avboit-dual-direction-diagnostic --avboit-bootstrap-log-dir=D:\HTC\avboit\The-Forge\LocalVisualResults\P2_6T_ReverseZDepth_20260628T164524Z\direction_matrix\dx12\bootstrap"	"1"	"1"	"0"	"D:\HTC\avboit\The-Forge\LocalVisualResults\P2_6T_ReverseZDepth_20260628T164524Z\direction_matrix\dx12\dx12_dir_two_two_a025_025_normal_legacy.stderr.txt;D:\HTC\avboit\The-Forge\LocalVisualResults\P2_6T_ReverseZDepth_20260628T164524Z\direction_matrix\dx12\dx12_dir_two_two_a025_025_normal_legacy.stdout.txt;D:\HTC\avboit\The-Forge\LocalVisualResults\P2_6T_ReverseZDepth_20260628T164524Z\direction_matrix\dx12\DX12_Mode5_1920x1080_Debug0_Dirlegacy_Depthreverse_correct_Mul1.0_Frame60_dbeb4094_Scenetwo_layer_Casetwo_a025_025_Ordernormal_Layerall.json;D:\HTC\avboit\The-Forge\LocalVisualResults\P2_6T_ReverseZDepth_20260628T164524Z\direction_matrix\dx12\DX12_Mode5_1920x1080_Debug0_Dirlegacy_Depthreverse_correct_Mul1.0_Frame60_dbeb4094_Scenetwo_layer_Casetwo_a025_025_Ordernormal_Layerall.png"	"D:\HTC\avboit\The-Forge\LocalVisualResults\P2_6T_ReverseZDepth_20260628T164524Z\direction_matrix\dx12\dx12_dir_two_two_a025_025_normal_legacy.stdout.txt"	"D:\HTC\avboit\The-Forge\LocalVisualResults\P2_6T_ReverseZDepth_20260628T164524Z\direction_matrix\dx12\dx12_dir_two_two_a025_025_normal_legacy.stderr.txt"
"dx12_dir_two_two_a025_025_normal_front"	"direction-matrix"	"APP_EXITED_NONZERO"	"True"	"156104"	""	"1945"	"D:\HTC\avboit\The-Forge\Examples_3\Unit_Tests\PC Visual Studio 2019\x64\Release\15_Transparency\15_Transparency.exe --d3d12 --transparency-mode=5 --avboit-auto-capture --avboit-capture-hide-ui --avboit-capture-frame=60 --avboit-fixed-delta=0.0166666667 --avboit-random-seed=1337 --avboit-output-dir=D:\HTC\avboit\The-Forge\LocalVisualResults\P2_6T_ReverseZDepth_20260628T164524Z\direction_matrix\dx12 --avboit-commit-sha=dbeb4094 --avboit-multiplier=1.0 --avboit-debug-view=0 --avboit-test-scene=two_layer --avboit-test-case=two_a025_025 --avboit-submit-order=normal --avboit-depth-mapping=reverse_correct --avboit-transmittance-direction=front --avboit-dual-direction-diagnostic --avboit-bootstrap-log-dir=D:\HTC\avboit\The-Forge\LocalVisualResults\P2_6T_ReverseZDepth_20260628T164524Z\direction_matrix\dx12\bootstrap"	"1"	"1"	"0"	"D:\HTC\avboit\The-Forge\LocalVisualResults\P2_6T_ReverseZDepth_20260628T164524Z\direction_matrix\dx12\dx12_dir_two_two_a025_025_normal_front.stderr.txt;D:\HTC\avboit\The-Forge\LocalVisualResults\P2_6T_ReverseZDepth_20260628T164524Z\direction_matrix\dx12\dx12_dir_two_two_a025_025_normal_front.stdout.txt;D:\HTC\avboit\The-Forge\LocalVisualResults\P2_6T_ReverseZDepth_20260628T164524Z\direction_matrix\dx12\DX12_Mode5_1920x1080_Debug0_Dirfront_Depthreverse_correct_Mul1.0_Frame60_dbeb4094_Scenetwo_layer_Casetwo_a025_025_Ordernormal_Layerall.json;D:\HTC\avboit\The-Forge\LocalVisualResults\P2_6T_ReverseZDepth_20260628T164524Z\direction_matrix\dx12\DX12_Mode5_1920x1080_Debug0_Dirfront_Depthreverse_correct_Mul1.0_Frame60_dbeb4094_Scenetwo_layer_Casetwo_a025_025_Ordernormal_Layerall.png"	"D:\HTC\avboit\The-Forge\LocalVisualResults\P2_6T_ReverseZDepth_20260628T164524Z\direction_matrix\dx12\dx12_dir_two_two_a025_025_normal_front.stdout.txt"	"D:\HTC\avboit\The-Forge\LocalVisualResults\P2_6T_ReverseZDepth_20260628T164524Z\direction_matrix\dx12\dx12_dir_two_two_a025_025_normal_front.stderr.txt"
"dx12_dir_mode0_two_a025_025_reverse"	"direction-matrix"	"APP_EXITED_NONZERO"	"True"	"152048"	""	"1895"	"D:\HTC\avboit\The-Forge\Examples_3\Unit_Tests\PC Visual Studio 2019\x64\Release\15_Transparency\15_Transparency.exe --d3d12 --transparency-mode=0 --avboit-auto-capture --avboit-capture-hide-ui --avboit-capture-frame=60 --avboit-fixed-delta=0.0166666667 --avboit-random-seed=1337 --avboit-output-dir=D:\HTC\avboit\The-Forge\LocalVisualResults\P2_6T_ReverseZDepth_20260628T164524Z\direction_matrix\dx12 --avboit-commit-sha=dbeb4094 --avboit-multiplier=1.0 --avboit-test-scene=two_layer --avboit-test-case=two_a025_025 --avboit-submit-order=reverse --avboit-bootstrap-log-dir=D:\HTC\avboit\The-Forge\LocalVisualResults\P2_6T_ReverseZDepth_20260628T164524Z\direction_matrix\dx12\bootstrap"	"1"	"1"	"0"	"D:\HTC\avboit\The-Forge\LocalVisualResults\P2_6T_ReverseZDepth_20260628T164524Z\direction_matrix\dx12\dx12_dir_mode0_two_a025_025_reverse.stderr.txt;D:\HTC\avboit\The-Forge\LocalVisualResults\P2_6T_ReverseZDepth_20260628T164524Z\direction_matrix\dx12\dx12_dir_mode0_two_a025_025_reverse.stdout.txt;D:\HTC\avboit\The-Forge\LocalVisualResults\P2_6T_ReverseZDepth_20260628T164524Z\direction_matrix\dx12\DX12_Mode0_1920x1080_Frame60_dbeb4094_Scenetwo_layer_Casetwo_a025_025_Orderreverse_Layerall.json;D:\HTC\avboit\The-Forge\LocalVisualResults\P2_6T_ReverseZDepth_20260628T164524Z\direction_matrix\dx12\DX12_Mode0_1920x1080_Frame60_dbeb4094_Scenetwo_layer_Casetwo_a025_025_Orderreverse_Layerall.png"	"D:\HTC\avboit\The-Forge\LocalVisualResults\P2_6T_ReverseZDepth_20260628T164524Z\direction_matrix\dx12\dx12_dir_mode0_two_a025_025_reverse.stdout.txt"	"D:\HTC\avboit\The-Forge\LocalVisualResults\P2_6T_ReverseZDepth_20260628T164524Z\direction_matrix\dx12\dx12_dir_mode0_two_a025_025_reverse.stderr.txt"
"dx12_dir_two_two_a025_025_reverse_legacy"	"direction-matrix"	"APP_EXITED_NONZERO"	"True"	"170324"	""	"1940"	"D:\HTC\avboit\The-Forge\Examples_3\Unit_Tests\PC Visual Studio 2019\x64\Release\15_Transparency\15_Transparency.exe --d3d12 --transparency-mode=5 --avboit-auto-capture --avboit-capture-hide-ui --avboit-capture-frame=60 --avboit-fixed-delta=0.0166666667 --avboit-random-seed=1337 --avboit-output-dir=D:\HTC\avboit\The-Forge\LocalVisualResults\P2_6T_ReverseZDepth_20260628T164524Z\direction_matrix\dx12 --avboit-commit-sha=dbeb4094 --avboit-multiplier=1.0 --avboit-debug-view=0 --avboit-test-scene=two_layer --avboit-test-case=two_a025_025 --avboit-submit-order=reverse --avboit-depth-mapping=reverse_correct --avboit-transmittance-direction=legacy --avboit-dual-direction-diagnostic --avboit-bootstrap-log-dir=D:\HTC\avboit\The-Forge\LocalVisualResults\P2_6T_ReverseZDepth_20260628T164524Z\direction_matrix\dx12\bootstrap"	"1"	"1"	"0"	"D:\HTC\avboit\The-Forge\LocalVisualResults\P2_6T_ReverseZDepth_20260628T164524Z\direction_matrix\dx12\dx12_dir_two_two_a025_025_reverse_legacy.stderr.txt;D:\HTC\avboit\The-Forge\LocalVisualResults\P2_6T_ReverseZDepth_20260628T164524Z\direction_matrix\dx12\dx12_dir_two_two_a025_025_reverse_legacy.stdout.txt;D:\HTC\avboit\The-Forge\LocalVisualResults\P2_6T_ReverseZDepth_20260628T164524Z\direction_matrix\dx12\DX12_Mode5_1920x1080_Debug0_Dirlegacy_Depthreverse_correct_Mul1.0_Frame60_dbeb4094_Scenetwo_layer_Casetwo_a025_025_Orderreverse_Layerall.json;D:\HTC\avboit\The-Forge\LocalVisualResults\P2_6T_ReverseZDepth_20260628T164524Z\direction_matrix\dx12\DX12_Mode5_1920x1080_Debug0_Dirlegacy_Depthreverse_correct_Mul1.0_Frame60_dbeb4094_Scenetwo_layer_Casetwo_a025_025_Orderreverse_Layerall.png"	"D:\HTC\avboit\The-Forge\LocalVisualResults\P2_6T_ReverseZDepth_20260628T164524Z\direction_matrix\dx12\dx12_dir_two_two_a025_025_reverse_legacy.stdout.txt"	"D:\HTC\avboit\The-Forge\LocalVisualResults\P2_6T_ReverseZDepth_20260628T164524Z\direction_matrix\dx12\dx12_dir_two_two_a025_025_reverse_legacy.stderr.txt"
"dx12_dir_two_two_a025_025_reverse_front"	"direction-matrix"	"APP_EXITED_NONZERO"	"True"	"174372"	""	"1956"	"D:\HTC\avboit\The-Forge\Examples_3\Unit_Tests\PC Visual Studio 2019\x64\Release\15_Transparency\15_Transparency.exe --d3d12 --transparency-mode=5 --avboit-auto-capture --avboit-capture-hide-ui --avboit-capture-frame=60 --avboit-fixed-delta=0.0166666667 --avboit-random-seed=1337 --avboit-output-dir=D:\HTC\avboit\The-Forge\LocalVisualResults\P2_6T_ReverseZDepth_20260628T164524Z\direction_matrix\dx12 --avboit-commit-sha=dbeb4094 --avboit-multiplier=1.0 --avboit-debug-view=0 --avboit-test-scene=two_layer --avboit-test-case=two_a025_025 --avboit-submit-order=reverse --avboit-depth-mapping=reverse_correct --avboit-transmittance-direction=front --avboit-dual-direction-diagnostic --avboit-bootstrap-log-dir=D:\HTC\avboit\The-Forge\LocalVisualResults\P2_6T_ReverseZDepth_20260628T164524Z\direction_matrix\dx12\bootstrap"	"1"	"1"	"0"	"D:\HTC\avboit\The-Forge\LocalVisualResults\P2_6T_ReverseZDepth_20260628T164524Z\direction_matrix\dx12\dx12_dir_two_two_a025_025_reverse_front.stderr.txt;D:\HTC\avboit\The-Forge\LocalVisualResults\P2_6T_ReverseZDepth_20260628T164524Z\direction_matrix\dx12\dx12_dir_two_two_a025_025_reverse_front.stdout.txt;D:\HTC\avboit\The-Forge\LocalVisualResults\P2_6T_ReverseZDepth_20260628T164524Z\direction_matrix\dx12\DX12_Mode5_1920x1080_Debug0_Dirfront_Depthreverse_correct_Mul1.0_Frame60_dbeb4094_Scenetwo_layer_Casetwo_a025_025_Orderreverse_Layerall.json;D:\HTC\avboit\The-Forge\LocalVisualResults\P2_6T_ReverseZDepth_20260628T164524Z\direction_matrix\dx12\DX12_Mode5_1920x1080_Debug0_Dirfront_Depthreverse_correct_Mul1.0_Frame60_dbeb4094_Scenetwo_layer_Casetwo_a025_025_Orderreverse_Layerall.png"	"D:\HTC\avboit\The-Forge\LocalVisualResults\P2_6T_ReverseZDepth_20260628T164524Z\direction_matrix\dx12\dx12_dir_two_two_a025_025_reverse_front.stdout.txt"	"D:\HTC\avboit\The-Forge\LocalVisualResults\P2_6T_ReverseZDepth_20260628T164524Z\direction_matrix\dx12\dx12_dir_two_two_a025_025_reverse_front.stderr.txt"
"dx12_dir_mode0_two_a050_050_normal"	"direction-matrix"	"APP_EXITED_NONZERO"	"True"	"179180"	""	"1869"	"D:\HTC\avboit\The-Forge\Examples_3\Unit_Tests\PC Visual Studio 2019\x64\Release\15_Transparency\15_Transparency.exe --d3d12 --transparency-mode=0 --avboit-auto-capture --avboit-capture-hide-ui --avboit-capture-frame=60 --avboit-fixed-delta=0.0166666667 --avboit-random-seed=1337 --avboit-output-dir=D:\HTC\avboit\The-Forge\LocalVisualResults\P2_6T_ReverseZDepth_20260628T164524Z\direction_matrix\dx12 --avboit-commit-sha=dbeb4094 --avboit-multiplier=1.0 --avboit-test-scene=two_layer --avboit-test-case=two_a050_050 --avboit-submit-order=normal --avboit-bootstrap-log-dir=D:\HTC\avboit\The-Forge\LocalVisualResults\P2_6T_ReverseZDepth_20260628T164524Z\direction_matrix\dx12\bootstrap"	"1"	"1"	"0"	"D:\HTC\avboit\The-Forge\LocalVisualResults\P2_6T_ReverseZDepth_20260628T164524Z\direction_matrix\dx12\dx12_dir_mode0_two_a050_050_normal.stderr.txt;D:\HTC\avboit\The-Forge\LocalVisualResults\P2_6T_ReverseZDepth_20260628T164524Z\direction_matrix\dx12\dx12_dir_mode0_two_a050_050_normal.stdout.txt;D:\HTC\avboit\The-Forge\LocalVisualResults\P2_6T_ReverseZDepth_20260628T164524Z\direction_matrix\dx12\DX12_Mode0_1920x1080_Frame60_dbeb4094_Scenetwo_layer_Casetwo_a050_050_Ordernormal_Layerall.json;D:\HTC\avboit\The-Forge\LocalVisualResults\P2_6T_ReverseZDepth_20260628T164524Z\direction_matrix\dx12\DX12_Mode0_1920x1080_Frame60_dbeb4094_Scenetwo_layer_Casetwo_a050_050_Ordernormal_Layerall.png"	"D:\HTC\avboit\The-Forge\LocalVisualResults\P2_6T_ReverseZDepth_20260628T164524Z\direction_matrix\dx12\dx12_dir_mode0_two_a050_050_normal.stdout.txt"	"D:\HTC\avboit\The-Forge\LocalVisualResults\P2_6T_ReverseZDepth_20260628T164524Z\direction_matrix\dx12\dx12_dir_mode0_two_a050_050_normal.stderr.txt"
"dx12_dir_two_two_a050_050_normal_legacy"	"direction-matrix"	"APP_EXITED_NONZERO"	"True"	"176748"	""	"1909"	"D:\HTC\avboit\The-Forge\Examples_3\Unit_Tests\PC Visual Studio 2019\x64\Release\15_Transparency\15_Transparency.exe --d3d12 --transparency-mode=5 --avboit-auto-capture --avboit-capture-hide-ui --avboit-capture-frame=60 --avboit-fixed-delta=0.0166666667 --avboit-random-seed=1337 --avboit-output-dir=D:\HTC\avboit\The-Forge\LocalVisualResults\P2_6T_ReverseZDepth_20260628T164524Z\direction_matrix\dx12 --avboit-commit-sha=dbeb4094 --avboit-multiplier=1.0 --avboit-debug-view=0 --avboit-test-scene=two_layer --avboit-test-case=two_a050_050 --avboit-submit-order=normal --avboit-depth-mapping=reverse_correct --avboit-transmittance-direction=legacy --avboit-dual-direction-diagnostic --avboit-bootstrap-log-dir=D:\HTC\avboit\The-Forge\LocalVisualResults\P2_6T_ReverseZDepth_20260628T164524Z\direction_matrix\dx12\bootstrap"	"1"	"1"	"0"	"D:\HTC\avboit\The-Forge\LocalVisualResults\P2_6T_ReverseZDepth_20260628T164524Z\direction_matrix\dx12\dx12_dir_two_two_a050_050_normal_legacy.stderr.txt;D:\HTC\avboit\The-Forge\LocalVisualResults\P2_6T_ReverseZDepth_20260628T164524Z\direction_matrix\dx12\dx12_dir_two_two_a050_050_normal_legacy.stdout.txt;D:\HTC\avboit\The-Forge\LocalVisualResults\P2_6T_ReverseZDepth_20260628T164524Z\direction_matrix\dx12\DX12_Mode5_1920x1080_Debug0_Dirlegacy_Depthreverse_correct_Mul1.0_Frame60_dbeb4094_Scenetwo_layer_Casetwo_a050_050_Ordernormal_Layerall.json;D:\HTC\avboit\The-Forge\LocalVisualResults\P2_6T_ReverseZDepth_20260628T164524Z\direction_matrix\dx12\DX12_Mode5_1920x1080_Debug0_Dirlegacy_Depthreverse_correct_Mul1.0_Frame60_dbeb4094_Scenetwo_layer_Casetwo_a050_050_Ordernormal_Layerall.png"	"D:\HTC\avboit\The-Forge\LocalVisualResults\P2_6T_ReverseZDepth_20260628T164524Z\direction_matrix\dx12\dx12_dir_two_two_a050_050_normal_legacy.stdout.txt"	"D:\HTC\avboit\The-Forge\LocalVisualResults\P2_6T_ReverseZDepth_20260628T164524Z\direction_matrix\dx12\dx12_dir_two_two_a050_050_normal_legacy.stderr.txt"
"dx12_dir_two_two_a050_050_normal_front"	"direction-matrix"	"APP_EXITED_NONZERO"	"True"	"177984"	""	"1929"	"D:\HTC\avboit\The-Forge\Examples_3\Unit_Tests\PC Visual Studio 2019\x64\Release\15_Transparency\15_Transparency.exe --d3d12 --transparency-mode=5 --avboit-auto-capture --avboit-capture-hide-ui --avboit-capture-frame=60 --avboit-fixed-delta=0.0166666667 --avboit-random-seed=1337 --avboit-output-dir=D:\HTC\avboit\The-Forge\LocalVisualResults\P2_6T_ReverseZDepth_20260628T164524Z\direction_matrix\dx12 --avboit-commit-sha=dbeb4094 --avboit-multiplier=1.0 --avboit-debug-view=0 --avboit-test-scene=two_layer --avboit-test-case=two_a050_050 --avboit-submit-order=normal --avboit-depth-mapping=reverse_correct --avboit-transmittance-direction=front --avboit-dual-direction-diagnostic --avboit-bootstrap-log-dir=D:\HTC\avboit\The-Forge\LocalVisualResults\P2_6T_ReverseZDepth_20260628T164524Z\direction_matrix\dx12\bootstrap"	"1"	"1"	"0"	"D:\HTC\avboit\The-Forge\LocalVisualResults\P2_6T_ReverseZDepth_20260628T164524Z\direction_matrix\dx12\dx12_dir_two_two_a050_050_normal_front.stderr.txt;D:\HTC\avboit\The-Forge\LocalVisualResults\P2_6T_ReverseZDepth_20260628T164524Z\direction_matrix\dx12\dx12_dir_two_two_a050_050_normal_front.stdout.txt;D:\HTC\avboit\The-Forge\LocalVisualResults\P2_6T_ReverseZDepth_20260628T164524Z\direction_matrix\dx12\DX12_Mode5_1920x1080_Debug0_Dirfront_Depthreverse_correct_Mul1.0_Frame60_dbeb4094_Scenetwo_layer_Casetwo_a050_050_Ordernormal_Layerall.json;D:\HTC\avboit\The-Forge\LocalVisualResults\P2_6T_ReverseZDepth_20260628T164524Z\direction_matrix\dx12\DX12_Mode5_1920x1080_Debug0_Dirfront_Depthreverse_correct_Mul1.0_Frame60_dbeb4094_Scenetwo_layer_Casetwo_a050_050_Ordernormal_Layerall.png"	"D:\HTC\avboit\The-Forge\LocalVisualResults\P2_6T_ReverseZDepth_20260628T164524Z\direction_matrix\dx12\dx12_dir_two_two_a050_050_normal_front.stdout.txt"	"D:\HTC\avboit\The-Forge\LocalVisualResults\P2_6T_ReverseZDepth_20260628T164524Z\direction_matrix\dx12\dx12_dir_two_two_a050_050_normal_front.stderr.txt"
"dx12_dir_mode0_two_a050_050_reverse"	"direction-matrix"	"APP_EXITED_NONZERO"	"True"	"155540"	""	"1915"	"D:\HTC\avboit\The-Forge\Examples_3\Unit_Tests\PC Visual Studio 2019\x64\Release\15_Transparency\15_Transparency.exe --d3d12 --transparency-mode=0 --avboit-auto-capture --avboit-capture-hide-ui --avboit-capture-frame=60 --avboit-fixed-delta=0.0166666667 --avboit-random-seed=1337 --avboit-output-dir=D:\HTC\avboit\The-Forge\LocalVisualResults\P2_6T_ReverseZDepth_20260628T164524Z\direction_matrix\dx12 --avboit-commit-sha=dbeb4094 --avboit-multiplier=1.0 --avboit-test-scene=two_layer --avboit-test-case=two_a050_050 --avboit-submit-order=reverse --avboit-bootstrap-log-dir=D:\HTC\avboit\The-Forge\LocalVisualResults\P2_6T_ReverseZDepth_20260628T164524Z\direction_matrix\dx12\bootstrap"	"1"	"1"	"0"	"D:\HTC\avboit\The-Forge\LocalVisualResults\P2_6T_ReverseZDepth_20260628T164524Z\direction_matrix\dx12\dx12_dir_mode0_two_a050_050_reverse.stderr.txt;D:\HTC\avboit\The-Forge\LocalVisualResults\P2_6T_ReverseZDepth_20260628T164524Z\direction_matrix\dx12\dx12_dir_mode0_two_a050_050_reverse.stdout.txt;D:\HTC\avboit\The-Forge\LocalVisualResults\P2_6T_ReverseZDepth_20260628T164524Z\direction_matrix\dx12\DX12_Mode0_1920x1080_Frame60_dbeb4094_Scenetwo_layer_Casetwo_a050_050_Orderreverse_Layerall.json;D:\HTC\avboit\The-Forge\LocalVisualResults\P2_6T_ReverseZDepth_20260628T164524Z\direction_matrix\dx12\DX12_Mode0_1920x1080_Frame60_dbeb4094_Scenetwo_layer_Casetwo_a050_050_Orderreverse_Layerall.png"	"D:\HTC\avboit\The-Forge\LocalVisualResults\P2_6T_ReverseZDepth_20260628T164524Z\direction_matrix\dx12\dx12_dir_mode0_two_a050_050_reverse.stdout.txt"	"D:\HTC\avboit\The-Forge\LocalVisualResults\P2_6T_ReverseZDepth_20260628T164524Z\direction_matrix\dx12\dx12_dir_mode0_two_a050_050_reverse.stderr.txt"
"dx12_dir_two_two_a050_050_reverse_legacy"	"direction-matrix"	"APP_EXITED_NONZERO"	"True"	"18888"	""	"1883"	"D:\HTC\avboit\The-Forge\Examples_3\Unit_Tests\PC Visual Studio 2019\x64\Release\15_Transparency\15_Transparency.exe --d3d12 --transparency-mode=5 --avboit-auto-capture --avboit-capture-hide-ui --avboit-capture-frame=60 --avboit-fixed-delta=0.0166666667 --avboit-random-seed=1337 --avboit-output-dir=D:\HTC\avboit\The-Forge\LocalVisualResults\P2_6T_ReverseZDepth_20260628T164524Z\direction_matrix\dx12 --avboit-commit-sha=dbeb4094 --avboit-multiplier=1.0 --avboit-debug-view=0 --avboit-test-scene=two_layer --avboit-test-case=two_a050_050 --avboit-submit-order=reverse --avboit-depth-mapping=reverse_correct --avboit-transmittance-direction=legacy --avboit-dual-direction-diagnostic --avboit-bootstrap-log-dir=D:\HTC\avboit\The-Forge\LocalVisualResults\P2_6T_ReverseZDepth_20260628T164524Z\direction_matrix\dx12\bootstrap"	"1"	"1"	"0"	"D:\HTC\avboit\The-Forge\LocalVisualResults\P2_6T_ReverseZDepth_20260628T164524Z\direction_matrix\dx12\dx12_dir_two_two_a050_050_reverse_legacy.stderr.txt;D:\HTC\avboit\The-Forge\LocalVisualResults\P2_6T_ReverseZDepth_20260628T164524Z\direction_matrix\dx12\dx12_dir_two_two_a050_050_reverse_legacy.stdout.txt;D:\HTC\avboit\The-Forge\LocalVisualResults\P2_6T_ReverseZDepth_20260628T164524Z\direction_matrix\dx12\DX12_Mode5_1920x1080_Debug0_Dirlegacy_Depthreverse_correct_Mul1.0_Frame60_dbeb4094_Scenetwo_layer_Casetwo_a050_050_Orderreverse_Layerall.json;D:\HTC\avboit\The-Forge\LocalVisualResults\P2_6T_ReverseZDepth_20260628T164524Z\direction_matrix\dx12\DX12_Mode5_1920x1080_Debug0_Dirlegacy_Depthreverse_correct_Mul1.0_Frame60_dbeb4094_Scenetwo_layer_Casetwo_a050_050_Orderreverse_Layerall.png"	"D:\HTC\avboit\The-Forge\LocalVisualResults\P2_6T_ReverseZDepth_20260628T164524Z\direction_matrix\dx12\dx12_dir_two_two_a050_050_reverse_legacy.stdout.txt"	"D:\HTC\avboit\The-Forge\LocalVisualResults\P2_6T_ReverseZDepth_20260628T164524Z\direction_matrix\dx12\dx12_dir_two_two_a050_050_reverse_legacy.stderr.txt"
"dx12_dir_two_two_a050_050_reverse_front"	"direction-matrix"	"APP_EXITED_NONZERO"	"True"	"179388"	""	"1915"	"D:\HTC\avboit\The-Forge\Examples_3\Unit_Tests\PC Visual Studio 2019\x64\Release\15_Transparency\15_Transparency.exe --d3d12 --transparency-mode=5 --avboit-auto-capture --avboit-capture-hide-ui --avboit-capture-frame=60 --avboit-fixed-delta=0.0166666667 --avboit-random-seed=1337 --avboit-output-dir=D:\HTC\avboit\The-Forge\LocalVisualResults\P2_6T_ReverseZDepth_20260628T164524Z\direction_matrix\dx12 --avboit-commit-sha=dbeb4094 --avboit-multiplier=1.0 --avboit-debug-view=0 --avboit-test-scene=two_layer --avboit-test-case=two_a050_050 --avboit-submit-order=reverse --avboit-depth-mapping=reverse_correct --avboit-transmittance-direction=front --avboit-dual-direction-diagnostic --avboit-bootstrap-log-dir=D:\HTC\avboit\The-Forge\LocalVisualResults\P2_6T_ReverseZDepth_20260628T164524Z\direction_matrix\dx12\bootstrap"	"1"	"1"	"0"	"D:\HTC\avboit\The-Forge\LocalVisualResults\P2_6T_ReverseZDepth_20260628T164524Z\direction_matrix\dx12\dx12_dir_two_two_a050_050_reverse_front.stderr.txt;D:\HTC\avboit\The-Forge\LocalVisualResults\P2_6T_ReverseZDepth_20260628T164524Z\direction_matrix\dx12\dx12_dir_two_two_a050_050_reverse_front.stdout.txt;D:\HTC\avboit\The-Forge\LocalVisualResults\P2_6T_ReverseZDepth_20260628T164524Z\direction_matrix\dx12\DX12_Mode5_1920x1080_Debug0_Dirfront_Depthreverse_correct_Mul1.0_Frame60_dbeb4094_Scenetwo_layer_Casetwo_a050_050_Orderreverse_Layerall.json;D:\HTC\avboit\The-Forge\LocalVisualResults\P2_6T_ReverseZDepth_20260628T164524Z\direction_matrix\dx12\DX12_Mode5_1920x1080_Debug0_Dirfront_Depthreverse_correct_Mul1.0_Frame60_dbeb4094_Scenetwo_layer_Casetwo_a050_050_Orderreverse_Layerall.png"	"D:\HTC\avboit\The-Forge\LocalVisualResults\P2_6T_ReverseZDepth_20260628T164524Z\direction_matrix\dx12\dx12_dir_two_two_a050_050_reverse_front.stdout.txt"	"D:\HTC\avboit\The-Forge\LocalVisualResults\P2_6T_ReverseZDepth_20260628T164524Z\direction_matrix\dx12\dx12_dir_two_two_a050_050_reverse_front.stderr.txt"
"dx12_dir_mode0_two_a075_050_normal"	"direction-matrix"	"APP_EXITED_NONZERO"	"True"	"176020"	""	"1869"	"D:\HTC\avboit\The-Forge\Examples_3\Unit_Tests\PC Visual Studio 2019\x64\Release\15_Transparency\15_Transparency.exe --d3d12 --transparency-mode=0 --avboit-auto-capture --avboit-capture-hide-ui --avboit-capture-frame=60 --avboit-fixed-delta=0.0166666667 --avboit-random-seed=1337 --avboit-output-dir=D:\HTC\avboit\The-Forge\LocalVisualResults\P2_6T_ReverseZDepth_20260628T164524Z\direction_matrix\dx12 --avboit-commit-sha=dbeb4094 --avboit-multiplier=1.0 --avboit-test-scene=two_layer --avboit-test-case=two_a075_050 --avboit-submit-order=normal --avboit-bootstrap-log-dir=D:\HTC\avboit\The-Forge\LocalVisualResults\P2_6T_ReverseZDepth_20260628T164524Z\direction_matrix\dx12\bootstrap"	"1"	"1"	"0"	"D:\HTC\avboit\The-Forge\LocalVisualResults\P2_6T_ReverseZDepth_20260628T164524Z\direction_matrix\dx12\dx12_dir_mode0_two_a075_050_normal.stderr.txt;D:\HTC\avboit\The-Forge\LocalVisualResults\P2_6T_ReverseZDepth_20260628T164524Z\direction_matrix\dx12\dx12_dir_mode0_two_a075_050_normal.stdout.txt;D:\HTC\avboit\The-Forge\LocalVisualResults\P2_6T_ReverseZDepth_20260628T164524Z\direction_matrix\dx12\DX12_Mode0_1920x1080_Frame60_dbeb4094_Scenetwo_layer_Casetwo_a075_050_Ordernormal_Layerall.json;D:\HTC\avboit\The-Forge\LocalVisualResults\P2_6T_ReverseZDepth_20260628T164524Z\direction_matrix\dx12\DX12_Mode0_1920x1080_Frame60_dbeb4094_Scenetwo_layer_Casetwo_a075_050_Ordernormal_Layerall.png"	"D:\HTC\avboit\The-Forge\LocalVisualResults\P2_6T_ReverseZDepth_20260628T164524Z\direction_matrix\dx12\dx12_dir_mode0_two_a075_050_normal.stdout.txt"	"D:\HTC\avboit\The-Forge\LocalVisualResults\P2_6T_ReverseZDepth_20260628T164524Z\direction_matrix\dx12\dx12_dir_mode0_two_a075_050_normal.stderr.txt"
"dx12_dir_two_two_a075_050_normal_legacy"	"direction-matrix"	"APP_EXITED_NONZERO"	"True"	"179452"	""	"1884"	"D:\HTC\avboit\The-Forge\Examples_3\Unit_Tests\PC Visual Studio 2019\x64\Release\15_Transparency\15_Transparency.exe --d3d12 --transparency-mode=5 --avboit-auto-capture --avboit-capture-hide-ui --avboit-capture-frame=60 --avboit-fixed-delta=0.0166666667 --avboit-random-seed=1337 --avboit-output-dir=D:\HTC\avboit\The-Forge\LocalVisualResults\P2_6T_ReverseZDepth_20260628T164524Z\direction_matrix\dx12 --avboit-commit-sha=dbeb4094 --avboit-multiplier=1.0 --avboit-debug-view=0 --avboit-test-scene=two_layer --avboit-test-case=two_a075_050 --avboit-submit-order=normal --avboit-depth-mapping=reverse_correct --avboit-transmittance-direction=legacy --avboit-dual-direction-diagnostic --avboit-bootstrap-log-dir=D:\HTC\avboit\The-Forge\LocalVisualResults\P2_6T_ReverseZDepth_20260628T164524Z\direction_matrix\dx12\bootstrap"	"1"	"1"	"0"	"D:\HTC\avboit\The-Forge\LocalVisualResults\P2_6T_ReverseZDepth_20260628T164524Z\direction_matrix\dx12\dx12_dir_two_two_a075_050_normal_legacy.stderr.txt;D:\HTC\avboit\The-Forge\LocalVisualResults\P2_6T_ReverseZDepth_20260628T164524Z\direction_matrix\dx12\dx12_dir_two_two_a075_050_normal_legacy.stdout.txt;D:\HTC\avboit\The-Forge\LocalVisualResults\P2_6T_ReverseZDepth_20260628T164524Z\direction_matrix\dx12\DX12_Mode5_1920x1080_Debug0_Dirlegacy_Depthreverse_correct_Mul1.0_Frame60_dbeb4094_Scenetwo_layer_Casetwo_a075_050_Ordernormal_Layerall.json;D:\HTC\avboit\The-Forge\LocalVisualResults\P2_6T_ReverseZDepth_20260628T164524Z\direction_matrix\dx12\DX12_Mode5_1920x1080_Debug0_Dirlegacy_Depthreverse_correct_Mul1.0_Frame60_dbeb4094_Scenetwo_layer_Casetwo_a075_050_Ordernormal_Layerall.png"	"D:\HTC\avboit\The-Forge\LocalVisualResults\P2_6T_ReverseZDepth_20260628T164524Z\direction_matrix\dx12\dx12_dir_two_two_a075_050_normal_legacy.stdout.txt"	"D:\HTC\avboit\The-Forge\LocalVisualResults\P2_6T_ReverseZDepth_20260628T164524Z\direction_matrix\dx12\dx12_dir_two_two_a075_050_normal_legacy.stderr.txt"
"dx12_dir_two_two_a075_050_normal_front"	"direction-matrix"	"APP_EXITED_NONZERO"	"True"	"177828"	""	"1914"	"D:\HTC\avboit\The-Forge\Examples_3\Unit_Tests\PC Visual Studio 2019\x64\Release\15_Transparency\15_Transparency.exe --d3d12 --transparency-mode=5 --avboit-auto-capture --avboit-capture-hide-ui --avboit-capture-frame=60 --avboit-fixed-delta=0.0166666667 --avboit-random-seed=1337 --avboit-output-dir=D:\HTC\avboit\The-Forge\LocalVisualResults\P2_6T_ReverseZDepth_20260628T164524Z\direction_matrix\dx12 --avboit-commit-sha=dbeb4094 --avboit-multiplier=1.0 --avboit-debug-view=0 --avboit-test-scene=two_layer --avboit-test-case=two_a075_050 --avboit-submit-order=normal --avboit-depth-mapping=reverse_correct --avboit-transmittance-direction=front --avboit-dual-direction-diagnostic --avboit-bootstrap-log-dir=D:\HTC\avboit\The-Forge\LocalVisualResults\P2_6T_ReverseZDepth_20260628T164524Z\direction_matrix\dx12\bootstrap"	"1"	"1"	"0"	"D:\HTC\avboit\The-Forge\LocalVisualResults\P2_6T_ReverseZDepth_20260628T164524Z\direction_matrix\dx12\dx12_dir_two_two_a075_050_normal_front.stderr.txt;D:\HTC\avboit\The-Forge\LocalVisualResults\P2_6T_ReverseZDepth_20260628T164524Z\direction_matrix\dx12\dx12_dir_two_two_a075_050_normal_front.stdout.txt;D:\HTC\avboit\The-Forge\LocalVisualResults\P2_6T_ReverseZDepth_20260628T164524Z\direction_matrix\dx12\DX12_Mode5_1920x1080_Debug0_Dirfront_Depthreverse_correct_Mul1.0_Frame60_dbeb4094_Scenetwo_layer_Casetwo_a075_050_Ordernormal_Layerall.json;D:\HTC\avboit\The-Forge\LocalVisualResults\P2_6T_ReverseZDepth_20260628T164524Z\direction_matrix\dx12\DX12_Mode5_1920x1080_Debug0_Dirfront_Depthreverse_correct_Mul1.0_Frame60_dbeb4094_Scenetwo_layer_Casetwo_a075_050_Ordernormal_Layerall.png"	"D:\HTC\avboit\The-Forge\LocalVisualResults\P2_6T_ReverseZDepth_20260628T164524Z\direction_matrix\dx12\dx12_dir_two_two_a075_050_normal_front.stdout.txt"	"D:\HTC\avboit\The-Forge\LocalVisualResults\P2_6T_ReverseZDepth_20260628T164524Z\direction_matrix\dx12\dx12_dir_two_two_a075_050_normal_front.stderr.txt"
"dx12_dir_mode0_two_a075_050_reverse"	"direction-matrix"	"APP_EXITED_NONZERO"	"True"	"177912"	""	"1889"	"D:\HTC\avboit\The-Forge\Examples_3\Unit_Tests\PC Visual Studio 2019\x64\Release\15_Transparency\15_Transparency.exe --d3d12 --transparency-mode=0 --avboit-auto-capture --avboit-capture-hide-ui --avboit-capture-frame=60 --avboit-fixed-delta=0.0166666667 --avboit-random-seed=1337 --avboit-output-dir=D:\HTC\avboit\The-Forge\LocalVisualResults\P2_6T_ReverseZDepth_20260628T164524Z\direction_matrix\dx12 --avboit-commit-sha=dbeb4094 --avboit-multiplier=1.0 --avboit-test-scene=two_layer --avboit-test-case=two_a075_050 --avboit-submit-order=reverse --avboit-bootstrap-log-dir=D:\HTC\avboit\The-Forge\LocalVisualResults\P2_6T_ReverseZDepth_20260628T164524Z\direction_matrix\dx12\bootstrap"	"1"	"1"	"0"	"D:\HTC\avboit\The-Forge\LocalVisualResults\P2_6T_ReverseZDepth_20260628T164524Z\direction_matrix\dx12\dx12_dir_mode0_two_a075_050_reverse.stderr.txt;D:\HTC\avboit\The-Forge\LocalVisualResults\P2_6T_ReverseZDepth_20260628T164524Z\direction_matrix\dx12\dx12_dir_mode0_two_a075_050_reverse.stdout.txt;D:\HTC\avboit\The-Forge\LocalVisualResults\P2_6T_ReverseZDepth_20260628T164524Z\direction_matrix\dx12\DX12_Mode0_1920x1080_Frame60_dbeb4094_Scenetwo_layer_Casetwo_a075_050_Orderreverse_Layerall.json;D:\HTC\avboit\The-Forge\LocalVisualResults\P2_6T_ReverseZDepth_20260628T164524Z\direction_matrix\dx12\DX12_Mode0_1920x1080_Frame60_dbeb4094_Scenetwo_layer_Casetwo_a075_050_Orderreverse_Layerall.png"	"D:\HTC\avboit\The-Forge\LocalVisualResults\P2_6T_ReverseZDepth_20260628T164524Z\direction_matrix\dx12\dx12_dir_mode0_two_a075_050_reverse.stdout.txt"	"D:\HTC\avboit\The-Forge\LocalVisualResults\P2_6T_ReverseZDepth_20260628T164524Z\direction_matrix\dx12\dx12_dir_mode0_two_a075_050_reverse.stderr.txt"
"dx12_dir_two_two_a075_050_reverse_legacy"	"direction-matrix"	"APP_EXITED_NONZERO"	"True"	"179904"	""	"1866"	"D:\HTC\avboit\The-Forge\Examples_3\Unit_Tests\PC Visual Studio 2019\x64\Release\15_Transparency\15_Transparency.exe --d3d12 --transparency-mode=5 --avboit-auto-capture --avboit-capture-hide-ui --avboit-capture-frame=60 --avboit-fixed-delta=0.0166666667 --avboit-random-seed=1337 --avboit-output-dir=D:\HTC\avboit\The-Forge\LocalVisualResults\P2_6T_ReverseZDepth_20260628T164524Z\direction_matrix\dx12 --avboit-commit-sha=dbeb4094 --avboit-multiplier=1.0 --avboit-debug-view=0 --avboit-test-scene=two_layer --avboit-test-case=two_a075_050 --avboit-submit-order=reverse --avboit-depth-mapping=reverse_correct --avboit-transmittance-direction=legacy --avboit-dual-direction-diagnostic --avboit-bootstrap-log-dir=D:\HTC\avboit\The-Forge\LocalVisualResults\P2_6T_ReverseZDepth_20260628T164524Z\direction_matrix\dx12\bootstrap"	"1"	"1"	"0"	"D:\HTC\avboit\The-Forge\LocalVisualResults\P2_6T_ReverseZDepth_20260628T164524Z\direction_matrix\dx12\dx12_dir_two_two_a075_050_reverse_legacy.stderr.txt;D:\HTC\avboit\The-Forge\LocalVisualResults\P2_6T_ReverseZDepth_20260628T164524Z\direction_matrix\dx12\dx12_dir_two_two_a075_050_reverse_legacy.stdout.txt;D:\HTC\avboit\The-Forge\LocalVisualResults\P2_6T_ReverseZDepth_20260628T164524Z\direction_matrix\dx12\DX12_Mode5_1920x1080_Debug0_Dirlegacy_Depthreverse_correct_Mul1.0_Frame60_dbeb4094_Scenetwo_layer_Casetwo_a075_050_Orderreverse_Layerall.json;D:\HTC\avboit\The-Forge\LocalVisualResults\P2_6T_ReverseZDepth_20260628T164524Z\direction_matrix\dx12\DX12_Mode5_1920x1080_Debug0_Dirlegacy_Depthreverse_correct_Mul1.0_Frame60_dbeb4094_Scenetwo_layer_Casetwo_a075_050_Orderreverse_Layerall.png"	"D:\HTC\avboit\The-Forge\LocalVisualResults\P2_6T_ReverseZDepth_20260628T164524Z\direction_matrix\dx12\dx12_dir_two_two_a075_050_reverse_legacy.stdout.txt"	"D:\HTC\avboit\The-Forge\LocalVisualResults\P2_6T_ReverseZDepth_20260628T164524Z\direction_matrix\dx12\dx12_dir_two_two_a075_050_reverse_legacy.stderr.txt"
"dx12_dir_two_two_a075_050_reverse_front"	"direction-matrix"	"APP_EXITED_NONZERO"	"True"	"174400"	""	"1862"	"D:\HTC\avboit\The-Forge\Examples_3\Unit_Tests\PC Visual Studio 2019\x64\Release\15_Transparency\15_Transparency.exe --d3d12 --transparency-mode=5 --avboit-auto-capture --avboit-capture-hide-ui --avboit-capture-frame=60 --avboit-fixed-delta=0.0166666667 --avboit-random-seed=1337 --avboit-output-dir=D:\HTC\avboit\The-Forge\LocalVisualResults\P2_6T_ReverseZDepth_20260628T164524Z\direction_matrix\dx12 --avboit-commit-sha=dbeb4094 --avboit-multiplier=1.0 --avboit-debug-view=0 --avboit-test-scene=two_layer --avboit-test-case=two_a075_050 --avboit-submit-order=reverse --avboit-depth-mapping=reverse_correct --avboit-transmittance-direction=front --avboit-dual-direction-diagnostic --avboit-bootstrap-log-dir=D:\HTC\avboit\The-Forge\LocalVisualResults\P2_6T_ReverseZDepth_20260628T164524Z\direction_matrix\dx12\bootstrap"	"1"	"1"	"0"	"D:\HTC\avboit\The-Forge\LocalVisualResults\P2_6T_ReverseZDepth_20260628T164524Z\direction_matrix\dx12\dx12_dir_two_two_a075_050_reverse_front.stderr.txt;D:\HTC\avboit\The-Forge\LocalVisualResults\P2_6T_ReverseZDepth_20260628T164524Z\direction_matrix\dx12\dx12_dir_two_two_a075_050_reverse_front.stdout.txt;D:\HTC\avboit\The-Forge\LocalVisualResults\P2_6T_ReverseZDepth_20260628T164524Z\direction_matrix\dx12\DX12_Mode5_1920x1080_Debug0_Dirfront_Depthreverse_correct_Mul1.0_Frame60_dbeb4094_Scenetwo_layer_Casetwo_a075_050_Orderreverse_Layerall.json;D:\HTC\avboit\The-Forge\LocalVisualResults\P2_6T_ReverseZDepth_20260628T164524Z\direction_matrix\dx12\DX12_Mode5_1920x1080_Debug0_Dirfront_Depthreverse_correct_Mul1.0_Frame60_dbeb4094_Scenetwo_layer_Casetwo_a075_050_Orderreverse_Layerall.png"	"D:\HTC\avboit\The-Forge\LocalVisualResults\P2_6T_ReverseZDepth_20260628T164524Z\direction_matrix\dx12\dx12_dir_two_two_a075_050_reverse_front.stdout.txt"	"D:\HTC\avboit\The-Forge\LocalVisualResults\P2_6T_ReverseZDepth_20260628T164524Z\direction_matrix\dx12\dx12_dir_two_two_a075_050_reverse_front.stderr.txt"
"dx12_dir_mode0_two_a010_090_normal"	"direction-matrix"	"APP_EXITED_NONZERO"	"True"	"178568"	""	"1901"	"D:\HTC\avboit\The-Forge\Examples_3\Unit_Tests\PC Visual Studio 2019\x64\Release\15_Transparency\15_Transparency.exe --d3d12 --transparency-mode=0 --avboit-auto-capture --avboit-capture-hide-ui --avboit-capture-frame=60 --avboit-fixed-delta=0.0166666667 --avboit-random-seed=1337 --avboit-output-dir=D:\HTC\avboit\The-Forge\LocalVisualResults\P2_6T_ReverseZDepth_20260628T164524Z\direction_matrix\dx12 --avboit-commit-sha=dbeb4094 --avboit-multiplier=1.0 --avboit-test-scene=two_layer --avboit-test-case=two_a010_090 --avboit-submit-order=normal --avboit-bootstrap-log-dir=D:\HTC\avboit\The-Forge\LocalVisualResults\P2_6T_ReverseZDepth_20260628T164524Z\direction_matrix\dx12\bootstrap"	"1"	"1"	"0"	"D:\HTC\avboit\The-Forge\LocalVisualResults\P2_6T_ReverseZDepth_20260628T164524Z\direction_matrix\dx12\dx12_dir_mode0_two_a010_090_normal.stderr.txt;D:\HTC\avboit\The-Forge\LocalVisualResults\P2_6T_ReverseZDepth_20260628T164524Z\direction_matrix\dx12\dx12_dir_mode0_two_a010_090_normal.stdout.txt;D:\HTC\avboit\The-Forge\LocalVisualResults\P2_6T_ReverseZDepth_20260628T164524Z\direction_matrix\dx12\DX12_Mode0_1920x1080_Frame60_dbeb4094_Scenetwo_layer_Casetwo_a010_090_Ordernormal_Layerall.json;D:\HTC\avboit\The-Forge\LocalVisualResults\P2_6T_ReverseZDepth_20260628T164524Z\direction_matrix\dx12\DX12_Mode0_1920x1080_Frame60_dbeb4094_Scenetwo_layer_Casetwo_a010_090_Ordernormal_Layerall.png"	"D:\HTC\avboit\The-Forge\LocalVisualResults\P2_6T_ReverseZDepth_20260628T164524Z\direction_matrix\dx12\dx12_dir_mode0_two_a010_090_normal.stdout.txt"	"D:\HTC\avboit\The-Forge\LocalVisualResults\P2_6T_ReverseZDepth_20260628T164524Z\direction_matrix\dx12\dx12_dir_mode0_two_a010_090_normal.stderr.txt"
"dx12_dir_two_two_a010_090_normal_legacy"	"direction-matrix"	"APP_EXITED_NONZERO"	"True"	"179416"	""	"1904"	"D:\HTC\avboit\The-Forge\Examples_3\Unit_Tests\PC Visual Studio 2019\x64\Release\15_Transparency\15_Transparency.exe --d3d12 --transparency-mode=5 --avboit-auto-capture --avboit-capture-hide-ui --avboit-capture-frame=60 --avboit-fixed-delta=0.0166666667 --avboit-random-seed=1337 --avboit-output-dir=D:\HTC\avboit\The-Forge\LocalVisualResults\P2_6T_ReverseZDepth_20260628T164524Z\direction_matrix\dx12 --avboit-commit-sha=dbeb4094 --avboit-multiplier=1.0 --avboit-debug-view=0 --avboit-test-scene=two_layer --avboit-test-case=two_a010_090 --avboit-submit-order=normal --avboit-depth-mapping=reverse_correct --avboit-transmittance-direction=legacy --avboit-dual-direction-diagnostic --avboit-bootstrap-log-dir=D:\HTC\avboit\The-Forge\LocalVisualResults\P2_6T_ReverseZDepth_20260628T164524Z\direction_matrix\dx12\bootstrap"	"1"	"1"	"0"	"D:\HTC\avboit\The-Forge\LocalVisualResults\P2_6T_ReverseZDepth_20260628T164524Z\direction_matrix\dx12\dx12_dir_two_two_a010_090_normal_legacy.stderr.txt;D:\HTC\avboit\The-Forge\LocalVisualResults\P2_6T_ReverseZDepth_20260628T164524Z\direction_matrix\dx12\dx12_dir_two_two_a010_090_normal_legacy.stdout.txt;D:\HTC\avboit\The-Forge\LocalVisualResults\P2_6T_ReverseZDepth_20260628T164524Z\direction_matrix\dx12\DX12_Mode5_1920x1080_Debug0_Dirlegacy_Depthreverse_correct_Mul1.0_Frame60_dbeb4094_Scenetwo_layer_Casetwo_a010_090_Ordernormal_Layerall.json;D:\HTC\avboit\The-Forge\LocalVisualResults\P2_6T_ReverseZDepth_20260628T164524Z\direction_matrix\dx12\DX12_Mode5_1920x1080_Debug0_Dirlegacy_Depthreverse_correct_Mul1.0_Frame60_dbeb4094_Scenetwo_layer_Casetwo_a010_090_Ordernormal_Layerall.png"	"D:\HTC\avboit\The-Forge\LocalVisualResults\P2_6T_ReverseZDepth_20260628T164524Z\direction_matrix\dx12\dx12_dir_two_two_a010_090_normal_legacy.stdout.txt"	"D:\HTC\avboit\The-Forge\LocalVisualResults\P2_6T_ReverseZDepth_20260628T164524Z\direction_matrix\dx12\dx12_dir_two_two_a010_090_normal_legacy.stderr.txt"
"dx12_dir_two_two_a010_090_normal_front"	"direction-matrix"	"APP_EXITED_NONZERO"	"True"	"175736"	""	"1911"	"D:\HTC\avboit\The-Forge\Examples_3\Unit_Tests\PC Visual Studio 2019\x64\Release\15_Transparency\15_Transparency.exe --d3d12 --transparency-mode=5 --avboit-auto-capture --avboit-capture-hide-ui --avboit-capture-frame=60 --avboit-fixed-delta=0.0166666667 --avboit-random-seed=1337 --avboit-output-dir=D:\HTC\avboit\The-Forge\LocalVisualResults\P2_6T_ReverseZDepth_20260628T164524Z\direction_matrix\dx12 --avboit-commit-sha=dbeb4094 --avboit-multiplier=1.0 --avboit-debug-view=0 --avboit-test-scene=two_layer --avboit-test-case=two_a010_090 --avboit-submit-order=normal --avboit-depth-mapping=reverse_correct --avboit-transmittance-direction=front --avboit-dual-direction-diagnostic --avboit-bootstrap-log-dir=D:\HTC\avboit\The-Forge\LocalVisualResults\P2_6T_ReverseZDepth_20260628T164524Z\direction_matrix\dx12\bootstrap"	"1"	"1"	"0"	"D:\HTC\avboit\The-Forge\LocalVisualResults\P2_6T_ReverseZDepth_20260628T164524Z\direction_matrix\dx12\dx12_dir_two_two_a010_090_normal_front.stderr.txt;D:\HTC\avboit\The-Forge\LocalVisualResults\P2_6T_ReverseZDepth_20260628T164524Z\direction_matrix\dx12\dx12_dir_two_two_a010_090_normal_front.stdout.txt;D:\HTC\avboit\The-Forge\LocalVisualResults\P2_6T_ReverseZDepth_20260628T164524Z\direction_matrix\dx12\DX12_Mode5_1920x1080_Debug0_Dirfront_Depthreverse_correct_Mul1.0_Frame60_dbeb4094_Scenetwo_layer_Casetwo_a010_090_Ordernormal_Layerall.json;D:\HTC\avboit\The-Forge\LocalVisualResults\P2_6T_ReverseZDepth_20260628T164524Z\direction_matrix\dx12\DX12_Mode5_1920x1080_Debug0_Dirfront_Depthreverse_correct_Mul1.0_Frame60_dbeb4094_Scenetwo_layer_Casetwo_a010_090_Ordernormal_Layerall.png"	"D:\HTC\avboit\The-Forge\LocalVisualResults\P2_6T_ReverseZDepth_20260628T164524Z\direction_matrix\dx12\dx12_dir_two_two_a010_090_normal_front.stdout.txt"	"D:\HTC\avboit\The-Forge\LocalVisualResults\P2_6T_ReverseZDepth_20260628T164524Z\direction_matrix\dx12\dx12_dir_two_two_a010_090_normal_front.stderr.txt"
"dx12_dir_mode0_two_a010_090_reverse"	"direction-matrix"	"APP_EXITED_NONZERO"	"True"	"178872"	""	"1878"	"D:\HTC\avboit\The-Forge\Examples_3\Unit_Tests\PC Visual Studio 2019\x64\Release\15_Transparency\15_Transparency.exe --d3d12 --transparency-mode=0 --avboit-auto-capture --avboit-capture-hide-ui --avboit-capture-frame=60 --avboit-fixed-delta=0.0166666667 --avboit-random-seed=1337 --avboit-output-dir=D:\HTC\avboit\The-Forge\LocalVisualResults\P2_6T_ReverseZDepth_20260628T164524Z\direction_matrix\dx12 --avboit-commit-sha=dbeb4094 --avboit-multiplier=1.0 --avboit-test-scene=two_layer --avboit-test-case=two_a010_090 --avboit-submit-order=reverse --avboit-bootstrap-log-dir=D:\HTC\avboit\The-Forge\LocalVisualResults\P2_6T_ReverseZDepth_20260628T164524Z\direction_matrix\dx12\bootstrap"	"1"	"1"	"0"	"D:\HTC\avboit\The-Forge\LocalVisualResults\P2_6T_ReverseZDepth_20260628T164524Z\direction_matrix\dx12\dx12_dir_mode0_two_a010_090_reverse.stderr.txt;D:\HTC\avboit\The-Forge\LocalVisualResults\P2_6T_ReverseZDepth_20260628T164524Z\direction_matrix\dx12\dx12_dir_mode0_two_a010_090_reverse.stdout.txt;D:\HTC\avboit\The-Forge\LocalVisualResults\P2_6T_ReverseZDepth_20260628T164524Z\direction_matrix\dx12\DX12_Mode0_1920x1080_Frame60_dbeb4094_Scenetwo_layer_Casetwo_a010_090_Orderreverse_Layerall.json;D:\HTC\avboit\The-Forge\LocalVisualResults\P2_6T_ReverseZDepth_20260628T164524Z\direction_matrix\dx12\DX12_Mode0_1920x1080_Frame60_dbeb4094_Scenetwo_layer_Casetwo_a010_090_Orderreverse_Layerall.png"	"D:\HTC\avboit\The-Forge\LocalVisualResults\P2_6T_ReverseZDepth_20260628T164524Z\direction_matrix\dx12\dx12_dir_mode0_two_a010_090_reverse.stdout.txt"	"D:\HTC\avboit\The-Forge\LocalVisualResults\P2_6T_ReverseZDepth_20260628T164524Z\direction_matrix\dx12\dx12_dir_mode0_two_a010_090_reverse.stderr.txt"
"dx12_dir_two_two_a010_090_reverse_legacy"	"direction-matrix"	"APP_EXITED_NONZERO"	"True"	"178664"	""	"1908"	"D:\HTC\avboit\The-Forge\Examples_3\Unit_Tests\PC Visual Studio 2019\x64\Release\15_Transparency\15_Transparency.exe --d3d12 --transparency-mode=5 --avboit-auto-capture --avboit-capture-hide-ui --avboit-capture-frame=60 --avboit-fixed-delta=0.0166666667 --avboit-random-seed=1337 --avboit-output-dir=D:\HTC\avboit\The-Forge\LocalVisualResults\P2_6T_ReverseZDepth_20260628T164524Z\direction_matrix\dx12 --avboit-commit-sha=dbeb4094 --avboit-multiplier=1.0 --avboit-debug-view=0 --avboit-test-scene=two_layer --avboit-test-case=two_a010_090 --avboit-submit-order=reverse --avboit-depth-mapping=reverse_correct --avboit-transmittance-direction=legacy --avboit-dual-direction-diagnostic --avboit-bootstrap-log-dir=D:\HTC\avboit\The-Forge\LocalVisualResults\P2_6T_ReverseZDepth_20260628T164524Z\direction_matrix\dx12\bootstrap"	"1"	"1"	"0"	"D:\HTC\avboit\The-Forge\LocalVisualResults\P2_6T_ReverseZDepth_20260628T164524Z\direction_matrix\dx12\dx12_dir_two_two_a010_090_reverse_legacy.stderr.txt;D:\HTC\avboit\The-Forge\LocalVisualResults\P2_6T_ReverseZDepth_20260628T164524Z\direction_matrix\dx12\dx12_dir_two_two_a010_090_reverse_legacy.stdout.txt;D:\HTC\avboit\The-Forge\LocalVisualResults\P2_6T_ReverseZDepth_20260628T164524Z\direction_matrix\dx12\DX12_Mode5_1920x1080_Debug0_Dirlegacy_Depthreverse_correct_Mul1.0_Frame60_dbeb4094_Scenetwo_layer_Casetwo_a010_090_Orderreverse_Layerall.json;D:\HTC\avboit\The-Forge\LocalVisualResults\P2_6T_ReverseZDepth_20260628T164524Z\direction_matrix\dx12\DX12_Mode5_1920x1080_Debug0_Dirlegacy_Depthreverse_correct_Mul1.0_Frame60_dbeb4094_Scenetwo_layer_Casetwo_a010_090_Orderreverse_Layerall.png"	"D:\HTC\avboit\The-Forge\LocalVisualResults\P2_6T_ReverseZDepth_20260628T164524Z\direction_matrix\dx12\dx12_dir_two_two_a010_090_reverse_legacy.stdout.txt"	"D:\HTC\avboit\The-Forge\LocalVisualResults\P2_6T_ReverseZDepth_20260628T164524Z\direction_matrix\dx12\dx12_dir_two_two_a010_090_reverse_legacy.stderr.txt"
"dx12_dir_two_two_a010_090_reverse_front"	"direction-matrix"	"APP_EXITED_NONZERO"	"True"	"165884"	""	"1888"	"D:\HTC\avboit\The-Forge\Examples_3\Unit_Tests\PC Visual Studio 2019\x64\Release\15_Transparency\15_Transparency.exe --d3d12 --transparency-mode=5 --avboit-auto-capture --avboit-capture-hide-ui --avboit-capture-frame=60 --avboit-fixed-delta=0.0166666667 --avboit-random-seed=1337 --avboit-output-dir=D:\HTC\avboit\The-Forge\LocalVisualResults\P2_6T_ReverseZDepth_20260628T164524Z\direction_matrix\dx12 --avboit-commit-sha=dbeb4094 --avboit-multiplier=1.0 --avboit-debug-view=0 --avboit-test-scene=two_layer --avboit-test-case=two_a010_090 --avboit-submit-order=reverse --avboit-depth-mapping=reverse_correct --avboit-transmittance-direction=front --avboit-dual-direction-diagnostic --avboit-bootstrap-log-dir=D:\HTC\avboit\The-Forge\LocalVisualResults\P2_6T_ReverseZDepth_20260628T164524Z\direction_matrix\dx12\bootstrap"	"1"	"1"	"0"	"D:\HTC\avboit\The-Forge\LocalVisualResults\P2_6T_ReverseZDepth_20260628T164524Z\direction_matrix\dx12\dx12_dir_two_two_a010_090_reverse_front.stderr.txt;D:\HTC\avboit\The-Forge\LocalVisualResults\P2_6T_ReverseZDepth_20260628T164524Z\direction_matrix\dx12\dx12_dir_two_two_a010_090_reverse_front.stdout.txt;D:\HTC\avboit\The-Forge\LocalVisualResults\P2_6T_ReverseZDepth_20260628T164524Z\direction_matrix\dx12\DX12_Mode5_1920x1080_Debug0_Dirfront_Depthreverse_correct_Mul1.0_Frame60_dbeb4094_Scenetwo_layer_Casetwo_a010_090_Orderreverse_Layerall.json;D:\HTC\avboit\The-Forge\LocalVisualResults\P2_6T_ReverseZDepth_20260628T164524Z\direction_matrix\dx12\DX12_Mode5_1920x1080_Debug0_Dirfront_Depthreverse_correct_Mul1.0_Frame60_dbeb4094_Scenetwo_layer_Casetwo_a010_090_Orderreverse_Layerall.png"	"D:\HTC\avboit\The-Forge\LocalVisualResults\P2_6T_ReverseZDepth_20260628T164524Z\direction_matrix\dx12\dx12_dir_two_two_a010_090_reverse_front.stdout.txt"	"D:\HTC\avboit\The-Forge\LocalVisualResults\P2_6T_ReverseZDepth_20260628T164524Z\direction_matrix\dx12\dx12_dir_two_two_a010_090_reverse_front.stderr.txt"
"dx12_dir_mode0_three_a050_050_050_perm012"	"direction-matrix"	"APP_EXITED_NONZERO"	"True"	"180180"	""	"1879"	"D:\HTC\avboit\The-Forge\Examples_3\Unit_Tests\PC Visual Studio 2019\x64\Release\15_Transparency\15_Transparency.exe --d3d12 --transparency-mode=0 --avboit-auto-capture --avboit-capture-hide-ui --avboit-capture-frame=60 --avboit-fixed-delta=0.0166666667 --avboit-random-seed=1337 --avboit-output-dir=D:\HTC\avboit\The-Forge\LocalVisualResults\P2_6T_ReverseZDepth_20260628T164524Z\direction_matrix\dx12 --avboit-commit-sha=dbeb4094 --avboit-multiplier=1.0 --avboit-test-scene=three_layer --avboit-test-case=three_a050_050_050 --avboit-submit-order=perm012 --avboit-bootstrap-log-dir=D:\HTC\avboit\The-Forge\LocalVisualResults\P2_6T_ReverseZDepth_20260628T164524Z\direction_matrix\dx12\bootstrap"	"1"	"1"	"0"	"D:\HTC\avboit\The-Forge\LocalVisualResults\P2_6T_ReverseZDepth_20260628T164524Z\direction_matrix\dx12\dx12_dir_mode0_three_a050_050_050_perm012.stderr.txt;D:\HTC\avboit\The-Forge\LocalVisualResults\P2_6T_ReverseZDepth_20260628T164524Z\direction_matrix\dx12\dx12_dir_mode0_three_a050_050_050_perm012.stdout.txt;D:\HTC\avboit\The-Forge\LocalVisualResults\P2_6T_ReverseZDepth_20260628T164524Z\direction_matrix\dx12\DX12_Mode0_1920x1080_Frame60_dbeb4094_Scenethree_layer_Casethree_a050_050_050_Orderperm012_Layerall.json;D:\HTC\avboit\The-Forge\LocalVisualResults\P2_6T_ReverseZDepth_20260628T164524Z\direction_matrix\dx12\DX12_Mode0_1920x1080_Frame60_dbeb4094_Scenethree_layer_Casethree_a050_050_050_Orderperm012_Layerall.png"	"D:\HTC\avboit\The-Forge\LocalVisualResults\P2_6T_ReverseZDepth_20260628T164524Z\direction_matrix\dx12\dx12_dir_mode0_three_a050_050_050_perm012.stdout.txt"	"D:\HTC\avboit\The-Forge\LocalVisualResults\P2_6T_ReverseZDepth_20260628T164524Z\direction_matrix\dx12\dx12_dir_mode0_three_a050_050_050_perm012.stderr.txt"
"dx12_dir_three_three_a050_050_050_perm012_legacy"	"direction-matrix"	"APP_EXITED_NONZERO"	"True"	"139812"	""	"1945"	"D:\HTC\avboit\The-Forge\Examples_3\Unit_Tests\PC Visual Studio 2019\x64\Release\15_Transparency\15_Transparency.exe --d3d12 --transparency-mode=5 --avboit-auto-capture --avboit-capture-hide-ui --avboit-capture-frame=60 --avboit-fixed-delta=0.0166666667 --avboit-random-seed=1337 --avboit-output-dir=D:\HTC\avboit\The-Forge\LocalVisualResults\P2_6T_ReverseZDepth_20260628T164524Z\direction_matrix\dx12 --avboit-commit-sha=dbeb4094 --avboit-multiplier=1.0 --avboit-debug-view=0 --avboit-test-scene=three_layer --avboit-test-case=three_a050_050_050 --avboit-submit-order=perm012 --avboit-depth-mapping=reverse_correct --avboit-transmittance-direction=legacy --avboit-dual-direction-diagnostic --avboit-bootstrap-log-dir=D:\HTC\avboit\The-Forge\LocalVisualResults\P2_6T_ReverseZDepth_20260628T164524Z\direction_matrix\dx12\bootstrap"	"1"	"1"	"0"	"D:\HTC\avboit\The-Forge\LocalVisualResults\P2_6T_ReverseZDepth_20260628T164524Z\direction_matrix\dx12\dx12_dir_three_three_a050_050_050_perm012_legacy.stderr.txt;D:\HTC\avboit\The-Forge\LocalVisualResults\P2_6T_ReverseZDepth_20260628T164524Z\direction_matrix\dx12\dx12_dir_three_three_a050_050_050_perm012_legacy.stdout.txt;D:\HTC\avboit\The-Forge\LocalVisualResults\P2_6T_ReverseZDepth_20260628T164524Z\direction_matrix\dx12\DX12_Mode5_1920x1080_Debug0_Dirlegacy_Depthreverse_correct_Mul1.0_Frame60_dbeb4094_Scenethree_layer_Casethree_a050_050_050_Orderperm012_Layerall.json;D:\HTC\avboit\The-Forge\LocalVisualResults\P2_6T_ReverseZDepth_20260628T164524Z\direction_matrix\dx12\DX12_Mode5_1920x1080_Debug0_Dirlegacy_Depthreverse_correct_Mul1.0_Frame60_dbeb4094_Scenethree_layer_Casethree_a050_050_050_Orderperm012_Layerall.png"	"D:\HTC\avboit\The-Forge\LocalVisualResults\P2_6T_ReverseZDepth_20260628T164524Z\direction_matrix\dx12\dx12_dir_three_three_a050_050_050_perm012_legacy.stdout.txt"	"D:\HTC\avboit\The-Forge\LocalVisualResults\P2_6T_ReverseZDepth_20260628T164524Z\direction_matrix\dx12\dx12_dir_three_three_a050_050_050_perm012_legacy.stderr.txt"
"dx12_dir_three_three_a050_050_050_perm012_front"	"direction-matrix"	"APP_EXITED_NONZERO"	"True"	"174276"	""	"1877"	"D:\HTC\avboit\The-Forge\Examples_3\Unit_Tests\PC Visual Studio 2019\x64\Release\15_Transparency\15_Transparency.exe --d3d12 --transparency-mode=5 --avboit-auto-capture --avboit-capture-hide-ui --avboit-capture-frame=60 --avboit-fixed-delta=0.0166666667 --avboit-random-seed=1337 --avboit-output-dir=D:\HTC\avboit\The-Forge\LocalVisualResults\P2_6T_ReverseZDepth_20260628T164524Z\direction_matrix\dx12 --avboit-commit-sha=dbeb4094 --avboit-multiplier=1.0 --avboit-debug-view=0 --avboit-test-scene=three_layer --avboit-test-case=three_a050_050_050 --avboit-submit-order=perm012 --avboit-depth-mapping=reverse_correct --avboit-transmittance-direction=front --avboit-dual-direction-diagnostic --avboit-bootstrap-log-dir=D:\HTC\avboit\The-Forge\LocalVisualResults\P2_6T_ReverseZDepth_20260628T164524Z\direction_matrix\dx12\bootstrap"	"1"	"1"	"0"	"D:\HTC\avboit\The-Forge\LocalVisualResults\P2_6T_ReverseZDepth_20260628T164524Z\direction_matrix\dx12\dx12_dir_three_three_a050_050_050_perm012_front.stderr.txt;D:\HTC\avboit\The-Forge\LocalVisualResults\P2_6T_ReverseZDepth_20260628T164524Z\direction_matrix\dx12\dx12_dir_three_three_a050_050_050_perm012_front.stdout.txt;D:\HTC\avboit\The-Forge\LocalVisualResults\P2_6T_ReverseZDepth_20260628T164524Z\direction_matrix\dx12\DX12_Mode5_1920x1080_Debug0_Dirfront_Depthreverse_correct_Mul1.0_Frame60_dbeb4094_Scenethree_layer_Casethree_a050_050_050_Orderperm012_Layerall.json;D:\HTC\avboit\The-Forge\LocalVisualResults\P2_6T_ReverseZDepth_20260628T164524Z\direction_matrix\dx12\DX12_Mode5_1920x1080_Debug0_Dirfront_Depthreverse_correct_Mul1.0_Frame60_dbeb4094_Scenethree_layer_Casethree_a050_050_050_Orderperm012_Layerall.png"	"D:\HTC\avboit\The-Forge\LocalVisualResults\P2_6T_ReverseZDepth_20260628T164524Z\direction_matrix\dx12\dx12_dir_three_three_a050_050_050_perm012_front.stdout.txt"	"D:\HTC\avboit\The-Forge\LocalVisualResults\P2_6T_ReverseZDepth_20260628T164524Z\direction_matrix\dx12\dx12_dir_three_three_a050_050_050_perm012_front.stderr.txt"
"dx12_dir_mode0_three_a050_050_050_perm021"	"direction-matrix"	"APP_EXITED_NONZERO"	"True"	"161324"	""	"1890"	"D:\HTC\avboit\The-Forge\Examples_3\Unit_Tests\PC Visual Studio 2019\x64\Release\15_Transparency\15_Transparency.exe --d3d12 --transparency-mode=0 --avboit-auto-capture --avboit-capture-hide-ui --avboit-capture-frame=60 --avboit-fixed-delta=0.0166666667 --avboit-random-seed=1337 --avboit-output-dir=D:\HTC\avboit\The-Forge\LocalVisualResults\P2_6T_ReverseZDepth_20260628T164524Z\direction_matrix\dx12 --avboit-commit-sha=dbeb4094 --avboit-multiplier=1.0 --avboit-test-scene=three_layer --avboit-test-case=three_a050_050_050 --avboit-submit-order=perm021 --avboit-bootstrap-log-dir=D:\HTC\avboit\The-Forge\LocalVisualResults\P2_6T_ReverseZDepth_20260628T164524Z\direction_matrix\dx12\bootstrap"	"1"	"1"	"0"	"D:\HTC\avboit\The-Forge\LocalVisualResults\P2_6T_ReverseZDepth_20260628T164524Z\direction_matrix\dx12\dx12_dir_mode0_three_a050_050_050_perm021.stderr.txt;D:\HTC\avboit\The-Forge\LocalVisualResults\P2_6T_ReverseZDepth_20260628T164524Z\direction_matrix\dx12\dx12_dir_mode0_three_a050_050_050_perm021.stdout.txt;D:\HTC\avboit\The-Forge\LocalVisualResults\P2_6T_ReverseZDepth_20260628T164524Z\direction_matrix\dx12\DX12_Mode0_1920x1080_Frame60_dbeb4094_Scenethree_layer_Casethree_a050_050_050_Orderperm021_Layerall.json;D:\HTC\avboit\The-Forge\LocalVisualResults\P2_6T_ReverseZDepth_20260628T164524Z\direction_matrix\dx12\DX12_Mode0_1920x1080_Frame60_dbeb4094_Scenethree_layer_Casethree_a050_050_050_Orderperm021_Layerall.png"	"D:\HTC\avboit\The-Forge\LocalVisualResults\P2_6T_ReverseZDepth_20260628T164524Z\direction_matrix\dx12\dx12_dir_mode0_three_a050_050_050_perm021.stdout.txt"	"D:\HTC\avboit\The-Forge\LocalVisualResults\P2_6T_ReverseZDepth_20260628T164524Z\direction_matrix\dx12\dx12_dir_mode0_three_a050_050_050_perm021.stderr.txt"
"dx12_dir_three_three_a050_050_050_perm021_legacy"	"direction-matrix"	"APP_EXITED_NONZERO"	"True"	"178920"	""	"1931"	"D:\HTC\avboit\The-Forge\Examples_3\Unit_Tests\PC Visual Studio 2019\x64\Release\15_Transparency\15_Transparency.exe --d3d12 --transparency-mode=5 --avboit-auto-capture --avboit-capture-hide-ui --avboit-capture-frame=60 --avboit-fixed-delta=0.0166666667 --avboit-random-seed=1337 --avboit-output-dir=D:\HTC\avboit\The-Forge\LocalVisualResults\P2_6T_ReverseZDepth_20260628T164524Z\direction_matrix\dx12 --avboit-commit-sha=dbeb4094 --avboit-multiplier=1.0 --avboit-debug-view=0 --avboit-test-scene=three_layer --avboit-test-case=three_a050_050_050 --avboit-submit-order=perm021 --avboit-depth-mapping=reverse_correct --avboit-transmittance-direction=legacy --avboit-dual-direction-diagnostic --avboit-bootstrap-log-dir=D:\HTC\avboit\The-Forge\LocalVisualResults\P2_6T_ReverseZDepth_20260628T164524Z\direction_matrix\dx12\bootstrap"	"1"	"1"	"0"	"D:\HTC\avboit\The-Forge\LocalVisualResults\P2_6T_ReverseZDepth_20260628T164524Z\direction_matrix\dx12\dx12_dir_three_three_a050_050_050_perm021_legacy.stderr.txt;D:\HTC\avboit\The-Forge\LocalVisualResults\P2_6T_ReverseZDepth_20260628T164524Z\direction_matrix\dx12\dx12_dir_three_three_a050_050_050_perm021_legacy.stdout.txt;D:\HTC\avboit\The-Forge\LocalVisualResults\P2_6T_ReverseZDepth_20260628T164524Z\direction_matrix\dx12\DX12_Mode5_1920x1080_Debug0_Dirlegacy_Depthreverse_correct_Mul1.0_Frame60_dbeb4094_Scenethree_layer_Casethree_a050_050_050_Orderperm021_Layerall.json;D:\HTC\avboit\The-Forge\LocalVisualResults\P2_6T_ReverseZDepth_20260628T164524Z\direction_matrix\dx12\DX12_Mode5_1920x1080_Debug0_Dirlegacy_Depthreverse_correct_Mul1.0_Frame60_dbeb4094_Scenethree_layer_Casethree_a050_050_050_Orderperm021_Layerall.png"	"D:\HTC\avboit\The-Forge\LocalVisualResults\P2_6T_ReverseZDepth_20260628T164524Z\direction_matrix\dx12\dx12_dir_three_three_a050_050_050_perm021_legacy.stdout.txt"	"D:\HTC\avboit\The-Forge\LocalVisualResults\P2_6T_ReverseZDepth_20260628T164524Z\direction_matrix\dx12\dx12_dir_three_three_a050_050_050_perm021_legacy.stderr.txt"
"dx12_dir_three_three_a050_050_050_perm021_front"	"direction-matrix"	"APP_EXITED_NONZERO"	"True"	"179952"	""	"1901"	"D:\HTC\avboit\The-Forge\Examples_3\Unit_Tests\PC Visual Studio 2019\x64\Release\15_Transparency\15_Transparency.exe --d3d12 --transparency-mode=5 --avboit-auto-capture --avboit-capture-hide-ui --avboit-capture-frame=60 --avboit-fixed-delta=0.0166666667 --avboit-random-seed=1337 --avboit-output-dir=D:\HTC\avboit\The-Forge\LocalVisualResults\P2_6T_ReverseZDepth_20260628T164524Z\direction_matrix\dx12 --avboit-commit-sha=dbeb4094 --avboit-multiplier=1.0 --avboit-debug-view=0 --avboit-test-scene=three_layer --avboit-test-case=three_a050_050_050 --avboit-submit-order=perm021 --avboit-depth-mapping=reverse_correct --avboit-transmittance-direction=front --avboit-dual-direction-diagnostic --avboit-bootstrap-log-dir=D:\HTC\avboit\The-Forge\LocalVisualResults\P2_6T_ReverseZDepth_20260628T164524Z\direction_matrix\dx12\bootstrap"	"1"	"1"	"0"	"D:\HTC\avboit\The-Forge\LocalVisualResults\P2_6T_ReverseZDepth_20260628T164524Z\direction_matrix\dx12\dx12_dir_three_three_a050_050_050_perm021_front.stderr.txt;D:\HTC\avboit\The-Forge\LocalVisualResults\P2_6T_ReverseZDepth_20260628T164524Z\direction_matrix\dx12\dx12_dir_three_three_a050_050_050_perm021_front.stdout.txt;D:\HTC\avboit\The-Forge\LocalVisualResults\P2_6T_ReverseZDepth_20260628T164524Z\direction_matrix\dx12\DX12_Mode5_1920x1080_Debug0_Dirfront_Depthreverse_correct_Mul1.0_Frame60_dbeb4094_Scenethree_layer_Casethree_a050_050_050_Orderperm021_Layerall.json;D:\HTC\avboit\The-Forge\LocalVisualResults\P2_6T_ReverseZDepth_20260628T164524Z\direction_matrix\dx12\DX12_Mode5_1920x1080_Debug0_Dirfront_Depthreverse_correct_Mul1.0_Frame60_dbeb4094_Scenethree_layer_Casethree_a050_050_050_Orderperm021_Layerall.png"	"D:\HTC\avboit\The-Forge\LocalVisualResults\P2_6T_ReverseZDepth_20260628T164524Z\direction_matrix\dx12\dx12_dir_three_three_a050_050_050_perm021_front.stdout.txt"	"D:\HTC\avboit\The-Forge\LocalVisualResults\P2_6T_ReverseZDepth_20260628T164524Z\direction_matrix\dx12\dx12_dir_three_three_a050_050_050_perm021_front.stderr.txt"
"dx12_dir_mode0_three_a050_050_050_perm102"	"direction-matrix"	"APP_EXITED_NONZERO"	"True"	"174448"	""	"1894"	"D:\HTC\avboit\The-Forge\Examples_3\Unit_Tests\PC Visual Studio 2019\x64\Release\15_Transparency\15_Transparency.exe --d3d12 --transparency-mode=0 --avboit-auto-capture --avboit-capture-hide-ui --avboit-capture-frame=60 --avboit-fixed-delta=0.0166666667 --avboit-random-seed=1337 --avboit-output-dir=D:\HTC\avboit\The-Forge\LocalVisualResults\P2_6T_ReverseZDepth_20260628T164524Z\direction_matrix\dx12 --avboit-commit-sha=dbeb4094 --avboit-multiplier=1.0 --avboit-test-scene=three_layer --avboit-test-case=three_a050_050_050 --avboit-submit-order=perm102 --avboit-bootstrap-log-dir=D:\HTC\avboit\The-Forge\LocalVisualResults\P2_6T_ReverseZDepth_20260628T164524Z\direction_matrix\dx12\bootstrap"	"1"	"1"	"0"	"D:\HTC\avboit\The-Forge\LocalVisualResults\P2_6T_ReverseZDepth_20260628T164524Z\direction_matrix\dx12\dx12_dir_mode0_three_a050_050_050_perm102.stderr.txt;D:\HTC\avboit\The-Forge\LocalVisualResults\P2_6T_ReverseZDepth_20260628T164524Z\direction_matrix\dx12\dx12_dir_mode0_three_a050_050_050_perm102.stdout.txt;D:\HTC\avboit\The-Forge\LocalVisualResults\P2_6T_ReverseZDepth_20260628T164524Z\direction_matrix\dx12\DX12_Mode0_1920x1080_Frame60_dbeb4094_Scenethree_layer_Casethree_a050_050_050_Orderperm102_Layerall.json;D:\HTC\avboit\The-Forge\LocalVisualResults\P2_6T_ReverseZDepth_20260628T164524Z\direction_matrix\dx12\DX12_Mode0_1920x1080_Frame60_dbeb4094_Scenethree_layer_Casethree_a050_050_050_Orderperm102_Layerall.png"	"D:\HTC\avboit\The-Forge\LocalVisualResults\P2_6T_ReverseZDepth_20260628T164524Z\direction_matrix\dx12\dx12_dir_mode0_three_a050_050_050_perm102.stdout.txt"	"D:\HTC\avboit\The-Forge\LocalVisualResults\P2_6T_ReverseZDepth_20260628T164524Z\direction_matrix\dx12\dx12_dir_mode0_three_a050_050_050_perm102.stderr.txt"
"dx12_dir_three_three_a050_050_050_perm102_legacy"	"direction-matrix"	"APP_EXITED_NONZERO"	"True"	"178472"	""	"1936"	"D:\HTC\avboit\The-Forge\Examples_3\Unit_Tests\PC Visual Studio 2019\x64\Release\15_Transparency\15_Transparency.exe --d3d12 --transparency-mode=5 --avboit-auto-capture --avboit-capture-hide-ui --avboit-capture-frame=60 --avboit-fixed-delta=0.0166666667 --avboit-random-seed=1337 --avboit-output-dir=D:\HTC\avboit\The-Forge\LocalVisualResults\P2_6T_ReverseZDepth_20260628T164524Z\direction_matrix\dx12 --avboit-commit-sha=dbeb4094 --avboit-multiplier=1.0 --avboit-debug-view=0 --avboit-test-scene=three_layer --avboit-test-case=three_a050_050_050 --avboit-submit-order=perm102 --avboit-depth-mapping=reverse_correct --avboit-transmittance-direction=legacy --avboit-dual-direction-diagnostic --avboit-bootstrap-log-dir=D:\HTC\avboit\The-Forge\LocalVisualResults\P2_6T_ReverseZDepth_20260628T164524Z\direction_matrix\dx12\bootstrap"	"1"	"1"	"0"	"D:\HTC\avboit\The-Forge\LocalVisualResults\P2_6T_ReverseZDepth_20260628T164524Z\direction_matrix\dx12\dx12_dir_three_three_a050_050_050_perm102_legacy.stderr.txt;D:\HTC\avboit\The-Forge\LocalVisualResults\P2_6T_ReverseZDepth_20260628T164524Z\direction_matrix\dx12\dx12_dir_three_three_a050_050_050_perm102_legacy.stdout.txt;D:\HTC\avboit\The-Forge\LocalVisualResults\P2_6T_ReverseZDepth_20260628T164524Z\direction_matrix\dx12\DX12_Mode5_1920x1080_Debug0_Dirlegacy_Depthreverse_correct_Mul1.0_Frame60_dbeb4094_Scenethree_layer_Casethree_a050_050_050_Orderperm102_Layerall.json;D:\HTC\avboit\The-Forge\LocalVisualResults\P2_6T_ReverseZDepth_20260628T164524Z\direction_matrix\dx12\DX12_Mode5_1920x1080_Debug0_Dirlegacy_Depthreverse_correct_Mul1.0_Frame60_dbeb4094_Scenethree_layer_Casethree_a050_050_050_Orderperm102_Layerall.png"	"D:\HTC\avboit\The-Forge\LocalVisualResults\P2_6T_ReverseZDepth_20260628T164524Z\direction_matrix\dx12\dx12_dir_three_three_a050_050_050_perm102_legacy.stdout.txt"	"D:\HTC\avboit\The-Forge\LocalVisualResults\P2_6T_ReverseZDepth_20260628T164524Z\direction_matrix\dx12\dx12_dir_three_three_a050_050_050_perm102_legacy.stderr.txt"
"dx12_dir_three_three_a050_050_050_perm102_front"	"direction-matrix"	"APP_EXITED_NONZERO"	"True"	"175940"	""	"1903"	"D:\HTC\avboit\The-Forge\Examples_3\Unit_Tests\PC Visual Studio 2019\x64\Release\15_Transparency\15_Transparency.exe --d3d12 --transparency-mode=5 --avboit-auto-capture --avboit-capture-hide-ui --avboit-capture-frame=60 --avboit-fixed-delta=0.0166666667 --avboit-random-seed=1337 --avboit-output-dir=D:\HTC\avboit\The-Forge\LocalVisualResults\P2_6T_ReverseZDepth_20260628T164524Z\direction_matrix\dx12 --avboit-commit-sha=dbeb4094 --avboit-multiplier=1.0 --avboit-debug-view=0 --avboit-test-scene=three_layer --avboit-test-case=three_a050_050_050 --avboit-submit-order=perm102 --avboit-depth-mapping=reverse_correct --avboit-transmittance-direction=front --avboit-dual-direction-diagnostic --avboit-bootstrap-log-dir=D:\HTC\avboit\The-Forge\LocalVisualResults\P2_6T_ReverseZDepth_20260628T164524Z\direction_matrix\dx12\bootstrap"	"1"	"1"	"0"	"D:\HTC\avboit\The-Forge\LocalVisualResults\P2_6T_ReverseZDepth_20260628T164524Z\direction_matrix\dx12\dx12_dir_three_three_a050_050_050_perm102_front.stderr.txt;D:\HTC\avboit\The-Forge\LocalVisualResults\P2_6T_ReverseZDepth_20260628T164524Z\direction_matrix\dx12\dx12_dir_three_three_a050_050_050_perm102_front.stdout.txt;D:\HTC\avboit\The-Forge\LocalVisualResults\P2_6T_ReverseZDepth_20260628T164524Z\direction_matrix\dx12\DX12_Mode5_1920x1080_Debug0_Dirfront_Depthreverse_correct_Mul1.0_Frame60_dbeb4094_Scenethree_layer_Casethree_a050_050_050_Orderperm102_Layerall.json;D:\HTC\avboit\The-Forge\LocalVisualResults\P2_6T_ReverseZDepth_20260628T164524Z\direction_matrix\dx12\DX12_Mode5_1920x1080_Debug0_Dirfront_Depthreverse_correct_Mul1.0_Frame60_dbeb4094_Scenethree_layer_Casethree_a050_050_050_Orderperm102_Layerall.png"	"D:\HTC\avboit\The-Forge\LocalVisualResults\P2_6T_ReverseZDepth_20260628T164524Z\direction_matrix\dx12\dx12_dir_three_three_a050_050_050_perm102_front.stdout.txt"	"D:\HTC\avboit\The-Forge\LocalVisualResults\P2_6T_ReverseZDepth_20260628T164524Z\direction_matrix\dx12\dx12_dir_three_three_a050_050_050_perm102_front.stderr.txt"
"dx12_dir_mode0_three_a050_050_050_perm120"	"direction-matrix"	"APP_EXITED_NONZERO"	"True"	"175156"	""	"1906"	"D:\HTC\avboit\The-Forge\Examples_3\Unit_Tests\PC Visual Studio 2019\x64\Release\15_Transparency\15_Transparency.exe --d3d12 --transparency-mode=0 --avboit-auto-capture --avboit-capture-hide-ui --avboit-capture-frame=60 --avboit-fixed-delta=0.0166666667 --avboit-random-seed=1337 --avboit-output-dir=D:\HTC\avboit\The-Forge\LocalVisualResults\P2_6T_ReverseZDepth_20260628T164524Z\direction_matrix\dx12 --avboit-commit-sha=dbeb4094 --avboit-multiplier=1.0 --avboit-test-scene=three_layer --avboit-test-case=three_a050_050_050 --avboit-submit-order=perm120 --avboit-bootstrap-log-dir=D:\HTC\avboit\The-Forge\LocalVisualResults\P2_6T_ReverseZDepth_20260628T164524Z\direction_matrix\dx12\bootstrap"	"1"	"1"	"0"	"D:\HTC\avboit\The-Forge\LocalVisualResults\P2_6T_ReverseZDepth_20260628T164524Z\direction_matrix\dx12\dx12_dir_mode0_three_a050_050_050_perm120.stderr.txt;D:\HTC\avboit\The-Forge\LocalVisualResults\P2_6T_ReverseZDepth_20260628T164524Z\direction_matrix\dx12\dx12_dir_mode0_three_a050_050_050_perm120.stdout.txt;D:\HTC\avboit\The-Forge\LocalVisualResults\P2_6T_ReverseZDepth_20260628T164524Z\direction_matrix\dx12\DX12_Mode0_1920x1080_Frame60_dbeb4094_Scenethree_layer_Casethree_a050_050_050_Orderperm120_Layerall.json;D:\HTC\avboit\The-Forge\LocalVisualResults\P2_6T_ReverseZDepth_20260628T164524Z\direction_matrix\dx12\DX12_Mode0_1920x1080_Frame60_dbeb4094_Scenethree_layer_Casethree_a050_050_050_Orderperm120_Layerall.png"	"D:\HTC\avboit\The-Forge\LocalVisualResults\P2_6T_ReverseZDepth_20260628T164524Z\direction_matrix\dx12\dx12_dir_mode0_three_a050_050_050_perm120.stdout.txt"	"D:\HTC\avboit\The-Forge\LocalVisualResults\P2_6T_ReverseZDepth_20260628T164524Z\direction_matrix\dx12\dx12_dir_mode0_three_a050_050_050_perm120.stderr.txt"
"dx12_dir_three_three_a050_050_050_perm120_legacy"	"direction-matrix"	"APP_EXITED_NONZERO"	"True"	"164316"	""	"1916"	"D:\HTC\avboit\The-Forge\Examples_3\Unit_Tests\PC Visual Studio 2019\x64\Release\15_Transparency\15_Transparency.exe --d3d12 --transparency-mode=5 --avboit-auto-capture --avboit-capture-hide-ui --avboit-capture-frame=60 --avboit-fixed-delta=0.0166666667 --avboit-random-seed=1337 --avboit-output-dir=D:\HTC\avboit\The-Forge\LocalVisualResults\P2_6T_ReverseZDepth_20260628T164524Z\direction_matrix\dx12 --avboit-commit-sha=dbeb4094 --avboit-multiplier=1.0 --avboit-debug-view=0 --avboit-test-scene=three_layer --avboit-test-case=three_a050_050_050 --avboit-submit-order=perm120 --avboit-depth-mapping=reverse_correct --avboit-transmittance-direction=legacy --avboit-dual-direction-diagnostic --avboit-bootstrap-log-dir=D:\HTC\avboit\The-Forge\LocalVisualResults\P2_6T_ReverseZDepth_20260628T164524Z\direction_matrix\dx12\bootstrap"	"1"	"1"	"0"	"D:\HTC\avboit\The-Forge\LocalVisualResults\P2_6T_ReverseZDepth_20260628T164524Z\direction_matrix\dx12\dx12_dir_three_three_a050_050_050_perm120_legacy.stderr.txt;D:\HTC\avboit\The-Forge\LocalVisualResults\P2_6T_ReverseZDepth_20260628T164524Z\direction_matrix\dx12\dx12_dir_three_three_a050_050_050_perm120_legacy.stdout.txt;D:\HTC\avboit\The-Forge\LocalVisualResults\P2_6T_ReverseZDepth_20260628T164524Z\direction_matrix\dx12\DX12_Mode5_1920x1080_Debug0_Dirlegacy_Depthreverse_correct_Mul1.0_Frame60_dbeb4094_Scenethree_layer_Casethree_a050_050_050_Orderperm120_Layerall.json;D:\HTC\avboit\The-Forge\LocalVisualResults\P2_6T_ReverseZDepth_20260628T164524Z\direction_matrix\dx12\DX12_Mode5_1920x1080_Debug0_Dirlegacy_Depthreverse_correct_Mul1.0_Frame60_dbeb4094_Scenethree_layer_Casethree_a050_050_050_Orderperm120_Layerall.png"	"D:\HTC\avboit\The-Forge\LocalVisualResults\P2_6T_ReverseZDepth_20260628T164524Z\direction_matrix\dx12\dx12_dir_three_three_a050_050_050_perm120_legacy.stdout.txt"	"D:\HTC\avboit\The-Forge\LocalVisualResults\P2_6T_ReverseZDepth_20260628T164524Z\direction_matrix\dx12\dx12_dir_three_three_a050_050_050_perm120_legacy.stderr.txt"
"dx12_dir_three_three_a050_050_050_perm120_front"	"direction-matrix"	"APP_EXITED_NONZERO"	"True"	"177308"	""	"1820"	"D:\HTC\avboit\The-Forge\Examples_3\Unit_Tests\PC Visual Studio 2019\x64\Release\15_Transparency\15_Transparency.exe --d3d12 --transparency-mode=5 --avboit-auto-capture --avboit-capture-hide-ui --avboit-capture-frame=60 --avboit-fixed-delta=0.0166666667 --avboit-random-seed=1337 --avboit-output-dir=D:\HTC\avboit\The-Forge\LocalVisualResults\P2_6T_ReverseZDepth_20260628T164524Z\direction_matrix\dx12 --avboit-commit-sha=dbeb4094 --avboit-multiplier=1.0 --avboit-debug-view=0 --avboit-test-scene=three_layer --avboit-test-case=three_a050_050_050 --avboit-submit-order=perm120 --avboit-depth-mapping=reverse_correct --avboit-transmittance-direction=front --avboit-dual-direction-diagnostic --avboit-bootstrap-log-dir=D:\HTC\avboit\The-Forge\LocalVisualResults\P2_6T_ReverseZDepth_20260628T164524Z\direction_matrix\dx12\bootstrap"	"1"	"1"	"0"	"D:\HTC\avboit\The-Forge\LocalVisualResults\P2_6T_ReverseZDepth_20260628T164524Z\direction_matrix\dx12\dx12_dir_three_three_a050_050_050_perm120_front.stderr.txt;D:\HTC\avboit\The-Forge\LocalVisualResults\P2_6T_ReverseZDepth_20260628T164524Z\direction_matrix\dx12\dx12_dir_three_three_a050_050_050_perm120_front.stdout.txt;D:\HTC\avboit\The-Forge\LocalVisualResults\P2_6T_ReverseZDepth_20260628T164524Z\direction_matrix\dx12\DX12_Mode5_1920x1080_Debug0_Dirfront_Depthreverse_correct_Mul1.0_Frame60_dbeb4094_Scenethree_layer_Casethree_a050_050_050_Orderperm120_Layerall.json;D:\HTC\avboit\The-Forge\LocalVisualResults\P2_6T_ReverseZDepth_20260628T164524Z\direction_matrix\dx12\DX12_Mode5_1920x1080_Debug0_Dirfront_Depthreverse_correct_Mul1.0_Frame60_dbeb4094_Scenethree_layer_Casethree_a050_050_050_Orderperm120_Layerall.png"	"D:\HTC\avboit\The-Forge\LocalVisualResults\P2_6T_ReverseZDepth_20260628T164524Z\direction_matrix\dx12\dx12_dir_three_three_a050_050_050_perm120_front.stdout.txt"	"D:\HTC\avboit\The-Forge\LocalVisualResults\P2_6T_ReverseZDepth_20260628T164524Z\direction_matrix\dx12\dx12_dir_three_three_a050_050_050_perm120_front.stderr.txt"
"dx12_dir_mode0_three_a050_050_050_perm201"	"direction-matrix"	"APP_EXITED_NONZERO"	"True"	"180048"	""	"1799"	"D:\HTC\avboit\The-Forge\Examples_3\Unit_Tests\PC Visual Studio 2019\x64\Release\15_Transparency\15_Transparency.exe --d3d12 --transparency-mode=0 --avboit-auto-capture --avboit-capture-hide-ui --avboit-capture-frame=60 --avboit-fixed-delta=0.0166666667 --avboit-random-seed=1337 --avboit-output-dir=D:\HTC\avboit\The-Forge\LocalVisualResults\P2_6T_ReverseZDepth_20260628T164524Z\direction_matrix\dx12 --avboit-commit-sha=dbeb4094 --avboit-multiplier=1.0 --avboit-test-scene=three_layer --avboit-test-case=three_a050_050_050 --avboit-submit-order=perm201 --avboit-bootstrap-log-dir=D:\HTC\avboit\The-Forge\LocalVisualResults\P2_6T_ReverseZDepth_20260628T164524Z\direction_matrix\dx12\bootstrap"	"1"	"1"	"0"	"D:\HTC\avboit\The-Forge\LocalVisualResults\P2_6T_ReverseZDepth_20260628T164524Z\direction_matrix\dx12\dx12_dir_mode0_three_a050_050_050_perm201.stderr.txt;D:\HTC\avboit\The-Forge\LocalVisualResults\P2_6T_ReverseZDepth_20260628T164524Z\direction_matrix\dx12\dx12_dir_mode0_three_a050_050_050_perm201.stdout.txt;D:\HTC\avboit\The-Forge\LocalVisualResults\P2_6T_ReverseZDepth_20260628T164524Z\direction_matrix\dx12\DX12_Mode0_1920x1080_Frame60_dbeb4094_Scenethree_layer_Casethree_a050_050_050_Orderperm201_Layerall.json;D:\HTC\avboit\The-Forge\LocalVisualResults\P2_6T_ReverseZDepth_20260628T164524Z\direction_matrix\dx12\DX12_Mode0_1920x1080_Frame60_dbeb4094_Scenethree_layer_Casethree_a050_050_050_Orderperm201_Layerall.png"	"D:\HTC\avboit\The-Forge\LocalVisualResults\P2_6T_ReverseZDepth_20260628T164524Z\direction_matrix\dx12\dx12_dir_mode0_three_a050_050_050_perm201.stdout.txt"	"D:\HTC\avboit\The-Forge\LocalVisualResults\P2_6T_ReverseZDepth_20260628T164524Z\direction_matrix\dx12\dx12_dir_mode0_three_a050_050_050_perm201.stderr.txt"
"dx12_dir_three_three_a050_050_050_perm201_legacy"	"direction-matrix"	"APP_EXITED_NONZERO"	"True"	"178908"	""	"1855"	"D:\HTC\avboit\The-Forge\Examples_3\Unit_Tests\PC Visual Studio 2019\x64\Release\15_Transparency\15_Transparency.exe --d3d12 --transparency-mode=5 --avboit-auto-capture --avboit-capture-hide-ui --avboit-capture-frame=60 --avboit-fixed-delta=0.0166666667 --avboit-random-seed=1337 --avboit-output-dir=D:\HTC\avboit\The-Forge\LocalVisualResults\P2_6T_ReverseZDepth_20260628T164524Z\direction_matrix\dx12 --avboit-commit-sha=dbeb4094 --avboit-multiplier=1.0 --avboit-debug-view=0 --avboit-test-scene=three_layer --avboit-test-case=three_a050_050_050 --avboit-submit-order=perm201 --avboit-depth-mapping=reverse_correct --avboit-transmittance-direction=legacy --avboit-dual-direction-diagnostic --avboit-bootstrap-log-dir=D:\HTC\avboit\The-Forge\LocalVisualResults\P2_6T_ReverseZDepth_20260628T164524Z\direction_matrix\dx12\bootstrap"	"1"	"1"	"0"	"D:\HTC\avboit\The-Forge\LocalVisualResults\P2_6T_ReverseZDepth_20260628T164524Z\direction_matrix\dx12\dx12_dir_three_three_a050_050_050_perm201_legacy.stderr.txt;D:\HTC\avboit\The-Forge\LocalVisualResults\P2_6T_ReverseZDepth_20260628T164524Z\direction_matrix\dx12\dx12_dir_three_three_a050_050_050_perm201_legacy.stdout.txt;D:\HTC\avboit\The-Forge\LocalVisualResults\P2_6T_ReverseZDepth_20260628T164524Z\direction_matrix\dx12\DX12_Mode5_1920x1080_Debug0_Dirlegacy_Depthreverse_correct_Mul1.0_Frame60_dbeb4094_Scenethree_layer_Casethree_a050_050_050_Orderperm201_Layerall.json;D:\HTC\avboit\The-Forge\LocalVisualResults\P2_6T_ReverseZDepth_20260628T164524Z\direction_matrix\dx12\DX12_Mode5_1920x1080_Debug0_Dirlegacy_Depthreverse_correct_Mul1.0_Frame60_dbeb4094_Scenethree_layer_Casethree_a050_050_050_Orderperm201_Layerall.png"	"D:\HTC\avboit\The-Forge\LocalVisualResults\P2_6T_ReverseZDepth_20260628T164524Z\direction_matrix\dx12\dx12_dir_three_three_a050_050_050_perm201_legacy.stdout.txt"	"D:\HTC\avboit\The-Forge\LocalVisualResults\P2_6T_ReverseZDepth_20260628T164524Z\direction_matrix\dx12\dx12_dir_three_three_a050_050_050_perm201_legacy.stderr.txt"
"dx12_dir_three_three_a050_050_050_perm201_front"	"direction-matrix"	"APP_EXITED_NONZERO"	"True"	"180148"	""	"1871"	"D:\HTC\avboit\The-Forge\Examples_3\Unit_Tests\PC Visual Studio 2019\x64\Release\15_Transparency\15_Transparency.exe --d3d12 --transparency-mode=5 --avboit-auto-capture --avboit-capture-hide-ui --avboit-capture-frame=60 --avboit-fixed-delta=0.0166666667 --avboit-random-seed=1337 --avboit-output-dir=D:\HTC\avboit\The-Forge\LocalVisualResults\P2_6T_ReverseZDepth_20260628T164524Z\direction_matrix\dx12 --avboit-commit-sha=dbeb4094 --avboit-multiplier=1.0 --avboit-debug-view=0 --avboit-test-scene=three_layer --avboit-test-case=three_a050_050_050 --avboit-submit-order=perm201 --avboit-depth-mapping=reverse_correct --avboit-transmittance-direction=front --avboit-dual-direction-diagnostic --avboit-bootstrap-log-dir=D:\HTC\avboit\The-Forge\LocalVisualResults\P2_6T_ReverseZDepth_20260628T164524Z\direction_matrix\dx12\bootstrap"	"1"	"1"	"0"	"D:\HTC\avboit\The-Forge\LocalVisualResults\P2_6T_ReverseZDepth_20260628T164524Z\direction_matrix\dx12\dx12_dir_three_three_a050_050_050_perm201_front.stderr.txt;D:\HTC\avboit\The-Forge\LocalVisualResults\P2_6T_ReverseZDepth_20260628T164524Z\direction_matrix\dx12\dx12_dir_three_three_a050_050_050_perm201_front.stdout.txt;D:\HTC\avboit\The-Forge\LocalVisualResults\P2_6T_ReverseZDepth_20260628T164524Z\direction_matrix\dx12\DX12_Mode5_1920x1080_Debug0_Dirfront_Depthreverse_correct_Mul1.0_Frame60_dbeb4094_Scenethree_layer_Casethree_a050_050_050_Orderperm201_Layerall.json;D:\HTC\avboit\The-Forge\LocalVisualResults\P2_6T_ReverseZDepth_20260628T164524Z\direction_matrix\dx12\DX12_Mode5_1920x1080_Debug0_Dirfront_Depthreverse_correct_Mul1.0_Frame60_dbeb4094_Scenethree_layer_Casethree_a050_050_050_Orderperm201_Layerall.png"	"D:\HTC\avboit\The-Forge\LocalVisualResults\P2_6T_ReverseZDepth_20260628T164524Z\direction_matrix\dx12\dx12_dir_three_three_a050_050_050_perm201_front.stdout.txt"	"D:\HTC\avboit\The-Forge\LocalVisualResults\P2_6T_ReverseZDepth_20260628T164524Z\direction_matrix\dx12\dx12_dir_three_three_a050_050_050_perm201_front.stderr.txt"
"dx12_dir_mode0_three_a050_050_050_perm210"	"direction-matrix"	"APP_EXITED_NONZERO"	"True"	"178988"	""	"1863"	"D:\HTC\avboit\The-Forge\Examples_3\Unit_Tests\PC Visual Studio 2019\x64\Release\15_Transparency\15_Transparency.exe --d3d12 --transparency-mode=0 --avboit-auto-capture --avboit-capture-hide-ui --avboit-capture-frame=60 --avboit-fixed-delta=0.0166666667 --avboit-random-seed=1337 --avboit-output-dir=D:\HTC\avboit\The-Forge\LocalVisualResults\P2_6T_ReverseZDepth_20260628T164524Z\direction_matrix\dx12 --avboit-commit-sha=dbeb4094 --avboit-multiplier=1.0 --avboit-test-scene=three_layer --avboit-test-case=three_a050_050_050 --avboit-submit-order=perm210 --avboit-bootstrap-log-dir=D:\HTC\avboit\The-Forge\LocalVisualResults\P2_6T_ReverseZDepth_20260628T164524Z\direction_matrix\dx12\bootstrap"	"1"	"1"	"0"	"D:\HTC\avboit\The-Forge\LocalVisualResults\P2_6T_ReverseZDepth_20260628T164524Z\direction_matrix\dx12\dx12_dir_mode0_three_a050_050_050_perm210.stderr.txt;D:\HTC\avboit\The-Forge\LocalVisualResults\P2_6T_ReverseZDepth_20260628T164524Z\direction_matrix\dx12\dx12_dir_mode0_three_a050_050_050_perm210.stdout.txt;D:\HTC\avboit\The-Forge\LocalVisualResults\P2_6T_ReverseZDepth_20260628T164524Z\direction_matrix\dx12\DX12_Mode0_1920x1080_Frame60_dbeb4094_Scenethree_layer_Casethree_a050_050_050_Orderperm210_Layerall.json;D:\HTC\avboit\The-Forge\LocalVisualResults\P2_6T_ReverseZDepth_20260628T164524Z\direction_matrix\dx12\DX12_Mode0_1920x1080_Frame60_dbeb4094_Scenethree_layer_Casethree_a050_050_050_Orderperm210_Layerall.png"	"D:\HTC\avboit\The-Forge\LocalVisualResults\P2_6T_ReverseZDepth_20260628T164524Z\direction_matrix\dx12\dx12_dir_mode0_three_a050_050_050_perm210.stdout.txt"	"D:\HTC\avboit\The-Forge\LocalVisualResults\P2_6T_ReverseZDepth_20260628T164524Z\direction_matrix\dx12\dx12_dir_mode0_three_a050_050_050_perm210.stderr.txt"
"dx12_dir_three_three_a050_050_050_perm210_legacy"	"direction-matrix"	"APP_EXITED_NONZERO"	"True"	"177076"	""	"1881"	"D:\HTC\avboit\The-Forge\Examples_3\Unit_Tests\PC Visual Studio 2019\x64\Release\15_Transparency\15_Transparency.exe --d3d12 --transparency-mode=5 --avboit-auto-capture --avboit-capture-hide-ui --avboit-capture-frame=60 --avboit-fixed-delta=0.0166666667 --avboit-random-seed=1337 --avboit-output-dir=D:\HTC\avboit\The-Forge\LocalVisualResults\P2_6T_ReverseZDepth_20260628T164524Z\direction_matrix\dx12 --avboit-commit-sha=dbeb4094 --avboit-multiplier=1.0 --avboit-debug-view=0 --avboit-test-scene=three_layer --avboit-test-case=three_a050_050_050 --avboit-submit-order=perm210 --avboit-depth-mapping=reverse_correct --avboit-transmittance-direction=legacy --avboit-dual-direction-diagnostic --avboit-bootstrap-log-dir=D:\HTC\avboit\The-Forge\LocalVisualResults\P2_6T_ReverseZDepth_20260628T164524Z\direction_matrix\dx12\bootstrap"	"1"	"1"	"0"	"D:\HTC\avboit\The-Forge\LocalVisualResults\P2_6T_ReverseZDepth_20260628T164524Z\direction_matrix\dx12\dx12_dir_three_three_a050_050_050_perm210_legacy.stderr.txt;D:\HTC\avboit\The-Forge\LocalVisualResults\P2_6T_ReverseZDepth_20260628T164524Z\direction_matrix\dx12\dx12_dir_three_three_a050_050_050_perm210_legacy.stdout.txt;D:\HTC\avboit\The-Forge\LocalVisualResults\P2_6T_ReverseZDepth_20260628T164524Z\direction_matrix\dx12\DX12_Mode5_1920x1080_Debug0_Dirlegacy_Depthreverse_correct_Mul1.0_Frame60_dbeb4094_Scenethree_layer_Casethree_a050_050_050_Orderperm210_Layerall.json;D:\HTC\avboit\The-Forge\LocalVisualResults\P2_6T_ReverseZDepth_20260628T164524Z\direction_matrix\dx12\DX12_Mode5_1920x1080_Debug0_Dirlegacy_Depthreverse_correct_Mul1.0_Frame60_dbeb4094_Scenethree_layer_Casethree_a050_050_050_Orderperm210_Layerall.png"	"D:\HTC\avboit\The-Forge\LocalVisualResults\P2_6T_ReverseZDepth_20260628T164524Z\direction_matrix\dx12\dx12_dir_three_three_a050_050_050_perm210_legacy.stdout.txt"	"D:\HTC\avboit\The-Forge\LocalVisualResults\P2_6T_ReverseZDepth_20260628T164524Z\direction_matrix\dx12\dx12_dir_three_three_a050_050_050_perm210_legacy.stderr.txt"
"dx12_dir_three_three_a050_050_050_perm210_front"	"direction-matrix"	"APP_EXITED_NONZERO"	"True"	"179372"	""	"1849"	"D:\HTC\avboit\The-Forge\Examples_3\Unit_Tests\PC Visual Studio 2019\x64\Release\15_Transparency\15_Transparency.exe --d3d12 --transparency-mode=5 --avboit-auto-capture --avboit-capture-hide-ui --avboit-capture-frame=60 --avboit-fixed-delta=0.0166666667 --avboit-random-seed=1337 --avboit-output-dir=D:\HTC\avboit\The-Forge\LocalVisualResults\P2_6T_ReverseZDepth_20260628T164524Z\direction_matrix\dx12 --avboit-commit-sha=dbeb4094 --avboit-multiplier=1.0 --avboit-debug-view=0 --avboit-test-scene=three_layer --avboit-test-case=three_a050_050_050 --avboit-submit-order=perm210 --avboit-depth-mapping=reverse_correct --avboit-transmittance-direction=front --avboit-dual-direction-diagnostic --avboit-bootstrap-log-dir=D:\HTC\avboit\The-Forge\LocalVisualResults\P2_6T_ReverseZDepth_20260628T164524Z\direction_matrix\dx12\bootstrap"	"1"	"1"	"0"	"D:\HTC\avboit\The-Forge\LocalVisualResults\P2_6T_ReverseZDepth_20260628T164524Z\direction_matrix\dx12\dx12_dir_three_three_a050_050_050_perm210_front.stderr.txt;D:\HTC\avboit\The-Forge\LocalVisualResults\P2_6T_ReverseZDepth_20260628T164524Z\direction_matrix\dx12\dx12_dir_three_three_a050_050_050_perm210_front.stdout.txt;D:\HTC\avboit\The-Forge\LocalVisualResults\P2_6T_ReverseZDepth_20260628T164524Z\direction_matrix\dx12\DX12_Mode5_1920x1080_Debug0_Dirfront_Depthreverse_correct_Mul1.0_Frame60_dbeb4094_Scenethree_layer_Casethree_a050_050_050_Orderperm210_Layerall.json;D:\HTC\avboit\The-Forge\LocalVisualResults\P2_6T_ReverseZDepth_20260628T164524Z\direction_matrix\dx12\DX12_Mode5_1920x1080_Debug0_Dirfront_Depthreverse_correct_Mul1.0_Frame60_dbeb4094_Scenethree_layer_Casethree_a050_050_050_Orderperm210_Layerall.png"	"D:\HTC\avboit\The-Forge\LocalVisualResults\P2_6T_ReverseZDepth_20260628T164524Z\direction_matrix\dx12\dx12_dir_three_three_a050_050_050_perm210_front.stdout.txt"	"D:\HTC\avboit\The-Forge\LocalVisualResults\P2_6T_ReverseZDepth_20260628T164524Z\direction_matrix\dx12\dx12_dir_three_three_a050_050_050_perm210_front.stderr.txt"
"dx12_dir_mode0_three_a020_060_080_perm012"	"direction-matrix"	"APP_EXITED_NONZERO"	"True"	"178480"	""	"1863"	"D:\HTC\avboit\The-Forge\Examples_3\Unit_Tests\PC Visual Studio 2019\x64\Release\15_Transparency\15_Transparency.exe --d3d12 --transparency-mode=0 --avboit-auto-capture --avboit-capture-hide-ui --avboit-capture-frame=60 --avboit-fixed-delta=0.0166666667 --avboit-random-seed=1337 --avboit-output-dir=D:\HTC\avboit\The-Forge\LocalVisualResults\P2_6T_ReverseZDepth_20260628T164524Z\direction_matrix\dx12 --avboit-commit-sha=dbeb4094 --avboit-multiplier=1.0 --avboit-test-scene=three_layer --avboit-test-case=three_a020_060_080 --avboit-submit-order=perm012 --avboit-bootstrap-log-dir=D:\HTC\avboit\The-Forge\LocalVisualResults\P2_6T_ReverseZDepth_20260628T164524Z\direction_matrix\dx12\bootstrap"	"1"	"1"	"0"	"D:\HTC\avboit\The-Forge\LocalVisualResults\P2_6T_ReverseZDepth_20260628T164524Z\direction_matrix\dx12\dx12_dir_mode0_three_a020_060_080_perm012.stderr.txt;D:\HTC\avboit\The-Forge\LocalVisualResults\P2_6T_ReverseZDepth_20260628T164524Z\direction_matrix\dx12\dx12_dir_mode0_three_a020_060_080_perm012.stdout.txt;D:\HTC\avboit\The-Forge\LocalVisualResults\P2_6T_ReverseZDepth_20260628T164524Z\direction_matrix\dx12\DX12_Mode0_1920x1080_Frame60_dbeb4094_Scenethree_layer_Casethree_a020_060_080_Orderperm012_Layerall.json;D:\HTC\avboit\The-Forge\LocalVisualResults\P2_6T_ReverseZDepth_20260628T164524Z\direction_matrix\dx12\DX12_Mode0_1920x1080_Frame60_dbeb4094_Scenethree_layer_Casethree_a020_060_080_Orderperm012_Layerall.png"	"D:\HTC\avboit\The-Forge\LocalVisualResults\P2_6T_ReverseZDepth_20260628T164524Z\direction_matrix\dx12\dx12_dir_mode0_three_a020_060_080_perm012.stdout.txt"	"D:\HTC\avboit\The-Forge\LocalVisualResults\P2_6T_ReverseZDepth_20260628T164524Z\direction_matrix\dx12\dx12_dir_mode0_three_a020_060_080_perm012.stderr.txt"
"dx12_dir_three_three_a020_060_080_perm012_legacy"	"direction-matrix"	"APP_EXITED_NONZERO"	"True"	"155072"	""	"1873"	"D:\HTC\avboit\The-Forge\Examples_3\Unit_Tests\PC Visual Studio 2019\x64\Release\15_Transparency\15_Transparency.exe --d3d12 --transparency-mode=5 --avboit-auto-capture --avboit-capture-hide-ui --avboit-capture-frame=60 --avboit-fixed-delta=0.0166666667 --avboit-random-seed=1337 --avboit-output-dir=D:\HTC\avboit\The-Forge\LocalVisualResults\P2_6T_ReverseZDepth_20260628T164524Z\direction_matrix\dx12 --avboit-commit-sha=dbeb4094 --avboit-multiplier=1.0 --avboit-debug-view=0 --avboit-test-scene=three_layer --avboit-test-case=three_a020_060_080 --avboit-submit-order=perm012 --avboit-depth-mapping=reverse_correct --avboit-transmittance-direction=legacy --avboit-dual-direction-diagnostic --avboit-bootstrap-log-dir=D:\HTC\avboit\The-Forge\LocalVisualResults\P2_6T_ReverseZDepth_20260628T164524Z\direction_matrix\dx12\bootstrap"	"1"	"1"	"0"	"D:\HTC\avboit\The-Forge\LocalVisualResults\P2_6T_ReverseZDepth_20260628T164524Z\direction_matrix\dx12\dx12_dir_three_three_a020_060_080_perm012_legacy.stderr.txt;D:\HTC\avboit\The-Forge\LocalVisualResults\P2_6T_ReverseZDepth_20260628T164524Z\direction_matrix\dx12\dx12_dir_three_three_a020_060_080_perm012_legacy.stdout.txt;D:\HTC\avboit\The-Forge\LocalVisualResults\P2_6T_ReverseZDepth_20260628T164524Z\direction_matrix\dx12\DX12_Mode5_1920x1080_Debug0_Dirlegacy_Depthreverse_correct_Mul1.0_Frame60_dbeb4094_Scenethree_layer_Casethree_a020_060_080_Orderperm012_Layerall.json;D:\HTC\avboit\The-Forge\LocalVisualResults\P2_6T_ReverseZDepth_20260628T164524Z\direction_matrix\dx12\DX12_Mode5_1920x1080_Debug0_Dirlegacy_Depthreverse_correct_Mul1.0_Frame60_dbeb4094_Scenethree_layer_Casethree_a020_060_080_Orderperm012_Layerall.png"	"D:\HTC\avboit\The-Forge\LocalVisualResults\P2_6T_ReverseZDepth_20260628T164524Z\direction_matrix\dx12\dx12_dir_three_three_a020_060_080_perm012_legacy.stdout.txt"	"D:\HTC\avboit\The-Forge\LocalVisualResults\P2_6T_ReverseZDepth_20260628T164524Z\direction_matrix\dx12\dx12_dir_three_three_a020_060_080_perm012_legacy.stderr.txt"
"dx12_dir_three_three_a020_060_080_perm012_front"	"direction-matrix"	"APP_EXITED_NONZERO"	"True"	"176208"	""	"1860"	"D:\HTC\avboit\The-Forge\Examples_3\Unit_Tests\PC Visual Studio 2019\x64\Release\15_Transparency\15_Transparency.exe --d3d12 --transparency-mode=5 --avboit-auto-capture --avboit-capture-hide-ui --avboit-capture-frame=60 --avboit-fixed-delta=0.0166666667 --avboit-random-seed=1337 --avboit-output-dir=D:\HTC\avboit\The-Forge\LocalVisualResults\P2_6T_ReverseZDepth_20260628T164524Z\direction_matrix\dx12 --avboit-commit-sha=dbeb4094 --avboit-multiplier=1.0 --avboit-debug-view=0 --avboit-test-scene=three_layer --avboit-test-case=three_a020_060_080 --avboit-submit-order=perm012 --avboit-depth-mapping=reverse_correct --avboit-transmittance-direction=front --avboit-dual-direction-diagnostic --avboit-bootstrap-log-dir=D:\HTC\avboit\The-Forge\LocalVisualResults\P2_6T_ReverseZDepth_20260628T164524Z\direction_matrix\dx12\bootstrap"	"1"	"1"	"0"	"D:\HTC\avboit\The-Forge\LocalVisualResults\P2_6T_ReverseZDepth_20260628T164524Z\direction_matrix\dx12\dx12_dir_three_three_a020_060_080_perm012_front.stderr.txt;D:\HTC\avboit\The-Forge\LocalVisualResults\P2_6T_ReverseZDepth_20260628T164524Z\direction_matrix\dx12\dx12_dir_three_three_a020_060_080_perm012_front.stdout.txt;D:\HTC\avboit\The-Forge\LocalVisualResults\P2_6T_ReverseZDepth_20260628T164524Z\direction_matrix\dx12\DX12_Mode5_1920x1080_Debug0_Dirfront_Depthreverse_correct_Mul1.0_Frame60_dbeb4094_Scenethree_layer_Casethree_a020_060_080_Orderperm012_Layerall.json;D:\HTC\avboit\The-Forge\LocalVisualResults\P2_6T_ReverseZDepth_20260628T164524Z\direction_matrix\dx12\DX12_Mode5_1920x1080_Debug0_Dirfront_Depthreverse_correct_Mul1.0_Frame60_dbeb4094_Scenethree_layer_Casethree_a020_060_080_Orderperm012_Layerall.png"	"D:\HTC\avboit\The-Forge\LocalVisualResults\P2_6T_ReverseZDepth_20260628T164524Z\direction_matrix\dx12\dx12_dir_three_three_a020_060_080_perm012_front.stdout.txt"	"D:\HTC\avboit\The-Forge\LocalVisualResults\P2_6T_ReverseZDepth_20260628T164524Z\direction_matrix\dx12\dx12_dir_three_three_a020_060_080_perm012_front.stderr.txt"
"dx12_dir_mode0_three_a020_060_080_perm021"	"direction-matrix"	"APP_EXITED_NONZERO"	"True"	"179416"	""	"1799"	"D:\HTC\avboit\The-Forge\Examples_3\Unit_Tests\PC Visual Studio 2019\x64\Release\15_Transparency\15_Transparency.exe --d3d12 --transparency-mode=0 --avboit-auto-capture --avboit-capture-hide-ui --avboit-capture-frame=60 --avboit-fixed-delta=0.0166666667 --avboit-random-seed=1337 --avboit-output-dir=D:\HTC\avboit\The-Forge\LocalVisualResults\P2_6T_ReverseZDepth_20260628T164524Z\direction_matrix\dx12 --avboit-commit-sha=dbeb4094 --avboit-multiplier=1.0 --avboit-test-scene=three_layer --avboit-test-case=three_a020_060_080 --avboit-submit-order=perm021 --avboit-bootstrap-log-dir=D:\HTC\avboit\The-Forge\LocalVisualResults\P2_6T_ReverseZDepth_20260628T164524Z\direction_matrix\dx12\bootstrap"	"1"	"1"	"0"	"D:\HTC\avboit\The-Forge\LocalVisualResults\P2_6T_ReverseZDepth_20260628T164524Z\direction_matrix\dx12\dx12_dir_mode0_three_a020_060_080_perm021.stderr.txt;D:\HTC\avboit\The-Forge\LocalVisualResults\P2_6T_ReverseZDepth_20260628T164524Z\direction_matrix\dx12\dx12_dir_mode0_three_a020_060_080_perm021.stdout.txt;D:\HTC\avboit\The-Forge\LocalVisualResults\P2_6T_ReverseZDepth_20260628T164524Z\direction_matrix\dx12\DX12_Mode0_1920x1080_Frame60_dbeb4094_Scenethree_layer_Casethree_a020_060_080_Orderperm021_Layerall.json;D:\HTC\avboit\The-Forge\LocalVisualResults\P2_6T_ReverseZDepth_20260628T164524Z\direction_matrix\dx12\DX12_Mode0_1920x1080_Frame60_dbeb4094_Scenethree_layer_Casethree_a020_060_080_Orderperm021_Layerall.png"	"D:\HTC\avboit\The-Forge\LocalVisualResults\P2_6T_ReverseZDepth_20260628T164524Z\direction_matrix\dx12\dx12_dir_mode0_three_a020_060_080_perm021.stdout.txt"	"D:\HTC\avboit\The-Forge\LocalVisualResults\P2_6T_ReverseZDepth_20260628T164524Z\direction_matrix\dx12\dx12_dir_mode0_three_a020_060_080_perm021.stderr.txt"
"dx12_dir_three_three_a020_060_080_perm021_legacy"	"direction-matrix"	"APP_EXITED_NONZERO"	"True"	"180216"	""	"1814"	"D:\HTC\avboit\The-Forge\Examples_3\Unit_Tests\PC Visual Studio 2019\x64\Release\15_Transparency\15_Transparency.exe --d3d12 --transparency-mode=5 --avboit-auto-capture --avboit-capture-hide-ui --avboit-capture-frame=60 --avboit-fixed-delta=0.0166666667 --avboit-random-seed=1337 --avboit-output-dir=D:\HTC\avboit\The-Forge\LocalVisualResults\P2_6T_ReverseZDepth_20260628T164524Z\direction_matrix\dx12 --avboit-commit-sha=dbeb4094 --avboit-multiplier=1.0 --avboit-debug-view=0 --avboit-test-scene=three_layer --avboit-test-case=three_a020_060_080 --avboit-submit-order=perm021 --avboit-depth-mapping=reverse_correct --avboit-transmittance-direction=legacy --avboit-dual-direction-diagnostic --avboit-bootstrap-log-dir=D:\HTC\avboit\The-Forge\LocalVisualResults\P2_6T_ReverseZDepth_20260628T164524Z\direction_matrix\dx12\bootstrap"	"1"	"1"	"0"	"D:\HTC\avboit\The-Forge\LocalVisualResults\P2_6T_ReverseZDepth_20260628T164524Z\direction_matrix\dx12\dx12_dir_three_three_a020_060_080_perm021_legacy.stderr.txt;D:\HTC\avboit\The-Forge\LocalVisualResults\P2_6T_ReverseZDepth_20260628T164524Z\direction_matrix\dx12\dx12_dir_three_three_a020_060_080_perm021_legacy.stdout.txt;D:\HTC\avboit\The-Forge\LocalVisualResults\P2_6T_ReverseZDepth_20260628T164524Z\direction_matrix\dx12\DX12_Mode5_1920x1080_Debug0_Dirlegacy_Depthreverse_correct_Mul1.0_Frame60_dbeb4094_Scenethree_layer_Casethree_a020_060_080_Orderperm021_Layerall.json;D:\HTC\avboit\The-Forge\LocalVisualResults\P2_6T_ReverseZDepth_20260628T164524Z\direction_matrix\dx12\DX12_Mode5_1920x1080_Debug0_Dirlegacy_Depthreverse_correct_Mul1.0_Frame60_dbeb4094_Scenethree_layer_Casethree_a020_060_080_Orderperm021_Layerall.png"	"D:\HTC\avboit\The-Forge\LocalVisualResults\P2_6T_ReverseZDepth_20260628T164524Z\direction_matrix\dx12\dx12_dir_three_three_a020_060_080_perm021_legacy.stdout.txt"	"D:\HTC\avboit\The-Forge\LocalVisualResults\P2_6T_ReverseZDepth_20260628T164524Z\direction_matrix\dx12\dx12_dir_three_three_a020_060_080_perm021_legacy.stderr.txt"
"dx12_dir_three_three_a020_060_080_perm021_front"	"direction-matrix"	"APP_EXITED_NONZERO"	"True"	"36616"	""	"1883"	"D:\HTC\avboit\The-Forge\Examples_3\Unit_Tests\PC Visual Studio 2019\x64\Release\15_Transparency\15_Transparency.exe --d3d12 --transparency-mode=5 --avboit-auto-capture --avboit-capture-hide-ui --avboit-capture-frame=60 --avboit-fixed-delta=0.0166666667 --avboit-random-seed=1337 --avboit-output-dir=D:\HTC\avboit\The-Forge\LocalVisualResults\P2_6T_ReverseZDepth_20260628T164524Z\direction_matrix\dx12 --avboit-commit-sha=dbeb4094 --avboit-multiplier=1.0 --avboit-debug-view=0 --avboit-test-scene=three_layer --avboit-test-case=three_a020_060_080 --avboit-submit-order=perm021 --avboit-depth-mapping=reverse_correct --avboit-transmittance-direction=front --avboit-dual-direction-diagnostic --avboit-bootstrap-log-dir=D:\HTC\avboit\The-Forge\LocalVisualResults\P2_6T_ReverseZDepth_20260628T164524Z\direction_matrix\dx12\bootstrap"	"1"	"1"	"0"	"D:\HTC\avboit\The-Forge\LocalVisualResults\P2_6T_ReverseZDepth_20260628T164524Z\direction_matrix\dx12\dx12_dir_three_three_a020_060_080_perm021_front.stderr.txt;D:\HTC\avboit\The-Forge\LocalVisualResults\P2_6T_ReverseZDepth_20260628T164524Z\direction_matrix\dx12\dx12_dir_three_three_a020_060_080_perm021_front.stdout.txt;D:\HTC\avboit\The-Forge\LocalVisualResults\P2_6T_ReverseZDepth_20260628T164524Z\direction_matrix\dx12\DX12_Mode5_1920x1080_Debug0_Dirfront_Depthreverse_correct_Mul1.0_Frame60_dbeb4094_Scenethree_layer_Casethree_a020_060_080_Orderperm021_Layerall.json;D:\HTC\avboit\The-Forge\LocalVisualResults\P2_6T_ReverseZDepth_20260628T164524Z\direction_matrix\dx12\DX12_Mode5_1920x1080_Debug0_Dirfront_Depthreverse_correct_Mul1.0_Frame60_dbeb4094_Scenethree_layer_Casethree_a020_060_080_Orderperm021_Layerall.png"	"D:\HTC\avboit\The-Forge\LocalVisualResults\P2_6T_ReverseZDepth_20260628T164524Z\direction_matrix\dx12\dx12_dir_three_three_a020_060_080_perm021_front.stdout.txt"	"D:\HTC\avboit\The-Forge\LocalVisualResults\P2_6T_ReverseZDepth_20260628T164524Z\direction_matrix\dx12\dx12_dir_three_three_a020_060_080_perm021_front.stderr.txt"
"dx12_dir_mode0_three_a020_060_080_perm102"	"direction-matrix"	"APP_EXITED_NONZERO"	"True"	"180108"	""	"1840"	"D:\HTC\avboit\The-Forge\Examples_3\Unit_Tests\PC Visual Studio 2019\x64\Release\15_Transparency\15_Transparency.exe --d3d12 --transparency-mode=0 --avboit-auto-capture --avboit-capture-hide-ui --avboit-capture-frame=60 --avboit-fixed-delta=0.0166666667 --avboit-random-seed=1337 --avboit-output-dir=D:\HTC\avboit\The-Forge\LocalVisualResults\P2_6T_ReverseZDepth_20260628T164524Z\direction_matrix\dx12 --avboit-commit-sha=dbeb4094 --avboit-multiplier=1.0 --avboit-test-scene=three_layer --avboit-test-case=three_a020_060_080 --avboit-submit-order=perm102 --avboit-bootstrap-log-dir=D:\HTC\avboit\The-Forge\LocalVisualResults\P2_6T_ReverseZDepth_20260628T164524Z\direction_matrix\dx12\bootstrap"	"1"	"1"	"0"	"D:\HTC\avboit\The-Forge\LocalVisualResults\P2_6T_ReverseZDepth_20260628T164524Z\direction_matrix\dx12\dx12_dir_mode0_three_a020_060_080_perm102.stderr.txt;D:\HTC\avboit\The-Forge\LocalVisualResults\P2_6T_ReverseZDepth_20260628T164524Z\direction_matrix\dx12\dx12_dir_mode0_three_a020_060_080_perm102.stdout.txt;D:\HTC\avboit\The-Forge\LocalVisualResults\P2_6T_ReverseZDepth_20260628T164524Z\direction_matrix\dx12\DX12_Mode0_1920x1080_Frame60_dbeb4094_Scenethree_layer_Casethree_a020_060_080_Orderperm102_Layerall.json;D:\HTC\avboit\The-Forge\LocalVisualResults\P2_6T_ReverseZDepth_20260628T164524Z\direction_matrix\dx12\DX12_Mode0_1920x1080_Frame60_dbeb4094_Scenethree_layer_Casethree_a020_060_080_Orderperm102_Layerall.png"	"D:\HTC\avboit\The-Forge\LocalVisualResults\P2_6T_ReverseZDepth_20260628T164524Z\direction_matrix\dx12\dx12_dir_mode0_three_a020_060_080_perm102.stdout.txt"	"D:\HTC\avboit\The-Forge\LocalVisualResults\P2_6T_ReverseZDepth_20260628T164524Z\direction_matrix\dx12\dx12_dir_mode0_three_a020_060_080_perm102.stderr.txt"
"dx12_dir_three_three_a020_060_080_perm102_legacy"	"direction-matrix"	"APP_EXITED_NONZERO"	"True"	"176424"	""	"1886"	"D:\HTC\avboit\The-Forge\Examples_3\Unit_Tests\PC Visual Studio 2019\x64\Release\15_Transparency\15_Transparency.exe --d3d12 --transparency-mode=5 --avboit-auto-capture --avboit-capture-hide-ui --avboit-capture-frame=60 --avboit-fixed-delta=0.0166666667 --avboit-random-seed=1337 --avboit-output-dir=D:\HTC\avboit\The-Forge\LocalVisualResults\P2_6T_ReverseZDepth_20260628T164524Z\direction_matrix\dx12 --avboit-commit-sha=dbeb4094 --avboit-multiplier=1.0 --avboit-debug-view=0 --avboit-test-scene=three_layer --avboit-test-case=three_a020_060_080 --avboit-submit-order=perm102 --avboit-depth-mapping=reverse_correct --avboit-transmittance-direction=legacy --avboit-dual-direction-diagnostic --avboit-bootstrap-log-dir=D:\HTC\avboit\The-Forge\LocalVisualResults\P2_6T_ReverseZDepth_20260628T164524Z\direction_matrix\dx12\bootstrap"	"1"	"1"	"0"	"D:\HTC\avboit\The-Forge\LocalVisualResults\P2_6T_ReverseZDepth_20260628T164524Z\direction_matrix\dx12\dx12_dir_three_three_a020_060_080_perm102_legacy.stderr.txt;D:\HTC\avboit\The-Forge\LocalVisualResults\P2_6T_ReverseZDepth_20260628T164524Z\direction_matrix\dx12\dx12_dir_three_three_a020_060_080_perm102_legacy.stdout.txt;D:\HTC\avboit\The-Forge\LocalVisualResults\P2_6T_ReverseZDepth_20260628T164524Z\direction_matrix\dx12\DX12_Mode5_1920x1080_Debug0_Dirlegacy_Depthreverse_correct_Mul1.0_Frame60_dbeb4094_Scenethree_layer_Casethree_a020_060_080_Orderperm102_Layerall.json;D:\HTC\avboit\The-Forge\LocalVisualResults\P2_6T_ReverseZDepth_20260628T164524Z\direction_matrix\dx12\DX12_Mode5_1920x1080_Debug0_Dirlegacy_Depthreverse_correct_Mul1.0_Frame60_dbeb4094_Scenethree_layer_Casethree_a020_060_080_Orderperm102_Layerall.png"	"D:\HTC\avboit\The-Forge\LocalVisualResults\P2_6T_ReverseZDepth_20260628T164524Z\direction_matrix\dx12\dx12_dir_three_three_a020_060_080_perm102_legacy.stdout.txt"	"D:\HTC\avboit\The-Forge\LocalVisualResults\P2_6T_ReverseZDepth_20260628T164524Z\direction_matrix\dx12\dx12_dir_three_three_a020_060_080_perm102_legacy.stderr.txt"
"dx12_dir_three_three_a020_060_080_perm102_front"	"direction-matrix"	"APP_EXITED_NONZERO"	"True"	"176496"	""	"1854"	"D:\HTC\avboit\The-Forge\Examples_3\Unit_Tests\PC Visual Studio 2019\x64\Release\15_Transparency\15_Transparency.exe --d3d12 --transparency-mode=5 --avboit-auto-capture --avboit-capture-hide-ui --avboit-capture-frame=60 --avboit-fixed-delta=0.0166666667 --avboit-random-seed=1337 --avboit-output-dir=D:\HTC\avboit\The-Forge\LocalVisualResults\P2_6T_ReverseZDepth_20260628T164524Z\direction_matrix\dx12 --avboit-commit-sha=dbeb4094 --avboit-multiplier=1.0 --avboit-debug-view=0 --avboit-test-scene=three_layer --avboit-test-case=three_a020_060_080 --avboit-submit-order=perm102 --avboit-depth-mapping=reverse_correct --avboit-transmittance-direction=front --avboit-dual-direction-diagnostic --avboit-bootstrap-log-dir=D:\HTC\avboit\The-Forge\LocalVisualResults\P2_6T_ReverseZDepth_20260628T164524Z\direction_matrix\dx12\bootstrap"	"1"	"1"	"0"	"D:\HTC\avboit\The-Forge\LocalVisualResults\P2_6T_ReverseZDepth_20260628T164524Z\direction_matrix\dx12\dx12_dir_three_three_a020_060_080_perm102_front.stderr.txt;D:\HTC\avboit\The-Forge\LocalVisualResults\P2_6T_ReverseZDepth_20260628T164524Z\direction_matrix\dx12\dx12_dir_three_three_a020_060_080_perm102_front.stdout.txt;D:\HTC\avboit\The-Forge\LocalVisualResults\P2_6T_ReverseZDepth_20260628T164524Z\direction_matrix\dx12\DX12_Mode5_1920x1080_Debug0_Dirfront_Depthreverse_correct_Mul1.0_Frame60_dbeb4094_Scenethree_layer_Casethree_a020_060_080_Orderperm102_Layerall.json;D:\HTC\avboit\The-Forge\LocalVisualResults\P2_6T_ReverseZDepth_20260628T164524Z\direction_matrix\dx12\DX12_Mode5_1920x1080_Debug0_Dirfront_Depthreverse_correct_Mul1.0_Frame60_dbeb4094_Scenethree_layer_Casethree_a020_060_080_Orderperm102_Layerall.png"	"D:\HTC\avboit\The-Forge\LocalVisualResults\P2_6T_ReverseZDepth_20260628T164524Z\direction_matrix\dx12\dx12_dir_three_three_a020_060_080_perm102_front.stdout.txt"	"D:\HTC\avboit\The-Forge\LocalVisualResults\P2_6T_ReverseZDepth_20260628T164524Z\direction_matrix\dx12\dx12_dir_three_three_a020_060_080_perm102_front.stderr.txt"
"dx12_dir_mode0_three_a020_060_080_perm120"	"direction-matrix"	"APP_EXITED_NONZERO"	"True"	"178420"	""	"1857"	"D:\HTC\avboit\The-Forge\Examples_3\Unit_Tests\PC Visual Studio 2019\x64\Release\15_Transparency\15_Transparency.exe --d3d12 --transparency-mode=0 --avboit-auto-capture --avboit-capture-hide-ui --avboit-capture-frame=60 --avboit-fixed-delta=0.0166666667 --avboit-random-seed=1337 --avboit-output-dir=D:\HTC\avboit\The-Forge\LocalVisualResults\P2_6T_ReverseZDepth_20260628T164524Z\direction_matrix\dx12 --avboit-commit-sha=dbeb4094 --avboit-multiplier=1.0 --avboit-test-scene=three_layer --avboit-test-case=three_a020_060_080 --avboit-submit-order=perm120 --avboit-bootstrap-log-dir=D:\HTC\avboit\The-Forge\LocalVisualResults\P2_6T_ReverseZDepth_20260628T164524Z\direction_matrix\dx12\bootstrap"	"1"	"1"	"0"	"D:\HTC\avboit\The-Forge\LocalVisualResults\P2_6T_ReverseZDepth_20260628T164524Z\direction_matrix\dx12\dx12_dir_mode0_three_a020_060_080_perm120.stderr.txt;D:\HTC\avboit\The-Forge\LocalVisualResults\P2_6T_ReverseZDepth_20260628T164524Z\direction_matrix\dx12\dx12_dir_mode0_three_a020_060_080_perm120.stdout.txt;D:\HTC\avboit\The-Forge\LocalVisualResults\P2_6T_ReverseZDepth_20260628T164524Z\direction_matrix\dx12\DX12_Mode0_1920x1080_Frame60_dbeb4094_Scenethree_layer_Casethree_a020_060_080_Orderperm120_Layerall.json;D:\HTC\avboit\The-Forge\LocalVisualResults\P2_6T_ReverseZDepth_20260628T164524Z\direction_matrix\dx12\DX12_Mode0_1920x1080_Frame60_dbeb4094_Scenethree_layer_Casethree_a020_060_080_Orderperm120_Layerall.png"	"D:\HTC\avboit\The-Forge\LocalVisualResults\P2_6T_ReverseZDepth_20260628T164524Z\direction_matrix\dx12\dx12_dir_mode0_three_a020_060_080_perm120.stdout.txt"	"D:\HTC\avboit\The-Forge\LocalVisualResults\P2_6T_ReverseZDepth_20260628T164524Z\direction_matrix\dx12\dx12_dir_mode0_three_a020_060_080_perm120.stderr.txt"
"dx12_dir_three_three_a020_060_080_perm120_legacy"	"direction-matrix"	"APP_EXITED_NONZERO"	"True"	"178608"	""	"1801"	"D:\HTC\avboit\The-Forge\Examples_3\Unit_Tests\PC Visual Studio 2019\x64\Release\15_Transparency\15_Transparency.exe --d3d12 --transparency-mode=5 --avboit-auto-capture --avboit-capture-hide-ui --avboit-capture-frame=60 --avboit-fixed-delta=0.0166666667 --avboit-random-seed=1337 --avboit-output-dir=D:\HTC\avboit\The-Forge\LocalVisualResults\P2_6T_ReverseZDepth_20260628T164524Z\direction_matrix\dx12 --avboit-commit-sha=dbeb4094 --avboit-multiplier=1.0 --avboit-debug-view=0 --avboit-test-scene=three_layer --avboit-test-case=three_a020_060_080 --avboit-submit-order=perm120 --avboit-depth-mapping=reverse_correct --avboit-transmittance-direction=legacy --avboit-dual-direction-diagnostic --avboit-bootstrap-log-dir=D:\HTC\avboit\The-Forge\LocalVisualResults\P2_6T_ReverseZDepth_20260628T164524Z\direction_matrix\dx12\bootstrap"	"1"	"1"	"0"	"D:\HTC\avboit\The-Forge\LocalVisualResults\P2_6T_ReverseZDepth_20260628T164524Z\direction_matrix\dx12\dx12_dir_three_three_a020_060_080_perm120_legacy.stderr.txt;D:\HTC\avboit\The-Forge\LocalVisualResults\P2_6T_ReverseZDepth_20260628T164524Z\direction_matrix\dx12\dx12_dir_three_three_a020_060_080_perm120_legacy.stdout.txt;D:\HTC\avboit\The-Forge\LocalVisualResults\P2_6T_ReverseZDepth_20260628T164524Z\direction_matrix\dx12\DX12_Mode5_1920x1080_Debug0_Dirlegacy_Depthreverse_correct_Mul1.0_Frame60_dbeb4094_Scenethree_layer_Casethree_a020_060_080_Orderperm120_Layerall.json;D:\HTC\avboit\The-Forge\LocalVisualResults\P2_6T_ReverseZDepth_20260628T164524Z\direction_matrix\dx12\DX12_Mode5_1920x1080_Debug0_Dirlegacy_Depthreverse_correct_Mul1.0_Frame60_dbeb4094_Scenethree_layer_Casethree_a020_060_080_Orderperm120_Layerall.png"	"D:\HTC\avboit\The-Forge\LocalVisualResults\P2_6T_ReverseZDepth_20260628T164524Z\direction_matrix\dx12\dx12_dir_three_three_a020_060_080_perm120_legacy.stdout.txt"	"D:\HTC\avboit\The-Forge\LocalVisualResults\P2_6T_ReverseZDepth_20260628T164524Z\direction_matrix\dx12\dx12_dir_three_three_a020_060_080_perm120_legacy.stderr.txt"
"dx12_dir_three_three_a020_060_080_perm120_front"	"direction-matrix"	"APP_EXITED_NONZERO"	"True"	"174808"	""	"1821"	"D:\HTC\avboit\The-Forge\Examples_3\Unit_Tests\PC Visual Studio 2019\x64\Release\15_Transparency\15_Transparency.exe --d3d12 --transparency-mode=5 --avboit-auto-capture --avboit-capture-hide-ui --avboit-capture-frame=60 --avboit-fixed-delta=0.0166666667 --avboit-random-seed=1337 --avboit-output-dir=D:\HTC\avboit\The-Forge\LocalVisualResults\P2_6T_ReverseZDepth_20260628T164524Z\direction_matrix\dx12 --avboit-commit-sha=dbeb4094 --avboit-multiplier=1.0 --avboit-debug-view=0 --avboit-test-scene=three_layer --avboit-test-case=three_a020_060_080 --avboit-submit-order=perm120 --avboit-depth-mapping=reverse_correct --avboit-transmittance-direction=front --avboit-dual-direction-diagnostic --avboit-bootstrap-log-dir=D:\HTC\avboit\The-Forge\LocalVisualResults\P2_6T_ReverseZDepth_20260628T164524Z\direction_matrix\dx12\bootstrap"	"1"	"1"	"0"	"D:\HTC\avboit\The-Forge\LocalVisualResults\P2_6T_ReverseZDepth_20260628T164524Z\direction_matrix\dx12\dx12_dir_three_three_a020_060_080_perm120_front.stderr.txt;D:\HTC\avboit\The-Forge\LocalVisualResults\P2_6T_ReverseZDepth_20260628T164524Z\direction_matrix\dx12\dx12_dir_three_three_a020_060_080_perm120_front.stdout.txt;D:\HTC\avboit\The-Forge\LocalVisualResults\P2_6T_ReverseZDepth_20260628T164524Z\direction_matrix\dx12\DX12_Mode5_1920x1080_Debug0_Dirfront_Depthreverse_correct_Mul1.0_Frame60_dbeb4094_Scenethree_layer_Casethree_a020_060_080_Orderperm120_Layerall.json;D:\HTC\avboit\The-Forge\LocalVisualResults\P2_6T_ReverseZDepth_20260628T164524Z\direction_matrix\dx12\DX12_Mode5_1920x1080_Debug0_Dirfront_Depthreverse_correct_Mul1.0_Frame60_dbeb4094_Scenethree_layer_Casethree_a020_060_080_Orderperm120_Layerall.png"	"D:\HTC\avboit\The-Forge\LocalVisualResults\P2_6T_ReverseZDepth_20260628T164524Z\direction_matrix\dx12\dx12_dir_three_three_a020_060_080_perm120_front.stdout.txt"	"D:\HTC\avboit\The-Forge\LocalVisualResults\P2_6T_ReverseZDepth_20260628T164524Z\direction_matrix\dx12\dx12_dir_three_three_a020_060_080_perm120_front.stderr.txt"
"dx12_dir_mode0_three_a020_060_080_perm201"	"direction-matrix"	"APP_EXITED_NONZERO"	"True"	"175736"	""	"1833"	"D:\HTC\avboit\The-Forge\Examples_3\Unit_Tests\PC Visual Studio 2019\x64\Release\15_Transparency\15_Transparency.exe --d3d12 --transparency-mode=0 --avboit-auto-capture --avboit-capture-hide-ui --avboit-capture-frame=60 --avboit-fixed-delta=0.0166666667 --avboit-random-seed=1337 --avboit-output-dir=D:\HTC\avboit\The-Forge\LocalVisualResults\P2_6T_ReverseZDepth_20260628T164524Z\direction_matrix\dx12 --avboit-commit-sha=dbeb4094 --avboit-multiplier=1.0 --avboit-test-scene=three_layer --avboit-test-case=three_a020_060_080 --avboit-submit-order=perm201 --avboit-bootstrap-log-dir=D:\HTC\avboit\The-Forge\LocalVisualResults\P2_6T_ReverseZDepth_20260628T164524Z\direction_matrix\dx12\bootstrap"	"1"	"1"	"0"	"D:\HTC\avboit\The-Forge\LocalVisualResults\P2_6T_ReverseZDepth_20260628T164524Z\direction_matrix\dx12\dx12_dir_mode0_three_a020_060_080_perm201.stderr.txt;D:\HTC\avboit\The-Forge\LocalVisualResults\P2_6T_ReverseZDepth_20260628T164524Z\direction_matrix\dx12\dx12_dir_mode0_three_a020_060_080_perm201.stdout.txt;D:\HTC\avboit\The-Forge\LocalVisualResults\P2_6T_ReverseZDepth_20260628T164524Z\direction_matrix\dx12\DX12_Mode0_1920x1080_Frame60_dbeb4094_Scenethree_layer_Casethree_a020_060_080_Orderperm201_Layerall.json;D:\HTC\avboit\The-Forge\LocalVisualResults\P2_6T_ReverseZDepth_20260628T164524Z\direction_matrix\dx12\DX12_Mode0_1920x1080_Frame60_dbeb4094_Scenethree_layer_Casethree_a020_060_080_Orderperm201_Layerall.png"	"D:\HTC\avboit\The-Forge\LocalVisualResults\P2_6T_ReverseZDepth_20260628T164524Z\direction_matrix\dx12\dx12_dir_mode0_three_a020_060_080_perm201.stdout.txt"	"D:\HTC\avboit\The-Forge\LocalVisualResults\P2_6T_ReverseZDepth_20260628T164524Z\direction_matrix\dx12\dx12_dir_mode0_three_a020_060_080_perm201.stderr.txt"
"dx12_dir_three_three_a020_060_080_perm201_legacy"	"direction-matrix"	"APP_EXITED_NONZERO"	"True"	"175276"	""	"1846"	"D:\HTC\avboit\The-Forge\Examples_3\Unit_Tests\PC Visual Studio 2019\x64\Release\15_Transparency\15_Transparency.exe --d3d12 --transparency-mode=5 --avboit-auto-capture --avboit-capture-hide-ui --avboit-capture-frame=60 --avboit-fixed-delta=0.0166666667 --avboit-random-seed=1337 --avboit-output-dir=D:\HTC\avboit\The-Forge\LocalVisualResults\P2_6T_ReverseZDepth_20260628T164524Z\direction_matrix\dx12 --avboit-commit-sha=dbeb4094 --avboit-multiplier=1.0 --avboit-debug-view=0 --avboit-test-scene=three_layer --avboit-test-case=three_a020_060_080 --avboit-submit-order=perm201 --avboit-depth-mapping=reverse_correct --avboit-transmittance-direction=legacy --avboit-dual-direction-diagnostic --avboit-bootstrap-log-dir=D:\HTC\avboit\The-Forge\LocalVisualResults\P2_6T_ReverseZDepth_20260628T164524Z\direction_matrix\dx12\bootstrap"	"1"	"1"	"0"	"D:\HTC\avboit\The-Forge\LocalVisualResults\P2_6T_ReverseZDepth_20260628T164524Z\direction_matrix\dx12\dx12_dir_three_three_a020_060_080_perm201_legacy.stderr.txt;D:\HTC\avboit\The-Forge\LocalVisualResults\P2_6T_ReverseZDepth_20260628T164524Z\direction_matrix\dx12\dx12_dir_three_three_a020_060_080_perm201_legacy.stdout.txt;D:\HTC\avboit\The-Forge\LocalVisualResults\P2_6T_ReverseZDepth_20260628T164524Z\direction_matrix\dx12\DX12_Mode5_1920x1080_Debug0_Dirlegacy_Depthreverse_correct_Mul1.0_Frame60_dbeb4094_Scenethree_layer_Casethree_a020_060_080_Orderperm201_Layerall.json;D:\HTC\avboit\The-Forge\LocalVisualResults\P2_6T_ReverseZDepth_20260628T164524Z\direction_matrix\dx12\DX12_Mode5_1920x1080_Debug0_Dirlegacy_Depthreverse_correct_Mul1.0_Frame60_dbeb4094_Scenethree_layer_Casethree_a020_060_080_Orderperm201_Layerall.png"	"D:\HTC\avboit\The-Forge\LocalVisualResults\P2_6T_ReverseZDepth_20260628T164524Z\direction_matrix\dx12\dx12_dir_three_three_a020_060_080_perm201_legacy.stdout.txt"	"D:\HTC\avboit\The-Forge\LocalVisualResults\P2_6T_ReverseZDepth_20260628T164524Z\direction_matrix\dx12\dx12_dir_three_three_a020_060_080_perm201_legacy.stderr.txt"
"dx12_dir_three_three_a020_060_080_perm201_front"	"direction-matrix"	"APP_EXITED_NONZERO"	"True"	"179620"	""	"1826"	"D:\HTC\avboit\The-Forge\Examples_3\Unit_Tests\PC Visual Studio 2019\x64\Release\15_Transparency\15_Transparency.exe --d3d12 --transparency-mode=5 --avboit-auto-capture --avboit-capture-hide-ui --avboit-capture-frame=60 --avboit-fixed-delta=0.0166666667 --avboit-random-seed=1337 --avboit-output-dir=D:\HTC\avboit\The-Forge\LocalVisualResults\P2_6T_ReverseZDepth_20260628T164524Z\direction_matrix\dx12 --avboit-commit-sha=dbeb4094 --avboit-multiplier=1.0 --avboit-debug-view=0 --avboit-test-scene=three_layer --avboit-test-case=three_a020_060_080 --avboit-submit-order=perm201 --avboit-depth-mapping=reverse_correct --avboit-transmittance-direction=front --avboit-dual-direction-diagnostic --avboit-bootstrap-log-dir=D:\HTC\avboit\The-Forge\LocalVisualResults\P2_6T_ReverseZDepth_20260628T164524Z\direction_matrix\dx12\bootstrap"	"1"	"1"	"0"	"D:\HTC\avboit\The-Forge\LocalVisualResults\P2_6T_ReverseZDepth_20260628T164524Z\direction_matrix\dx12\dx12_dir_three_three_a020_060_080_perm201_front.stderr.txt;D:\HTC\avboit\The-Forge\LocalVisualResults\P2_6T_ReverseZDepth_20260628T164524Z\direction_matrix\dx12\dx12_dir_three_three_a020_060_080_perm201_front.stdout.txt;D:\HTC\avboit\The-Forge\LocalVisualResults\P2_6T_ReverseZDepth_20260628T164524Z\direction_matrix\dx12\DX12_Mode5_1920x1080_Debug0_Dirfront_Depthreverse_correct_Mul1.0_Frame60_dbeb4094_Scenethree_layer_Casethree_a020_060_080_Orderperm201_Layerall.json;D:\HTC\avboit\The-Forge\LocalVisualResults\P2_6T_ReverseZDepth_20260628T164524Z\direction_matrix\dx12\DX12_Mode5_1920x1080_Debug0_Dirfront_Depthreverse_correct_Mul1.0_Frame60_dbeb4094_Scenethree_layer_Casethree_a020_060_080_Orderperm201_Layerall.png"	"D:\HTC\avboit\The-Forge\LocalVisualResults\P2_6T_ReverseZDepth_20260628T164524Z\direction_matrix\dx12\dx12_dir_three_three_a020_060_080_perm201_front.stdout.txt"	"D:\HTC\avboit\The-Forge\LocalVisualResults\P2_6T_ReverseZDepth_20260628T164524Z\direction_matrix\dx12\dx12_dir_three_three_a020_060_080_perm201_front.stderr.txt"
"dx12_dir_mode0_three_a020_060_080_perm210"	"direction-matrix"	"APP_EXITED_NONZERO"	"True"	"179460"	""	"1842"	"D:\HTC\avboit\The-Forge\Examples_3\Unit_Tests\PC Visual Studio 2019\x64\Release\15_Transparency\15_Transparency.exe --d3d12 --transparency-mode=0 --avboit-auto-capture --avboit-capture-hide-ui --avboit-capture-frame=60 --avboit-fixed-delta=0.0166666667 --avboit-random-seed=1337 --avboit-output-dir=D:\HTC\avboit\The-Forge\LocalVisualResults\P2_6T_ReverseZDepth_20260628T164524Z\direction_matrix\dx12 --avboit-commit-sha=dbeb4094 --avboit-multiplier=1.0 --avboit-test-scene=three_layer --avboit-test-case=three_a020_060_080 --avboit-submit-order=perm210 --avboit-bootstrap-log-dir=D:\HTC\avboit\The-Forge\LocalVisualResults\P2_6T_ReverseZDepth_20260628T164524Z\direction_matrix\dx12\bootstrap"	"1"	"1"	"0"	"D:\HTC\avboit\The-Forge\LocalVisualResults\P2_6T_ReverseZDepth_20260628T164524Z\direction_matrix\dx12\dx12_dir_mode0_three_a020_060_080_perm210.stderr.txt;D:\HTC\avboit\The-Forge\LocalVisualResults\P2_6T_ReverseZDepth_20260628T164524Z\direction_matrix\dx12\dx12_dir_mode0_three_a020_060_080_perm210.stdout.txt;D:\HTC\avboit\The-Forge\LocalVisualResults\P2_6T_ReverseZDepth_20260628T164524Z\direction_matrix\dx12\DX12_Mode0_1920x1080_Frame60_dbeb4094_Scenethree_layer_Casethree_a020_060_080_Orderperm210_Layerall.json;D:\HTC\avboit\The-Forge\LocalVisualResults\P2_6T_ReverseZDepth_20260628T164524Z\direction_matrix\dx12\DX12_Mode0_1920x1080_Frame60_dbeb4094_Scenethree_layer_Casethree_a020_060_080_Orderperm210_Layerall.png"	"D:\HTC\avboit\The-Forge\LocalVisualResults\P2_6T_ReverseZDepth_20260628T164524Z\direction_matrix\dx12\dx12_dir_mode0_three_a020_060_080_perm210.stdout.txt"	"D:\HTC\avboit\The-Forge\LocalVisualResults\P2_6T_ReverseZDepth_20260628T164524Z\direction_matrix\dx12\dx12_dir_mode0_three_a020_060_080_perm210.stderr.txt"
"dx12_dir_three_three_a020_060_080_perm210_legacy"	"direction-matrix"	"APP_EXITED_NONZERO"	"True"	"177960"	""	"1849"	"D:\HTC\avboit\The-Forge\Examples_3\Unit_Tests\PC Visual Studio 2019\x64\Release\15_Transparency\15_Transparency.exe --d3d12 --transparency-mode=5 --avboit-auto-capture --avboit-capture-hide-ui --avboit-capture-frame=60 --avboit-fixed-delta=0.0166666667 --avboit-random-seed=1337 --avboit-output-dir=D:\HTC\avboit\The-Forge\LocalVisualResults\P2_6T_ReverseZDepth_20260628T164524Z\direction_matrix\dx12 --avboit-commit-sha=dbeb4094 --avboit-multiplier=1.0 --avboit-debug-view=0 --avboit-test-scene=three_layer --avboit-test-case=three_a020_060_080 --avboit-submit-order=perm210 --avboit-depth-mapping=reverse_correct --avboit-transmittance-direction=legacy --avboit-dual-direction-diagnostic --avboit-bootstrap-log-dir=D:\HTC\avboit\The-Forge\LocalVisualResults\P2_6T_ReverseZDepth_20260628T164524Z\direction_matrix\dx12\bootstrap"	"1"	"1"	"0"	"D:\HTC\avboit\The-Forge\LocalVisualResults\P2_6T_ReverseZDepth_20260628T164524Z\direction_matrix\dx12\dx12_dir_three_three_a020_060_080_perm210_legacy.stderr.txt;D:\HTC\avboit\The-Forge\LocalVisualResults\P2_6T_ReverseZDepth_20260628T164524Z\direction_matrix\dx12\dx12_dir_three_three_a020_060_080_perm210_legacy.stdout.txt;D:\HTC\avboit\The-Forge\LocalVisualResults\P2_6T_ReverseZDepth_20260628T164524Z\direction_matrix\dx12\DX12_Mode5_1920x1080_Debug0_Dirlegacy_Depthreverse_correct_Mul1.0_Frame60_dbeb4094_Scenethree_layer_Casethree_a020_060_080_Orderperm210_Layerall.json;D:\HTC\avboit\The-Forge\LocalVisualResults\P2_6T_ReverseZDepth_20260628T164524Z\direction_matrix\dx12\DX12_Mode5_1920x1080_Debug0_Dirlegacy_Depthreverse_correct_Mul1.0_Frame60_dbeb4094_Scenethree_layer_Casethree_a020_060_080_Orderperm210_Layerall.png"	"D:\HTC\avboit\The-Forge\LocalVisualResults\P2_6T_ReverseZDepth_20260628T164524Z\direction_matrix\dx12\dx12_dir_three_three_a020_060_080_perm210_legacy.stdout.txt"	"D:\HTC\avboit\The-Forge\LocalVisualResults\P2_6T_ReverseZDepth_20260628T164524Z\direction_matrix\dx12\dx12_dir_three_three_a020_060_080_perm210_legacy.stderr.txt"
"dx12_dir_three_three_a020_060_080_perm210_front"	"direction-matrix"	"APP_EXITED_NONZERO"	"True"	"176024"	""	"1891"	"D:\HTC\avboit\The-Forge\Examples_3\Unit_Tests\PC Visual Studio 2019\x64\Release\15_Transparency\15_Transparency.exe --d3d12 --transparency-mode=5 --avboit-auto-capture --avboit-capture-hide-ui --avboit-capture-frame=60 --avboit-fixed-delta=0.0166666667 --avboit-random-seed=1337 --avboit-output-dir=D:\HTC\avboit\The-Forge\LocalVisualResults\P2_6T_ReverseZDepth_20260628T164524Z\direction_matrix\dx12 --avboit-commit-sha=dbeb4094 --avboit-multiplier=1.0 --avboit-debug-view=0 --avboit-test-scene=three_layer --avboit-test-case=three_a020_060_080 --avboit-submit-order=perm210 --avboit-depth-mapping=reverse_correct --avboit-transmittance-direction=front --avboit-dual-direction-diagnostic --avboit-bootstrap-log-dir=D:\HTC\avboit\The-Forge\LocalVisualResults\P2_6T_ReverseZDepth_20260628T164524Z\direction_matrix\dx12\bootstrap"	"1"	"1"	"0"	"D:\HTC\avboit\The-Forge\LocalVisualResults\P2_6T_ReverseZDepth_20260628T164524Z\direction_matrix\dx12\dx12_dir_three_three_a020_060_080_perm210_front.stderr.txt;D:\HTC\avboit\The-Forge\LocalVisualResults\P2_6T_ReverseZDepth_20260628T164524Z\direction_matrix\dx12\dx12_dir_three_three_a020_060_080_perm210_front.stdout.txt;D:\HTC\avboit\The-Forge\LocalVisualResults\P2_6T_ReverseZDepth_20260628T164524Z\direction_matrix\dx12\DX12_Mode5_1920x1080_Debug0_Dirfront_Depthreverse_correct_Mul1.0_Frame60_dbeb4094_Scenethree_layer_Casethree_a020_060_080_Orderperm210_Layerall.json;D:\HTC\avboit\The-Forge\LocalVisualResults\P2_6T_ReverseZDepth_20260628T164524Z\direction_matrix\dx12\DX12_Mode5_1920x1080_Debug0_Dirfront_Depthreverse_correct_Mul1.0_Frame60_dbeb4094_Scenethree_layer_Casethree_a020_060_080_Orderperm210_Layerall.png"	"D:\HTC\avboit\The-Forge\LocalVisualResults\P2_6T_ReverseZDepth_20260628T164524Z\direction_matrix\dx12\dx12_dir_three_three_a020_060_080_perm210_front.stdout.txt"	"D:\HTC\avboit\The-Forge\LocalVisualResults\P2_6T_ReverseZDepth_20260628T164524Z\direction_matrix\dx12\dx12_dir_three_three_a020_060_080_perm210_front.stderr.txt"
"dx12_dir_mode0_three_a090_020_040_perm012"	"direction-matrix"	"APP_EXITED_NONZERO"	"True"	"179836"	""	"1841"	"D:\HTC\avboit\The-Forge\Examples_3\Unit_Tests\PC Visual Studio 2019\x64\Release\15_Transparency\15_Transparency.exe --d3d12 --transparency-mode=0 --avboit-auto-capture --avboit-capture-hide-ui --avboit-capture-frame=60 --avboit-fixed-delta=0.0166666667 --avboit-random-seed=1337 --avboit-output-dir=D:\HTC\avboit\The-Forge\LocalVisualResults\P2_6T_ReverseZDepth_20260628T164524Z\direction_matrix\dx12 --avboit-commit-sha=dbeb4094 --avboit-multiplier=1.0 --avboit-test-scene=three_layer --avboit-test-case=three_a090_020_040 --avboit-submit-order=perm012 --avboit-bootstrap-log-dir=D:\HTC\avboit\The-Forge\LocalVisualResults\P2_6T_ReverseZDepth_20260628T164524Z\direction_matrix\dx12\bootstrap"	"1"	"1"	"0"	"D:\HTC\avboit\The-Forge\LocalVisualResults\P2_6T_ReverseZDepth_20260628T164524Z\direction_matrix\dx12\dx12_dir_mode0_three_a090_020_040_perm012.stderr.txt;D:\HTC\avboit\The-Forge\LocalVisualResults\P2_6T_ReverseZDepth_20260628T164524Z\direction_matrix\dx12\dx12_dir_mode0_three_a090_020_040_perm012.stdout.txt;D:\HTC\avboit\The-Forge\LocalVisualResults\P2_6T_ReverseZDepth_20260628T164524Z\direction_matrix\dx12\DX12_Mode0_1920x1080_Frame60_dbeb4094_Scenethree_layer_Casethree_a090_020_040_Orderperm012_Layerall.json;D:\HTC\avboit\The-Forge\LocalVisualResults\P2_6T_ReverseZDepth_20260628T164524Z\direction_matrix\dx12\DX12_Mode0_1920x1080_Frame60_dbeb4094_Scenethree_layer_Casethree_a090_020_040_Orderperm012_Layerall.png"	"D:\HTC\avboit\The-Forge\LocalVisualResults\P2_6T_ReverseZDepth_20260628T164524Z\direction_matrix\dx12\dx12_dir_mode0_three_a090_020_040_perm012.stdout.txt"	"D:\HTC\avboit\The-Forge\LocalVisualResults\P2_6T_ReverseZDepth_20260628T164524Z\direction_matrix\dx12\dx12_dir_mode0_three_a090_020_040_perm012.stderr.txt"
"dx12_dir_three_three_a090_020_040_perm012_legacy"	"direction-matrix"	"APP_EXITED_NONZERO"	"True"	"178692"	""	"1858"	"D:\HTC\avboit\The-Forge\Examples_3\Unit_Tests\PC Visual Studio 2019\x64\Release\15_Transparency\15_Transparency.exe --d3d12 --transparency-mode=5 --avboit-auto-capture --avboit-capture-hide-ui --avboit-capture-frame=60 --avboit-fixed-delta=0.0166666667 --avboit-random-seed=1337 --avboit-output-dir=D:\HTC\avboit\The-Forge\LocalVisualResults\P2_6T_ReverseZDepth_20260628T164524Z\direction_matrix\dx12 --avboit-commit-sha=dbeb4094 --avboit-multiplier=1.0 --avboit-debug-view=0 --avboit-test-scene=three_layer --avboit-test-case=three_a090_020_040 --avboit-submit-order=perm012 --avboit-depth-mapping=reverse_correct --avboit-transmittance-direction=legacy --avboit-dual-direction-diagnostic --avboit-bootstrap-log-dir=D:\HTC\avboit\The-Forge\LocalVisualResults\P2_6T_ReverseZDepth_20260628T164524Z\direction_matrix\dx12\bootstrap"	"1"	"1"	"0"	"D:\HTC\avboit\The-Forge\LocalVisualResults\P2_6T_ReverseZDepth_20260628T164524Z\direction_matrix\dx12\dx12_dir_three_three_a090_020_040_perm012_legacy.stderr.txt;D:\HTC\avboit\The-Forge\LocalVisualResults\P2_6T_ReverseZDepth_20260628T164524Z\direction_matrix\dx12\dx12_dir_three_three_a090_020_040_perm012_legacy.stdout.txt;D:\HTC\avboit\The-Forge\LocalVisualResults\P2_6T_ReverseZDepth_20260628T164524Z\direction_matrix\dx12\DX12_Mode5_1920x1080_Debug0_Dirlegacy_Depthreverse_correct_Mul1.0_Frame60_dbeb4094_Scenethree_layer_Casethree_a090_020_040_Orderperm012_Layerall.json;D:\HTC\avboit\The-Forge\LocalVisualResults\P2_6T_ReverseZDepth_20260628T164524Z\direction_matrix\dx12\DX12_Mode5_1920x1080_Debug0_Dirlegacy_Depthreverse_correct_Mul1.0_Frame60_dbeb4094_Scenethree_layer_Casethree_a090_020_040_Orderperm012_Layerall.png"	"D:\HTC\avboit\The-Forge\LocalVisualResults\P2_6T_ReverseZDepth_20260628T164524Z\direction_matrix\dx12\dx12_dir_three_three_a090_020_040_perm012_legacy.stdout.txt"	"D:\HTC\avboit\The-Forge\LocalVisualResults\P2_6T_ReverseZDepth_20260628T164524Z\direction_matrix\dx12\dx12_dir_three_three_a090_020_040_perm012_legacy.stderr.txt"
"dx12_dir_three_three_a090_020_040_perm012_front"	"direction-matrix"	"APP_EXITED_NONZERO"	"True"	"172544"	""	"1871"	"D:\HTC\avboit\The-Forge\Examples_3\Unit_Tests\PC Visual Studio 2019\x64\Release\15_Transparency\15_Transparency.exe --d3d12 --transparency-mode=5 --avboit-auto-capture --avboit-capture-hide-ui --avboit-capture-frame=60 --avboit-fixed-delta=0.0166666667 --avboit-random-seed=1337 --avboit-output-dir=D:\HTC\avboit\The-Forge\LocalVisualResults\P2_6T_ReverseZDepth_20260628T164524Z\direction_matrix\dx12 --avboit-commit-sha=dbeb4094 --avboit-multiplier=1.0 --avboit-debug-view=0 --avboit-test-scene=three_layer --avboit-test-case=three_a090_020_040 --avboit-submit-order=perm012 --avboit-depth-mapping=reverse_correct --avboit-transmittance-direction=front --avboit-dual-direction-diagnostic --avboit-bootstrap-log-dir=D:\HTC\avboit\The-Forge\LocalVisualResults\P2_6T_ReverseZDepth_20260628T164524Z\direction_matrix\dx12\bootstrap"	"1"	"1"	"0"	"D:\HTC\avboit\The-Forge\LocalVisualResults\P2_6T_ReverseZDepth_20260628T164524Z\direction_matrix\dx12\dx12_dir_three_three_a090_020_040_perm012_front.stderr.txt;D:\HTC\avboit\The-Forge\LocalVisualResults\P2_6T_ReverseZDepth_20260628T164524Z\direction_matrix\dx12\dx12_dir_three_three_a090_020_040_perm012_front.stdout.txt;D:\HTC\avboit\The-Forge\LocalVisualResults\P2_6T_ReverseZDepth_20260628T164524Z\direction_matrix\dx12\DX12_Mode5_1920x1080_Debug0_Dirfront_Depthreverse_correct_Mul1.0_Frame60_dbeb4094_Scenethree_layer_Casethree_a090_020_040_Orderperm012_Layerall.json;D:\HTC\avboit\The-Forge\LocalVisualResults\P2_6T_ReverseZDepth_20260628T164524Z\direction_matrix\dx12\DX12_Mode5_1920x1080_Debug0_Dirfront_Depthreverse_correct_Mul1.0_Frame60_dbeb4094_Scenethree_layer_Casethree_a090_020_040_Orderperm012_Layerall.png"	"D:\HTC\avboit\The-Forge\LocalVisualResults\P2_6T_ReverseZDepth_20260628T164524Z\direction_matrix\dx12\dx12_dir_three_three_a090_020_040_perm012_front.stdout.txt"	"D:\HTC\avboit\The-Forge\LocalVisualResults\P2_6T_ReverseZDepth_20260628T164524Z\direction_matrix\dx12\dx12_dir_three_three_a090_020_040_perm012_front.stderr.txt"
"dx12_dir_mode0_three_a090_020_040_perm021"	"direction-matrix"	"APP_EXITED_NONZERO"	"True"	"162604"	""	"1859"	"D:\HTC\avboit\The-Forge\Examples_3\Unit_Tests\PC Visual Studio 2019\x64\Release\15_Transparency\15_Transparency.exe --d3d12 --transparency-mode=0 --avboit-auto-capture --avboit-capture-hide-ui --avboit-capture-frame=60 --avboit-fixed-delta=0.0166666667 --avboit-random-seed=1337 --avboit-output-dir=D:\HTC\avboit\The-Forge\LocalVisualResults\P2_6T_ReverseZDepth_20260628T164524Z\direction_matrix\dx12 --avboit-commit-sha=dbeb4094 --avboit-multiplier=1.0 --avboit-test-scene=three_layer --avboit-test-case=three_a090_020_040 --avboit-submit-order=perm021 --avboit-bootstrap-log-dir=D:\HTC\avboit\The-Forge\LocalVisualResults\P2_6T_ReverseZDepth_20260628T164524Z\direction_matrix\dx12\bootstrap"	"1"	"1"	"0"	"D:\HTC\avboit\The-Forge\LocalVisualResults\P2_6T_ReverseZDepth_20260628T164524Z\direction_matrix\dx12\dx12_dir_mode0_three_a090_020_040_perm021.stderr.txt;D:\HTC\avboit\The-Forge\LocalVisualResults\P2_6T_ReverseZDepth_20260628T164524Z\direction_matrix\dx12\dx12_dir_mode0_three_a090_020_040_perm021.stdout.txt;D:\HTC\avboit\The-Forge\LocalVisualResults\P2_6T_ReverseZDepth_20260628T164524Z\direction_matrix\dx12\DX12_Mode0_1920x1080_Frame60_dbeb4094_Scenethree_layer_Casethree_a090_020_040_Orderperm021_Layerall.json;D:\HTC\avboit\The-Forge\LocalVisualResults\P2_6T_ReverseZDepth_20260628T164524Z\direction_matrix\dx12\DX12_Mode0_1920x1080_Frame60_dbeb4094_Scenethree_layer_Casethree_a090_020_040_Orderperm021_Layerall.png"	"D:\HTC\avboit\The-Forge\LocalVisualResults\P2_6T_ReverseZDepth_20260628T164524Z\direction_matrix\dx12\dx12_dir_mode0_three_a090_020_040_perm021.stdout.txt"	"D:\HTC\avboit\The-Forge\LocalVisualResults\P2_6T_ReverseZDepth_20260628T164524Z\direction_matrix\dx12\dx12_dir_mode0_three_a090_020_040_perm021.stderr.txt"
"dx12_dir_three_three_a090_020_040_perm021_legacy"	"direction-matrix"	"APP_EXITED_NONZERO"	"True"	"171252"	""	"1833"	"D:\HTC\avboit\The-Forge\Examples_3\Unit_Tests\PC Visual Studio 2019\x64\Release\15_Transparency\15_Transparency.exe --d3d12 --transparency-mode=5 --avboit-auto-capture --avboit-capture-hide-ui --avboit-capture-frame=60 --avboit-fixed-delta=0.0166666667 --avboit-random-seed=1337 --avboit-output-dir=D:\HTC\avboit\The-Forge\LocalVisualResults\P2_6T_ReverseZDepth_20260628T164524Z\direction_matrix\dx12 --avboit-commit-sha=dbeb4094 --avboit-multiplier=1.0 --avboit-debug-view=0 --avboit-test-scene=three_layer --avboit-test-case=three_a090_020_040 --avboit-submit-order=perm021 --avboit-depth-mapping=reverse_correct --avboit-transmittance-direction=legacy --avboit-dual-direction-diagnostic --avboit-bootstrap-log-dir=D:\HTC\avboit\The-Forge\LocalVisualResults\P2_6T_ReverseZDepth_20260628T164524Z\direction_matrix\dx12\bootstrap"	"1"	"1"	"0"	"D:\HTC\avboit\The-Forge\LocalVisualResults\P2_6T_ReverseZDepth_20260628T164524Z\direction_matrix\dx12\dx12_dir_three_three_a090_020_040_perm021_legacy.stderr.txt;D:\HTC\avboit\The-Forge\LocalVisualResults\P2_6T_ReverseZDepth_20260628T164524Z\direction_matrix\dx12\dx12_dir_three_three_a090_020_040_perm021_legacy.stdout.txt;D:\HTC\avboit\The-Forge\LocalVisualResults\P2_6T_ReverseZDepth_20260628T164524Z\direction_matrix\dx12\DX12_Mode5_1920x1080_Debug0_Dirlegacy_Depthreverse_correct_Mul1.0_Frame60_dbeb4094_Scenethree_layer_Casethree_a090_020_040_Orderperm021_Layerall.json;D:\HTC\avboit\The-Forge\LocalVisualResults\P2_6T_ReverseZDepth_20260628T164524Z\direction_matrix\dx12\DX12_Mode5_1920x1080_Debug0_Dirlegacy_Depthreverse_correct_Mul1.0_Frame60_dbeb4094_Scenethree_layer_Casethree_a090_020_040_Orderperm021_Layerall.png"	"D:\HTC\avboit\The-Forge\LocalVisualResults\P2_6T_ReverseZDepth_20260628T164524Z\direction_matrix\dx12\dx12_dir_three_three_a090_020_040_perm021_legacy.stdout.txt"	"D:\HTC\avboit\The-Forge\LocalVisualResults\P2_6T_ReverseZDepth_20260628T164524Z\direction_matrix\dx12\dx12_dir_three_three_a090_020_040_perm021_legacy.stderr.txt"
"dx12_dir_three_three_a090_020_040_perm021_front"	"direction-matrix"	"APP_EXITED_NONZERO"	"True"	"175680"	""	"1823"	"D:\HTC\avboit\The-Forge\Examples_3\Unit_Tests\PC Visual Studio 2019\x64\Release\15_Transparency\15_Transparency.exe --d3d12 --transparency-mode=5 --avboit-auto-capture --avboit-capture-hide-ui --avboit-capture-frame=60 --avboit-fixed-delta=0.0166666667 --avboit-random-seed=1337 --avboit-output-dir=D:\HTC\avboit\The-Forge\LocalVisualResults\P2_6T_ReverseZDepth_20260628T164524Z\direction_matrix\dx12 --avboit-commit-sha=dbeb4094 --avboit-multiplier=1.0 --avboit-debug-view=0 --avboit-test-scene=three_layer --avboit-test-case=three_a090_020_040 --avboit-submit-order=perm021 --avboit-depth-mapping=reverse_correct --avboit-transmittance-direction=front --avboit-dual-direction-diagnostic --avboit-bootstrap-log-dir=D:\HTC\avboit\The-Forge\LocalVisualResults\P2_6T_ReverseZDepth_20260628T164524Z\direction_matrix\dx12\bootstrap"	"1"	"1"	"0"	"D:\HTC\avboit\The-Forge\LocalVisualResults\P2_6T_ReverseZDepth_20260628T164524Z\direction_matrix\dx12\dx12_dir_three_three_a090_020_040_perm021_front.stderr.txt;D:\HTC\avboit\The-Forge\LocalVisualResults\P2_6T_ReverseZDepth_20260628T164524Z\direction_matrix\dx12\dx12_dir_three_three_a090_020_040_perm021_front.stdout.txt;D:\HTC\avboit\The-Forge\LocalVisualResults\P2_6T_ReverseZDepth_20260628T164524Z\direction_matrix\dx12\DX12_Mode5_1920x1080_Debug0_Dirfront_Depthreverse_correct_Mul1.0_Frame60_dbeb4094_Scenethree_layer_Casethree_a090_020_040_Orderperm021_Layerall.json;D:\HTC\avboit\The-Forge\LocalVisualResults\P2_6T_ReverseZDepth_20260628T164524Z\direction_matrix\dx12\DX12_Mode5_1920x1080_Debug0_Dirfront_Depthreverse_correct_Mul1.0_Frame60_dbeb4094_Scenethree_layer_Casethree_a090_020_040_Orderperm021_Layerall.png"	"D:\HTC\avboit\The-Forge\LocalVisualResults\P2_6T_ReverseZDepth_20260628T164524Z\direction_matrix\dx12\dx12_dir_three_three_a090_020_040_perm021_front.stdout.txt"	"D:\HTC\avboit\The-Forge\LocalVisualResults\P2_6T_ReverseZDepth_20260628T164524Z\direction_matrix\dx12\dx12_dir_three_three_a090_020_040_perm021_front.stderr.txt"
"dx12_dir_mode0_three_a090_020_040_perm102"	"direction-matrix"	"APP_EXITED_NONZERO"	"True"	"176328"	""	"1799"	"D:\HTC\avboit\The-Forge\Examples_3\Unit_Tests\PC Visual Studio 2019\x64\Release\15_Transparency\15_Transparency.exe --d3d12 --transparency-mode=0 --avboit-auto-capture --avboit-capture-hide-ui --avboit-capture-frame=60 --avboit-fixed-delta=0.0166666667 --avboit-random-seed=1337 --avboit-output-dir=D:\HTC\avboit\The-Forge\LocalVisualResults\P2_6T_ReverseZDepth_20260628T164524Z\direction_matrix\dx12 --avboit-commit-sha=dbeb4094 --avboit-multiplier=1.0 --avboit-test-scene=three_layer --avboit-test-case=three_a090_020_040 --avboit-submit-order=perm102 --avboit-bootstrap-log-dir=D:\HTC\avboit\The-Forge\LocalVisualResults\P2_6T_ReverseZDepth_20260628T164524Z\direction_matrix\dx12\bootstrap"	"1"	"1"	"0"	"D:\HTC\avboit\The-Forge\LocalVisualResults\P2_6T_ReverseZDepth_20260628T164524Z\direction_matrix\dx12\dx12_dir_mode0_three_a090_020_040_perm102.stderr.txt;D:\HTC\avboit\The-Forge\LocalVisualResults\P2_6T_ReverseZDepth_20260628T164524Z\direction_matrix\dx12\dx12_dir_mode0_three_a090_020_040_perm102.stdout.txt;D:\HTC\avboit\The-Forge\LocalVisualResults\P2_6T_ReverseZDepth_20260628T164524Z\direction_matrix\dx12\DX12_Mode0_1920x1080_Frame60_dbeb4094_Scenethree_layer_Casethree_a090_020_040_Orderperm102_Layerall.json;D:\HTC\avboit\The-Forge\LocalVisualResults\P2_6T_ReverseZDepth_20260628T164524Z\direction_matrix\dx12\DX12_Mode0_1920x1080_Frame60_dbeb4094_Scenethree_layer_Casethree_a090_020_040_Orderperm102_Layerall.png"	"D:\HTC\avboit\The-Forge\LocalVisualResults\P2_6T_ReverseZDepth_20260628T164524Z\direction_matrix\dx12\dx12_dir_mode0_three_a090_020_040_perm102.stdout.txt"	"D:\HTC\avboit\The-Forge\LocalVisualResults\P2_6T_ReverseZDepth_20260628T164524Z\direction_matrix\dx12\dx12_dir_mode0_three_a090_020_040_perm102.stderr.txt"
"dx12_dir_three_three_a090_020_040_perm102_legacy"	"direction-matrix"	"APP_EXITED_NONZERO"	"True"	"132528"	""	"1901"	"D:\HTC\avboit\The-Forge\Examples_3\Unit_Tests\PC Visual Studio 2019\x64\Release\15_Transparency\15_Transparency.exe --d3d12 --transparency-mode=5 --avboit-auto-capture --avboit-capture-hide-ui --avboit-capture-frame=60 --avboit-fixed-delta=0.0166666667 --avboit-random-seed=1337 --avboit-output-dir=D:\HTC\avboit\The-Forge\LocalVisualResults\P2_6T_ReverseZDepth_20260628T164524Z\direction_matrix\dx12 --avboit-commit-sha=dbeb4094 --avboit-multiplier=1.0 --avboit-debug-view=0 --avboit-test-scene=three_layer --avboit-test-case=three_a090_020_040 --avboit-submit-order=perm102 --avboit-depth-mapping=reverse_correct --avboit-transmittance-direction=legacy --avboit-dual-direction-diagnostic --avboit-bootstrap-log-dir=D:\HTC\avboit\The-Forge\LocalVisualResults\P2_6T_ReverseZDepth_20260628T164524Z\direction_matrix\dx12\bootstrap"	"1"	"1"	"0"	"D:\HTC\avboit\The-Forge\LocalVisualResults\P2_6T_ReverseZDepth_20260628T164524Z\direction_matrix\dx12\dx12_dir_three_three_a090_020_040_perm102_legacy.stderr.txt;D:\HTC\avboit\The-Forge\LocalVisualResults\P2_6T_ReverseZDepth_20260628T164524Z\direction_matrix\dx12\dx12_dir_three_three_a090_020_040_perm102_legacy.stdout.txt;D:\HTC\avboit\The-Forge\LocalVisualResults\P2_6T_ReverseZDepth_20260628T164524Z\direction_matrix\dx12\DX12_Mode5_1920x1080_Debug0_Dirlegacy_Depthreverse_correct_Mul1.0_Frame60_dbeb4094_Scenethree_layer_Casethree_a090_020_040_Orderperm102_Layerall.json;D:\HTC\avboit\The-Forge\LocalVisualResults\P2_6T_ReverseZDepth_20260628T164524Z\direction_matrix\dx12\DX12_Mode5_1920x1080_Debug0_Dirlegacy_Depthreverse_correct_Mul1.0_Frame60_dbeb4094_Scenethree_layer_Casethree_a090_020_040_Orderperm102_Layerall.png"	"D:\HTC\avboit\The-Forge\LocalVisualResults\P2_6T_ReverseZDepth_20260628T164524Z\direction_matrix\dx12\dx12_dir_three_three_a090_020_040_perm102_legacy.stdout.txt"	"D:\HTC\avboit\The-Forge\LocalVisualResults\P2_6T_ReverseZDepth_20260628T164524Z\direction_matrix\dx12\dx12_dir_three_three_a090_020_040_perm102_legacy.stderr.txt"
"dx12_dir_three_three_a090_020_040_perm102_front"	"direction-matrix"	"APP_EXITED_NONZERO"	"True"	"175540"	""	"1820"	"D:\HTC\avboit\The-Forge\Examples_3\Unit_Tests\PC Visual Studio 2019\x64\Release\15_Transparency\15_Transparency.exe --d3d12 --transparency-mode=5 --avboit-auto-capture --avboit-capture-hide-ui --avboit-capture-frame=60 --avboit-fixed-delta=0.0166666667 --avboit-random-seed=1337 --avboit-output-dir=D:\HTC\avboit\The-Forge\LocalVisualResults\P2_6T_ReverseZDepth_20260628T164524Z\direction_matrix\dx12 --avboit-commit-sha=dbeb4094 --avboit-multiplier=1.0 --avboit-debug-view=0 --avboit-test-scene=three_layer --avboit-test-case=three_a090_020_040 --avboit-submit-order=perm102 --avboit-depth-mapping=reverse_correct --avboit-transmittance-direction=front --avboit-dual-direction-diagnostic --avboit-bootstrap-log-dir=D:\HTC\avboit\The-Forge\LocalVisualResults\P2_6T_ReverseZDepth_20260628T164524Z\direction_matrix\dx12\bootstrap"	"1"	"1"	"0"	"D:\HTC\avboit\The-Forge\LocalVisualResults\P2_6T_ReverseZDepth_20260628T164524Z\direction_matrix\dx12\dx12_dir_three_three_a090_020_040_perm102_front.stderr.txt;D:\HTC\avboit\The-Forge\LocalVisualResults\P2_6T_ReverseZDepth_20260628T164524Z\direction_matrix\dx12\dx12_dir_three_three_a090_020_040_perm102_front.stdout.txt;D:\HTC\avboit\The-Forge\LocalVisualResults\P2_6T_ReverseZDepth_20260628T164524Z\direction_matrix\dx12\DX12_Mode5_1920x1080_Debug0_Dirfront_Depthreverse_correct_Mul1.0_Frame60_dbeb4094_Scenethree_layer_Casethree_a090_020_040_Orderperm102_Layerall.json;D:\HTC\avboit\The-Forge\LocalVisualResults\P2_6T_ReverseZDepth_20260628T164524Z\direction_matrix\dx12\DX12_Mode5_1920x1080_Debug0_Dirfront_Depthreverse_correct_Mul1.0_Frame60_dbeb4094_Scenethree_layer_Casethree_a090_020_040_Orderperm102_Layerall.png"	"D:\HTC\avboit\The-Forge\LocalVisualResults\P2_6T_ReverseZDepth_20260628T164524Z\direction_matrix\dx12\dx12_dir_three_three_a090_020_040_perm102_front.stdout.txt"	"D:\HTC\avboit\The-Forge\LocalVisualResults\P2_6T_ReverseZDepth_20260628T164524Z\direction_matrix\dx12\dx12_dir_three_three_a090_020_040_perm102_front.stderr.txt"
"dx12_dir_mode0_three_a090_020_040_perm120"	"direction-matrix"	"APP_EXITED_NONZERO"	"True"	"179388"	""	"1857"	"D:\HTC\avboit\The-Forge\Examples_3\Unit_Tests\PC Visual Studio 2019\x64\Release\15_Transparency\15_Transparency.exe --d3d12 --transparency-mode=0 --avboit-auto-capture --avboit-capture-hide-ui --avboit-capture-frame=60 --avboit-fixed-delta=0.0166666667 --avboit-random-seed=1337 --avboit-output-dir=D:\HTC\avboit\The-Forge\LocalVisualResults\P2_6T_ReverseZDepth_20260628T164524Z\direction_matrix\dx12 --avboit-commit-sha=dbeb4094 --avboit-multiplier=1.0 --avboit-test-scene=three_layer --avboit-test-case=three_a090_020_040 --avboit-submit-order=perm120 --avboit-bootstrap-log-dir=D:\HTC\avboit\The-Forge\LocalVisualResults\P2_6T_ReverseZDepth_20260628T164524Z\direction_matrix\dx12\bootstrap"	"1"	"1"	"0"	"D:\HTC\avboit\The-Forge\LocalVisualResults\P2_6T_ReverseZDepth_20260628T164524Z\direction_matrix\dx12\dx12_dir_mode0_three_a090_020_040_perm120.stderr.txt;D:\HTC\avboit\The-Forge\LocalVisualResults\P2_6T_ReverseZDepth_20260628T164524Z\direction_matrix\dx12\dx12_dir_mode0_three_a090_020_040_perm120.stdout.txt;D:\HTC\avboit\The-Forge\LocalVisualResults\P2_6T_ReverseZDepth_20260628T164524Z\direction_matrix\dx12\DX12_Mode0_1920x1080_Frame60_dbeb4094_Scenethree_layer_Casethree_a090_020_040_Orderperm120_Layerall.json;D:\HTC\avboit\The-Forge\LocalVisualResults\P2_6T_ReverseZDepth_20260628T164524Z\direction_matrix\dx12\DX12_Mode0_1920x1080_Frame60_dbeb4094_Scenethree_layer_Casethree_a090_020_040_Orderperm120_Layerall.png"	"D:\HTC\avboit\The-Forge\LocalVisualResults\P2_6T_ReverseZDepth_20260628T164524Z\direction_matrix\dx12\dx12_dir_mode0_three_a090_020_040_perm120.stdout.txt"	"D:\HTC\avboit\The-Forge\LocalVisualResults\P2_6T_ReverseZDepth_20260628T164524Z\direction_matrix\dx12\dx12_dir_mode0_three_a090_020_040_perm120.stderr.txt"
"dx12_dir_three_three_a090_020_040_perm120_legacy"	"direction-matrix"	"APP_EXITED_NONZERO"	"True"	"176316"	""	"1881"	"D:\HTC\avboit\The-Forge\Examples_3\Unit_Tests\PC Visual Studio 2019\x64\Release\15_Transparency\15_Transparency.exe --d3d12 --transparency-mode=5 --avboit-auto-capture --avboit-capture-hide-ui --avboit-capture-frame=60 --avboit-fixed-delta=0.0166666667 --avboit-random-seed=1337 --avboit-output-dir=D:\HTC\avboit\The-Forge\LocalVisualResults\P2_6T_ReverseZDepth_20260628T164524Z\direction_matrix\dx12 --avboit-commit-sha=dbeb4094 --avboit-multiplier=1.0 --avboit-debug-view=0 --avboit-test-scene=three_layer --avboit-test-case=three_a090_020_040 --avboit-submit-order=perm120 --avboit-depth-mapping=reverse_correct --avboit-transmittance-direction=legacy --avboit-dual-direction-diagnostic --avboit-bootstrap-log-dir=D:\HTC\avboit\The-Forge\LocalVisualResults\P2_6T_ReverseZDepth_20260628T164524Z\direction_matrix\dx12\bootstrap"	"1"	"1"	"0"	"D:\HTC\avboit\The-Forge\LocalVisualResults\P2_6T_ReverseZDepth_20260628T164524Z\direction_matrix\dx12\dx12_dir_three_three_a090_020_040_perm120_legacy.stderr.txt;D:\HTC\avboit\The-Forge\LocalVisualResults\P2_6T_ReverseZDepth_20260628T164524Z\direction_matrix\dx12\dx12_dir_three_three_a090_020_040_perm120_legacy.stdout.txt;D:\HTC\avboit\The-Forge\LocalVisualResults\P2_6T_ReverseZDepth_20260628T164524Z\direction_matrix\dx12\DX12_Mode5_1920x1080_Debug0_Dirlegacy_Depthreverse_correct_Mul1.0_Frame60_dbeb4094_Scenethree_layer_Casethree_a090_020_040_Orderperm120_Layerall.json;D:\HTC\avboit\The-Forge\LocalVisualResults\P2_6T_ReverseZDepth_20260628T164524Z\direction_matrix\dx12\DX12_Mode5_1920x1080_Debug0_Dirlegacy_Depthreverse_correct_Mul1.0_Frame60_dbeb4094_Scenethree_layer_Casethree_a090_020_040_Orderperm120_Layerall.png"	"D:\HTC\avboit\The-Forge\LocalVisualResults\P2_6T_ReverseZDepth_20260628T164524Z\direction_matrix\dx12\dx12_dir_three_three_a090_020_040_perm120_legacy.stdout.txt"	"D:\HTC\avboit\The-Forge\LocalVisualResults\P2_6T_ReverseZDepth_20260628T164524Z\direction_matrix\dx12\dx12_dir_three_three_a090_020_040_perm120_legacy.stderr.txt"
"dx12_dir_three_three_a090_020_040_perm120_front"	"direction-matrix"	"APP_EXITED_NONZERO"	"True"	"178228"	""	"1851"	"D:\HTC\avboit\The-Forge\Examples_3\Unit_Tests\PC Visual Studio 2019\x64\Release\15_Transparency\15_Transparency.exe --d3d12 --transparency-mode=5 --avboit-auto-capture --avboit-capture-hide-ui --avboit-capture-frame=60 --avboit-fixed-delta=0.0166666667 --avboit-random-seed=1337 --avboit-output-dir=D:\HTC\avboit\The-Forge\LocalVisualResults\P2_6T_ReverseZDepth_20260628T164524Z\direction_matrix\dx12 --avboit-commit-sha=dbeb4094 --avboit-multiplier=1.0 --avboit-debug-view=0 --avboit-test-scene=three_layer --avboit-test-case=three_a090_020_040 --avboit-submit-order=perm120 --avboit-depth-mapping=reverse_correct --avboit-transmittance-direction=front --avboit-dual-direction-diagnostic --avboit-bootstrap-log-dir=D:\HTC\avboit\The-Forge\LocalVisualResults\P2_6T_ReverseZDepth_20260628T164524Z\direction_matrix\dx12\bootstrap"	"1"	"1"	"0"	"D:\HTC\avboit\The-Forge\LocalVisualResults\P2_6T_ReverseZDepth_20260628T164524Z\direction_matrix\dx12\dx12_dir_three_three_a090_020_040_perm120_front.stderr.txt;D:\HTC\avboit\The-Forge\LocalVisualResults\P2_6T_ReverseZDepth_20260628T164524Z\direction_matrix\dx12\dx12_dir_three_three_a090_020_040_perm120_front.stdout.txt;D:\HTC\avboit\The-Forge\LocalVisualResults\P2_6T_ReverseZDepth_20260628T164524Z\direction_matrix\dx12\DX12_Mode5_1920x1080_Debug0_Dirfront_Depthreverse_correct_Mul1.0_Frame60_dbeb4094_Scenethree_layer_Casethree_a090_020_040_Orderperm120_Layerall.json;D:\HTC\avboit\The-Forge\LocalVisualResults\P2_6T_ReverseZDepth_20260628T164524Z\direction_matrix\dx12\DX12_Mode5_1920x1080_Debug0_Dirfront_Depthreverse_correct_Mul1.0_Frame60_dbeb4094_Scenethree_layer_Casethree_a090_020_040_Orderperm120_Layerall.png"	"D:\HTC\avboit\The-Forge\LocalVisualResults\P2_6T_ReverseZDepth_20260628T164524Z\direction_matrix\dx12\dx12_dir_three_three_a090_020_040_perm120_front.stdout.txt"	"D:\HTC\avboit\The-Forge\LocalVisualResults\P2_6T_ReverseZDepth_20260628T164524Z\direction_matrix\dx12\dx12_dir_three_three_a090_020_040_perm120_front.stderr.txt"
"dx12_dir_mode0_three_a090_020_040_perm201"	"direction-matrix"	"APP_EXITED_NONZERO"	"True"	"177300"	""	"1792"	"D:\HTC\avboit\The-Forge\Examples_3\Unit_Tests\PC Visual Studio 2019\x64\Release\15_Transparency\15_Transparency.exe --d3d12 --transparency-mode=0 --avboit-auto-capture --avboit-capture-hide-ui --avboit-capture-frame=60 --avboit-fixed-delta=0.0166666667 --avboit-random-seed=1337 --avboit-output-dir=D:\HTC\avboit\The-Forge\LocalVisualResults\P2_6T_ReverseZDepth_20260628T164524Z\direction_matrix\dx12 --avboit-commit-sha=dbeb4094 --avboit-multiplier=1.0 --avboit-test-scene=three_layer --avboit-test-case=three_a090_020_040 --avboit-submit-order=perm201 --avboit-bootstrap-log-dir=D:\HTC\avboit\The-Forge\LocalVisualResults\P2_6T_ReverseZDepth_20260628T164524Z\direction_matrix\dx12\bootstrap"	"1"	"1"	"0"	"D:\HTC\avboit\The-Forge\LocalVisualResults\P2_6T_ReverseZDepth_20260628T164524Z\direction_matrix\dx12\dx12_dir_mode0_three_a090_020_040_perm201.stderr.txt;D:\HTC\avboit\The-Forge\LocalVisualResults\P2_6T_ReverseZDepth_20260628T164524Z\direction_matrix\dx12\dx12_dir_mode0_three_a090_020_040_perm201.stdout.txt;D:\HTC\avboit\The-Forge\LocalVisualResults\P2_6T_ReverseZDepth_20260628T164524Z\direction_matrix\dx12\DX12_Mode0_1920x1080_Frame60_dbeb4094_Scenethree_layer_Casethree_a090_020_040_Orderperm201_Layerall.json;D:\HTC\avboit\The-Forge\LocalVisualResults\P2_6T_ReverseZDepth_20260628T164524Z\direction_matrix\dx12\DX12_Mode0_1920x1080_Frame60_dbeb4094_Scenethree_layer_Casethree_a090_020_040_Orderperm201_Layerall.png"	"D:\HTC\avboit\The-Forge\LocalVisualResults\P2_6T_ReverseZDepth_20260628T164524Z\direction_matrix\dx12\dx12_dir_mode0_three_a090_020_040_perm201.stdout.txt"	"D:\HTC\avboit\The-Forge\LocalVisualResults\P2_6T_ReverseZDepth_20260628T164524Z\direction_matrix\dx12\dx12_dir_mode0_three_a090_020_040_perm201.stderr.txt"
"dx12_dir_three_three_a090_020_040_perm201_legacy"	"direction-matrix"	"APP_EXITED_NONZERO"	"True"	"171220"	""	"1822"	"D:\HTC\avboit\The-Forge\Examples_3\Unit_Tests\PC Visual Studio 2019\x64\Release\15_Transparency\15_Transparency.exe --d3d12 --transparency-mode=5 --avboit-auto-capture --avboit-capture-hide-ui --avboit-capture-frame=60 --avboit-fixed-delta=0.0166666667 --avboit-random-seed=1337 --avboit-output-dir=D:\HTC\avboit\The-Forge\LocalVisualResults\P2_6T_ReverseZDepth_20260628T164524Z\direction_matrix\dx12 --avboit-commit-sha=dbeb4094 --avboit-multiplier=1.0 --avboit-debug-view=0 --avboit-test-scene=three_layer --avboit-test-case=three_a090_020_040 --avboit-submit-order=perm201 --avboit-depth-mapping=reverse_correct --avboit-transmittance-direction=legacy --avboit-dual-direction-diagnostic --avboit-bootstrap-log-dir=D:\HTC\avboit\The-Forge\LocalVisualResults\P2_6T_ReverseZDepth_20260628T164524Z\direction_matrix\dx12\bootstrap"	"1"	"1"	"0"	"D:\HTC\avboit\The-Forge\LocalVisualResults\P2_6T_ReverseZDepth_20260628T164524Z\direction_matrix\dx12\dx12_dir_three_three_a090_020_040_perm201_legacy.stderr.txt;D:\HTC\avboit\The-Forge\LocalVisualResults\P2_6T_ReverseZDepth_20260628T164524Z\direction_matrix\dx12\dx12_dir_three_three_a090_020_040_perm201_legacy.stdout.txt;D:\HTC\avboit\The-Forge\LocalVisualResults\P2_6T_ReverseZDepth_20260628T164524Z\direction_matrix\dx12\DX12_Mode5_1920x1080_Debug0_Dirlegacy_Depthreverse_correct_Mul1.0_Frame60_dbeb4094_Scenethree_layer_Casethree_a090_020_040_Orderperm201_Layerall.json;D:\HTC\avboit\The-Forge\LocalVisualResults\P2_6T_ReverseZDepth_20260628T164524Z\direction_matrix\dx12\DX12_Mode5_1920x1080_Debug0_Dirlegacy_Depthreverse_correct_Mul1.0_Frame60_dbeb4094_Scenethree_layer_Casethree_a090_020_040_Orderperm201_Layerall.png"	"D:\HTC\avboit\The-Forge\LocalVisualResults\P2_6T_ReverseZDepth_20260628T164524Z\direction_matrix\dx12\dx12_dir_three_three_a090_020_040_perm201_legacy.stdout.txt"	"D:\HTC\avboit\The-Forge\LocalVisualResults\P2_6T_ReverseZDepth_20260628T164524Z\direction_matrix\dx12\dx12_dir_three_three_a090_020_040_perm201_legacy.stderr.txt"
"dx12_dir_three_three_a090_020_040_perm201_front"	"direction-matrix"	"APP_EXITED_NONZERO"	"True"	"180004"	""	"1876"	"D:\HTC\avboit\The-Forge\Examples_3\Unit_Tests\PC Visual Studio 2019\x64\Release\15_Transparency\15_Transparency.exe --d3d12 --transparency-mode=5 --avboit-auto-capture --avboit-capture-hide-ui --avboit-capture-frame=60 --avboit-fixed-delta=0.0166666667 --avboit-random-seed=1337 --avboit-output-dir=D:\HTC\avboit\The-Forge\LocalVisualResults\P2_6T_ReverseZDepth_20260628T164524Z\direction_matrix\dx12 --avboit-commit-sha=dbeb4094 --avboit-multiplier=1.0 --avboit-debug-view=0 --avboit-test-scene=three_layer --avboit-test-case=three_a090_020_040 --avboit-submit-order=perm201 --avboit-depth-mapping=reverse_correct --avboit-transmittance-direction=front --avboit-dual-direction-diagnostic --avboit-bootstrap-log-dir=D:\HTC\avboit\The-Forge\LocalVisualResults\P2_6T_ReverseZDepth_20260628T164524Z\direction_matrix\dx12\bootstrap"	"1"	"1"	"0"	"D:\HTC\avboit\The-Forge\LocalVisualResults\P2_6T_ReverseZDepth_20260628T164524Z\direction_matrix\dx12\dx12_dir_three_three_a090_020_040_perm201_front.stderr.txt;D:\HTC\avboit\The-Forge\LocalVisualResults\P2_6T_ReverseZDepth_20260628T164524Z\direction_matrix\dx12\dx12_dir_three_three_a090_020_040_perm201_front.stdout.txt;D:\HTC\avboit\The-Forge\LocalVisualResults\P2_6T_ReverseZDepth_20260628T164524Z\direction_matrix\dx12\DX12_Mode5_1920x1080_Debug0_Dirfront_Depthreverse_correct_Mul1.0_Frame60_dbeb4094_Scenethree_layer_Casethree_a090_020_040_Orderperm201_Layerall.json;D:\HTC\avboit\The-Forge\LocalVisualResults\P2_6T_ReverseZDepth_20260628T164524Z\direction_matrix\dx12\DX12_Mode5_1920x1080_Debug0_Dirfront_Depthreverse_correct_Mul1.0_Frame60_dbeb4094_Scenethree_layer_Casethree_a090_020_040_Orderperm201_Layerall.png"	"D:\HTC\avboit\The-Forge\LocalVisualResults\P2_6T_ReverseZDepth_20260628T164524Z\direction_matrix\dx12\dx12_dir_three_three_a090_020_040_perm201_front.stdout.txt"	"D:\HTC\avboit\The-Forge\LocalVisualResults\P2_6T_ReverseZDepth_20260628T164524Z\direction_matrix\dx12\dx12_dir_three_three_a090_020_040_perm201_front.stderr.txt"
"dx12_dir_mode0_three_a090_020_040_perm210"	"direction-matrix"	"APP_EXITED_NONZERO"	"True"	"177588"	""	"1836"	"D:\HTC\avboit\The-Forge\Examples_3\Unit_Tests\PC Visual Studio 2019\x64\Release\15_Transparency\15_Transparency.exe --d3d12 --transparency-mode=0 --avboit-auto-capture --avboit-capture-hide-ui --avboit-capture-frame=60 --avboit-fixed-delta=0.0166666667 --avboit-random-seed=1337 --avboit-output-dir=D:\HTC\avboit\The-Forge\LocalVisualResults\P2_6T_ReverseZDepth_20260628T164524Z\direction_matrix\dx12 --avboit-commit-sha=dbeb4094 --avboit-multiplier=1.0 --avboit-test-scene=three_layer --avboit-test-case=three_a090_020_040 --avboit-submit-order=perm210 --avboit-bootstrap-log-dir=D:\HTC\avboit\The-Forge\LocalVisualResults\P2_6T_ReverseZDepth_20260628T164524Z\direction_matrix\dx12\bootstrap"	"1"	"1"	"0"	"D:\HTC\avboit\The-Forge\LocalVisualResults\P2_6T_ReverseZDepth_20260628T164524Z\direction_matrix\dx12\dx12_dir_mode0_three_a090_020_040_perm210.stderr.txt;D:\HTC\avboit\The-Forge\LocalVisualResults\P2_6T_ReverseZDepth_20260628T164524Z\direction_matrix\dx12\dx12_dir_mode0_three_a090_020_040_perm210.stdout.txt;D:\HTC\avboit\The-Forge\LocalVisualResults\P2_6T_ReverseZDepth_20260628T164524Z\direction_matrix\dx12\DX12_Mode0_1920x1080_Frame60_dbeb4094_Scenethree_layer_Casethree_a090_020_040_Orderperm210_Layerall.json;D:\HTC\avboit\The-Forge\LocalVisualResults\P2_6T_ReverseZDepth_20260628T164524Z\direction_matrix\dx12\DX12_Mode0_1920x1080_Frame60_dbeb4094_Scenethree_layer_Casethree_a090_020_040_Orderperm210_Layerall.png"	"D:\HTC\avboit\The-Forge\LocalVisualResults\P2_6T_ReverseZDepth_20260628T164524Z\direction_matrix\dx12\dx12_dir_mode0_three_a090_020_040_perm210.stdout.txt"	"D:\HTC\avboit\The-Forge\LocalVisualResults\P2_6T_ReverseZDepth_20260628T164524Z\direction_matrix\dx12\dx12_dir_mode0_three_a090_020_040_perm210.stderr.txt"
"dx12_dir_three_three_a090_020_040_perm210_legacy"	"direction-matrix"	"APP_EXITED_NONZERO"	"True"	"180032"	""	"1878"	"D:\HTC\avboit\The-Forge\Examples_3\Unit_Tests\PC Visual Studio 2019\x64\Release\15_Transparency\15_Transparency.exe --d3d12 --transparency-mode=5 --avboit-auto-capture --avboit-capture-hide-ui --avboit-capture-frame=60 --avboit-fixed-delta=0.0166666667 --avboit-random-seed=1337 --avboit-output-dir=D:\HTC\avboit\The-Forge\LocalVisualResults\P2_6T_ReverseZDepth_20260628T164524Z\direction_matrix\dx12 --avboit-commit-sha=dbeb4094 --avboit-multiplier=1.0 --avboit-debug-view=0 --avboit-test-scene=three_layer --avboit-test-case=three_a090_020_040 --avboit-submit-order=perm210 --avboit-depth-mapping=reverse_correct --avboit-transmittance-direction=legacy --avboit-dual-direction-diagnostic --avboit-bootstrap-log-dir=D:\HTC\avboit\The-Forge\LocalVisualResults\P2_6T_ReverseZDepth_20260628T164524Z\direction_matrix\dx12\bootstrap"	"1"	"1"	"0"	"D:\HTC\avboit\The-Forge\LocalVisualResults\P2_6T_ReverseZDepth_20260628T164524Z\direction_matrix\dx12\dx12_dir_three_three_a090_020_040_perm210_legacy.stderr.txt;D:\HTC\avboit\The-Forge\LocalVisualResults\P2_6T_ReverseZDepth_20260628T164524Z\direction_matrix\dx12\dx12_dir_three_three_a090_020_040_perm210_legacy.stdout.txt;D:\HTC\avboit\The-Forge\LocalVisualResults\P2_6T_ReverseZDepth_20260628T164524Z\direction_matrix\dx12\DX12_Mode5_1920x1080_Debug0_Dirlegacy_Depthreverse_correct_Mul1.0_Frame60_dbeb4094_Scenethree_layer_Casethree_a090_020_040_Orderperm210_Layerall.json;D:\HTC\avboit\The-Forge\LocalVisualResults\P2_6T_ReverseZDepth_20260628T164524Z\direction_matrix\dx12\DX12_Mode5_1920x1080_Debug0_Dirlegacy_Depthreverse_correct_Mul1.0_Frame60_dbeb4094_Scenethree_layer_Casethree_a090_020_040_Orderperm210_Layerall.png"	"D:\HTC\avboit\The-Forge\LocalVisualResults\P2_6T_ReverseZDepth_20260628T164524Z\direction_matrix\dx12\dx12_dir_three_three_a090_020_040_perm210_legacy.stdout.txt"	"D:\HTC\avboit\The-Forge\LocalVisualResults\P2_6T_ReverseZDepth_20260628T164524Z\direction_matrix\dx12\dx12_dir_three_three_a090_020_040_perm210_legacy.stderr.txt"
"dx12_dir_three_three_a090_020_040_perm210_front"	"direction-matrix"	"APP_EXITED_NONZERO"	"True"	"179024"	""	"1889"	"D:\HTC\avboit\The-Forge\Examples_3\Unit_Tests\PC Visual Studio 2019\x64\Release\15_Transparency\15_Transparency.exe --d3d12 --transparency-mode=5 --avboit-auto-capture --avboit-capture-hide-ui --avboit-capture-frame=60 --avboit-fixed-delta=0.0166666667 --avboit-random-seed=1337 --avboit-output-dir=D:\HTC\avboit\The-Forge\LocalVisualResults\P2_6T_ReverseZDepth_20260628T164524Z\direction_matrix\dx12 --avboit-commit-sha=dbeb4094 --avboit-multiplier=1.0 --avboit-debug-view=0 --avboit-test-scene=three_layer --avboit-test-case=three_a090_020_040 --avboit-submit-order=perm210 --avboit-depth-mapping=reverse_correct --avboit-transmittance-direction=front --avboit-dual-direction-diagnostic --avboit-bootstrap-log-dir=D:\HTC\avboit\The-Forge\LocalVisualResults\P2_6T_ReverseZDepth_20260628T164524Z\direction_matrix\dx12\bootstrap"	"1"	"1"	"0"	"D:\HTC\avboit\The-Forge\LocalVisualResults\P2_6T_ReverseZDepth_20260628T164524Z\direction_matrix\dx12\dx12_dir_three_three_a090_020_040_perm210_front.stderr.txt;D:\HTC\avboit\The-Forge\LocalVisualResults\P2_6T_ReverseZDepth_20260628T164524Z\direction_matrix\dx12\dx12_dir_three_three_a090_020_040_perm210_front.stdout.txt;D:\HTC\avboit\The-Forge\LocalVisualResults\P2_6T_ReverseZDepth_20260628T164524Z\direction_matrix\dx12\DX12_Mode5_1920x1080_Debug0_Dirfront_Depthreverse_correct_Mul1.0_Frame60_dbeb4094_Scenethree_layer_Casethree_a090_020_040_Orderperm210_Layerall.json;D:\HTC\avboit\The-Forge\LocalVisualResults\P2_6T_ReverseZDepth_20260628T164524Z\direction_matrix\dx12\DX12_Mode5_1920x1080_Debug0_Dirfront_Depthreverse_correct_Mul1.0_Frame60_dbeb4094_Scenethree_layer_Casethree_a090_020_040_Orderperm210_Layerall.png"	"D:\HTC\avboit\The-Forge\LocalVisualResults\P2_6T_ReverseZDepth_20260628T164524Z\direction_matrix\dx12\dx12_dir_three_three_a090_020_040_perm210_front.stdout.txt"	"D:\HTC\avboit\The-Forge\LocalVisualResults\P2_6T_ReverseZDepth_20260628T164524Z\direction_matrix\dx12\dx12_dir_three_three_a090_020_040_perm210_front.stderr.txt"
"dx12_dir_mode0_same_a050_050_normal"	"direction-matrix"	"APP_EXITED_NONZERO"	"True"	"178356"	""	"1814"	"D:\HTC\avboit\The-Forge\Examples_3\Unit_Tests\PC Visual Studio 2019\x64\Release\15_Transparency\15_Transparency.exe --d3d12 --transparency-mode=0 --avboit-auto-capture --avboit-capture-hide-ui --avboit-capture-frame=60 --avboit-fixed-delta=0.0166666667 --avboit-random-seed=1337 --avboit-output-dir=D:\HTC\avboit\The-Forge\LocalVisualResults\P2_6T_ReverseZDepth_20260628T164524Z\direction_matrix\dx12 --avboit-commit-sha=dbeb4094 --avboit-multiplier=1.0 --avboit-test-scene=same_slice --avboit-test-case=same_a050_050 --avboit-submit-order=normal --avboit-bootstrap-log-dir=D:\HTC\avboit\The-Forge\LocalVisualResults\P2_6T_ReverseZDepth_20260628T164524Z\direction_matrix\dx12\bootstrap"	"1"	"1"	"0"	"D:\HTC\avboit\The-Forge\LocalVisualResults\P2_6T_ReverseZDepth_20260628T164524Z\direction_matrix\dx12\dx12_dir_mode0_same_a050_050_normal.stderr.txt;D:\HTC\avboit\The-Forge\LocalVisualResults\P2_6T_ReverseZDepth_20260628T164524Z\direction_matrix\dx12\dx12_dir_mode0_same_a050_050_normal.stdout.txt;D:\HTC\avboit\The-Forge\LocalVisualResults\P2_6T_ReverseZDepth_20260628T164524Z\direction_matrix\dx12\DX12_Mode0_1920x1080_Frame60_dbeb4094_Scenesame_slice_Casesame_a050_050_Ordernormal_Layerall.json;D:\HTC\avboit\The-Forge\LocalVisualResults\P2_6T_ReverseZDepth_20260628T164524Z\direction_matrix\dx12\DX12_Mode0_1920x1080_Frame60_dbeb4094_Scenesame_slice_Casesame_a050_050_Ordernormal_Layerall.png"	"D:\HTC\avboit\The-Forge\LocalVisualResults\P2_6T_ReverseZDepth_20260628T164524Z\direction_matrix\dx12\dx12_dir_mode0_same_a050_050_normal.stdout.txt"	"D:\HTC\avboit\The-Forge\LocalVisualResults\P2_6T_ReverseZDepth_20260628T164524Z\direction_matrix\dx12\dx12_dir_mode0_same_a050_050_normal.stderr.txt"
"dx12_dir_same_a050_050_normal_legacy"	"direction-matrix"	"APP_EXITED_NONZERO"	"True"	"179476"	""	"1821"	"D:\HTC\avboit\The-Forge\Examples_3\Unit_Tests\PC Visual Studio 2019\x64\Release\15_Transparency\15_Transparency.exe --d3d12 --transparency-mode=5 --avboit-auto-capture --avboit-capture-hide-ui --avboit-capture-frame=60 --avboit-fixed-delta=0.0166666667 --avboit-random-seed=1337 --avboit-output-dir=D:\HTC\avboit\The-Forge\LocalVisualResults\P2_6T_ReverseZDepth_20260628T164524Z\direction_matrix\dx12 --avboit-commit-sha=dbeb4094 --avboit-multiplier=1.0 --avboit-debug-view=0 --avboit-test-scene=same_slice --avboit-test-case=same_a050_050 --avboit-submit-order=normal --avboit-depth-mapping=reverse_correct --avboit-transmittance-direction=legacy --avboit-dual-direction-diagnostic --avboit-bootstrap-log-dir=D:\HTC\avboit\The-Forge\LocalVisualResults\P2_6T_ReverseZDepth_20260628T164524Z\direction_matrix\dx12\bootstrap"	"1"	"1"	"0"	"D:\HTC\avboit\The-Forge\LocalVisualResults\P2_6T_ReverseZDepth_20260628T164524Z\direction_matrix\dx12\dx12_dir_same_a050_050_normal_legacy.stderr.txt;D:\HTC\avboit\The-Forge\LocalVisualResults\P2_6T_ReverseZDepth_20260628T164524Z\direction_matrix\dx12\dx12_dir_same_a050_050_normal_legacy.stdout.txt;D:\HTC\avboit\The-Forge\LocalVisualResults\P2_6T_ReverseZDepth_20260628T164524Z\direction_matrix\dx12\DX12_Mode5_1920x1080_Debug0_Dirlegacy_Depthreverse_correct_Mul1.0_Frame60_dbeb4094_Scenesame_slice_Casesame_a050_050_Ordernormal_Layerall.json;D:\HTC\avboit\The-Forge\LocalVisualResults\P2_6T_ReverseZDepth_20260628T164524Z\direction_matrix\dx12\DX12_Mode5_1920x1080_Debug0_Dirlegacy_Depthreverse_correct_Mul1.0_Frame60_dbeb4094_Scenesame_slice_Casesame_a050_050_Ordernormal_Layerall.png"	"D:\HTC\avboit\The-Forge\LocalVisualResults\P2_6T_ReverseZDepth_20260628T164524Z\direction_matrix\dx12\dx12_dir_same_a050_050_normal_legacy.stdout.txt"	"D:\HTC\avboit\The-Forge\LocalVisualResults\P2_6T_ReverseZDepth_20260628T164524Z\direction_matrix\dx12\dx12_dir_same_a050_050_normal_legacy.stderr.txt"
"dx12_dir_same_a050_050_normal_front"	"direction-matrix"	"APP_EXITED_NONZERO"	"True"	"177384"	""	"1864"	"D:\HTC\avboit\The-Forge\Examples_3\Unit_Tests\PC Visual Studio 2019\x64\Release\15_Transparency\15_Transparency.exe --d3d12 --transparency-mode=5 --avboit-auto-capture --avboit-capture-hide-ui --avboit-capture-frame=60 --avboit-fixed-delta=0.0166666667 --avboit-random-seed=1337 --avboit-output-dir=D:\HTC\avboit\The-Forge\LocalVisualResults\P2_6T_ReverseZDepth_20260628T164524Z\direction_matrix\dx12 --avboit-commit-sha=dbeb4094 --avboit-multiplier=1.0 --avboit-debug-view=0 --avboit-test-scene=same_slice --avboit-test-case=same_a050_050 --avboit-submit-order=normal --avboit-depth-mapping=reverse_correct --avboit-transmittance-direction=front --avboit-dual-direction-diagnostic --avboit-bootstrap-log-dir=D:\HTC\avboit\The-Forge\LocalVisualResults\P2_6T_ReverseZDepth_20260628T164524Z\direction_matrix\dx12\bootstrap"	"1"	"1"	"0"	"D:\HTC\avboit\The-Forge\LocalVisualResults\P2_6T_ReverseZDepth_20260628T164524Z\direction_matrix\dx12\dx12_dir_same_a050_050_normal_front.stderr.txt;D:\HTC\avboit\The-Forge\LocalVisualResults\P2_6T_ReverseZDepth_20260628T164524Z\direction_matrix\dx12\dx12_dir_same_a050_050_normal_front.stdout.txt;D:\HTC\avboit\The-Forge\LocalVisualResults\P2_6T_ReverseZDepth_20260628T164524Z\direction_matrix\dx12\DX12_Mode5_1920x1080_Debug0_Dirfront_Depthreverse_correct_Mul1.0_Frame60_dbeb4094_Scenesame_slice_Casesame_a050_050_Ordernormal_Layerall.json;D:\HTC\avboit\The-Forge\LocalVisualResults\P2_6T_ReverseZDepth_20260628T164524Z\direction_matrix\dx12\DX12_Mode5_1920x1080_Debug0_Dirfront_Depthreverse_correct_Mul1.0_Frame60_dbeb4094_Scenesame_slice_Casesame_a050_050_Ordernormal_Layerall.png"	"D:\HTC\avboit\The-Forge\LocalVisualResults\P2_6T_ReverseZDepth_20260628T164524Z\direction_matrix\dx12\dx12_dir_same_a050_050_normal_front.stdout.txt"	"D:\HTC\avboit\The-Forge\LocalVisualResults\P2_6T_ReverseZDepth_20260628T164524Z\direction_matrix\dx12\dx12_dir_same_a050_050_normal_front.stderr.txt"
"dx12_dir_mode0_same_a050_050_reverse"	"direction-matrix"	"APP_EXITED_NONZERO"	"True"	"176256"	""	"1770"	"D:\HTC\avboit\The-Forge\Examples_3\Unit_Tests\PC Visual Studio 2019\x64\Release\15_Transparency\15_Transparency.exe --d3d12 --transparency-mode=0 --avboit-auto-capture --avboit-capture-hide-ui --avboit-capture-frame=60 --avboit-fixed-delta=0.0166666667 --avboit-random-seed=1337 --avboit-output-dir=D:\HTC\avboit\The-Forge\LocalVisualResults\P2_6T_ReverseZDepth_20260628T164524Z\direction_matrix\dx12 --avboit-commit-sha=dbeb4094 --avboit-multiplier=1.0 --avboit-test-scene=same_slice --avboit-test-case=same_a050_050 --avboit-submit-order=reverse --avboit-bootstrap-log-dir=D:\HTC\avboit\The-Forge\LocalVisualResults\P2_6T_ReverseZDepth_20260628T164524Z\direction_matrix\dx12\bootstrap"	"1"	"1"	"0"	"D:\HTC\avboit\The-Forge\LocalVisualResults\P2_6T_ReverseZDepth_20260628T164524Z\direction_matrix\dx12\dx12_dir_mode0_same_a050_050_reverse.stderr.txt;D:\HTC\avboit\The-Forge\LocalVisualResults\P2_6T_ReverseZDepth_20260628T164524Z\direction_matrix\dx12\dx12_dir_mode0_same_a050_050_reverse.stdout.txt;D:\HTC\avboit\The-Forge\LocalVisualResults\P2_6T_ReverseZDepth_20260628T164524Z\direction_matrix\dx12\DX12_Mode0_1920x1080_Frame60_dbeb4094_Scenesame_slice_Casesame_a050_050_Orderreverse_Layerall.json;D:\HTC\avboit\The-Forge\LocalVisualResults\P2_6T_ReverseZDepth_20260628T164524Z\direction_matrix\dx12\DX12_Mode0_1920x1080_Frame60_dbeb4094_Scenesame_slice_Casesame_a050_050_Orderreverse_Layerall.png"	"D:\HTC\avboit\The-Forge\LocalVisualResults\P2_6T_ReverseZDepth_20260628T164524Z\direction_matrix\dx12\dx12_dir_mode0_same_a050_050_reverse.stdout.txt"	"D:\HTC\avboit\The-Forge\LocalVisualResults\P2_6T_ReverseZDepth_20260628T164524Z\direction_matrix\dx12\dx12_dir_mode0_same_a050_050_reverse.stderr.txt"
"dx12_dir_same_a050_050_reverse_legacy"	"direction-matrix"	"APP_EXITED_NONZERO"	"True"	"179812"	""	"1830"	"D:\HTC\avboit\The-Forge\Examples_3\Unit_Tests\PC Visual Studio 2019\x64\Release\15_Transparency\15_Transparency.exe --d3d12 --transparency-mode=5 --avboit-auto-capture --avboit-capture-hide-ui --avboit-capture-frame=60 --avboit-fixed-delta=0.0166666667 --avboit-random-seed=1337 --avboit-output-dir=D:\HTC\avboit\The-Forge\LocalVisualResults\P2_6T_ReverseZDepth_20260628T164524Z\direction_matrix\dx12 --avboit-commit-sha=dbeb4094 --avboit-multiplier=1.0 --avboit-debug-view=0 --avboit-test-scene=same_slice --avboit-test-case=same_a050_050 --avboit-submit-order=reverse --avboit-depth-mapping=reverse_correct --avboit-transmittance-direction=legacy --avboit-dual-direction-diagnostic --avboit-bootstrap-log-dir=D:\HTC\avboit\The-Forge\LocalVisualResults\P2_6T_ReverseZDepth_20260628T164524Z\direction_matrix\dx12\bootstrap"	"1"	"1"	"0"	"D:\HTC\avboit\The-Forge\LocalVisualResults\P2_6T_ReverseZDepth_20260628T164524Z\direction_matrix\dx12\dx12_dir_same_a050_050_reverse_legacy.stderr.txt;D:\HTC\avboit\The-Forge\LocalVisualResults\P2_6T_ReverseZDepth_20260628T164524Z\direction_matrix\dx12\dx12_dir_same_a050_050_reverse_legacy.stdout.txt;D:\HTC\avboit\The-Forge\LocalVisualResults\P2_6T_ReverseZDepth_20260628T164524Z\direction_matrix\dx12\DX12_Mode5_1920x1080_Debug0_Dirlegacy_Depthreverse_correct_Mul1.0_Frame60_dbeb4094_Scenesame_slice_Casesame_a050_050_Orderreverse_Layerall.json;D:\HTC\avboit\The-Forge\LocalVisualResults\P2_6T_ReverseZDepth_20260628T164524Z\direction_matrix\dx12\DX12_Mode5_1920x1080_Debug0_Dirlegacy_Depthreverse_correct_Mul1.0_Frame60_dbeb4094_Scenesame_slice_Casesame_a050_050_Orderreverse_Layerall.png"	"D:\HTC\avboit\The-Forge\LocalVisualResults\P2_6T_ReverseZDepth_20260628T164524Z\direction_matrix\dx12\dx12_dir_same_a050_050_reverse_legacy.stdout.txt"	"D:\HTC\avboit\The-Forge\LocalVisualResults\P2_6T_ReverseZDepth_20260628T164524Z\direction_matrix\dx12\dx12_dir_same_a050_050_reverse_legacy.stderr.txt"
"dx12_dir_same_a050_050_reverse_front"	"direction-matrix"	"APP_EXITED_NONZERO"	"True"	"175092"	""	"1857"	"D:\HTC\avboit\The-Forge\Examples_3\Unit_Tests\PC Visual Studio 2019\x64\Release\15_Transparency\15_Transparency.exe --d3d12 --transparency-mode=5 --avboit-auto-capture --avboit-capture-hide-ui --avboit-capture-frame=60 --avboit-fixed-delta=0.0166666667 --avboit-random-seed=1337 --avboit-output-dir=D:\HTC\avboit\The-Forge\LocalVisualResults\P2_6T_ReverseZDepth_20260628T164524Z\direction_matrix\dx12 --avboit-commit-sha=dbeb4094 --avboit-multiplier=1.0 --avboit-debug-view=0 --avboit-test-scene=same_slice --avboit-test-case=same_a050_050 --avboit-submit-order=reverse --avboit-depth-mapping=reverse_correct --avboit-transmittance-direction=front --avboit-dual-direction-diagnostic --avboit-bootstrap-log-dir=D:\HTC\avboit\The-Forge\LocalVisualResults\P2_6T_ReverseZDepth_20260628T164524Z\direction_matrix\dx12\bootstrap"	"1"	"1"	"0"	"D:\HTC\avboit\The-Forge\LocalVisualResults\P2_6T_ReverseZDepth_20260628T164524Z\direction_matrix\dx12\dx12_dir_same_a050_050_reverse_front.stderr.txt;D:\HTC\avboit\The-Forge\LocalVisualResults\P2_6T_ReverseZDepth_20260628T164524Z\direction_matrix\dx12\dx12_dir_same_a050_050_reverse_front.stdout.txt;D:\HTC\avboit\The-Forge\LocalVisualResults\P2_6T_ReverseZDepth_20260628T164524Z\direction_matrix\dx12\DX12_Mode5_1920x1080_Debug0_Dirfront_Depthreverse_correct_Mul1.0_Frame60_dbeb4094_Scenesame_slice_Casesame_a050_050_Orderreverse_Layerall.json;D:\HTC\avboit\The-Forge\LocalVisualResults\P2_6T_ReverseZDepth_20260628T164524Z\direction_matrix\dx12\DX12_Mode5_1920x1080_Debug0_Dirfront_Depthreverse_correct_Mul1.0_Frame60_dbeb4094_Scenesame_slice_Casesame_a050_050_Orderreverse_Layerall.png"	"D:\HTC\avboit\The-Forge\LocalVisualResults\P2_6T_ReverseZDepth_20260628T164524Z\direction_matrix\dx12\dx12_dir_same_a050_050_reverse_front.stdout.txt"	"D:\HTC\avboit\The-Forge\LocalVisualResults\P2_6T_ReverseZDepth_20260628T164524Z\direction_matrix\dx12\dx12_dir_same_a050_050_reverse_front.stderr.txt"
"vulkan_depth_near_1_1_debug21"	"vulkan-minimal"	"APP_EXITED_NONZERO"	"True"	"176416"	""	"1219"	"D:\HTC\avboit\The-Forge\Examples_3\Unit_Tests\PC Visual Studio 2019\x64\Release\15_Transparency\15_Transparency.exe --vulkan --transparency-mode=5 --avboit-auto-capture --avboit-capture-hide-ui --avboit-capture-frame=60 --avboit-fixed-delta=0.0166666667 --avboit-random-seed=1337 --avboit-output-dir=D:\HTC\avboit\The-Forge\LocalVisualResults\P2_6T_ReverseZDepth_20260628T164524Z\depth_calibration\vulkan --avboit-commit-sha=dbeb4094 --avboit-multiplier=1.0 --avboit-debug-view=21 --avboit-test-scene=depth_calibration --avboit-test-case=near_1_1 --avboit-depth-mapping=legacy --avboit-dump-raw-accum --avboit-bootstrap-log-dir=D:\HTC\avboit\The-Forge\LocalVisualResults\P2_6T_ReverseZDepth_20260628T164524Z\depth_calibration\vulkan\bootstrap"	"1"	"4"	"2"	"D:\HTC\avboit\The-Forge\LocalVisualResults\P2_6T_ReverseZDepth_20260628T164524Z\depth_calibration\vulkan\raw_2576c8d8_AVBOITAccumColorWeight.bin;D:\HTC\avboit\The-Forge\LocalVisualResults\P2_6T_ReverseZDepth_20260628T164524Z\depth_calibration\vulkan\raw_2576c8d8_AVBOITAccumColorWeight.json;D:\HTC\avboit\The-Forge\LocalVisualResults\P2_6T_ReverseZDepth_20260628T164524Z\depth_calibration\vulkan\raw_2576c8d8_AVBOITAccumDiagnostics.json;D:\HTC\avboit\The-Forge\LocalVisualResults\P2_6T_ReverseZDepth_20260628T164524Z\depth_calibration\vulkan\raw_2576c8d8_AVBOITAccumExtinction.bin;D:\HTC\avboit\The-Forge\LocalVisualResults\P2_6T_ReverseZDepth_20260628T164524Z\depth_calibration\vulkan\raw_2576c8d8_AVBOITAccumExtinction.json;D:\HTC\avboit\The-Forge\LocalVisualResults\P2_6T_ReverseZDepth_20260628T164524Z\depth_calibration\vulkan\vulkan_depth_near_1_1_debug21.stderr.txt;D:\HTC\avboit\The-Forge\LocalVisualResults\P2_6T_ReverseZDepth_20260628T164524Z\depth_calibration\vulkan\vulkan_depth_near_1_1_debug21.stdout.txt;D:\HTC\avboit\The-Forge\LocalVisualResults\P2_6T_ReverseZDepth_20260628T164524Z\depth_calibration\vulkan\Vulkan_Mode5_1920x1080_Debug21_Dirlegacy_Depthlegacy_Mul1.0_Frame60_dbeb4094_Scenedepth_calibration_Casenear_1_1_Ordernormal_Layerall.json;D:\HTC\avboit\The-Forge\LocalVisualResults\P2_6T_ReverseZDepth_20260628T164524Z\depth_calibration\vulkan\Vulkan_Mode5_1920x1080_Debug21_Dirlegacy_Depthlegacy_Mul1.0_Frame60_dbeb4094_Scenedepth_calibration_Casenear_1_1_Ordernormal_Layerall.png"	"D:\HTC\avboit\The-Forge\LocalVisualResults\P2_6T_ReverseZDepth_20260628T164524Z\depth_calibration\vulkan\vulkan_depth_near_1_1_debug21.stdout.txt"	"D:\HTC\avboit\The-Forge\LocalVisualResults\P2_6T_ReverseZDepth_20260628T164524Z\depth_calibration\vulkan\vulkan_depth_near_1_1_debug21.stderr.txt"
"vulkan_depth_near_1_1_debug25"	"vulkan-minimal"	"APP_EXITED_NONZERO"	"True"	"176088"	""	"784"	"D:\HTC\avboit\The-Forge\Examples_3\Unit_Tests\PC Visual Studio 2019\x64\Release\15_Transparency\15_Transparency.exe --vulkan --transparency-mode=5 --avboit-auto-capture --avboit-capture-hide-ui --avboit-capture-frame=60 --avboit-fixed-delta=0.0166666667 --avboit-random-seed=1337 --avboit-output-dir=D:\HTC\avboit\The-Forge\LocalVisualResults\P2_6T_ReverseZDepth_20260628T164524Z\depth_calibration\vulkan --avboit-commit-sha=dbeb4094 --avboit-multiplier=1.0 --avboit-debug-view=25 --avboit-test-scene=depth_calibration --avboit-test-case=near_1_1 --avboit-depth-mapping=legacy --avboit-dump-raw-accum --avboit-bootstrap-log-dir=D:\HTC\avboit\The-Forge\LocalVisualResults\P2_6T_ReverseZDepth_20260628T164524Z\depth_calibration\vulkan\bootstrap"	"1"	"4"	"2"	"D:\HTC\avboit\The-Forge\LocalVisualResults\P2_6T_ReverseZDepth_20260628T164524Z\depth_calibration\vulkan\raw_b89bfe3c_AVBOITAccumColorWeight.bin;D:\HTC\avboit\The-Forge\LocalVisualResults\P2_6T_ReverseZDepth_20260628T164524Z\depth_calibration\vulkan\raw_b89bfe3c_AVBOITAccumColorWeight.json;D:\HTC\avboit\The-Forge\LocalVisualResults\P2_6T_ReverseZDepth_20260628T164524Z\depth_calibration\vulkan\raw_b89bfe3c_AVBOITAccumDiagnostics.json;D:\HTC\avboit\The-Forge\LocalVisualResults\P2_6T_ReverseZDepth_20260628T164524Z\depth_calibration\vulkan\raw_b89bfe3c_AVBOITAccumExtinction.bin;D:\HTC\avboit\The-Forge\LocalVisualResults\P2_6T_ReverseZDepth_20260628T164524Z\depth_calibration\vulkan\raw_b89bfe3c_AVBOITAccumExtinction.json;D:\HTC\avboit\The-Forge\LocalVisualResults\P2_6T_ReverseZDepth_20260628T164524Z\depth_calibration\vulkan\vulkan_depth_near_1_1_debug25.stderr.txt;D:\HTC\avboit\The-Forge\LocalVisualResults\P2_6T_ReverseZDepth_20260628T164524Z\depth_calibration\vulkan\vulkan_depth_near_1_1_debug25.stdout.txt;D:\HTC\avboit\The-Forge\LocalVisualResults\P2_6T_ReverseZDepth_20260628T164524Z\depth_calibration\vulkan\Vulkan_Mode5_1920x1080_Debug25_Dirlegacy_Depthlegacy_Mul1.0_Frame60_dbeb4094_Scenedepth_calibration_Casenear_1_1_Ordernormal_Layerall.json;D:\HTC\avboit\The-Forge\LocalVisualResults\P2_6T_ReverseZDepth_20260628T164524Z\depth_calibration\vulkan\Vulkan_Mode5_1920x1080_Debug25_Dirlegacy_Depthlegacy_Mul1.0_Frame60_dbeb4094_Scenedepth_calibration_Casenear_1_1_Ordernormal_Layerall.png"	"D:\HTC\avboit\The-Forge\LocalVisualResults\P2_6T_ReverseZDepth_20260628T164524Z\depth_calibration\vulkan\vulkan_depth_near_1_1_debug25.stdout.txt"	"D:\HTC\avboit\The-Forge\LocalVisualResults\P2_6T_ReverseZDepth_20260628T164524Z\depth_calibration\vulkan\vulkan_depth_near_1_1_debug25.stderr.txt"
"vulkan_depth_slice48_debug21"	"vulkan-minimal"	"APP_EXITED_NONZERO"	"True"	"154396"	""	"768"	"D:\HTC\avboit\The-Forge\Examples_3\Unit_Tests\PC Visual Studio 2019\x64\Release\15_Transparency\15_Transparency.exe --vulkan --transparency-mode=5 --avboit-auto-capture --avboit-capture-hide-ui --avboit-capture-frame=60 --avboit-fixed-delta=0.0166666667 --avboit-random-seed=1337 --avboit-output-dir=D:\HTC\avboit\The-Forge\LocalVisualResults\P2_6T_ReverseZDepth_20260628T164524Z\depth_calibration\vulkan --avboit-commit-sha=dbeb4094 --avboit-multiplier=1.0 --avboit-debug-view=21 --avboit-test-scene=depth_calibration --avboit-test-case=slice48 --avboit-depth-mapping=legacy --avboit-dump-raw-accum --avboit-bootstrap-log-dir=D:\HTC\avboit\The-Forge\LocalVisualResults\P2_6T_ReverseZDepth_20260628T164524Z\depth_calibration\vulkan\bootstrap"	"1"	"4"	"2"	"D:\HTC\avboit\The-Forge\LocalVisualResults\P2_6T_ReverseZDepth_20260628T164524Z\depth_calibration\vulkan\raw_8d45fb4e_AVBOITAccumColorWeight.bin;D:\HTC\avboit\The-Forge\LocalVisualResults\P2_6T_ReverseZDepth_20260628T164524Z\depth_calibration\vulkan\raw_8d45fb4e_AVBOITAccumColorWeight.json;D:\HTC\avboit\The-Forge\LocalVisualResults\P2_6T_ReverseZDepth_20260628T164524Z\depth_calibration\vulkan\raw_8d45fb4e_AVBOITAccumDiagnostics.json;D:\HTC\avboit\The-Forge\LocalVisualResults\P2_6T_ReverseZDepth_20260628T164524Z\depth_calibration\vulkan\raw_8d45fb4e_AVBOITAccumExtinction.bin;D:\HTC\avboit\The-Forge\LocalVisualResults\P2_6T_ReverseZDepth_20260628T164524Z\depth_calibration\vulkan\raw_8d45fb4e_AVBOITAccumExtinction.json;D:\HTC\avboit\The-Forge\LocalVisualResults\P2_6T_ReverseZDepth_20260628T164524Z\depth_calibration\vulkan\vulkan_depth_slice48_debug21.stderr.txt;D:\HTC\avboit\The-Forge\LocalVisualResults\P2_6T_ReverseZDepth_20260628T164524Z\depth_calibration\vulkan\vulkan_depth_slice48_debug21.stdout.txt;D:\HTC\avboit\The-Forge\LocalVisualResults\P2_6T_ReverseZDepth_20260628T164524Z\depth_calibration\vulkan\Vulkan_Mode5_1920x1080_Debug21_Dirlegacy_Depthlegacy_Mul1.0_Frame60_dbeb4094_Scenedepth_calibration_Caseslice48_Ordernormal_Layerall.json;D:\HTC\avboit\The-Forge\LocalVisualResults\P2_6T_ReverseZDepth_20260628T164524Z\depth_calibration\vulkan\Vulkan_Mode5_1920x1080_Debug21_Dirlegacy_Depthlegacy_Mul1.0_Frame60_dbeb4094_Scenedepth_calibration_Caseslice48_Ordernormal_Layerall.png"	"D:\HTC\avboit\The-Forge\LocalVisualResults\P2_6T_ReverseZDepth_20260628T164524Z\depth_calibration\vulkan\vulkan_depth_slice48_debug21.stdout.txt"	"D:\HTC\avboit\The-Forge\LocalVisualResults\P2_6T_ReverseZDepth_20260628T164524Z\depth_calibration\vulkan\vulkan_depth_slice48_debug21.stderr.txt"
"vulkan_depth_slice48_debug25"	"vulkan-minimal"	"APP_EXITED_NONZERO"	"True"	"177500"	""	"784"	"D:\HTC\avboit\The-Forge\Examples_3\Unit_Tests\PC Visual Studio 2019\x64\Release\15_Transparency\15_Transparency.exe --vulkan --transparency-mode=5 --avboit-auto-capture --avboit-capture-hide-ui --avboit-capture-frame=60 --avboit-fixed-delta=0.0166666667 --avboit-random-seed=1337 --avboit-output-dir=D:\HTC\avboit\The-Forge\LocalVisualResults\P2_6T_ReverseZDepth_20260628T164524Z\depth_calibration\vulkan --avboit-commit-sha=dbeb4094 --avboit-multiplier=1.0 --avboit-debug-view=25 --avboit-test-scene=depth_calibration --avboit-test-case=slice48 --avboit-depth-mapping=legacy --avboit-dump-raw-accum --avboit-bootstrap-log-dir=D:\HTC\avboit\The-Forge\LocalVisualResults\P2_6T_ReverseZDepth_20260628T164524Z\depth_calibration\vulkan\bootstrap"	"1"	"4"	"2"	"D:\HTC\avboit\The-Forge\LocalVisualResults\P2_6T_ReverseZDepth_20260628T164524Z\depth_calibration\vulkan\raw_91a1f3b2_AVBOITAccumColorWeight.bin;D:\HTC\avboit\The-Forge\LocalVisualResults\P2_6T_ReverseZDepth_20260628T164524Z\depth_calibration\vulkan\raw_91a1f3b2_AVBOITAccumColorWeight.json;D:\HTC\avboit\The-Forge\LocalVisualResults\P2_6T_ReverseZDepth_20260628T164524Z\depth_calibration\vulkan\raw_91a1f3b2_AVBOITAccumDiagnostics.json;D:\HTC\avboit\The-Forge\LocalVisualResults\P2_6T_ReverseZDepth_20260628T164524Z\depth_calibration\vulkan\raw_91a1f3b2_AVBOITAccumExtinction.bin;D:\HTC\avboit\The-Forge\LocalVisualResults\P2_6T_ReverseZDepth_20260628T164524Z\depth_calibration\vulkan\raw_91a1f3b2_AVBOITAccumExtinction.json;D:\HTC\avboit\The-Forge\LocalVisualResults\P2_6T_ReverseZDepth_20260628T164524Z\depth_calibration\vulkan\vulkan_depth_slice48_debug25.stderr.txt;D:\HTC\avboit\The-Forge\LocalVisualResults\P2_6T_ReverseZDepth_20260628T164524Z\depth_calibration\vulkan\vulkan_depth_slice48_debug25.stdout.txt;D:\HTC\avboit\The-Forge\LocalVisualResults\P2_6T_ReverseZDepth_20260628T164524Z\depth_calibration\vulkan\Vulkan_Mode5_1920x1080_Debug25_Dirlegacy_Depthlegacy_Mul1.0_Frame60_dbeb4094_Scenedepth_calibration_Caseslice48_Ordernormal_Layerall.json;D:\HTC\avboit\The-Forge\LocalVisualResults\P2_6T_ReverseZDepth_20260628T164524Z\depth_calibration\vulkan\Vulkan_Mode5_1920x1080_Debug25_Dirlegacy_Depthlegacy_Mul1.0_Frame60_dbeb4094_Scenedepth_calibration_Caseslice48_Ordernormal_Layerall.png"	"D:\HTC\avboit\The-Forge\LocalVisualResults\P2_6T_ReverseZDepth_20260628T164524Z\depth_calibration\vulkan\vulkan_depth_slice48_debug25.stdout.txt"	"D:\HTC\avboit\The-Forge\LocalVisualResults\P2_6T_ReverseZDepth_20260628T164524Z\depth_calibration\vulkan\vulkan_depth_slice48_debug25.stderr.txt"
"vulkan_depth_slice32_debug21"	"vulkan-minimal"	"APP_EXITED_NONZERO"	"True"	"179588"	""	"796"	"D:\HTC\avboit\The-Forge\Examples_3\Unit_Tests\PC Visual Studio 2019\x64\Release\15_Transparency\15_Transparency.exe --vulkan --transparency-mode=5 --avboit-auto-capture --avboit-capture-hide-ui --avboit-capture-frame=60 --avboit-fixed-delta=0.0166666667 --avboit-random-seed=1337 --avboit-output-dir=D:\HTC\avboit\The-Forge\LocalVisualResults\P2_6T_ReverseZDepth_20260628T164524Z\depth_calibration\vulkan --avboit-commit-sha=dbeb4094 --avboit-multiplier=1.0 --avboit-debug-view=21 --avboit-test-scene=depth_calibration --avboit-test-case=slice32 --avboit-depth-mapping=legacy --avboit-dump-raw-accum --avboit-bootstrap-log-dir=D:\HTC\avboit\The-Forge\LocalVisualResults\P2_6T_ReverseZDepth_20260628T164524Z\depth_calibration\vulkan\bootstrap"	"1"	"4"	"2"	"D:\HTC\avboit\The-Forge\LocalVisualResults\P2_6T_ReverseZDepth_20260628T164524Z\depth_calibration\vulkan\raw_5bfeade9_AVBOITAccumColorWeight.bin;D:\HTC\avboit\The-Forge\LocalVisualResults\P2_6T_ReverseZDepth_20260628T164524Z\depth_calibration\vulkan\raw_5bfeade9_AVBOITAccumColorWeight.json;D:\HTC\avboit\The-Forge\LocalVisualResults\P2_6T_ReverseZDepth_20260628T164524Z\depth_calibration\vulkan\raw_5bfeade9_AVBOITAccumDiagnostics.json;D:\HTC\avboit\The-Forge\LocalVisualResults\P2_6T_ReverseZDepth_20260628T164524Z\depth_calibration\vulkan\raw_5bfeade9_AVBOITAccumExtinction.bin;D:\HTC\avboit\The-Forge\LocalVisualResults\P2_6T_ReverseZDepth_20260628T164524Z\depth_calibration\vulkan\raw_5bfeade9_AVBOITAccumExtinction.json;D:\HTC\avboit\The-Forge\LocalVisualResults\P2_6T_ReverseZDepth_20260628T164524Z\depth_calibration\vulkan\vulkan_depth_slice32_debug21.stderr.txt;D:\HTC\avboit\The-Forge\LocalVisualResults\P2_6T_ReverseZDepth_20260628T164524Z\depth_calibration\vulkan\vulkan_depth_slice32_debug21.stdout.txt;D:\HTC\avboit\The-Forge\LocalVisualResults\P2_6T_ReverseZDepth_20260628T164524Z\depth_calibration\vulkan\Vulkan_Mode5_1920x1080_Debug21_Dirlegacy_Depthlegacy_Mul1.0_Frame60_dbeb4094_Scenedepth_calibration_Caseslice32_Ordernormal_Layerall.json;D:\HTC\avboit\The-Forge\LocalVisualResults\P2_6T_ReverseZDepth_20260628T164524Z\depth_calibration\vulkan\Vulkan_Mode5_1920x1080_Debug21_Dirlegacy_Depthlegacy_Mul1.0_Frame60_dbeb4094_Scenedepth_calibration_Caseslice32_Ordernormal_Layerall.png"	"D:\HTC\avboit\The-Forge\LocalVisualResults\P2_6T_ReverseZDepth_20260628T164524Z\depth_calibration\vulkan\vulkan_depth_slice32_debug21.stdout.txt"	"D:\HTC\avboit\The-Forge\LocalVisualResults\P2_6T_ReverseZDepth_20260628T164524Z\depth_calibration\vulkan\vulkan_depth_slice32_debug21.stderr.txt"
"vulkan_depth_slice32_debug25"	"vulkan-minimal"	"APP_EXITED_NONZERO"	"True"	"179312"	""	"768"	"D:\HTC\avboit\The-Forge\Examples_3\Unit_Tests\PC Visual Studio 2019\x64\Release\15_Transparency\15_Transparency.exe --vulkan --transparency-mode=5 --avboit-auto-capture --avboit-capture-hide-ui --avboit-capture-frame=60 --avboit-fixed-delta=0.0166666667 --avboit-random-seed=1337 --avboit-output-dir=D:\HTC\avboit\The-Forge\LocalVisualResults\P2_6T_ReverseZDepth_20260628T164524Z\depth_calibration\vulkan --avboit-commit-sha=dbeb4094 --avboit-multiplier=1.0 --avboit-debug-view=25 --avboit-test-scene=depth_calibration --avboit-test-case=slice32 --avboit-depth-mapping=legacy --avboit-dump-raw-accum --avboit-bootstrap-log-dir=D:\HTC\avboit\The-Forge\LocalVisualResults\P2_6T_ReverseZDepth_20260628T164524Z\depth_calibration\vulkan\bootstrap"	"1"	"4"	"2"	"D:\HTC\avboit\The-Forge\LocalVisualResults\P2_6T_ReverseZDepth_20260628T164524Z\depth_calibration\vulkan\raw_adc6c015_AVBOITAccumColorWeight.bin;D:\HTC\avboit\The-Forge\LocalVisualResults\P2_6T_ReverseZDepth_20260628T164524Z\depth_calibration\vulkan\raw_adc6c015_AVBOITAccumColorWeight.json;D:\HTC\avboit\The-Forge\LocalVisualResults\P2_6T_ReverseZDepth_20260628T164524Z\depth_calibration\vulkan\raw_adc6c015_AVBOITAccumDiagnostics.json;D:\HTC\avboit\The-Forge\LocalVisualResults\P2_6T_ReverseZDepth_20260628T164524Z\depth_calibration\vulkan\raw_adc6c015_AVBOITAccumExtinction.bin;D:\HTC\avboit\The-Forge\LocalVisualResults\P2_6T_ReverseZDepth_20260628T164524Z\depth_calibration\vulkan\raw_adc6c015_AVBOITAccumExtinction.json;D:\HTC\avboit\The-Forge\LocalVisualResults\P2_6T_ReverseZDepth_20260628T164524Z\depth_calibration\vulkan\vulkan_depth_slice32_debug25.stderr.txt;D:\HTC\avboit\The-Forge\LocalVisualResults\P2_6T_ReverseZDepth_20260628T164524Z\depth_calibration\vulkan\vulkan_depth_slice32_debug25.stdout.txt;D:\HTC\avboit\The-Forge\LocalVisualResults\P2_6T_ReverseZDepth_20260628T164524Z\depth_calibration\vulkan\Vulkan_Mode5_1920x1080_Debug25_Dirlegacy_Depthlegacy_Mul1.0_Frame60_dbeb4094_Scenedepth_calibration_Caseslice32_Ordernormal_Layerall.json;D:\HTC\avboit\The-Forge\LocalVisualResults\P2_6T_ReverseZDepth_20260628T164524Z\depth_calibration\vulkan\Vulkan_Mode5_1920x1080_Debug25_Dirlegacy_Depthlegacy_Mul1.0_Frame60_dbeb4094_Scenedepth_calibration_Caseslice32_Ordernormal_Layerall.png"	"D:\HTC\avboit\The-Forge\LocalVisualResults\P2_6T_ReverseZDepth_20260628T164524Z\depth_calibration\vulkan\vulkan_depth_slice32_debug25.stdout.txt"	"D:\HTC\avboit\The-Forge\LocalVisualResults\P2_6T_ReverseZDepth_20260628T164524Z\depth_calibration\vulkan\vulkan_depth_slice32_debug25.stderr.txt"
"vulkan_depth_slice16_debug21"	"vulkan-minimal"	"APP_EXITED_NONZERO"	"True"	"179984"	""	"768"	"D:\HTC\avboit\The-Forge\Examples_3\Unit_Tests\PC Visual Studio 2019\x64\Release\15_Transparency\15_Transparency.exe --vulkan --transparency-mode=5 --avboit-auto-capture --avboit-capture-hide-ui --avboit-capture-frame=60 --avboit-fixed-delta=0.0166666667 --avboit-random-seed=1337 --avboit-output-dir=D:\HTC\avboit\The-Forge\LocalVisualResults\P2_6T_ReverseZDepth_20260628T164524Z\depth_calibration\vulkan --avboit-commit-sha=dbeb4094 --avboit-multiplier=1.0 --avboit-debug-view=21 --avboit-test-scene=depth_calibration --avboit-test-case=slice16 --avboit-depth-mapping=legacy --avboit-dump-raw-accum --avboit-bootstrap-log-dir=D:\HTC\avboit\The-Forge\LocalVisualResults\P2_6T_ReverseZDepth_20260628T164524Z\depth_calibration\vulkan\bootstrap"	"1"	"4"	"2"	"D:\HTC\avboit\The-Forge\LocalVisualResults\P2_6T_ReverseZDepth_20260628T164524Z\depth_calibration\vulkan\raw_b2ad60e7_AVBOITAccumColorWeight.bin;D:\HTC\avboit\The-Forge\LocalVisualResults\P2_6T_ReverseZDepth_20260628T164524Z\depth_calibration\vulkan\raw_b2ad60e7_AVBOITAccumColorWeight.json;D:\HTC\avboit\The-Forge\LocalVisualResults\P2_6T_ReverseZDepth_20260628T164524Z\depth_calibration\vulkan\raw_b2ad60e7_AVBOITAccumDiagnostics.json;D:\HTC\avboit\The-Forge\LocalVisualResults\P2_6T_ReverseZDepth_20260628T164524Z\depth_calibration\vulkan\raw_b2ad60e7_AVBOITAccumExtinction.bin;D:\HTC\avboit\The-Forge\LocalVisualResults\P2_6T_ReverseZDepth_20260628T164524Z\depth_calibration\vulkan\raw_b2ad60e7_AVBOITAccumExtinction.json;D:\HTC\avboit\The-Forge\LocalVisualResults\P2_6T_ReverseZDepth_20260628T164524Z\depth_calibration\vulkan\vulkan_depth_slice16_debug21.stderr.txt;D:\HTC\avboit\The-Forge\LocalVisualResults\P2_6T_ReverseZDepth_20260628T164524Z\depth_calibration\vulkan\vulkan_depth_slice16_debug21.stdout.txt;D:\HTC\avboit\The-Forge\LocalVisualResults\P2_6T_ReverseZDepth_20260628T164524Z\depth_calibration\vulkan\Vulkan_Mode5_1920x1080_Debug21_Dirlegacy_Depthlegacy_Mul1.0_Frame60_dbeb4094_Scenedepth_calibration_Caseslice16_Ordernormal_Layerall.json;D:\HTC\avboit\The-Forge\LocalVisualResults\P2_6T_ReverseZDepth_20260628T164524Z\depth_calibration\vulkan\Vulkan_Mode5_1920x1080_Debug21_Dirlegacy_Depthlegacy_Mul1.0_Frame60_dbeb4094_Scenedepth_calibration_Caseslice16_Ordernormal_Layerall.png"	"D:\HTC\avboit\The-Forge\LocalVisualResults\P2_6T_ReverseZDepth_20260628T164524Z\depth_calibration\vulkan\vulkan_depth_slice16_debug21.stdout.txt"	"D:\HTC\avboit\The-Forge\LocalVisualResults\P2_6T_ReverseZDepth_20260628T164524Z\depth_calibration\vulkan\vulkan_depth_slice16_debug21.stderr.txt"
"vulkan_depth_slice16_debug25"	"vulkan-minimal"	"APP_EXITED_NONZERO"	"True"	"179444"	""	"769"	"D:\HTC\avboit\The-Forge\Examples_3\Unit_Tests\PC Visual Studio 2019\x64\Release\15_Transparency\15_Transparency.exe --vulkan --transparency-mode=5 --avboit-auto-capture --avboit-capture-hide-ui --avboit-capture-frame=60 --avboit-fixed-delta=0.0166666667 --avboit-random-seed=1337 --avboit-output-dir=D:\HTC\avboit\The-Forge\LocalVisualResults\P2_6T_ReverseZDepth_20260628T164524Z\depth_calibration\vulkan --avboit-commit-sha=dbeb4094 --avboit-multiplier=1.0 --avboit-debug-view=25 --avboit-test-scene=depth_calibration --avboit-test-case=slice16 --avboit-depth-mapping=legacy --avboit-dump-raw-accum --avboit-bootstrap-log-dir=D:\HTC\avboit\The-Forge\LocalVisualResults\P2_6T_ReverseZDepth_20260628T164524Z\depth_calibration\vulkan\bootstrap"	"1"	"4"	"2"	"D:\HTC\avboit\The-Forge\LocalVisualResults\P2_6T_ReverseZDepth_20260628T164524Z\depth_calibration\vulkan\raw_88d4736b_AVBOITAccumColorWeight.bin;D:\HTC\avboit\The-Forge\LocalVisualResults\P2_6T_ReverseZDepth_20260628T164524Z\depth_calibration\vulkan\raw_88d4736b_AVBOITAccumColorWeight.json;D:\HTC\avboit\The-Forge\LocalVisualResults\P2_6T_ReverseZDepth_20260628T164524Z\depth_calibration\vulkan\raw_88d4736b_AVBOITAccumDiagnostics.json;D:\HTC\avboit\The-Forge\LocalVisualResults\P2_6T_ReverseZDepth_20260628T164524Z\depth_calibration\vulkan\raw_88d4736b_AVBOITAccumExtinction.bin;D:\HTC\avboit\The-Forge\LocalVisualResults\P2_6T_ReverseZDepth_20260628T164524Z\depth_calibration\vulkan\raw_88d4736b_AVBOITAccumExtinction.json;D:\HTC\avboit\The-Forge\LocalVisualResults\P2_6T_ReverseZDepth_20260628T164524Z\depth_calibration\vulkan\vulkan_depth_slice16_debug25.stderr.txt;D:\HTC\avboit\The-Forge\LocalVisualResults\P2_6T_ReverseZDepth_20260628T164524Z\depth_calibration\vulkan\vulkan_depth_slice16_debug25.stdout.txt;D:\HTC\avboit\The-Forge\LocalVisualResults\P2_6T_ReverseZDepth_20260628T164524Z\depth_calibration\vulkan\Vulkan_Mode5_1920x1080_Debug25_Dirlegacy_Depthlegacy_Mul1.0_Frame60_dbeb4094_Scenedepth_calibration_Caseslice16_Ordernormal_Layerall.json;D:\HTC\avboit\The-Forge\LocalVisualResults\P2_6T_ReverseZDepth_20260628T164524Z\depth_calibration\vulkan\Vulkan_Mode5_1920x1080_Debug25_Dirlegacy_Depthlegacy_Mul1.0_Frame60_dbeb4094_Scenedepth_calibration_Caseslice16_Ordernormal_Layerall.png"	"D:\HTC\avboit\The-Forge\LocalVisualResults\P2_6T_ReverseZDepth_20260628T164524Z\depth_calibration\vulkan\vulkan_depth_slice16_debug25.stdout.txt"	"D:\HTC\avboit\The-Forge\LocalVisualResults\P2_6T_ReverseZDepth_20260628T164524Z\depth_calibration\vulkan\vulkan_depth_slice16_debug25.stderr.txt"
"vulkan_depth_far_3500_debug21"	"vulkan-minimal"	"APP_EXITED_NONZERO"	"True"	"177476"	""	"819"	"D:\HTC\avboit\The-Forge\Examples_3\Unit_Tests\PC Visual Studio 2019\x64\Release\15_Transparency\15_Transparency.exe --vulkan --transparency-mode=5 --avboit-auto-capture --avboit-capture-hide-ui --avboit-capture-frame=60 --avboit-fixed-delta=0.0166666667 --avboit-random-seed=1337 --avboit-output-dir=D:\HTC\avboit\The-Forge\LocalVisualResults\P2_6T_ReverseZDepth_20260628T164524Z\depth_calibration\vulkan --avboit-commit-sha=dbeb4094 --avboit-multiplier=1.0 --avboit-debug-view=21 --avboit-test-scene=depth_calibration --avboit-test-case=far_3500 --avboit-depth-mapping=legacy --avboit-dump-raw-accum --avboit-bootstrap-log-dir=D:\HTC\avboit\The-Forge\LocalVisualResults\P2_6T_ReverseZDepth_20260628T164524Z\depth_calibration\vulkan\bootstrap"	"1"	"4"	"2"	"D:\HTC\avboit\The-Forge\LocalVisualResults\P2_6T_ReverseZDepth_20260628T164524Z\depth_calibration\vulkan\raw_30003e80_AVBOITAccumColorWeight.bin;D:\HTC\avboit\The-Forge\LocalVisualResults\P2_6T_ReverseZDepth_20260628T164524Z\depth_calibration\vulkan\raw_30003e80_AVBOITAccumColorWeight.json;D:\HTC\avboit\The-Forge\LocalVisualResults\P2_6T_ReverseZDepth_20260628T164524Z\depth_calibration\vulkan\raw_30003e80_AVBOITAccumDiagnostics.json;D:\HTC\avboit\The-Forge\LocalVisualResults\P2_6T_ReverseZDepth_20260628T164524Z\depth_calibration\vulkan\raw_30003e80_AVBOITAccumExtinction.bin;D:\HTC\avboit\The-Forge\LocalVisualResults\P2_6T_ReverseZDepth_20260628T164524Z\depth_calibration\vulkan\raw_30003e80_AVBOITAccumExtinction.json;D:\HTC\avboit\The-Forge\LocalVisualResults\P2_6T_ReverseZDepth_20260628T164524Z\depth_calibration\vulkan\vulkan_depth_far_3500_debug21.stderr.txt;D:\HTC\avboit\The-Forge\LocalVisualResults\P2_6T_ReverseZDepth_20260628T164524Z\depth_calibration\vulkan\vulkan_depth_far_3500_debug21.stdout.txt;D:\HTC\avboit\The-Forge\LocalVisualResults\P2_6T_ReverseZDepth_20260628T164524Z\depth_calibration\vulkan\Vulkan_Mode5_1920x1080_Debug21_Dirlegacy_Depthlegacy_Mul1.0_Frame60_dbeb4094_Scenedepth_calibration_Casefar_3500_Ordernormal_Layerall.json;D:\HTC\avboit\The-Forge\LocalVisualResults\P2_6T_ReverseZDepth_20260628T164524Z\depth_calibration\vulkan\Vulkan_Mode5_1920x1080_Debug21_Dirlegacy_Depthlegacy_Mul1.0_Frame60_dbeb4094_Scenedepth_calibration_Casefar_3500_Ordernormal_Layerall.png"	"D:\HTC\avboit\The-Forge\LocalVisualResults\P2_6T_ReverseZDepth_20260628T164524Z\depth_calibration\vulkan\vulkan_depth_far_3500_debug21.stdout.txt"	"D:\HTC\avboit\The-Forge\LocalVisualResults\P2_6T_ReverseZDepth_20260628T164524Z\depth_calibration\vulkan\vulkan_depth_far_3500_debug21.stderr.txt"
"vulkan_depth_far_3500_debug25"	"vulkan-minimal"	"APP_EXITED_NONZERO"	"True"	"178964"	""	"767"	"D:\HTC\avboit\The-Forge\Examples_3\Unit_Tests\PC Visual Studio 2019\x64\Release\15_Transparency\15_Transparency.exe --vulkan --transparency-mode=5 --avboit-auto-capture --avboit-capture-hide-ui --avboit-capture-frame=60 --avboit-fixed-delta=0.0166666667 --avboit-random-seed=1337 --avboit-output-dir=D:\HTC\avboit\The-Forge\LocalVisualResults\P2_6T_ReverseZDepth_20260628T164524Z\depth_calibration\vulkan --avboit-commit-sha=dbeb4094 --avboit-multiplier=1.0 --avboit-debug-view=25 --avboit-test-scene=depth_calibration --avboit-test-case=far_3500 --avboit-depth-mapping=legacy --avboit-dump-raw-accum --avboit-bootstrap-log-dir=D:\HTC\avboit\The-Forge\LocalVisualResults\P2_6T_ReverseZDepth_20260628T164524Z\depth_calibration\vulkan\bootstrap"	"1"	"4"	"2"	"D:\HTC\avboit\The-Forge\LocalVisualResults\P2_6T_ReverseZDepth_20260628T164524Z\depth_calibration\vulkan\raw_da96f29c_AVBOITAccumColorWeight.bin;D:\HTC\avboit\The-Forge\LocalVisualResults\P2_6T_ReverseZDepth_20260628T164524Z\depth_calibration\vulkan\raw_da96f29c_AVBOITAccumColorWeight.json;D:\HTC\avboit\The-Forge\LocalVisualResults\P2_6T_ReverseZDepth_20260628T164524Z\depth_calibration\vulkan\raw_da96f29c_AVBOITAccumDiagnostics.json;D:\HTC\avboit\The-Forge\LocalVisualResults\P2_6T_ReverseZDepth_20260628T164524Z\depth_calibration\vulkan\raw_da96f29c_AVBOITAccumExtinction.bin;D:\HTC\avboit\The-Forge\LocalVisualResults\P2_6T_ReverseZDepth_20260628T164524Z\depth_calibration\vulkan\raw_da96f29c_AVBOITAccumExtinction.json;D:\HTC\avboit\The-Forge\LocalVisualResults\P2_6T_ReverseZDepth_20260628T164524Z\depth_calibration\vulkan\vulkan_depth_far_3500_debug25.stderr.txt;D:\HTC\avboit\The-Forge\LocalVisualResults\P2_6T_ReverseZDepth_20260628T164524Z\depth_calibration\vulkan\vulkan_depth_far_3500_debug25.stdout.txt;D:\HTC\avboit\The-Forge\LocalVisualResults\P2_6T_ReverseZDepth_20260628T164524Z\depth_calibration\vulkan\Vulkan_Mode5_1920x1080_Debug25_Dirlegacy_Depthlegacy_Mul1.0_Frame60_dbeb4094_Scenedepth_calibration_Casefar_3500_Ordernormal_Layerall.json;D:\HTC\avboit\The-Forge\LocalVisualResults\P2_6T_ReverseZDepth_20260628T164524Z\depth_calibration\vulkan\Vulkan_Mode5_1920x1080_Debug25_Dirlegacy_Depthlegacy_Mul1.0_Frame60_dbeb4094_Scenedepth_calibration_Casefar_3500_Ordernormal_Layerall.png"	"D:\HTC\avboit\The-Forge\LocalVisualResults\P2_6T_ReverseZDepth_20260628T164524Z\depth_calibration\vulkan\vulkan_depth_far_3500_debug25.stdout.txt"	"D:\HTC\avboit\The-Forge\LocalVisualResults\P2_6T_ReverseZDepth_20260628T164524Z\depth_calibration\vulkan\vulkan_depth_far_3500_debug25.stderr.txt"
"vulkan_dir_mode0_two_a050_050_normal"	"vulkan-minimal"	"APP_EXITED_NONZERO"	"True"	"177308"	""	"874"	"D:\HTC\avboit\The-Forge\Examples_3\Unit_Tests\PC Visual Studio 2019\x64\Release\15_Transparency\15_Transparency.exe --vulkan --transparency-mode=0 --avboit-auto-capture --avboit-capture-hide-ui --avboit-capture-frame=60 --avboit-fixed-delta=0.0166666667 --avboit-random-seed=1337 --avboit-output-dir=D:\HTC\avboit\The-Forge\LocalVisualResults\P2_6T_ReverseZDepth_20260628T164524Z\direction_matrix\vulkan --avboit-commit-sha=dbeb4094 --avboit-multiplier=1.0 --avboit-test-scene=two_layer --avboit-test-case=two_a050_050 --avboit-submit-order=normal --avboit-bootstrap-log-dir=D:\HTC\avboit\The-Forge\LocalVisualResults\P2_6T_ReverseZDepth_20260628T164524Z\direction_matrix\vulkan\bootstrap"	"1"	"1"	"0"	"D:\HTC\avboit\The-Forge\LocalVisualResults\P2_6T_ReverseZDepth_20260628T164524Z\direction_matrix\vulkan\vulkan_dir_mode0_two_a050_050_normal.stderr.txt;D:\HTC\avboit\The-Forge\LocalVisualResults\P2_6T_ReverseZDepth_20260628T164524Z\direction_matrix\vulkan\vulkan_dir_mode0_two_a050_050_normal.stdout.txt;D:\HTC\avboit\The-Forge\LocalVisualResults\P2_6T_ReverseZDepth_20260628T164524Z\direction_matrix\vulkan\Vulkan_Mode0_1920x1080_Frame60_dbeb4094_Scenetwo_layer_Casetwo_a050_050_Ordernormal_Layerall.json;D:\HTC\avboit\The-Forge\LocalVisualResults\P2_6T_ReverseZDepth_20260628T164524Z\direction_matrix\vulkan\Vulkan_Mode0_1920x1080_Frame60_dbeb4094_Scenetwo_layer_Casetwo_a050_050_Ordernormal_Layerall.png"	"D:\HTC\avboit\The-Forge\LocalVisualResults\P2_6T_ReverseZDepth_20260628T164524Z\direction_matrix\vulkan\vulkan_dir_mode0_two_a050_050_normal.stdout.txt"	"D:\HTC\avboit\The-Forge\LocalVisualResults\P2_6T_ReverseZDepth_20260628T164524Z\direction_matrix\vulkan\vulkan_dir_mode0_two_a050_050_normal.stderr.txt"
"vulkan_dir_two_a050_050_normal_legacy"	"vulkan-minimal"	"APP_EXITED_NONZERO"	"True"	"179068"	""	"878"	"D:\HTC\avboit\The-Forge\Examples_3\Unit_Tests\PC Visual Studio 2019\x64\Release\15_Transparency\15_Transparency.exe --vulkan --transparency-mode=5 --avboit-auto-capture --avboit-capture-hide-ui --avboit-capture-frame=60 --avboit-fixed-delta=0.0166666667 --avboit-random-seed=1337 --avboit-output-dir=D:\HTC\avboit\The-Forge\LocalVisualResults\P2_6T_ReverseZDepth_20260628T164524Z\direction_matrix\vulkan --avboit-commit-sha=dbeb4094 --avboit-multiplier=1.0 --avboit-debug-view=0 --avboit-test-scene=two_layer --avboit-test-case=two_a050_050 --avboit-submit-order=normal --avboit-depth-mapping=reverse_correct --avboit-transmittance-direction=legacy --avboit-dual-direction-diagnostic --avboit-bootstrap-log-dir=D:\HTC\avboit\The-Forge\LocalVisualResults\P2_6T_ReverseZDepth_20260628T164524Z\direction_matrix\vulkan\bootstrap"	"1"	"1"	"0"	"D:\HTC\avboit\The-Forge\LocalVisualResults\P2_6T_ReverseZDepth_20260628T164524Z\direction_matrix\vulkan\vulkan_dir_two_a050_050_normal_legacy.stderr.txt;D:\HTC\avboit\The-Forge\LocalVisualResults\P2_6T_ReverseZDepth_20260628T164524Z\direction_matrix\vulkan\vulkan_dir_two_a050_050_normal_legacy.stdout.txt;D:\HTC\avboit\The-Forge\LocalVisualResults\P2_6T_ReverseZDepth_20260628T164524Z\direction_matrix\vulkan\Vulkan_Mode5_1920x1080_Debug0_Dirlegacy_Depthreverse_correct_Mul1.0_Frame60_dbeb4094_Scenetwo_layer_Casetwo_a050_050_Ordernormal_Layerall.json;D:\HTC\avboit\The-Forge\LocalVisualResults\P2_6T_ReverseZDepth_20260628T164524Z\direction_matrix\vulkan\Vulkan_Mode5_1920x1080_Debug0_Dirlegacy_Depthreverse_correct_Mul1.0_Frame60_dbeb4094_Scenetwo_layer_Casetwo_a050_050_Ordernormal_Layerall.png"	"D:\HTC\avboit\The-Forge\LocalVisualResults\P2_6T_ReverseZDepth_20260628T164524Z\direction_matrix\vulkan\vulkan_dir_two_a050_050_normal_legacy.stdout.txt"	"D:\HTC\avboit\The-Forge\LocalVisualResults\P2_6T_ReverseZDepth_20260628T164524Z\direction_matrix\vulkan\vulkan_dir_two_a050_050_normal_legacy.stderr.txt"
"vulkan_dir_two_a050_050_normal_front"	"vulkan-minimal"	"APP_EXITED_NONZERO"	"True"	"151812"	""	"848"	"D:\HTC\avboit\The-Forge\Examples_3\Unit_Tests\PC Visual Studio 2019\x64\Release\15_Transparency\15_Transparency.exe --vulkan --transparency-mode=5 --avboit-auto-capture --avboit-capture-hide-ui --avboit-capture-frame=60 --avboit-fixed-delta=0.0166666667 --avboit-random-seed=1337 --avboit-output-dir=D:\HTC\avboit\The-Forge\LocalVisualResults\P2_6T_ReverseZDepth_20260628T164524Z\direction_matrix\vulkan --avboit-commit-sha=dbeb4094 --avboit-multiplier=1.0 --avboit-debug-view=0 --avboit-test-scene=two_layer --avboit-test-case=two_a050_050 --avboit-submit-order=normal --avboit-depth-mapping=reverse_correct --avboit-transmittance-direction=front --avboit-dual-direction-diagnostic --avboit-bootstrap-log-dir=D:\HTC\avboit\The-Forge\LocalVisualResults\P2_6T_ReverseZDepth_20260628T164524Z\direction_matrix\vulkan\bootstrap"	"1"	"1"	"0"	"D:\HTC\avboit\The-Forge\LocalVisualResults\P2_6T_ReverseZDepth_20260628T164524Z\direction_matrix\vulkan\vulkan_dir_two_a050_050_normal_front.stderr.txt;D:\HTC\avboit\The-Forge\LocalVisualResults\P2_6T_ReverseZDepth_20260628T164524Z\direction_matrix\vulkan\vulkan_dir_two_a050_050_normal_front.stdout.txt;D:\HTC\avboit\The-Forge\LocalVisualResults\P2_6T_ReverseZDepth_20260628T164524Z\direction_matrix\vulkan\Vulkan_Mode5_1920x1080_Debug0_Dirfront_Depthreverse_correct_Mul1.0_Frame60_dbeb4094_Scenetwo_layer_Casetwo_a050_050_Ordernormal_Layerall.json;D:\HTC\avboit\The-Forge\LocalVisualResults\P2_6T_ReverseZDepth_20260628T164524Z\direction_matrix\vulkan\Vulkan_Mode5_1920x1080_Debug0_Dirfront_Depthreverse_correct_Mul1.0_Frame60_dbeb4094_Scenetwo_layer_Casetwo_a050_050_Ordernormal_Layerall.png"	"D:\HTC\avboit\The-Forge\LocalVisualResults\P2_6T_ReverseZDepth_20260628T164524Z\direction_matrix\vulkan\vulkan_dir_two_a050_050_normal_front.stdout.txt"	"D:\HTC\avboit\The-Forge\LocalVisualResults\P2_6T_ReverseZDepth_20260628T164524Z\direction_matrix\vulkan\vulkan_dir_two_a050_050_normal_front.stderr.txt"
"vulkan_dir_mode0_two_a010_090_normal"	"vulkan-minimal"	"APP_EXITED_NONZERO"	"True"	"166672"	""	"867"	"D:\HTC\avboit\The-Forge\Examples_3\Unit_Tests\PC Visual Studio 2019\x64\Release\15_Transparency\15_Transparency.exe --vulkan --transparency-mode=0 --avboit-auto-capture --avboit-capture-hide-ui --avboit-capture-frame=60 --avboit-fixed-delta=0.0166666667 --avboit-random-seed=1337 --avboit-output-dir=D:\HTC\avboit\The-Forge\LocalVisualResults\P2_6T_ReverseZDepth_20260628T164524Z\direction_matrix\vulkan --avboit-commit-sha=dbeb4094 --avboit-multiplier=1.0 --avboit-test-scene=two_layer --avboit-test-case=two_a010_090 --avboit-submit-order=normal --avboit-bootstrap-log-dir=D:\HTC\avboit\The-Forge\LocalVisualResults\P2_6T_ReverseZDepth_20260628T164524Z\direction_matrix\vulkan\bootstrap"	"1"	"1"	"0"	"D:\HTC\avboit\The-Forge\LocalVisualResults\P2_6T_ReverseZDepth_20260628T164524Z\direction_matrix\vulkan\vulkan_dir_mode0_two_a010_090_normal.stderr.txt;D:\HTC\avboit\The-Forge\LocalVisualResults\P2_6T_ReverseZDepth_20260628T164524Z\direction_matrix\vulkan\vulkan_dir_mode0_two_a010_090_normal.stdout.txt;D:\HTC\avboit\The-Forge\LocalVisualResults\P2_6T_ReverseZDepth_20260628T164524Z\direction_matrix\vulkan\Vulkan_Mode0_1920x1080_Frame60_dbeb4094_Scenetwo_layer_Casetwo_a010_090_Ordernormal_Layerall.json;D:\HTC\avboit\The-Forge\LocalVisualResults\P2_6T_ReverseZDepth_20260628T164524Z\direction_matrix\vulkan\Vulkan_Mode0_1920x1080_Frame60_dbeb4094_Scenetwo_layer_Casetwo_a010_090_Ordernormal_Layerall.png"	"D:\HTC\avboit\The-Forge\LocalVisualResults\P2_6T_ReverseZDepth_20260628T164524Z\direction_matrix\vulkan\vulkan_dir_mode0_two_a010_090_normal.stdout.txt"	"D:\HTC\avboit\The-Forge\LocalVisualResults\P2_6T_ReverseZDepth_20260628T164524Z\direction_matrix\vulkan\vulkan_dir_mode0_two_a010_090_normal.stderr.txt"
"vulkan_dir_two_a010_090_normal_legacy"	"vulkan-minimal"	"APP_EXITED_NONZERO"	"True"	"179652"	""	"880"	"D:\HTC\avboit\The-Forge\Examples_3\Unit_Tests\PC Visual Studio 2019\x64\Release\15_Transparency\15_Transparency.exe --vulkan --transparency-mode=5 --avboit-auto-capture --avboit-capture-hide-ui --avboit-capture-frame=60 --avboit-fixed-delta=0.0166666667 --avboit-random-seed=1337 --avboit-output-dir=D:\HTC\avboit\The-Forge\LocalVisualResults\P2_6T_ReverseZDepth_20260628T164524Z\direction_matrix\vulkan --avboit-commit-sha=dbeb4094 --avboit-multiplier=1.0 --avboit-debug-view=0 --avboit-test-scene=two_layer --avboit-test-case=two_a010_090 --avboit-submit-order=normal --avboit-depth-mapping=reverse_correct --avboit-transmittance-direction=legacy --avboit-dual-direction-diagnostic --avboit-bootstrap-log-dir=D:\HTC\avboit\The-Forge\LocalVisualResults\P2_6T_ReverseZDepth_20260628T164524Z\direction_matrix\vulkan\bootstrap"	"1"	"1"	"0"	"D:\HTC\avboit\The-Forge\LocalVisualResults\P2_6T_ReverseZDepth_20260628T164524Z\direction_matrix\vulkan\vulkan_dir_two_a010_090_normal_legacy.stderr.txt;D:\HTC\avboit\The-Forge\LocalVisualResults\P2_6T_ReverseZDepth_20260628T164524Z\direction_matrix\vulkan\vulkan_dir_two_a010_090_normal_legacy.stdout.txt;D:\HTC\avboit\The-Forge\LocalVisualResults\P2_6T_ReverseZDepth_20260628T164524Z\direction_matrix\vulkan\Vulkan_Mode5_1920x1080_Debug0_Dirlegacy_Depthreverse_correct_Mul1.0_Frame60_dbeb4094_Scenetwo_layer_Casetwo_a010_090_Ordernormal_Layerall.json;D:\HTC\avboit\The-Forge\LocalVisualResults\P2_6T_ReverseZDepth_20260628T164524Z\direction_matrix\vulkan\Vulkan_Mode5_1920x1080_Debug0_Dirlegacy_Depthreverse_correct_Mul1.0_Frame60_dbeb4094_Scenetwo_layer_Casetwo_a010_090_Ordernormal_Layerall.png"	"D:\HTC\avboit\The-Forge\LocalVisualResults\P2_6T_ReverseZDepth_20260628T164524Z\direction_matrix\vulkan\vulkan_dir_two_a010_090_normal_legacy.stdout.txt"	"D:\HTC\avboit\The-Forge\LocalVisualResults\P2_6T_ReverseZDepth_20260628T164524Z\direction_matrix\vulkan\vulkan_dir_two_a010_090_normal_legacy.stderr.txt"
"vulkan_dir_two_a010_090_normal_front"	"vulkan-minimal"	"APP_EXITED_NONZERO"	"True"	"174872"	""	"867"	"D:\HTC\avboit\The-Forge\Examples_3\Unit_Tests\PC Visual Studio 2019\x64\Release\15_Transparency\15_Transparency.exe --vulkan --transparency-mode=5 --avboit-auto-capture --avboit-capture-hide-ui --avboit-capture-frame=60 --avboit-fixed-delta=0.0166666667 --avboit-random-seed=1337 --avboit-output-dir=D:\HTC\avboit\The-Forge\LocalVisualResults\P2_6T_ReverseZDepth_20260628T164524Z\direction_matrix\vulkan --avboit-commit-sha=dbeb4094 --avboit-multiplier=1.0 --avboit-debug-view=0 --avboit-test-scene=two_layer --avboit-test-case=two_a010_090 --avboit-submit-order=normal --avboit-depth-mapping=reverse_correct --avboit-transmittance-direction=front --avboit-dual-direction-diagnostic --avboit-bootstrap-log-dir=D:\HTC\avboit\The-Forge\LocalVisualResults\P2_6T_ReverseZDepth_20260628T164524Z\direction_matrix\vulkan\bootstrap"	"1"	"1"	"0"	"D:\HTC\avboit\The-Forge\LocalVisualResults\P2_6T_ReverseZDepth_20260628T164524Z\direction_matrix\vulkan\vulkan_dir_two_a010_090_normal_front.stderr.txt;D:\HTC\avboit\The-Forge\LocalVisualResults\P2_6T_ReverseZDepth_20260628T164524Z\direction_matrix\vulkan\vulkan_dir_two_a010_090_normal_front.stdout.txt;D:\HTC\avboit\The-Forge\LocalVisualResults\P2_6T_ReverseZDepth_20260628T164524Z\direction_matrix\vulkan\Vulkan_Mode5_1920x1080_Debug0_Dirfront_Depthreverse_correct_Mul1.0_Frame60_dbeb4094_Scenetwo_layer_Casetwo_a010_090_Ordernormal_Layerall.json;D:\HTC\avboit\The-Forge\LocalVisualResults\P2_6T_ReverseZDepth_20260628T164524Z\direction_matrix\vulkan\Vulkan_Mode5_1920x1080_Debug0_Dirfront_Depthreverse_correct_Mul1.0_Frame60_dbeb4094_Scenetwo_layer_Casetwo_a010_090_Ordernormal_Layerall.png"	"D:\HTC\avboit\The-Forge\LocalVisualResults\P2_6T_ReverseZDepth_20260628T164524Z\direction_matrix\vulkan\vulkan_dir_two_a010_090_normal_front.stdout.txt"	"D:\HTC\avboit\The-Forge\LocalVisualResults\P2_6T_ReverseZDepth_20260628T164524Z\direction_matrix\vulkan\vulkan_dir_two_a010_090_normal_front.stderr.txt"
"vulkan_dir_mode0_three_a050_050_050_perm012"	"vulkan-minimal"	"APP_EXITED_NONZERO"	"True"	"156548"	""	"866"	"D:\HTC\avboit\The-Forge\Examples_3\Unit_Tests\PC Visual Studio 2019\x64\Release\15_Transparency\15_Transparency.exe --vulkan --transparency-mode=0 --avboit-auto-capture --avboit-capture-hide-ui --avboit-capture-frame=60 --avboit-fixed-delta=0.0166666667 --avboit-random-seed=1337 --avboit-output-dir=D:\HTC\avboit\The-Forge\LocalVisualResults\P2_6T_ReverseZDepth_20260628T164524Z\direction_matrix\vulkan --avboit-commit-sha=dbeb4094 --avboit-multiplier=1.0 --avboit-test-scene=three_layer --avboit-test-case=three_a050_050_050 --avboit-submit-order=perm012 --avboit-bootstrap-log-dir=D:\HTC\avboit\The-Forge\LocalVisualResults\P2_6T_ReverseZDepth_20260628T164524Z\direction_matrix\vulkan\bootstrap"	"1"	"1"	"0"	"D:\HTC\avboit\The-Forge\LocalVisualResults\P2_6T_ReverseZDepth_20260628T164524Z\direction_matrix\vulkan\vulkan_dir_mode0_three_a050_050_050_perm012.stderr.txt;D:\HTC\avboit\The-Forge\LocalVisualResults\P2_6T_ReverseZDepth_20260628T164524Z\direction_matrix\vulkan\vulkan_dir_mode0_three_a050_050_050_perm012.stdout.txt;D:\HTC\avboit\The-Forge\LocalVisualResults\P2_6T_ReverseZDepth_20260628T164524Z\direction_matrix\vulkan\Vulkan_Mode0_1920x1080_Frame60_dbeb4094_Scenethree_layer_Casethree_a050_050_050_Orderperm012_Layerall.json;D:\HTC\avboit\The-Forge\LocalVisualResults\P2_6T_ReverseZDepth_20260628T164524Z\direction_matrix\vulkan\Vulkan_Mode0_1920x1080_Frame60_dbeb4094_Scenethree_layer_Casethree_a050_050_050_Orderperm012_Layerall.png"	"D:\HTC\avboit\The-Forge\LocalVisualResults\P2_6T_ReverseZDepth_20260628T164524Z\direction_matrix\vulkan\vulkan_dir_mode0_three_a050_050_050_perm012.stdout.txt"	"D:\HTC\avboit\The-Forge\LocalVisualResults\P2_6T_ReverseZDepth_20260628T164524Z\direction_matrix\vulkan\vulkan_dir_mode0_three_a050_050_050_perm012.stderr.txt"
"vulkan_dir_three_a050_050_050_perm012_legacy"	"vulkan-minimal"	"APP_EXITED_NONZERO"	"True"	"178464"	""	"888"	"D:\HTC\avboit\The-Forge\Examples_3\Unit_Tests\PC Visual Studio 2019\x64\Release\15_Transparency\15_Transparency.exe --vulkan --transparency-mode=5 --avboit-auto-capture --avboit-capture-hide-ui --avboit-capture-frame=60 --avboit-fixed-delta=0.0166666667 --avboit-random-seed=1337 --avboit-output-dir=D:\HTC\avboit\The-Forge\LocalVisualResults\P2_6T_ReverseZDepth_20260628T164524Z\direction_matrix\vulkan --avboit-commit-sha=dbeb4094 --avboit-multiplier=1.0 --avboit-debug-view=0 --avboit-test-scene=three_layer --avboit-test-case=three_a050_050_050 --avboit-submit-order=perm012 --avboit-depth-mapping=reverse_correct --avboit-transmittance-direction=legacy --avboit-dual-direction-diagnostic --avboit-bootstrap-log-dir=D:\HTC\avboit\The-Forge\LocalVisualResults\P2_6T_ReverseZDepth_20260628T164524Z\direction_matrix\vulkan\bootstrap"	"1"	"1"	"0"	"D:\HTC\avboit\The-Forge\LocalVisualResults\P2_6T_ReverseZDepth_20260628T164524Z\direction_matrix\vulkan\vulkan_dir_three_a050_050_050_perm012_legacy.stderr.txt;D:\HTC\avboit\The-Forge\LocalVisualResults\P2_6T_ReverseZDepth_20260628T164524Z\direction_matrix\vulkan\vulkan_dir_three_a050_050_050_perm012_legacy.stdout.txt;D:\HTC\avboit\The-Forge\LocalVisualResults\P2_6T_ReverseZDepth_20260628T164524Z\direction_matrix\vulkan\Vulkan_Mode5_1920x1080_Debug0_Dirlegacy_Depthreverse_correct_Mul1.0_Frame60_dbeb4094_Scenethree_layer_Casethree_a050_050_050_Orderperm012_Layerall.json;D:\HTC\avboit\The-Forge\LocalVisualResults\P2_6T_ReverseZDepth_20260628T164524Z\direction_matrix\vulkan\Vulkan_Mode5_1920x1080_Debug0_Dirlegacy_Depthreverse_correct_Mul1.0_Frame60_dbeb4094_Scenethree_layer_Casethree_a050_050_050_Orderperm012_Layerall.png"	"D:\HTC\avboit\The-Forge\LocalVisualResults\P2_6T_ReverseZDepth_20260628T164524Z\direction_matrix\vulkan\vulkan_dir_three_a050_050_050_perm012_legacy.stdout.txt"	"D:\HTC\avboit\The-Forge\LocalVisualResults\P2_6T_ReverseZDepth_20260628T164524Z\direction_matrix\vulkan\vulkan_dir_three_a050_050_050_perm012_legacy.stderr.txt"
"vulkan_dir_three_a050_050_050_perm012_front"	"vulkan-minimal"	"APP_EXITED_NONZERO"	"True"	"178200"	""	"861"	"D:\HTC\avboit\The-Forge\Examples_3\Unit_Tests\PC Visual Studio 2019\x64\Release\15_Transparency\15_Transparency.exe --vulkan --transparency-mode=5 --avboit-auto-capture --avboit-capture-hide-ui --avboit-capture-frame=60 --avboit-fixed-delta=0.0166666667 --avboit-random-seed=1337 --avboit-output-dir=D:\HTC\avboit\The-Forge\LocalVisualResults\P2_6T_ReverseZDepth_20260628T164524Z\direction_matrix\vulkan --avboit-commit-sha=dbeb4094 --avboit-multiplier=1.0 --avboit-debug-view=0 --avboit-test-scene=three_layer --avboit-test-case=three_a050_050_050 --avboit-submit-order=perm012 --avboit-depth-mapping=reverse_correct --avboit-transmittance-direction=front --avboit-dual-direction-diagnostic --avboit-bootstrap-log-dir=D:\HTC\avboit\The-Forge\LocalVisualResults\P2_6T_ReverseZDepth_20260628T164524Z\direction_matrix\vulkan\bootstrap"	"1"	"1"	"0"	"D:\HTC\avboit\The-Forge\LocalVisualResults\P2_6T_ReverseZDepth_20260628T164524Z\direction_matrix\vulkan\vulkan_dir_three_a050_050_050_perm012_front.stderr.txt;D:\HTC\avboit\The-Forge\LocalVisualResults\P2_6T_ReverseZDepth_20260628T164524Z\direction_matrix\vulkan\vulkan_dir_three_a050_050_050_perm012_front.stdout.txt;D:\HTC\avboit\The-Forge\LocalVisualResults\P2_6T_ReverseZDepth_20260628T164524Z\direction_matrix\vulkan\Vulkan_Mode5_1920x1080_Debug0_Dirfront_Depthreverse_correct_Mul1.0_Frame60_dbeb4094_Scenethree_layer_Casethree_a050_050_050_Orderperm012_Layerall.json;D:\HTC\avboit\The-Forge\LocalVisualResults\P2_6T_ReverseZDepth_20260628T164524Z\direction_matrix\vulkan\Vulkan_Mode5_1920x1080_Debug0_Dirfront_Depthreverse_correct_Mul1.0_Frame60_dbeb4094_Scenethree_layer_Casethree_a050_050_050_Orderperm012_Layerall.png"	"D:\HTC\avboit\The-Forge\LocalVisualResults\P2_6T_ReverseZDepth_20260628T164524Z\direction_matrix\vulkan\vulkan_dir_three_a050_050_050_perm012_front.stdout.txt"	"D:\HTC\avboit\The-Forge\LocalVisualResults\P2_6T_ReverseZDepth_20260628T164524Z\direction_matrix\vulkan\vulkan_dir_three_a050_050_050_perm012_front.stderr.txt"
"vulkan_dir_mode0_same_a050_050_normal"	"vulkan-minimal"	"APP_EXITED_NONZERO"	"True"	"179300"	""	"877"	"D:\HTC\avboit\The-Forge\Examples_3\Unit_Tests\PC Visual Studio 2019\x64\Release\15_Transparency\15_Transparency.exe --vulkan --transparency-mode=0 --avboit-auto-capture --avboit-capture-hide-ui --avboit-capture-frame=60 --avboit-fixed-delta=0.0166666667 --avboit-random-seed=1337 --avboit-output-dir=D:\HTC\avboit\The-Forge\LocalVisualResults\P2_6T_ReverseZDepth_20260628T164524Z\direction_matrix\vulkan --avboit-commit-sha=dbeb4094 --avboit-multiplier=1.0 --avboit-test-scene=same_slice --avboit-test-case=same_a050_050 --avboit-submit-order=normal --avboit-bootstrap-log-dir=D:\HTC\avboit\The-Forge\LocalVisualResults\P2_6T_ReverseZDepth_20260628T164524Z\direction_matrix\vulkan\bootstrap"	"1"	"1"	"0"	"D:\HTC\avboit\The-Forge\LocalVisualResults\P2_6T_ReverseZDepth_20260628T164524Z\direction_matrix\vulkan\vulkan_dir_mode0_same_a050_050_normal.stderr.txt;D:\HTC\avboit\The-Forge\LocalVisualResults\P2_6T_ReverseZDepth_20260628T164524Z\direction_matrix\vulkan\vulkan_dir_mode0_same_a050_050_normal.stdout.txt;D:\HTC\avboit\The-Forge\LocalVisualResults\P2_6T_ReverseZDepth_20260628T164524Z\direction_matrix\vulkan\Vulkan_Mode0_1920x1080_Frame60_dbeb4094_Scenesame_slice_Casesame_a050_050_Ordernormal_Layerall.json;D:\HTC\avboit\The-Forge\LocalVisualResults\P2_6T_ReverseZDepth_20260628T164524Z\direction_matrix\vulkan\Vulkan_Mode0_1920x1080_Frame60_dbeb4094_Scenesame_slice_Casesame_a050_050_Ordernormal_Layerall.png"	"D:\HTC\avboit\The-Forge\LocalVisualResults\P2_6T_ReverseZDepth_20260628T164524Z\direction_matrix\vulkan\vulkan_dir_mode0_same_a050_050_normal.stdout.txt"	"D:\HTC\avboit\The-Forge\LocalVisualResults\P2_6T_ReverseZDepth_20260628T164524Z\direction_matrix\vulkan\vulkan_dir_mode0_same_a050_050_normal.stderr.txt"
"vulkan_dir_same_a050_050_normal_legacy"	"vulkan-minimal"	"APP_EXITED_NONZERO"	"True"	"175068"	""	"858"	"D:\HTC\avboit\The-Forge\Examples_3\Unit_Tests\PC Visual Studio 2019\x64\Release\15_Transparency\15_Transparency.exe --vulkan --transparency-mode=5 --avboit-auto-capture --avboit-capture-hide-ui --avboit-capture-frame=60 --avboit-fixed-delta=0.0166666667 --avboit-random-seed=1337 --avboit-output-dir=D:\HTC\avboit\The-Forge\LocalVisualResults\P2_6T_ReverseZDepth_20260628T164524Z\direction_matrix\vulkan --avboit-commit-sha=dbeb4094 --avboit-multiplier=1.0 --avboit-debug-view=0 --avboit-test-scene=same_slice --avboit-test-case=same_a050_050 --avboit-submit-order=normal --avboit-depth-mapping=reverse_correct --avboit-transmittance-direction=legacy --avboit-dual-direction-diagnostic --avboit-bootstrap-log-dir=D:\HTC\avboit\The-Forge\LocalVisualResults\P2_6T_ReverseZDepth_20260628T164524Z\direction_matrix\vulkan\bootstrap"	"1"	"1"	"0"	"D:\HTC\avboit\The-Forge\LocalVisualResults\P2_6T_ReverseZDepth_20260628T164524Z\direction_matrix\vulkan\vulkan_dir_same_a050_050_normal_legacy.stderr.txt;D:\HTC\avboit\The-Forge\LocalVisualResults\P2_6T_ReverseZDepth_20260628T164524Z\direction_matrix\vulkan\vulkan_dir_same_a050_050_normal_legacy.stdout.txt;D:\HTC\avboit\The-Forge\LocalVisualResults\P2_6T_ReverseZDepth_20260628T164524Z\direction_matrix\vulkan\Vulkan_Mode5_1920x1080_Debug0_Dirlegacy_Depthreverse_correct_Mul1.0_Frame60_dbeb4094_Scenesame_slice_Casesame_a050_050_Ordernormal_Layerall.json;D:\HTC\avboit\The-Forge\LocalVisualResults\P2_6T_ReverseZDepth_20260628T164524Z\direction_matrix\vulkan\Vulkan_Mode5_1920x1080_Debug0_Dirlegacy_Depthreverse_correct_Mul1.0_Frame60_dbeb4094_Scenesame_slice_Casesame_a050_050_Ordernormal_Layerall.png"	"D:\HTC\avboit\The-Forge\LocalVisualResults\P2_6T_ReverseZDepth_20260628T164524Z\direction_matrix\vulkan\vulkan_dir_same_a050_050_normal_legacy.stdout.txt"	"D:\HTC\avboit\The-Forge\LocalVisualResults\P2_6T_ReverseZDepth_20260628T164524Z\direction_matrix\vulkan\vulkan_dir_same_a050_050_normal_legacy.stderr.txt"
"vulkan_dir_same_a050_050_normal_front"	"vulkan-minimal"	"APP_EXITED_NONZERO"	"True"	"174396"	""	"878"	"D:\HTC\avboit\The-Forge\Examples_3\Unit_Tests\PC Visual Studio 2019\x64\Release\15_Transparency\15_Transparency.exe --vulkan --transparency-mode=5 --avboit-auto-capture --avboit-capture-hide-ui --avboit-capture-frame=60 --avboit-fixed-delta=0.0166666667 --avboit-random-seed=1337 --avboit-output-dir=D:\HTC\avboit\The-Forge\LocalVisualResults\P2_6T_ReverseZDepth_20260628T164524Z\direction_matrix\vulkan --avboit-commit-sha=dbeb4094 --avboit-multiplier=1.0 --avboit-debug-view=0 --avboit-test-scene=same_slice --avboit-test-case=same_a050_050 --avboit-submit-order=normal --avboit-depth-mapping=reverse_correct --avboit-transmittance-direction=front --avboit-dual-direction-diagnostic --avboit-bootstrap-log-dir=D:\HTC\avboit\The-Forge\LocalVisualResults\P2_6T_ReverseZDepth_20260628T164524Z\direction_matrix\vulkan\bootstrap"	"1"	"1"	"0"	"D:\HTC\avboit\The-Forge\LocalVisualResults\P2_6T_ReverseZDepth_20260628T164524Z\direction_matrix\vulkan\vulkan_dir_same_a050_050_normal_front.stderr.txt;D:\HTC\avboit\The-Forge\LocalVisualResults\P2_6T_ReverseZDepth_20260628T164524Z\direction_matrix\vulkan\vulkan_dir_same_a050_050_normal_front.stdout.txt;D:\HTC\avboit\The-Forge\LocalVisualResults\P2_6T_ReverseZDepth_20260628T164524Z\direction_matrix\vulkan\Vulkan_Mode5_1920x1080_Debug0_Dirfront_Depthreverse_correct_Mul1.0_Frame60_dbeb4094_Scenesame_slice_Casesame_a050_050_Ordernormal_Layerall.json;D:\HTC\avboit\The-Forge\LocalVisualResults\P2_6T_ReverseZDepth_20260628T164524Z\direction_matrix\vulkan\Vulkan_Mode5_1920x1080_Debug0_Dirfront_Depthreverse_correct_Mul1.0_Frame60_dbeb4094_Scenesame_slice_Casesame_a050_050_Ordernormal_Layerall.png"	"D:\HTC\avboit\The-Forge\LocalVisualResults\P2_6T_ReverseZDepth_20260628T164524Z\direction_matrix\vulkan\vulkan_dir_same_a050_050_normal_front.stdout.txt"	"D:\HTC\avboit\The-Forge\LocalVisualResults\P2_6T_ReverseZDepth_20260628T164524Z\direction_matrix\vulkan\vulkan_dir_same_a050_050_normal_front.stderr.txt"
"d3d12_default_mode0"	"default-scene-smoke"	"APP_EXITED_NONZERO"	"True"	"172768"	""	"1819"	"D:\HTC\avboit\The-Forge\Examples_3\Unit_Tests\PC Visual Studio 2019\x64\Release\15_Transparency\15_Transparency.exe --d3d12 --transparency-mode=0 --avboit-auto-capture --avboit-capture-hide-ui --avboit-capture-frame=240 --avboit-fixed-delta=0.0166666667 --avboit-random-seed=1337 --avboit-output-dir=D:\HTC\avboit\The-Forge\LocalVisualResults\P2_6T_ReverseZDepth_20260628T164524Z\default_scene\DX12 --avboit-commit-sha=dbeb4094 --avboit-multiplier=1.0 --avboit-bootstrap-log-dir=D:\HTC\avboit\The-Forge\LocalVisualResults\P2_6T_ReverseZDepth_20260628T164524Z\default_scene\DX12\bootstrap"	"1"	"1"	"0"	"D:\HTC\avboit\The-Forge\LocalVisualResults\P2_6T_ReverseZDepth_20260628T164524Z\default_scene\DX12\d3d12_default_mode0.stderr.txt;D:\HTC\avboit\The-Forge\LocalVisualResults\P2_6T_ReverseZDepth_20260628T164524Z\default_scene\DX12\d3d12_default_mode0.stdout.txt;D:\HTC\avboit\The-Forge\LocalVisualResults\P2_6T_ReverseZDepth_20260628T164524Z\default_scene\DX12\DX12_Mode0_1920x1080_Frame240_dbeb4094.json;D:\HTC\avboit\The-Forge\LocalVisualResults\P2_6T_ReverseZDepth_20260628T164524Z\default_scene\DX12\DX12_Mode0_1920x1080_Frame240_dbeb4094.png"	"D:\HTC\avboit\The-Forge\LocalVisualResults\P2_6T_ReverseZDepth_20260628T164524Z\default_scene\DX12\d3d12_default_mode0.stdout.txt"	"D:\HTC\avboit\The-Forge\LocalVisualResults\P2_6T_ReverseZDepth_20260628T164524Z\default_scene\DX12\d3d12_default_mode0.stderr.txt"
"d3d12_default_legacy_depth_legacy_dir"	"default-scene-smoke"	"APP_EXITED_NONZERO"	"True"	"177196"	""	"1901"	"D:\HTC\avboit\The-Forge\Examples_3\Unit_Tests\PC Visual Studio 2019\x64\Release\15_Transparency\15_Transparency.exe --d3d12 --transparency-mode=5 --avboit-auto-capture --avboit-capture-hide-ui --avboit-capture-frame=240 --avboit-fixed-delta=0.0166666667 --avboit-random-seed=1337 --avboit-output-dir=D:\HTC\avboit\The-Forge\LocalVisualResults\P2_6T_ReverseZDepth_20260628T164524Z\default_scene\DX12 --avboit-commit-sha=dbeb4094 --avboit-multiplier=1.0 --avboit-debug-view=0 --avboit-depth-mapping=legacy --avboit-transmittance-direction=legacy --avboit-bootstrap-log-dir=D:\HTC\avboit\The-Forge\LocalVisualResults\P2_6T_ReverseZDepth_20260628T164524Z\default_scene\DX12\bootstrap"	"1"	"1"	"0"	"D:\HTC\avboit\The-Forge\LocalVisualResults\P2_6T_ReverseZDepth_20260628T164524Z\default_scene\DX12\d3d12_default_legacy_depth_legacy_dir.stderr.txt;D:\HTC\avboit\The-Forge\LocalVisualResults\P2_6T_ReverseZDepth_20260628T164524Z\default_scene\DX12\d3d12_default_legacy_depth_legacy_dir.stdout.txt;D:\HTC\avboit\The-Forge\LocalVisualResults\P2_6T_ReverseZDepth_20260628T164524Z\default_scene\DX12\DX12_Mode5_1920x1080_Debug0_Dirlegacy_Depthlegacy_Mul1.0_Frame240_dbeb4094.json;D:\HTC\avboit\The-Forge\LocalVisualResults\P2_6T_ReverseZDepth_20260628T164524Z\default_scene\DX12\DX12_Mode5_1920x1080_Debug0_Dirlegacy_Depthlegacy_Mul1.0_Frame240_dbeb4094.png"	"D:\HTC\avboit\The-Forge\LocalVisualResults\P2_6T_ReverseZDepth_20260628T164524Z\default_scene\DX12\d3d12_default_legacy_depth_legacy_dir.stdout.txt"	"D:\HTC\avboit\The-Forge\LocalVisualResults\P2_6T_ReverseZDepth_20260628T164524Z\default_scene\DX12\d3d12_default_legacy_depth_legacy_dir.stderr.txt"
"d3d12_default_reverse_depth_legacy_dir"	"default-scene-smoke"	"APP_EXITED_NONZERO"	"True"	"175140"	""	"1879"	"D:\HTC\avboit\The-Forge\Examples_3\Unit_Tests\PC Visual Studio 2019\x64\Release\15_Transparency\15_Transparency.exe --d3d12 --transparency-mode=5 --avboit-auto-capture --avboit-capture-hide-ui --avboit-capture-frame=240 --avboit-fixed-delta=0.0166666667 --avboit-random-seed=1337 --avboit-output-dir=D:\HTC\avboit\The-Forge\LocalVisualResults\P2_6T_ReverseZDepth_20260628T164524Z\default_scene\DX12 --avboit-commit-sha=dbeb4094 --avboit-multiplier=1.0 --avboit-debug-view=0 --avboit-depth-mapping=reverse_correct --avboit-transmittance-direction=legacy --avboit-bootstrap-log-dir=D:\HTC\avboit\The-Forge\LocalVisualResults\P2_6T_ReverseZDepth_20260628T164524Z\default_scene\DX12\bootstrap"	"1"	"1"	"0"	"D:\HTC\avboit\The-Forge\LocalVisualResults\P2_6T_ReverseZDepth_20260628T164524Z\default_scene\DX12\d3d12_default_reverse_depth_legacy_dir.stderr.txt;D:\HTC\avboit\The-Forge\LocalVisualResults\P2_6T_ReverseZDepth_20260628T164524Z\default_scene\DX12\d3d12_default_reverse_depth_legacy_dir.stdout.txt;D:\HTC\avboit\The-Forge\LocalVisualResults\P2_6T_ReverseZDepth_20260628T164524Z\default_scene\DX12\DX12_Mode5_1920x1080_Debug0_Dirlegacy_Depthreverse_correct_Mul1.0_Frame240_dbeb4094.json;D:\HTC\avboit\The-Forge\LocalVisualResults\P2_6T_ReverseZDepth_20260628T164524Z\default_scene\DX12\DX12_Mode5_1920x1080_Debug0_Dirlegacy_Depthreverse_correct_Mul1.0_Frame240_dbeb4094.png"	"D:\HTC\avboit\The-Forge\LocalVisualResults\P2_6T_ReverseZDepth_20260628T164524Z\default_scene\DX12\d3d12_default_reverse_depth_legacy_dir.stdout.txt"	"D:\HTC\avboit\The-Forge\LocalVisualResults\P2_6T_ReverseZDepth_20260628T164524Z\default_scene\DX12\d3d12_default_reverse_depth_legacy_dir.stderr.txt"
"d3d12_default_reverse_depth_front_dir"	"default-scene-smoke"	"APP_EXITED_NONZERO"	"True"	"167588"	""	"1885"	"D:\HTC\avboit\The-Forge\Examples_3\Unit_Tests\PC Visual Studio 2019\x64\Release\15_Transparency\15_Transparency.exe --d3d12 --transparency-mode=5 --avboit-auto-capture --avboit-capture-hide-ui --avboit-capture-frame=240 --avboit-fixed-delta=0.0166666667 --avboit-random-seed=1337 --avboit-output-dir=D:\HTC\avboit\The-Forge\LocalVisualResults\P2_6T_ReverseZDepth_20260628T164524Z\default_scene\DX12 --avboit-commit-sha=dbeb4094 --avboit-multiplier=1.0 --avboit-debug-view=0 --avboit-depth-mapping=reverse_correct --avboit-transmittance-direction=front --avboit-bootstrap-log-dir=D:\HTC\avboit\The-Forge\LocalVisualResults\P2_6T_ReverseZDepth_20260628T164524Z\default_scene\DX12\bootstrap"	"1"	"1"	"0"	"D:\HTC\avboit\The-Forge\LocalVisualResults\P2_6T_ReverseZDepth_20260628T164524Z\default_scene\DX12\d3d12_default_reverse_depth_front_dir.stderr.txt;D:\HTC\avboit\The-Forge\LocalVisualResults\P2_6T_ReverseZDepth_20260628T164524Z\default_scene\DX12\d3d12_default_reverse_depth_front_dir.stdout.txt;D:\HTC\avboit\The-Forge\LocalVisualResults\P2_6T_ReverseZDepth_20260628T164524Z\default_scene\DX12\DX12_Mode5_1920x1080_Debug0_Dirfront_Depthreverse_correct_Mul1.0_Frame240_dbeb4094.json;D:\HTC\avboit\The-Forge\LocalVisualResults\P2_6T_ReverseZDepth_20260628T164524Z\default_scene\DX12\DX12_Mode5_1920x1080_Debug0_Dirfront_Depthreverse_correct_Mul1.0_Frame240_dbeb4094.png"	"D:\HTC\avboit\The-Forge\LocalVisualResults\P2_6T_ReverseZDepth_20260628T164524Z\default_scene\DX12\d3d12_default_reverse_depth_front_dir.stdout.txt"	"D:\HTC\avboit\The-Forge\LocalVisualResults\P2_6T_ReverseZDepth_20260628T164524Z\default_scene\DX12\d3d12_default_reverse_depth_front_dir.stderr.txt"
"d3d12_default_reverse_depth_front_coverage"	"default-scene-smoke"	"APP_EXITED_NONZERO"	"True"	"180100"	""	"1820"	"D:\HTC\avboit\The-Forge\Examples_3\Unit_Tests\PC Visual Studio 2019\x64\Release\15_Transparency\15_Transparency.exe --d3d12 --transparency-mode=5 --avboit-auto-capture --avboit-capture-hide-ui --avboit-capture-frame=240 --avboit-fixed-delta=0.0166666667 --avboit-random-seed=1337 --avboit-output-dir=D:\HTC\avboit\The-Forge\LocalVisualResults\P2_6T_ReverseZDepth_20260628T164524Z\default_scene\DX12 --avboit-commit-sha=dbeb4094 --avboit-multiplier=1.0 --avboit-debug-view=2 --avboit-depth-mapping=reverse_correct --avboit-transmittance-direction=front --avboit-bootstrap-log-dir=D:\HTC\avboit\The-Forge\LocalVisualResults\P2_6T_ReverseZDepth_20260628T164524Z\default_scene\DX12\bootstrap"	"1"	"1"	"0"	"D:\HTC\avboit\The-Forge\LocalVisualResults\P2_6T_ReverseZDepth_20260628T164524Z\default_scene\DX12\d3d12_default_reverse_depth_front_coverage.stderr.txt;D:\HTC\avboit\The-Forge\LocalVisualResults\P2_6T_ReverseZDepth_20260628T164524Z\default_scene\DX12\d3d12_default_reverse_depth_front_coverage.stdout.txt;D:\HTC\avboit\The-Forge\LocalVisualResults\P2_6T_ReverseZDepth_20260628T164524Z\default_scene\DX12\DX12_Mode5_1920x1080_Debug2_Dirfront_Depthreverse_correct_Mul1.0_Frame240_dbeb4094.json;D:\HTC\avboit\The-Forge\LocalVisualResults\P2_6T_ReverseZDepth_20260628T164524Z\default_scene\DX12\DX12_Mode5_1920x1080_Debug2_Dirfront_Depthreverse_correct_Mul1.0_Frame240_dbeb4094.png"	"D:\HTC\avboit\The-Forge\LocalVisualResults\P2_6T_ReverseZDepth_20260628T164524Z\default_scene\DX12\d3d12_default_reverse_depth_front_coverage.stdout.txt"	"D:\HTC\avboit\The-Forge\LocalVisualResults\P2_6T_ReverseZDepth_20260628T164524Z\default_scene\DX12\d3d12_default_reverse_depth_front_coverage.stderr.txt"
"d3d12_default_reverse_depth_front_opacity"	"default-scene-smoke"	"APP_EXITED_NONZERO"	"True"	"148188"	""	"1872"	"D:\HTC\avboit\The-Forge\Examples_3\Unit_Tests\PC Visual Studio 2019\x64\Release\15_Transparency\15_Transparency.exe --d3d12 --transparency-mode=5 --avboit-auto-capture --avboit-capture-hide-ui --avboit-capture-frame=240 --avboit-fixed-delta=0.0166666667 --avboit-random-seed=1337 --avboit-output-dir=D:\HTC\avboit\The-Forge\LocalVisualResults\P2_6T_ReverseZDepth_20260628T164524Z\default_scene\DX12 --avboit-commit-sha=dbeb4094 --avboit-multiplier=1.0 --avboit-debug-view=5 --avboit-depth-mapping=reverse_correct --avboit-transmittance-direction=front --avboit-bootstrap-log-dir=D:\HTC\avboit\The-Forge\LocalVisualResults\P2_6T_ReverseZDepth_20260628T164524Z\default_scene\DX12\bootstrap"	"1"	"1"	"0"	"D:\HTC\avboit\The-Forge\LocalVisualResults\P2_6T_ReverseZDepth_20260628T164524Z\default_scene\DX12\d3d12_default_reverse_depth_front_opacity.stderr.txt;D:\HTC\avboit\The-Forge\LocalVisualResults\P2_6T_ReverseZDepth_20260628T164524Z\default_scene\DX12\d3d12_default_reverse_depth_front_opacity.stdout.txt;D:\HTC\avboit\The-Forge\LocalVisualResults\P2_6T_ReverseZDepth_20260628T164524Z\default_scene\DX12\DX12_Mode5_1920x1080_Debug5_Dirfront_Depthreverse_correct_Mul1.0_Frame240_dbeb4094.json;D:\HTC\avboit\The-Forge\LocalVisualResults\P2_6T_ReverseZDepth_20260628T164524Z\default_scene\DX12\DX12_Mode5_1920x1080_Debug5_Dirfront_Depthreverse_correct_Mul1.0_Frame240_dbeb4094.png"	"D:\HTC\avboit\The-Forge\LocalVisualResults\P2_6T_ReverseZDepth_20260628T164524Z\default_scene\DX12\d3d12_default_reverse_depth_front_opacity.stdout.txt"	"D:\HTC\avboit\The-Forge\LocalVisualResults\P2_6T_ReverseZDepth_20260628T164524Z\default_scene\DX12\d3d12_default_reverse_depth_front_opacity.stderr.txt"
"vulkan_default_mode0"	"default-scene-smoke"	"APP_EXITED_NONZERO"	"True"	"139900"	""	"983"	"D:\HTC\avboit\The-Forge\Examples_3\Unit_Tests\PC Visual Studio 2019\x64\Release\15_Transparency\15_Transparency.exe --vulkan --transparency-mode=0 --avboit-auto-capture --avboit-capture-hide-ui --avboit-capture-frame=240 --avboit-fixed-delta=0.0166666667 --avboit-random-seed=1337 --avboit-output-dir=D:\HTC\avboit\The-Forge\LocalVisualResults\P2_6T_ReverseZDepth_20260628T164524Z\default_scene\Vulkan --avboit-commit-sha=dbeb4094 --avboit-multiplier=1.0 --avboit-bootstrap-log-dir=D:\HTC\avboit\The-Forge\LocalVisualResults\P2_6T_ReverseZDepth_20260628T164524Z\default_scene\Vulkan\bootstrap"	"1"	"1"	"0"	"D:\HTC\avboit\The-Forge\LocalVisualResults\P2_6T_ReverseZDepth_20260628T164524Z\default_scene\Vulkan\vulkan_default_mode0.stderr.txt;D:\HTC\avboit\The-Forge\LocalVisualResults\P2_6T_ReverseZDepth_20260628T164524Z\default_scene\Vulkan\vulkan_default_mode0.stdout.txt;D:\HTC\avboit\The-Forge\LocalVisualResults\P2_6T_ReverseZDepth_20260628T164524Z\default_scene\Vulkan\Vulkan_Mode0_1920x1080_Frame240_dbeb4094.json;D:\HTC\avboit\The-Forge\LocalVisualResults\P2_6T_ReverseZDepth_20260628T164524Z\default_scene\Vulkan\Vulkan_Mode0_1920x1080_Frame240_dbeb4094.png"	"D:\HTC\avboit\The-Forge\LocalVisualResults\P2_6T_ReverseZDepth_20260628T164524Z\default_scene\Vulkan\vulkan_default_mode0.stdout.txt"	"D:\HTC\avboit\The-Forge\LocalVisualResults\P2_6T_ReverseZDepth_20260628T164524Z\default_scene\Vulkan\vulkan_default_mode0.stderr.txt"
"vulkan_default_legacy_depth_legacy_dir"	"default-scene-smoke"	"APP_EXITED_NONZERO"	"True"	"164952"	""	"1086"	"D:\HTC\avboit\The-Forge\Examples_3\Unit_Tests\PC Visual Studio 2019\x64\Release\15_Transparency\15_Transparency.exe --vulkan --transparency-mode=5 --avboit-auto-capture --avboit-capture-hide-ui --avboit-capture-frame=240 --avboit-fixed-delta=0.0166666667 --avboit-random-seed=1337 --avboit-output-dir=D:\HTC\avboit\The-Forge\LocalVisualResults\P2_6T_ReverseZDepth_20260628T164524Z\default_scene\Vulkan --avboit-commit-sha=dbeb4094 --avboit-multiplier=1.0 --avboit-debug-view=0 --avboit-depth-mapping=legacy --avboit-transmittance-direction=legacy --avboit-bootstrap-log-dir=D:\HTC\avboit\The-Forge\LocalVisualResults\P2_6T_ReverseZDepth_20260628T164524Z\default_scene\Vulkan\bootstrap"	"1"	"1"	"0"	"D:\HTC\avboit\The-Forge\LocalVisualResults\P2_6T_ReverseZDepth_20260628T164524Z\default_scene\Vulkan\vulkan_default_legacy_depth_legacy_dir.stderr.txt;D:\HTC\avboit\The-Forge\LocalVisualResults\P2_6T_ReverseZDepth_20260628T164524Z\default_scene\Vulkan\vulkan_default_legacy_depth_legacy_dir.stdout.txt;D:\HTC\avboit\The-Forge\LocalVisualResults\P2_6T_ReverseZDepth_20260628T164524Z\default_scene\Vulkan\Vulkan_Mode5_1920x1080_Debug0_Dirlegacy_Depthlegacy_Mul1.0_Frame240_dbeb4094.json;D:\HTC\avboit\The-Forge\LocalVisualResults\P2_6T_ReverseZDepth_20260628T164524Z\default_scene\Vulkan\Vulkan_Mode5_1920x1080_Debug0_Dirlegacy_Depthlegacy_Mul1.0_Frame240_dbeb4094.png"	"D:\HTC\avboit\The-Forge\LocalVisualResults\P2_6T_ReverseZDepth_20260628T164524Z\default_scene\Vulkan\vulkan_default_legacy_depth_legacy_dir.stdout.txt"	"D:\HTC\avboit\The-Forge\LocalVisualResults\P2_6T_ReverseZDepth_20260628T164524Z\default_scene\Vulkan\vulkan_default_legacy_depth_legacy_dir.stderr.txt"
"vulkan_default_reverse_depth_legacy_dir"	"default-scene-smoke"	"APP_EXITED_NONZERO"	"True"	"179012"	""	"1071"	"D:\HTC\avboit\The-Forge\Examples_3\Unit_Tests\PC Visual Studio 2019\x64\Release\15_Transparency\15_Transparency.exe --vulkan --transparency-mode=5 --avboit-auto-capture --avboit-capture-hide-ui --avboit-capture-frame=240 --avboit-fixed-delta=0.0166666667 --avboit-random-seed=1337 --avboit-output-dir=D:\HTC\avboit\The-Forge\LocalVisualResults\P2_6T_ReverseZDepth_20260628T164524Z\default_scene\Vulkan --avboit-commit-sha=dbeb4094 --avboit-multiplier=1.0 --avboit-debug-view=0 --avboit-depth-mapping=reverse_correct --avboit-transmittance-direction=legacy --avboit-bootstrap-log-dir=D:\HTC\avboit\The-Forge\LocalVisualResults\P2_6T_ReverseZDepth_20260628T164524Z\default_scene\Vulkan\bootstrap"	"1"	"1"	"0"	"D:\HTC\avboit\The-Forge\LocalVisualResults\P2_6T_ReverseZDepth_20260628T164524Z\default_scene\Vulkan\vulkan_default_reverse_depth_legacy_dir.stderr.txt;D:\HTC\avboit\The-Forge\LocalVisualResults\P2_6T_ReverseZDepth_20260628T164524Z\default_scene\Vulkan\vulkan_default_reverse_depth_legacy_dir.stdout.txt;D:\HTC\avboit\The-Forge\LocalVisualResults\P2_6T_ReverseZDepth_20260628T164524Z\default_scene\Vulkan\Vulkan_Mode5_1920x1080_Debug0_Dirlegacy_Depthreverse_correct_Mul1.0_Frame240_dbeb4094.json;D:\HTC\avboit\The-Forge\LocalVisualResults\P2_6T_ReverseZDepth_20260628T164524Z\default_scene\Vulkan\Vulkan_Mode5_1920x1080_Debug0_Dirlegacy_Depthreverse_correct_Mul1.0_Frame240_dbeb4094.png"	"D:\HTC\avboit\The-Forge\LocalVisualResults\P2_6T_ReverseZDepth_20260628T164524Z\default_scene\Vulkan\vulkan_default_reverse_depth_legacy_dir.stdout.txt"	"D:\HTC\avboit\The-Forge\LocalVisualResults\P2_6T_ReverseZDepth_20260628T164524Z\default_scene\Vulkan\vulkan_default_reverse_depth_legacy_dir.stderr.txt"
"vulkan_default_reverse_depth_front_dir"	"default-scene-smoke"	"APP_EXITED_NONZERO"	"True"	"178456"	""	"1060"	"D:\HTC\avboit\The-Forge\Examples_3\Unit_Tests\PC Visual Studio 2019\x64\Release\15_Transparency\15_Transparency.exe --vulkan --transparency-mode=5 --avboit-auto-capture --avboit-capture-hide-ui --avboit-capture-frame=240 --avboit-fixed-delta=0.0166666667 --avboit-random-seed=1337 --avboit-output-dir=D:\HTC\avboit\The-Forge\LocalVisualResults\P2_6T_ReverseZDepth_20260628T164524Z\default_scene\Vulkan --avboit-commit-sha=dbeb4094 --avboit-multiplier=1.0 --avboit-debug-view=0 --avboit-depth-mapping=reverse_correct --avboit-transmittance-direction=front --avboit-bootstrap-log-dir=D:\HTC\avboit\The-Forge\LocalVisualResults\P2_6T_ReverseZDepth_20260628T164524Z\default_scene\Vulkan\bootstrap"	"1"	"1"	"0"	"D:\HTC\avboit\The-Forge\LocalVisualResults\P2_6T_ReverseZDepth_20260628T164524Z\default_scene\Vulkan\vulkan_default_reverse_depth_front_dir.stderr.txt;D:\HTC\avboit\The-Forge\LocalVisualResults\P2_6T_ReverseZDepth_20260628T164524Z\default_scene\Vulkan\vulkan_default_reverse_depth_front_dir.stdout.txt;D:\HTC\avboit\The-Forge\LocalVisualResults\P2_6T_ReverseZDepth_20260628T164524Z\default_scene\Vulkan\Vulkan_Mode5_1920x1080_Debug0_Dirfront_Depthreverse_correct_Mul1.0_Frame240_dbeb4094.json;D:\HTC\avboit\The-Forge\LocalVisualResults\P2_6T_ReverseZDepth_20260628T164524Z\default_scene\Vulkan\Vulkan_Mode5_1920x1080_Debug0_Dirfront_Depthreverse_correct_Mul1.0_Frame240_dbeb4094.png"	"D:\HTC\avboit\The-Forge\LocalVisualResults\P2_6T_ReverseZDepth_20260628T164524Z\default_scene\Vulkan\vulkan_default_reverse_depth_front_dir.stdout.txt"	"D:\HTC\avboit\The-Forge\LocalVisualResults\P2_6T_ReverseZDepth_20260628T164524Z\default_scene\Vulkan\vulkan_default_reverse_depth_front_dir.stderr.txt"
"vulkan_default_reverse_depth_front_coverage"	"default-scene-smoke"	"APP_EXITED_NONZERO"	"True"	"174608"	""	"1025"	"D:\HTC\avboit\The-Forge\Examples_3\Unit_Tests\PC Visual Studio 2019\x64\Release\15_Transparency\15_Transparency.exe --vulkan --transparency-mode=5 --avboit-auto-capture --avboit-capture-hide-ui --avboit-capture-frame=240 --avboit-fixed-delta=0.0166666667 --avboit-random-seed=1337 --avboit-output-dir=D:\HTC\avboit\The-Forge\LocalVisualResults\P2_6T_ReverseZDepth_20260628T164524Z\default_scene\Vulkan --avboit-commit-sha=dbeb4094 --avboit-multiplier=1.0 --avboit-debug-view=2 --avboit-depth-mapping=reverse_correct --avboit-transmittance-direction=front --avboit-bootstrap-log-dir=D:\HTC\avboit\The-Forge\LocalVisualResults\P2_6T_ReverseZDepth_20260628T164524Z\default_scene\Vulkan\bootstrap"	"1"	"1"	"0"	"D:\HTC\avboit\The-Forge\LocalVisualResults\P2_6T_ReverseZDepth_20260628T164524Z\default_scene\Vulkan\vulkan_default_reverse_depth_front_coverage.stderr.txt;D:\HTC\avboit\The-Forge\LocalVisualResults\P2_6T_ReverseZDepth_20260628T164524Z\default_scene\Vulkan\vulkan_default_reverse_depth_front_coverage.stdout.txt;D:\HTC\avboit\The-Forge\LocalVisualResults\P2_6T_ReverseZDepth_20260628T164524Z\default_scene\Vulkan\Vulkan_Mode5_1920x1080_Debug2_Dirfront_Depthreverse_correct_Mul1.0_Frame240_dbeb4094.json;D:\HTC\avboit\The-Forge\LocalVisualResults\P2_6T_ReverseZDepth_20260628T164524Z\default_scene\Vulkan\Vulkan_Mode5_1920x1080_Debug2_Dirfront_Depthreverse_correct_Mul1.0_Frame240_dbeb4094.png"	"D:\HTC\avboit\The-Forge\LocalVisualResults\P2_6T_ReverseZDepth_20260628T164524Z\default_scene\Vulkan\vulkan_default_reverse_depth_front_coverage.stdout.txt"	"D:\HTC\avboit\The-Forge\LocalVisualResults\P2_6T_ReverseZDepth_20260628T164524Z\default_scene\Vulkan\vulkan_default_reverse_depth_front_coverage.stderr.txt"
"vulkan_default_reverse_depth_front_opacity"	"default-scene-smoke"	"APP_EXITED_NONZERO"	"True"	"155072"	""	"1015"	"D:\HTC\avboit\The-Forge\Examples_3\Unit_Tests\PC Visual Studio 2019\x64\Release\15_Transparency\15_Transparency.exe --vulkan --transparency-mode=5 --avboit-auto-capture --avboit-capture-hide-ui --avboit-capture-frame=240 --avboit-fixed-delta=0.0166666667 --avboit-random-seed=1337 --avboit-output-dir=D:\HTC\avboit\The-Forge\LocalVisualResults\P2_6T_ReverseZDepth_20260628T164524Z\default_scene\Vulkan --avboit-commit-sha=dbeb4094 --avboit-multiplier=1.0 --avboit-debug-view=5 --avboit-depth-mapping=reverse_correct --avboit-transmittance-direction=front --avboit-bootstrap-log-dir=D:\HTC\avboit\The-Forge\LocalVisualResults\P2_6T_ReverseZDepth_20260628T164524Z\default_scene\Vulkan\bootstrap"	"1"	"1"	"0"	"D:\HTC\avboit\The-Forge\LocalVisualResults\P2_6T_ReverseZDepth_20260628T164524Z\default_scene\Vulkan\vulkan_default_reverse_depth_front_opacity.stderr.txt;D:\HTC\avboit\The-Forge\LocalVisualResults\P2_6T_ReverseZDepth_20260628T164524Z\default_scene\Vulkan\vulkan_default_reverse_depth_front_opacity.stdout.txt;D:\HTC\avboit\The-Forge\LocalVisualResults\P2_6T_ReverseZDepth_20260628T164524Z\default_scene\Vulkan\Vulkan_Mode5_1920x1080_Debug5_Dirfront_Depthreverse_correct_Mul1.0_Frame240_dbeb4094.json;D:\HTC\avboit\The-Forge\LocalVisualResults\P2_6T_ReverseZDepth_20260628T164524Z\default_scene\Vulkan\Vulkan_Mode5_1920x1080_Debug5_Dirfront_Depthreverse_correct_Mul1.0_Frame240_dbeb4094.png"	"D:\HTC\avboit\The-Forge\LocalVisualResults\P2_6T_ReverseZDepth_20260628T164524Z\default_scene\Vulkan\vulkan_default_reverse_depth_front_opacity.stdout.txt"	"D:\HTC\avboit\The-Forge\LocalVisualResults\P2_6T_ReverseZDepth_20260628T164524Z\default_scene\Vulkan\vulkan_default_reverse_depth_front_opacity.stderr.txt"
